lender,lender_city,lender_state,approved_loans,approved_dollars,approved_sba_guaranty_dollars,avg_loan_size,guaranty_rate_pct
"Newtek Bank, National Association",Miami,FL,3819,2098740400,1575589230.0,549552.34,75.07
Live Oak Banking Company,Wilmington,NC,1440,1983953500,1442094502.5,1377745.49,72.69
The Huntington National Bank,Columbus,OH,7577,1530064700,1086164540.0,201935.42,70.99
"Readycap Lending, LLC",Berkeley Heights,NJ,3571,1042855800,791447555.0,292034.67,75.89
"U.S. Bank, National Association",Cincinnati,OH,3119,708227200,496722516.6,227068.68,70.14
"JPMorgan Chase Bank, National Association",Columbus,OH,2553,626150300,367085025.0,245260.6,58.63
"Bank of America, National Association",Charlotte,NC,1190,609574600,396435320.0,512247.56,65.03
First Internet Bank of Indiana,Fishers,IN,397,580272200,429932432.2,1461642.82,74.09
"TD Bank, National Association",Wilmington,DE,3996,569701600,349263325.0,142567.97,61.31
"Wells Fargo Bank, National Association",Sioux Falls,SD,2224,567031300,413780263.0,254960.12,72.97
BayFirst National Bank,Saint Petersburg,FL,3187,508046500,421188465.0,159412.14,82.9
Byline Bank,Chicago,IL,410,504582400,371731002.9,1230688.78,73.67
Celtic Bank Corporation,Salt Lake City,UT,960,499440300,382048617.3,520250.31,76.5
GBank,Las Vegas,NV,179,474608300,352491925.0,2651443.02,74.27
First Bank of the Lake,Osage Beach,MO,705,389591300,293327261.0,552611.77,75.29
"Harvest Small Business Finance, LLC",Laguna Hills,CA,331,330823000,248117250.0,999465.26,75.0
Cadence Bank,Tupelo,MS,793,293718200,222036490.0,370388.65,75.6
Northeast Bank,Lewiston,ME,2552,289033200,231525350.0,113257.52,80.1
"United Midwest Savings Bank, National Association",De Graff,OH,843,279922300,217970525.0,332054.92,77.87
Old National Bank,Evansville,IN,241,262459100,192558325.0,1089041.91,73.37
Bank of Hope,Los Angeles,CA,283,245287500,179266525.0,866740.28,73.08
Berkshire Bank,Pittsfield,MA,189,236670700,176119700.0,1252225.93,74.42
KeyBank National Association,Cleveland,OH,702,226749400,159566070.0,323004.84,70.37
Manufacturers and Traders Trust Company,Buffalo,NY,1832,207807100,134972680.0,113431.82,64.95
Enterprise Bank & Trust,Clayton,MO,162,205674200,154170355.0,1269593.83,74.96
Hanover Community Bank,Mineola,NY,158,181580200,136235900.0,1149241.77,75.03
Open Bank,Los Angeles,CA,115,180264800,130824935.2,1567520.0,72.57
"SouthState Bank, National Association",Winter Haven,FL,473,177329500,135432685.0,374903.81,76.37
Dogwood State Bank,Raleigh,NC,182,176847300,131325875.0,971688.46,74.26
"Lendistry SBLC, LLC",Los Angeles,CA,1002,173876700,139022775.0,173529.64,79.95
Citizens Bank,Elizabethton,TN,262,173259100,129924028.76,661294.27,74.99
Fifth Third Bank,Cincinnati,OH,220,171841200,123154850.0,781096.36,71.67
"VelocitySBA, LLC",Costa Mesa,CA,152,159380300,122067525.0,1048554.61,76.59
"T Bank, National Association",Dallas,TX,97,151853200,113792624.0,1565496.91,74.94
"Zions Bank, A Division of",Salt Lake City,UT,607,148840300,109693155.0,245206.43,73.7
Hanmi Bank,Los Angeles,CA,151,147450700,110346425.0,976494.7,74.84
Bank Five Nine,Oconomowoc,WI,153,145764900,109697075.0,952711.76,75.26
Comerica Bank,Dallas,TX,208,143777900,99338300.0,691239.9,69.09
Pathward National Association,Sioux Falls,SD,102,142188000,105031670.0,1394000.0,73.87
Wallis Bank,Wallis,TX,108,141084500,106480005.0,1306337.96,75.47
Commonwealth Business Bank,Los Angeles,CA,113,137439000,102764950.0,1216274.34,74.77
Shoreham Bank,Warwick,RI,65,135156500,101469375.0,2079330.77,75.08
Pinnacle Bank,Nashville,TN,126,129753900,96253675.0,1029792.86,74.18
Colony Bank,Fitzgerald,GA,477,128643900,104060815.0,269693.71,80.89
Mission Valley Bank,Sun Valley,CA,78,125172700,91855999.0,1604778.21,73.38
First Financial Bank,El Dorado,AR,94,123908300,93027625.0,1318173.4,75.08
Millennium Bank,Des Plaines,IL,44,116118400,87088800.0,2639054.55,75.0
Midwest Regional Bank,Festus,MO,99,115449500,87712575.0,1166156.57,75.97
United Community Bank,Greenville,SC,116,113927000,84364000.0,982129.31,74.05
First Commonwealth Bank,Indiana,PA,159,113764400,85085750.0,715499.37,74.79
City National Bank,Los Angeles,CA,94,111298700,82911275.0,1184028.72,74.49
First-Citizens Bank & Trust Company,Raleigh,NC,95,109063800,79254350.0,1148040.0,72.67
OakStar Bank,Springfield,MO,121,108309400,81941590.0,895119.01,75.66
"PNC Bank, National Association",Wilmington,DE,597,106826600,73885075.0,178939.03,69.16
Truliant FCU,Winston Salem,NC,66,104055600,78093700.0,1576600.0,75.05
Regions Bank,Birmingham,AL,93,103985800,78402825.0,1118126.88,75.4
First National Bank of Pennsylvania,Greenville,PA,109,102275500,74437875.0,938307.34,72.78
Metro City Bank,Doraville,GA,50,99437500,74588125.0,1988750.0,75.01
Meridian Bank,Malvern,PA,120,98509300,71875475.0,820910.83,72.96
PCB Bank,Los Angeles,CA,99,98357000,73645950.0,993505.05,74.88
Customers Bank,Malvern,PA,87,97730900,71633175.0,1123343.68,73.3
22nd State Bank,Louisville,AL,68,95059800,71306000.0,1397938.24,75.01
"Wilmington Savings Fund Society, FSB",Wilmington,DE,120,93120700,68620075.0,776005.83,73.69
Southwestern National Bank,Houston,TX,56,92469500,69352125.0,1651241.07,75.0
Webster Bank National Association,Waterbury,CT,292,92292600,55601225.0,316070.55,60.24
Mountain America FCU,Sandy,UT,233,90150000,65933180.0,386909.87,73.14
Hancock Whitney Bank,Gulfport,MS,144,89694900,66475605.0,622881.25,74.11
Gulf Coast Bank and Trust Company,New Orleans,LA,84,89673000,67505250.0,1067535.71,75.28
Veritex Community Bank,Dallas,TX,89,89611500,67491660.0,1006870.79,75.32
America First FCU,Riverdale,UT,83,88611900,66478125.0,1067613.25,75.02
Truist Bank,Charlotte,NC,62,87795300,66108975.0,1416053.23,75.3
Northwest Bank,Warren,PA,241,86821000,61912500.0,360253.11,71.31
First IC Bank,Doraville,GA,68,86633000,65004750.0,1274014.71,75.03
Stearns Bank National Association,Saint Cloud,MN,157,84651900,63469735.0,539184.08,74.98
First Savings Bank,Jeffersonville,IN,102,84499400,63701000.0,828425.49,75.39
Woori America Bank,New York,NY,77,82385800,61420850.0,1069945.45,74.55
The Bancorp Bank National Association,Sioux Falls,SD,89,82347800,61433230.3,925256.18,74.6
First Chatham Bank,Savannah,GA,76,81005300,61234785.0,1065859.21,75.59
FinWise Bank,Sandy,UT,97,80810800,64975850.0,833101.03,80.4
First Bank,Southern Pines,NC,86,80701300,61422175.0,938387.21,76.11
Exos Small Business Lending LLC,New York,NY,61,78813500,59140125.0,1292024.59,75.04
HomeTrust Bank,Asheville,NC,79,78543100,58755355.0,994216.46,74.81
First Bank of Central Ohio,Worthington,OH,48,78367400,57492220.0,1632654.17,73.36
East West Bank,Pasadena,CA,108,76446200,58074950.0,707835.19,75.97
"Capital One, National Association",Mclean,VA,74,76068700,53879275.0,1027955.41,70.83
Banner Bank,Walla Walla,WA,300,75685200,48091475.0,252284.0,63.54
Valley National Bank,Passaic,NJ,53,74911700,56183775.0,1413428.3,75.0
"Centerstone SBA Lending, Inc.",Los Angeles,CA,61,74878500,56173875.0,1227516.39,75.02
US Metro Bank,Garden Grove,CA,43,73944000,55458000.0,1719627.91,75.0
Platinum Bank,Oakdale,MN,98,73020700,51928725.0,745109.18,71.12
Peoples Bank,Mendenhall,MS,103,72878900,54506532.0,707562.14,74.79
Synovus Bank,Columbus,GA,46,71804300,53409475.0,1560963.04,74.38
"Fulton Bank, National Association",Lancaster,PA,104,70362400,52630100.0,676561.54,74.8
Banco Popular de Puerto Rico,San Juan,PR,456,70285500,43970945.0,154134.87,62.56
"Community Banks of Colorado, A Division of",Greenwood Village,CO,75,67190800,49102635.0,895877.33,73.08
Merchants Bank of Indiana,Carmel,IN,71,65573500,48762625.0,923570.42,74.36
FFB Bank,Fresno,CA,59,65202700,47392010.4,1105130.51,72.68
Washington Trust Bank,Spokane,WA,141,64419600,45005675.0,456876.6,69.86
Paradise Bank,Boca Raton,FL,34,62673000,45679690.0,1843323.53,72.89
Banc of California,Los Angeles,CA,37,61183700,44195031.16,1653613.51,72.23
BMO Bank National Association,Chicago,IL,55,58740900,44005675.0,1068016.36,74.91
American Bank,Covington,LA,64,58198400,43068455.0,909350.0,74.0
FWBank,Chicago,IL,44,57592300,43194225.0,1308915.91,75.0
Umpqua Bank,Roseburg,OR,674,56749200,35493350.0,84197.63,62.54
InBank,Raton,NM,35,55676600,41669950.0,1590760.0,74.84
Grasshopper Bank National Association,New York,NY,38,55198600,41398950.0,1452594.74,75.0
Firstrust Savings Bank,Conshohocken,PA,39,54014500,41150250.0,1384987.18,76.18
Seacoast National Bank,Stuart,FL,42,53828900,40386675.0,1281640.48,75.03
"Heritage Bank, Inc.",Burlington,KY,223,52321600,42592070.0,234626.01,81.4
MidFirst Bank,Oklahoma City,OK,34,52113200,37524990.0,1532741.18,72.01
Plumas Bank,Quincy,CA,55,51060000,38295000.0,928363.64,75.0
"First Western SBLC, Inc",Dallas,TX,28,50170000,37627500.0,1791785.71,75.0
CDC Small Business Finance Corporation,San Diego,CA,305,49581000,38991790.0,162560.66,78.64
CalPrivate Bank,La Jolla,CA,50,49203900,36902925.0,984078.0,75.0
Frost Bank,San Antonio,TX,78,48392000,35661165.0,620410.26,73.69
Rockland Trust Company,Rockland,MA,137,47541700,33561715.0,347019.71,70.59
North State Bank,Raleigh,NC,57,47002600,35266950.0,824607.02,75.03
Busey Bank,Champaign,IL,35,44816300,31778975.0,1280465.71,70.91
Everwise Credit Union,South Bend,IN,19,44421200,33299920.0,2337957.89,74.96
"CRF Small Business Loan Company, LLC",Minneapolis,MN,53,42817300,31917875.0,807873.58,74.54
Independent Bank d/b/a Independent Financial,Mckinney,TX,58,42758900,31148600.0,737222.41,72.85
New Millennium Bank,Fort Lee,NJ,42,42447000,31888750.0,1010642.86,75.13
American Momentum Bank,College Station,TX,46,42227000,31670250.0,917978.26,75.0
"LendingClub Bank, National Association",Lehi,UT,37,42103200,31552400.0,1137924.32,74.94
Eastern Bank,Boston,MA,329,42078300,25856430.0,127897.57,61.45
The State Bank,Fenton,MI,63,41165300,30098050.0,653417.46,73.12
First Business Bank,Madison,WI,44,40638000,30478500.0,923590.91,75.0
"Bremer Bank, National Association",Saint Paul,MN,52,40328300,29724925.0,775544.23,73.71
Idaho Central CU,Chubbuck,ID,54,39072300,28332715.0,723561.11,72.51
NewBank,Queens,NY,42,39038000,29332500.0,929476.19,75.14
Summit State Bank,Santa Rosa,CA,24,38835000,29876250.0,1618125.0,76.93
Georgia's Own Credit Union,Atlanta,GA,27,38466400,28849800.0,1424681.48,75.0
City National Bank of Florida,Miami,FL,82,37543500,28103925.0,457847.56,74.86
PromiseOne Bank,Duluth,GA,34,37525000,28158750.0,1103676.47,75.04
Northwest Bank,Boise,ID,39,37337000,27731000.0,957358.97,74.27
Gesa CU,Richland,WA,47,37209100,27878575.0,791682.98,74.92
Stock Yards Bank & Trust Company,Louisville,KY,53,37141200,26451500.0,700777.36,71.22
The Fidelity Bank,Fuquay Varina,NC,33,36906800,27592600.0,1118387.88,74.76
"UMB Bank, National Association",Kansas City,MO,69,36753400,26433737.5,532657.97,71.92
Univest Bank and Trust Co,Souderton,PA,50,36464000,26425500.0,729280.0,72.47
"Amerant Bank, National Association",Coral Gables,FL,19,36421200,27240816.9,1916905.26,74.79
GBC International Bank,Los Angeles,CA,31,35956000,29772000.0,1159870.97,82.8
Central Bank,Provo,UT,69,35600800,25823345.0,515953.62,72.54
Milestone Bank,Salt Lake City,UT,22,34831900,25998925.0,1583268.18,74.64
BankVista,Sartell,MN,81,34788700,25368280.0,429490.12,72.92
Bank of Oak Ridge,Oak Ridge,NC,40,33842400,25013920.0,846060.0,73.91
ConnectOne Bank,Englewood Cliffs,NJ,27,33345000,24758750.0,1235000.0,74.25
"Leader Bank, National Association",Arlington,MA,50,33329700,22154685.0,666594.0,66.47
"Citibank, N.A.",Sioux Falls,SD,67,33304500,22499464.0,497082.09,67.56
Horizon Bank,Michigan City,IN,81,33282300,23924925.0,410892.59,71.88
"Citizens Bank, National Association",Providence,RI,72,33225300,21879775.0,461462.5,65.85
BancFirst,Oklahoma City,OK,70,32455100,24206595.0,463644.29,74.58
1st Financial Bank USA,Dakota Dunes,SD,24,32095000,24071250.0,1337291.67,75.0
First Utah Bank,Salt Lake City,UT,29,32062100,24277575.0,1105589.66,75.72
Lake Michigan CU,Grand Rapids,MI,41,31858100,23824655.0,777026.83,74.78
Texas Capital Bank,Dallas,TX,27,31532900,23249675.0,1167885.19,73.73
Cogent Bank,Orlando,FL,40,31512000,23750775.0,787800.0,75.37
Bell Bank,Fargo,ND,51,31464700,21187645.0,616954.9,67.34
Western Alliance Bank,Phoenix,AZ,26,31241400,22993550.0,1201592.31,73.6
First United Bank and Trust Company,Durant,OK,30,31237000,23302250.0,1041233.33,74.6
Union Bank and Trust Company,Lincoln,NE,85,30841200,22033825.0,362837.65,71.44
Evolve Bank and Trust,West Memphis,AR,36,30828100,23130675.0,856336.11,75.03
Hiawatha National Bank,Hager City,WI,87,30452600,21643475.0,350029.89,71.07
CIBC Bank USA,Chicago,IL,46,30340500,21924125.0,659576.09,72.26
Falcon National Bank,Foley,MN,50,30214100,21864525.0,604282.0,72.37
First Interstate Bank,Billings,MT,71,30109000,22042740.0,424070.42,73.21
Peapack-Gladstone Bank,Bedminster,NJ,31,30092500,20966875.0,970725.81,69.67
Loyal Trust Bank,Johns Creek,GA,21,29371800,22028850.0,1398657.14,75.0
Regent Bank,Tulsa,OK,46,29259700,21834075.0,636080.43,74.62
Citizens Community Federal National Association,Altoona,WI,27,29165000,21730310.0,1080185.19,74.51
Telhio Credit Union Inc,Columbus,OH,124,28776400,20826494.0,232067.74,72.37
IncredibleBank,Wausau,WI,27,28552400,19476300.0,1057496.3,68.21
Paragon Bank,Memphis,TN,19,28408900,21316975.0,1495205.26,75.04
Community Bank & Trust-West Georgia,Lagrange,GA,23,28362200,21271650.0,1233139.13,75.0
Bank of Clarke,Berryville,VA,30,28348200,21071210.0,944940.0,74.33
Provident Bank,Jersey City,NJ,33,28308000,21443500.0,857818.18,75.75
Signature Bank of Georgia,Sandy Springs,GA,18,28236000,21173000.0,1568666.67,74.99
PlainsCapital Bank,Dallas,TX,75,28089600,19766650.0,374528.0,70.37
DFCU Financial,Dearborn,MI,30,27656600,20567450.0,921886.67,74.37
Stellar Bank,Houston,TX,16,27317200,20502650.0,1707325.0,75.05
American Continental Bank,City Of Industry,CA,36,27267000,20502250.0,757416.67,75.19
Renasant Bank,Tupelo,MS,22,27203700,20731575.0,1236531.82,76.21
Frandsen Bank & Trust,Lonsdale,MN,46,27200300,20140045.0,591310.87,74.04
Glacier Bank,Kalispell,MT,46,26919700,19385785.0,585210.87,72.01
Mountain Pacific Bank,Everett,WA,17,26910500,20192945.0,1582970.59,75.04
The First Bank,Hattiesburg,MS,29,26748800,20101390.0,922372.41,75.15
b1BANK,Baton Rouge,LA,33,26572000,19911500.0,805212.12,74.93
Santa Cruz County Bank,Santa Cruz,CA,20,25654000,19246700.0,1282700.0,75.02
West Town Bank & Trust,North Riverside,IL,57,25512500,19180875.0,447587.72,75.18
"Alerus Financial, National Association",Grand Forks,ND,26,24903400,18968800.0,957823.08,76.17
St. Louis Bank,St. Louis,MO,26,24829000,18621750.0,954961.54,75.0
Independent Bank,Grand Rapids,MI,26,24781500,17842375.0,953134.62,72.0
MidWestOne Bank,Iowa City,IA,42,24240400,17492530.0,577152.38,72.16
Arvest Bank,Fayetteville,AR,71,23871100,16806000.0,336212.68,70.4
Financial Resources FCU,Bridgewater,NJ,16,23465500,17599125.0,1466593.75,75.0
Security National Bank of Omaha,Omaha,NE,23,22919000,16895500.0,996478.26,73.72
Commerce Bank,Kansas City,MO,74,22479900,16107560.0,303782.43,71.65
"CenTrust Bank, National Association",Northbrook,IL,16,22399900,15828325.0,1399993.75,70.66
Plains State Bank,Humble,TX,11,22170900,17391675.0,2015536.36,78.44
"Associated Bank, National Association",Green Bay,WI,38,21890000,16072400.0,576052.63,73.42
Oriental Bank,San Juan,PR,122,21829300,15738905.0,178928.69,72.1
"WesBanco Bank, Inc.",Wheeling,WV,31,21761000,15923021.0,701967.74,73.17
Choice Financial Group,Fargo,ND,53,21608400,15570500.0,407705.66,72.06
First Oklahoma Bank,Jenks,OK,18,21373000,15998750.0,1187388.89,74.85
"Village Bank and Trust, National Association",Arlington Heights,IL,32,21322000,15037125.0,666312.5,70.52
Emprise Bank,Wichita,KS,45,21279300,15331575.0,472873.33,72.05
American National Bank,Omaha,NE,33,21250500,13847535.0,643954.55,65.16
Midwest BankCentre,Saint Louis,MO,19,21056700,16156125.0,1108247.37,76.73
Mission Bank,Bakersfield,CA,20,21024000,15693000.0,1051200.0,74.64
Southern Bancorp Bank,Arkadelphia,AR,31,20982400,15512110.0,676851.61,73.93
"Capital Bank, National Association",Rockville,MD,30,20588400,15213800.0,686280.0,73.9
iTHINK Financial CU,Delray Beach,FL,29,20544000,15464300.0,708413.79,75.27
Peoples Bank and Trust Company,Edmond,OK,7,20522600,14361198.0,2931800.0,69.98
First Bank & Trust,Brookings,SD,47,20116300,14612425.0,428006.38,72.64
Fremont Bank,Fremont,CA,9,19990000,14992500.0,2221111.11,75.0
Atlantic Union Bank,Richmond,VA,19,19884000,15500500.0,1046526.32,77.95
Stone Bank,Mountain View,AR,15,19878000,14923500.0,1325200.0,75.08
Pineland Bank,Alma,GA,14,19766800,14825100.0,1411914.29,75.0
Commercial Bank of California,Irvine,CA,13,19734500,14800875.0,1518038.46,75.0
Integro Bank,Phoenix,AZ,15,19366700,14307261.86,1291113.33,73.88
Five Star Bank,Rancho Cordova,CA,49,19306000,14515750.0,394000.0,75.19
Global One Bank,Houston,TX,12,19226600,14441750.0,1602216.67,75.11
"BankUnited, National Association",Miami Lakes,FL,20,19122000,11897390.0,956100.0,62.22
Meadows Bank,Las Vegas,NV,31,18852700,14147025.0,608151.61,75.04
OptimumBank,Fort Lauderdale,FL,15,18841000,14145750.0,1256066.67,75.08
Fortis Bank,Denver,CO,19,18789600,14092200.0,988926.32,75.0
"Community Trust Bank, Inc.",Pikeville,KY,63,18593800,12352000.0,295139.68,66.43
"Grow America Fund, Incorporated",New York,NY,29,18578000,14006000.0,640620.69,75.39
The Bank of Houston,Houston,MO,23,18442000,13831500.0,801826.09,75.0
CrossFirst Bank,Leawood,KS,18,18264700,13698525.0,1014705.56,75.0
Pinnacle Bank,Morgan Hill,CA,12,18175000,13631250.0,1514583.33,75.0
"Fund-Ex Solutions Group, LLC",Davie,FL,11,17961000,13470750.0,1632818.18,75.0
Pan American Bank & Trust,Melrose Park,IL,15,17705700,13307775.0,1180380.0,75.16
First American Bank,Elk Grove Village,IL,26,17702500,13016875.0,680865.38,73.53
First Community Bank,Bluefield,VA,63,17667400,11189675.0,280434.92,63.34
The Bank of Tampa,Tampa,FL,27,17666500,13012375.0,654314.81,73.66
Ocean Bank,Miami,FL,11,17604900,14059785.0,1600445.45,79.86
First Foundation Bank,Irvine,CA,15,17537600,13028200.0,1169173.33,74.29
First Service Bank,Greenbrier,AR,25,17487700,13161625.0,699508.0,75.26
First Horizon Bank,Memphis,TN,17,17416300,12887225.0,1024488.24,74.0
Quaint Oak Bank,Southampton,PA,23,17372000,12542500.0,755304.35,72.2
FirstBank Puerto Rico,Santurce,PR,67,17158500,12517955.0,256097.01,72.95
Bank OZK,Little Rock,AR,35,16979900,12749725.0,485140.0,75.09
Cache Valley Bank,Logan,UT,39,16858700,12132465.0,432274.36,71.97
Great Plains National Bank,Elk City,OK,29,16560300,12239755.0,571044.83,73.91
Centier Bank,Whiting,IN,53,16486000,11944520.0,311056.6,72.45
Simmons Bank,Pine Bluff,AR,25,16453800,12165850.0,658152.0,73.94
Ameris Bank,Atlanta,GA,16,16187800,10580550.0,1011737.5,65.36
Encore Bank,Little Rock,AR,17,16150400,12075300.0,950023.53,74.77
Centennial Bank,Conway,AR,17,16150100,12042575.0,950005.88,74.57
HTLF Bank,Denver,CO,27,16116100,11779225.0,596892.59,73.09
American Business Bank,Anaheim,CA,13,15736200,11517150.0,1210476.92,73.19
"Lake Forest Bank & Trust Company, National Association",Lake Forest,IL,8,15711500,11783625.0,1963937.5,75.0
Bank Michigan,Brooklyn,MI,19,15618500,11613875.0,822026.32,74.36
Royal Business Bank,Los Angeles,CA,21,15510000,11659000.0,738571.43,75.17
Midland States Bank,Effingham,IL,27,15433200,11319780.0,571600.0,73.35
Coastal States Bank,Hilton Head Island,SC,14,15395000,11546250.0,1099642.86,75.0
Magyar Bank,New Brunswick,NJ,18,15240800,11430600.0,846711.11,75.0
Heritage Bank,Olympia,WA,30,15125700,11003800.0,504190.0,72.75
BankFirst Financial Services,Columbus,MS,49,15085700,11340310.0,307871.43,75.17
United Business Bank,Walnut Creek,CA,12,15008000,11256000.0,1250666.67,75.0
Bank of Utah,Ogden,UT,20,14974700,11811355.0,748735.0,78.88
"Alaska Growth Capital BIDCO, Inc.",Anchorage,AK,13,14952000,11588400.0,1150153.85,77.5
Millennial Bank,Leeds,AL,7,14817600,11113200.0,2116800.0,75.0
New York Business Development Corporation,Albany,NY,24,14606000,10969500.0,608583.33,75.1
"BOKF, National Association",Tulsa,OK,22,14598200,10457400.0,663554.55,71.63
First Resource Bank,Lino Lakes,MN,22,14418500,10747875.0,655386.36,74.54
Locality Bank,Fort Lauderdale,FL,20,14227600,10339450.0,711380.0,72.67
Western Commerce Bank,Carlsbad,NM,35,14227100,10354810.0,406488.57,72.78
ESL FCU,Rochester,NY,105,14211500,8908800.0,135347.62,62.69
Magnifi Financial CU,Melrose,MN,45,14063000,10701870.0,312511.11,76.1
Craft Bank,Atlanta,GA,14,14025100,10518825.0,1001792.86,75.0
Bank of Springfield,Springfield,IL,43,13898500,10287295.0,323220.93,74.02
Genesee Regional Bank,Rochester,NY,23,13795000,9583750.0,599782.61,69.47
"St. Charles Bank & Trust Company, National Association",Saint Charles,IL,28,13617800,9469600.0,486350.0,69.54
First National Bank of Coffee County,Douglas,GA,10,13485000,10076250.0,1348500.0,74.72
Preferred Bank,Los Angeles,CA,12,13368000,10026000.0,1114000.0,75.0
"California Bank of Commerce, NA",San Diego,CA,14,13336000,10012000.0,952571.43,75.07
U.S. Century Bank,Doral,FL,9,13310000,9982500.0,1478888.89,75.0
CommunityAmerica CU,Lenexa,KS,18,13183300,7767195.0,732405.56,58.92
The Piedmont Bank,Norcross,GA,8,12925000,9693750.0,1615625.0,75.0
The Hershey State Bank,Hershey,NE,12,12841200,9485625.0,1070100.0,73.87
Maine Community Bank,Biddeford,ME,28,12595800,8865500.0,449850.0,70.38
"NBT Bank, National Association",Norwich,NY,43,12587900,8907175.0,292741.86,70.76
OMB Bank,Springfield,MO,29,12586800,9275350.0,434027.59,73.69
1st Source Bank,South Bend,IN,75,12473600,8204362.4,166314.67,65.77
Drake Bank,Saint Paul,MN,23,12434100,7233435.0,540613.04,58.17
CIBM Bank,Champaign,IL,9,12304500,9065875.0,1367166.67,73.68
SaviBank,Mount Vernon,WA,20,12296500,8766125.0,614825.0,71.29
Gulf Coast Bank,Abbeville,LA,12,12238300,9938725.0,1019858.33,81.21
Mega Bank,San Gabriel,CA,9,12183000,9137250.0,1353666.67,75.0
Eclipse Bank Inc,Louisville,KY,9,12066500,9009375.0,1340722.22,74.66
Cross River Bank,Teaneck,NJ,9,12034000,8925500.0,1337111.11,74.17
Oxford Bank,Oxford,MI,27,12033200,8399900.0,445674.07,69.81
HarborOne Bank,Brockton,MA,52,11925300,7408515.0,229332.69,62.12
Merchants & Marine Bank,Pascagoula,MS,26,11922900,8673425.0,458573.08,72.75
First Federal Bank,Lake City,FL,23,11867700,8946665.0,515986.96,75.39
Countybank,Greenwood,SC,26,11849500,8904375.0,455750.0,75.15
West Shore Bank,Ludington,MI,11,11791600,8618700.0,1071963.64,73.09
Banesco USA,Miami,FL,4,11750000,9375000.0,2937500.0,79.79
CTBC Bank Corp. (USA).,Los Angeles,CA,10,11702500,8776875.0,1170250.0,75.0
First National Bank of Omaha,Omaha,NE,28,11667600,8437450.0,416700.0,72.32
Broadway National Bank,San Antonio,TX,18,11526200,8320650.0,640344.44,72.19
American Bank of Commerce,Wolfforth,TX,25,11516800,8628400.0,460672.0,74.92
The MINT National Bank,Kingwood,TX,6,11456000,8592000.0,1909333.33,75.0
Main Street Launch,Oakland,CA,45,11407000,8693250.0,253488.89,76.21
First State Bank Nebraska,Lincoln,NE,30,11378900,8381465.0,379296.67,73.66
"Bank First, N.A.",Manitowoc,WI,37,11322700,7636365.0,306018.92,67.44
Community Bank of Mississippi,Flowood,MS,35,11249100,8455700.0,321402.86,75.17
Equity Bank,Andover,KS,28,10916700,7675550.0,389882.14,70.31
Liberty Bank,Middletown,CT,41,10840500,7821250.0,264402.44,72.15
Ixonia Bank,Ixonia,WI,4,10800000,8087500.0,2700000.0,74.88
"Barrington Bank & Trust Company, National Association",Barrington,IL,13,10683400,7834250.0,821800.0,73.33
"Connecticut Community Bank, National Association",Norwalk,CT,13,10497600,7873200.0,807507.69,75.0
Climate First Bank,St. Petersburg,FL,15,10400100,7797175.0,693340.0,74.97
SouthPoint Bank,Birmingham,AL,6,10388400,7799550.0,1731400.0,75.08
Sound CU,Tacoma,WA,52,10359900,7244660.0,199228.85,69.93
"Town Bank, National Association",Hartland,WI,16,10359400,7251125.0,647462.5,70.0
Republic Bank & Trust Company,Louisville,KY,36,10355500,7355305.0,287652.78,71.03
Tandem Bank,Tucker,GA,24,10343000,7905850.0,430958.33,76.44
Mid Penn Bank,Millersburg,PA,28,10302500,7555375.0,367946.43,73.34
PeopleFund,Austin,TX,68,10257000,8157140.0,150838.24,79.53
The Dart Bank,Mason,MI,8,10241800,7681350.0,1280225.0,75.0
Dime Community Bank,Bridgehampton,NY,14,10181500,7611125.0,727250.0,74.75
Bangor Savings Bank,Bangor,ME,60,10113100,6892415.0,168551.67,68.15
Village Bank,Saint Francis,MN,12,9940700,7392819.0,828391.67,74.37
Enterprise Bank and Trust Company,Lowell,MA,35,9872200,6345100.0,282062.86,64.27
First Merchants Bank,Indianapolis,IN,64,9828500,6629665.0,153570.31,67.45
Mechanics & Farmers Bank,Durham,NC,13,9798100,7348575.0,753700.0,75.0
Oconee State Bank,Watkinsville,GA,12,9768600,7341450.0,814050.0,75.15
Cambridge Savings Bank,Cambridge,MA,41,9760500,6683850.0,238060.98,68.48
The First National Bank in Sioux Falls,Sioux Falls,SD,28,9691800,7349010.0,346135.71,75.83
Sandy Spring Bank,Olney,MD,11,9674700,7024025.0,879518.18,72.6
North Georgia National Bank,Calhoun,GA,6,9636100,7236075.0,1606016.67,75.09
Sunwest Bank,Sandy,UT,7,9613900,7210425.0,1373414.29,75.0
State Bank of Southern Utah,Cedar City,UT,23,9536000,6517850.0,414608.7,68.35
Central Pacific Bank,Honolulu,HI,113,9526500,5763250.0,84305.31,60.5
Machias Savings Bank,Machias,ME,16,9478800,7065550.0,592425.0,74.54
Nicolet National Bank,Green Bay,WI,32,9462500,6912375.0,295703.12,73.05
"TransPecos Banks, SSB.",Pecos,TX,10,9432600,7074450.0,943260.0,75.0
"First Mid Bank & Trust, National Association",Mattoon,IL,24,9357100,6760935.0,389879.17,72.25
Bank of Ann Arbor,Ann Arbor,MI,7,9266400,6949800.0,1323771.43,75.0
Security State Bank & Trust,Fredericksburg,TX,15,9261400,6971050.0,617426.67,75.27
Summit Bank,Eugene,OR,9,9251600,6948200.0,1027955.56,75.1
"Guaranty Bank & Trust, National Association",Mount Pleasant,TX,12,9218700,7004025.0,768225.0,75.98
Bank Rhode Island,Providence,RI,33,9214000,6032000.0,279212.12,65.47
Heritage Bank of Commerce,San Jose,CA,16,9204000,6490500.0,575250.0,70.52
Salem Five Cents Savings Bank,Salem,MA,46,9003000,5622250.0,195717.39,62.45
Western State Bank,Devils Lake,ND,6,9003000,6071850.0,1500500.0,67.44
One World Bank,Dallas,TX,11,8951200,6323875.0,813745.45,70.65
Armstrong Bank,Muskogee,OK,7,8870000,6642500.0,1267142.86,74.89
FNBC Bank,Ash Flat,AR,11,8835900,6508000.0,803263.64,73.65
Heritage FCU,Newburgh,IN,34,8760500,6562080.0,257661.76,74.91
Enterprise Bank,Allison Park,PA,12,8723300,6557875.0,726941.67,75.18
First State Bank,Shallowater,TX,4,8723000,6557250.0,2180750.0,75.17
First Bank,Hamilton,NJ,6,8695000,6664750.0,1449166.67,76.65
Bank of Idaho,Idaho Falls,ID,24,8673600,6337890.0,361400.0,73.07
Mortgage Capital Development Corporation,Oakland,CA,41,8632000,6740500.0,210536.59,78.09
Bank of the Orient,San Francisco,CA,4,8610000,6457500.0,2152500.0,75.0
Community Bank of Pickens County,Jasper,GA,7,8587000,6361878.0,1226714.29,74.09
The Park National Bank,Newark,OH,20,8523800,5775250.0,426190.0,67.75
"Old Plank Trail Community Bank, National Association",Mokena,IL,7,8474000,6018000.0,1210571.43,71.02
Arkansas Capital Corporation,Little Rock,AR,21,8433300,6379995.0,401585.71,75.65
EverTrust Bank,City Of Industry,CA,10,8428000,6321000.0,842800.0,75.0
Shinhan Bank America,New York,NY,12,8362000,5797297.0,696833.33,69.33
"AMPAC Tri-State CDC, Inc.",Ontario,CA,32,8360900,6300675.0,261278.12,75.36
"Hinsdale Bank & Trust Company, National Association",Hinsdale,IL,6,8346200,6145900.0,1391033.33,73.64
Pinnacle Bank,Elberton,GA,11,8311000,6233250.0,755545.45,75.0
Keystone Bank SSB,Bee Cave,TX,10,8286000,6236500.0,828600.0,75.27
FMS Bank,Fort Morgan,CO,9,8252400,6196800.0,916933.33,75.09
The Bank of Elk River,Elk River,MN,13,8191100,5945075.0,630084.62,72.58
Columbia Bank,Fair Lawn,NJ,10,8120000,6090000.0,812000.0,75.0
BankCherokee,Saint Paul,MN,14,8119600,5961950.0,579971.43,73.43
Five Star Bank,Warsaw,NY,102,8053100,4575300.0,78951.96,56.81
John Marshall Bank,Reston,VA,17,8033000,6072450.0,472529.41,75.59
First Federal Savings & Loan Association of Lakewood,Lakewood,OH,15,8003500,5160675.0,533566.67,64.48
Empire State Bank,Newburgh,NY,2,8000000,6000000.0,4000000.0,75.0
First Southwest Bank,Alamosa,CO,7,7958100,5968575.0,1136871.43,75.0
Community First Bank of Indiana,Kokomo,IN,17,7912000,5928450.0,465411.76,74.93
Citizens Business Bank,Ontario,CA,10,7889600,5917200.0,788960.0,75.0
Kendall Bank,Overland Park,KS,12,7886900,5777675.0,657241.67,73.26
Bank of Charles Town,Charles Town,WV,15,7833100,5684825.0,522206.67,72.57
Highland Bank,St. Michael,MN,28,7778200,5110500.0,277792.86,65.7
The Union Bank Company,Columbus Grove,OH,5,7695000,5771250.0,1539000.0,75.0
Georgia Primary Bank,Atlanta,GA,9,7670900,5753175.0,852322.22,75.0
Three Rivers Bank of Montana,Kalispell,MT,2,7650000,5737500.0,3825000.0,75.0
KeyPoint CU,San Jose,CA,9,7625900,5719425.0,847322.22,75.0
"Libertyville Bank & Trust Company, National Association",Libertyville,IL,10,7533000,5132750.0,753300.0,68.14
Farmers and Merchants Bank,Lakeland,GA,5,7493000,5619750.0,1498600.0,75.0
Chelsea State Bank,Chelsea,MI,12,7449700,5406645.0,620808.33,72.58
Citizens State Bank of New Castle,New Castle,IN,36,7418200,4935525.0,206061.11,66.53
Beneficial State Bank,Oakland,CA,6,7413500,3100125.0,1235583.33,41.82
Endeavor Bank,San Diego,CA,4,7411300,5558475.0,1852825.0,75.0
American Bank of Freedom,Wellsville,MO,9,7409000,5556750.0,823222.22,75.0
"Peoples National Bank, National Association",Mcleansboro,IL,8,7386000,6123250.0,923250.0,82.9
Carter FCU,Springhill,LA,8,7317000,5380625.0,914625.0,73.54
Bankwell Bank,New Canaan,CT,11,7315000,5506250.0,665000.0,75.27
Gulfside Bank,P.O. Box 1824,FL,6,7310000,5482500.0,1218333.33,75.0
First Financial Bank,Cincinnati,OH,17,7305400,5035300.0,429729.41,68.93
Savings Bank of Danbury,Danbury,CT,15,7296000,4469250.0,486400.0,61.26
"INTRUST Bank, National Association",Wichita,KS,15,7273600,4916970.0,484906.67,67.6
"Farmers State Bank of Alto Pass, Illinois",Alto Pass,IL,2,7195000,5396250.0,3597500.0,75.0
Peoples State Bank,Wausau,WI,9,7192000,5394000.0,799111.11,75.0
Studio Bank,Nashville,TN,5,7185000,5388750.0,1437000.0,75.0
First National Bank of Michigan,Kalamazoo,MI,7,7184700,5388525.0,1026385.71,75.0
Northrim Bank,Anchorage,AK,10,7182500,4153925.0,718250.0,57.83
Flushing Bank,Uniondale,NY,4,7092000,4925250.0,1773000.0,69.45
Unity Bank,Clinton,NJ,6,7083900,5312925.0,1180650.0,75.0
Texas Partners Bank,San Antonio,TX,11,6976700,5141850.0,634245.45,73.7
Colorado Enterprise Fund,Denver,CO,38,6887600,5427710.0,181252.63,78.8
Granite Bank,Cold Spring,MN,23,6882100,4769675.0,299221.74,69.31
Norway Savings Bank,Norway,ME,19,6800000,4757500.0,357894.74,69.96
Academy Bank National Association,Kansas City,MO,10,6785000,4926250.0,678500.0,72.61
River Bank & Trust,Prattville,AL,13,6765000,4941600.0,520384.62,73.05
Peoples Security Bank and Trust Company,Scranton,PA,11,6761600,4778700.0,614690.91,70.67
"The Farmers Bank, Frankfort, Indiana",Frankfort,IN,13,6711500,4792195.0,516269.23,71.4
"Westfield Bank, FSB",Westfield Center,OH,2,6692900,5019675.0,3346450.0,75.0
RiverBank,Spokane,WA,11,6656400,4830375.0,605127.27,72.57
"LiftFund, Inc.",San Antonio,TX,47,6636000,5235000.0,141191.49,78.89
The Central Trust Bank,Jefferson City,MO,39,6630900,5174825.0,170023.08,78.04
BNC National Bank,Glendale,AZ,13,6613500,4878125.0,508730.77,73.76
Wisconsin Women's Business Initiative Corporation,Milwaukee,WI,40,6560500,5155875.0,164012.5,78.59
The American National Bank of Texas,Terrell,TX,12,6557500,4818125.0,546458.33,73.48
Farmers & Merchants Savings Bank,Manchester,IA,19,6540300,4762275.0,344226.32,72.81
The State Bank and Trust Company,Defiance,OH,16,6530200,4812650.0,408137.5,73.7
Peoples Bank,Marietta,OH,27,6522300,4747475.0,241566.67,72.79
Trustmark National Bank,Jackson,MS,38,6511400,4832105.0,171352.63,74.21
Legacy Bank,Murrieta,CA,10,6435000,4826250.0,643500.0,75.0
Tompkins Community Bank,Ithaca,NY,38,6428200,3918725.0,169163.16,60.96
First National Bank Alaska,Anchorage,AK,6,6414200,4810650.0,1069033.33,75.0
The Yellowstone Bank,Billings,MT,17,6411200,4749750.0,377129.41,74.09
"Home Bank, National Association",Lafayette,LA,9,6369300,4722765.0,707700.0,74.15
Buckeye State Bank,Powell,OH,15,6366700,4626325.0,424446.67,72.66
Peoples Bank,Bellingham,WA,12,6357400,4650550.0,529783.33,73.15
Sunflower Bank National Association,Dallas,TX,7,6322500,4666875.0,903214.29,73.81
Genisys CU,Auburn Hills,MI,5,6290500,4731925.0,1258100.0,75.22
Farmers State Bank,Waterloo,IA,21,6269200,4660400.0,298533.33,74.34
HomeTown Bank,Redwood Falls,MN,2,6200000,4650000.0,3100000.0,75.0
First Federal Savings Bank,Huntington,IN,12,6179800,4582350.0,514983.33,74.15
Haddon Savings Bank,Haddon Heights,NJ,3,6176000,4632000.0,2058666.67,75.0
Ion Bank,Naugatuck,CT,6,6130800,4598100.0,1021800.0,75.0
Lee Bank,Lee,MA,10,6122000,4211000.0,612200.0,68.78
Bank of Central Florida,Lakeland,FL,7,6104000,4578000.0,872000.0,75.0
Lincoln Savings Bank,Reinbeck,IA,16,6006700,4562575.0,375418.75,75.96
EntreBank,Bloomington,MN,10,6005800,4216850.0,600580.0,70.21
21st Century Bank,Loretto,MN,16,5997500,4380625.0,374843.75,73.04
First Western Bank & Trust,Minot,ND,17,5977400,3990700.0,351611.76,66.76
Bridgewater Bank,Saint Louis Park,MN,6,5962900,4409675.0,993816.67,73.95
Capital Community Bank,Provo,UT,8,5958000,4373500.0,744750.0,73.41
BankPlus,Belzoni,MS,11,5932400,4476080.0,539309.09,75.45
Village Bank,Midlothian,VA,6,5846500,4384875.0,974416.67,75.0
FirstBank,Lakewood,CO,4,5837100,4365325.0,1459275.0,74.79
Wilson Bank & Trust,Lebanon,TN,7,5818500,4363875.0,831214.29,75.0
Team One CU,Saginaw,MI,6,5810300,4373725.0,968383.33,75.28
"Texas Advantage Community Bank, National Association",Alvin,TX,3,5789000,4341750.0,1929666.67,75.0
Highpoint Community Bank,Hastings,MI,3,5779100,4334325.0,1926366.67,75.0
Arizona Capital Source,Tucson,AZ,22,5751600,4344400.0,261436.36,75.53
Manasquan Bank,Wall Township,NJ,4,5741500,4310275.0,1435375.0,75.07
"Merchants Bank, National Association",Winona,MN,16,5704600,4116055.0,356537.5,72.15
The Freedom Bank of Virginia,Fairfax,VA,5,5696000,4272000.0,1139200.0,75.0
The First National Bank of Carmi,Carmi,IL,7,5647700,4210775.0,806814.29,74.56
Redwood CU,Santa Rosa,CA,11,5640000,3995000.0,512727.27,70.83
Cleveland State Bank,Cleveland,WI,6,5619100,4205645.0,936516.67,74.85
Waukesha State Bank,Waukesha,WI,11,5602200,4201650.0,509290.91,75.0
Embassy National Bank,Lawrenceville,GA,5,5602000,4201500.0,1120400.0,75.0
American National Bank-Fox Cities,Appleton,WI,15,5591700,4055150.0,372780.0,72.52
Hyperion Bank,Philadelphia,PA,6,5569700,4177275.0,928283.33,75.0
"State Bank of the Lakes, National Association",Antioch,IL,9,5562600,4121950.0,618066.67,74.1
Lake City Bank,Warsaw,IN,13,5552700,3678400.0,427130.77,66.25
University First FCU,Salt Lake City,UT,28,5551100,3253575.0,198253.57,58.61
Montana Community Development Corp.,Missoula,MT,40,5511800,4156915.0,137795.0,75.42
Katahdin Trust Co.,Patten,ME,17,5488700,3877875.0,322864.71,70.65
CFBank National Association,Columbus,OH,4,5464000,4035500.0,1366000.0,73.86
Capital Certified Development Corporation,Austin,TX,25,5447400,4187060.0,217896.0,76.86
DreamSpring,Albuquerque,NM,36,5423000,4271900.0,150638.89,78.77
The Bank of Edison,Edison,GA,4,5414000,4060500.0,1353500.0,75.0
Community Choice CU,Farmington Hills,MI,8,5410000,4001250.0,676250.0,73.96
First Port City Bank,Bainbridge,GA,11,5406600,4056750.0,491509.09,75.03
First State Bank,New London,WI,3,5397800,4003350.0,1799266.67,74.17
ServisFirst Bank,Birmingham,AL,2,5373000,4029750.0,2686500.0,75.0
Beach Cities Commercial Bank,Irvine,CA,8,5330000,4012500.0,666250.0,75.28
German American Bank,Jasper,IN,8,5325700,3988025.0,665712.5,74.88
"Santander Bank, National Association",Wilmington,DE,80,5300300,2650150.0,66253.75,50.0
Community National Bank & Trust,Chanute,KS,14,5270500,3840575.0,376464.29,72.87
The Bank of Commerce,Idaho Falls,ID,23,5229000,3102875.0,227347.83,59.34
Solvay Bank,Solvay,NY,2,5224900,3918675.0,2612450.0,75.0
Spring Bank,New York City,NY,2,5200000,3850000.0,2600000.0,74.04
Primary Bank,Bedford,NH,16,5180000,3663000.0,323750.0,70.71
Sunrise Banks National Association,Saint Paul,MN,30,5163000,3619350.0,172100.0,70.1
First Command Bank,Fort Worth,TX,16,5152100,3871375.0,322006.25,75.14
"New Omni Bank, National Association",Alhambra,CA,2,5150000,3877500.0,2575000.0,75.29
Bristol County Savings Bank,Taunton,MA,46,5119500,2809750.0,111293.48,54.88
Peoples Bank,Lubbock,TX,8,5118300,3838725.0,639787.5,75.0
Southern Bank,Poplar Bluff,MO,18,5093100,3716155.0,282950.0,72.96
VisionBank of Iowa,Ames,IA,3,5074300,3805725.0,1691433.33,75.0
New Carlisle Federal Savings Bank,New Carlisle,OH,21,5051900,2525950.0,240566.67,50.0
Park State Bank,Duluth,MN,1,5000000,3750000.0,5000000.0,75.0
Main Bank,Albuquerque,NM,1,5000000,3750000.0,5000000.0,75.0
Carolina Small Business Development Fund,Raleigh,NC,21,4976400,3765460.0,236971.43,75.67
The Victory Bank,Limerick,PA,8,4966000,3612000.0,620750.0,72.73
One Florida Bank,Orlando,FL,5,4936100,3702075.0,987220.0,75.0
Florence Bank,Florence,MA,9,4862700,3584525.0,540300.0,73.71
Horizon Bank SSB,Austin,TX,4,4821000,3615750.0,1205250.0,75.0
American Riviera Bank,Santa Barbara,CA,9,4801700,3557345.0,533522.22,74.09
First Pryority Bank,Pryor,OK,7,4798300,3429075.0,685471.43,71.46
Bank of San Francisco,San Francisco,CA,3,4786000,3589500.0,1595333.33,75.0
North Valley Bank,Zanesville,OH,4,4755500,1602625.0,1188875.0,33.7
First Federal Savings Bank of Twin Falls,Twin Falls,ID,4,4755000,3581250.0,1188750.0,75.32
STAR Financial Bank,Fort Wayne,IN,37,4751000,2651075.0,128405.41,55.8
The Juniata Valley Bank,Mifflintown,PA,5,4727000,3480750.0,945400.0,73.64
Ultima Bank Minnesota,Winger,MN,14,4724700,3332275.0,337478.57,70.53
"American Bank, National Association",Corpus Christi,TX,6,4688600,3523560.0,781433.33,75.15
Northern Bank and Trust Company,Woburn,MA,9,4683000,3487250.0,520333.33,74.47
Triad Business Bank,Greensboro,NC,4,4678500,3508875.0,1169625.0,75.0
River City Bank,Rome,GA,9,4665000,3523550.0,518333.33,75.53
Fairfield County Bank,Ridgefield,CT,1,4654500,3490875.0,4654500.0,75.0
Dream First Bank National Association,Syracuse,KS,11,4652800,3538100.0,422981.82,76.04
Northeast Bank,Minneapolis,MN,15,4644000,3248000.0,309600.0,69.94
Southern States Bank,Anniston,AL,11,4592700,3399525.0,417518.18,74.02
Southern Bank and Trust Company,Mount Olive,NC,9,4579800,2964900.0,508866.67,64.74
Sanibel Captiva Community Bank,Sanibel,FL,5,4571000,3365750.0,914200.0,73.63
"Fidelity Bank, National Association",Wichita,KS,7,4555200,3262650.0,650742.86,71.62
Citizens State Bank,Hudson,WI,14,4554300,3310725.0,325307.14,72.69
Alma Bank,Astoria,NY,4,4510000,3382500.0,1127500.0,75.0
Union National Bank,Elgin,IL,17,4487700,2897025.0,263982.35,64.55
The First National Bank of McGregor d/b/a TFNB Your Bank for,Mcgregor,TX,11,4460700,3398275.0,405518.18,76.18
Country Club Bank,Kansas City,MO,9,4459500,3307625.0,495500.0,74.17
First State Bank,Eastpointe,MI,3,4455700,3341775.0,1485233.33,75.0
First Bank Richmond,Richmond,IN,3,4450000,3337500.0,1483333.33,75.0
"MVB Bank, Inc.",Fairmont,WV,1,4407100,3305325.0,4407100.0,75.0
SouthWest Bank,Odessa,TX,10,4402500,3345625.0,440250.0,75.99
Black Hills FCU,Rapid City,SD,19,4395900,3024175.0,231363.16,68.8
Fidelity Deposit and Discount Bank,Dunmore,PA,12,4388500,3266375.0,365708.33,74.43
"Pendleton Community Bank, Inc.",Franklin,WV,5,4388000,3195250.0,877600.0,72.82
LAF CU,Lansing,MI,3,4382500,3286875.0,1460833.33,75.0
Port Richmond Savings,Philadelphia,PA,1,4382400,3286800.0,4382400.0,75.0
National Bank of Commerce,Superior,WI,13,4379100,3289935.0,336853.85,75.13
Meredith Village Savings Bank,Meredith,NH,39,4361400,2847520.0,111830.77,65.29
Branson Bank,Branson,MO,12,4352000,3179405.0,362666.67,73.06
ChoiceOne Bank,Sparta,MI,9,4302100,3008325.0,478011.11,69.93
Community First CU,Neenah,WI,4,4298600,3161450.0,1074650.0,73.55
Community National Bank,Derby,VT,31,4259100,3174645.0,137390.32,74.54
Popular Bank,New York City,NY,2,4250000,3187500.0,2125000.0,75.0
Kennebunk Savings Bank,Kennebunk,ME,18,4231000,2905605.0,235055.56,68.67
University Bank,Ann Arbor,MI,7,4214500,3160875.0,602071.43,75.0
Cornerstone Community Bank,Red Bluff,CA,11,4208000,2862375.0,382545.45,68.02
Bank of the West,Grapevine,TX,4,4207000,3155250.0,1051750.0,75.0
Pacific Premier Bank,Irvine,CA,4,4200000,3150000.0,1050000.0,75.0
The Canandaigua National Bank and Trust Company,Canandaigua,NY,12,4193300,2871055.0,349441.67,68.47
1st Colonial Community Bank,Collingswood,NJ,9,4188900,3063475.0,465433.33,73.13
LGE Community CU,Marietta,GA,3,4185500,1982475.0,1395166.67,47.37
"Northbrook Bank & Trust Company, National Association",Northbrook,IL,7,4181200,3010900.0,597314.29,72.01
The Bank of Missouri,Perryville,MO,14,4178100,3095825.0,298435.71,74.1
"Incommons Bank, National Association",Mexia,TX,2,4172000,3129000.0,2086000.0,75.0
"Wintrust Bank, National Association",Chicago,IL,7,4166000,2874500.0,595142.86,69.0
Security Bank,Tulsa,OK,10,4148400,2973900.0,414840.0,71.69
Flagstar Bank National Association,Hicksville,NY,15,4107300,2715550.0,273820.0,66.12
First Financial Bank,Abilene,TX,10,4076800,3082870.0,407680.0,75.62
Alpine Bank,Glenwood Springs,CO,1,4064900,3048675.0,4064900.0,75.0
Farmers & Merchants Bank & Trust,Marinette,WI,3,4054000,3021750.0,1351333.33,74.54
Kitsap Bank,Port Orchard,WA,10,4035000,2941250.0,403500.0,72.89
NEPA Alliance Business Finance Corporation,Pittston,PA,23,4029400,3098060.0,175191.3,76.89
The Cooperative Bank of Cape Cod,Hyannis,MA,6,4025500,2946375.0,670916.67,73.19
Cornhusker Bank,Lincoln,NE,10,4001800,2588600.0,400180.0,64.69
Industrial Bank,Washington,DC,6,3964500,2889625.0,660750.0,72.89
Premier Bank,Youngstown,OH,21,3961500,2447375.0,188642.86,61.78
Gorham Savings Bank,Gorham,ME,26,3950500,2899275.0,151942.31,73.39
People's Bank of Seneca,Seneca,MO,1,3937900,2953425.0,3937900.0,75.0
1st Capital Bank,Salinas,CA,6,3909500,2961525.0,651583.33,75.75
Lake Elmo Bank,Lake Elmo,MN,5,3905100,2875525.0,781020.0,73.64
Bank of the Valley,Bellwood,NE,1,3900000,2925000.0,3900000.0,75.0
Timberland Bank,Hoquiam,WA,9,3896000,2833500.0,432888.89,72.73
Troy Bank & Trust Company,Troy,AL,3,3872000,2904000.0,1290666.67,75.0
Fortifi Bank,Berlin,WI,7,3835400,2806550.0,547914.29,73.17
Horicon Bank,Horicon,WI,4,3799000,2824250.0,949750.0,74.34
"Commercial Bank of Texas, N.A.",Nacogdoches,TX,6,3791200,2591450.0,631866.67,68.35
Peoples Bank & Trust,Pana,IL,14,3775800,2885790.0,269700.0,76.43
Harborstone CU,Lakewood,WA,9,3754500,2680375.0,417166.67,71.39
Navigant CU,Smithfield,RI,12,3748000,2462250.0,312333.33,65.7
Hometown Bank,Kent,OH,5,3741100,2805825.0,748220.0,75.0
PS Bank,Wyalusing,PA,28,3727200,2561870.0,133114.29,68.73
Primesouth Bank,Blackshear,GA,7,3724000,2818050.0,532000.0,75.67
Sabre Finance,Birmingham,AL,23,3716200,2913820.0,161573.91,78.41
Access Bank,Omaha,NE,3,3714600,2799950.0,1238200.0,75.38
Bank of the Rockies,Helena,MT,6,3707000,2695250.0,617833.33,72.71
United Bank of Union,Union,MO,10,3706000,2684570.0,370600.0,72.44
Accompany Capital,New York,NY,16,3703000,2888250.0,231437.5,78.0
Bank of Hays,Hays,KS,15,3656100,2678335.0,243740.0,73.26
St. Johns Bank and Trust Company,Saint Louis,MO,3,3649100,2674325.0,1216366.67,73.29
First Security Bank,Byron,MN,2,3623700,2717775.0,1811850.0,75.0
"Blue Ridge Bank, National Association",Martinsville,VA,9,3615000,2623750.0,401666.67,72.58
"Flagship Enterprise Center, Inc. (dba Bankable)",Anderson,IN,21,3573000,2826050.0,170142.86,79.09
Small Business Bank,Lenexa,KS,15,3567900,2728875.0,237860.0,76.48
"Wheaton Bank & Trust Company, National Association",Wheaton,IL,9,3567500,2429375.0,396388.89,68.1
United Bank of Iowa,Ida Grove,IA,8,3561000,2699850.0,445125.0,75.82
St. Mary's CU,Marlborough,MA,46,3553100,2311925.0,77241.3,65.07
CASE CU,Lansing,MI,9,3550000,2012500.0,394444.44,56.69
"Planters Bank, Inc.",Hopkinsville,KY,2,3540000,2664000.0,1770000.0,75.25
Bravera Bank,Dickinson,ND,13,3531200,2581870.0,271630.77,73.12
"Southern AgCredit, FLCA",Hattiesburg,MS,2,3484500,2613375.0,1742250.0,75.0
Exchange Bank,Milledgeville,GA,2,3438600,2449406.0,1719300.0,71.23
Adams Bank & Trust,Ogallala,NE,5,3355000,2465750.0,671000.0,73.49
Numerica CU,Spokane Valley,WA,9,3340500,2451275.0,371166.67,73.38
City Bank & Trust Co.,Lincoln,NE,3,3310000,2482500.0,1103333.33,75.0
"Golden Bank, National Association",Houston,TX,5,3295500,2621625.0,659100.0,79.55
Oostburg State Bank,Oostburg,WI,9,3279000,2425500.0,364333.33,73.97
Sonata Bank,Brentwood,TN,4,3271000,2428250.0,817750.0,74.24
Fortress Bank,Peoria,IL,3,3242800,2432100.0,1080933.33,75.0
Peach State Federal Credit Union,Lawrenceville,GA,2,3221000,2415750.0,1610500.0,75.0
TBA CU,Traverse City,MI,2,3211100,2421335.0,1605550.0,75.41
Time Bank,Park Ridge,IL,10,3205900,2296925.0,320590.0,71.65
Scale Bank,Edina,MN,6,3177400,2351800.0,529566.67,74.02
Pioneer Bank,Mapleton,MN,2,3170000,2377500.0,1585000.0,75.0
BankNewport,Newport,RI,35,3160400,1580200.0,90297.14,50.0
Coulee Bank,La Crosse,WI,6,3154500,2390775.0,525750.0,75.79
First National Community Bank,New Richmond,WI,18,3149600,2160935.0,174977.78,68.61
Ponce Bank,New York City,NY,5,3141800,2356350.0,628360.0,75.0
The Community Bank,Zanesville,OH,21,3130600,2021335.0,149076.19,64.57
Security Financial Bank,Durand,WI,5,3115000,2456000.0,623000.0,78.84
Century Bank,Santa Fe,NM,8,3093200,2043900.0,386650.0,66.08
Community Savings Bank,Edgewood,IA,1,3075000,2306250.0,3075000.0,75.0
Travis CU,Vacaville,CA,6,3075000,2338750.0,512500.0,76.06
Third Coast Bank,Humble,TX,6,3075000,2206250.0,512500.0,71.75
Community West Bank,Fresno,CA,6,3072500,2340175.0,512083.33,76.17
BayCoast Bank,Swansea,MA,13,3058300,1883050.0,235253.85,61.57
Excelsior Growth Fund is the CDFI affilitiate of NYBDC Local,Albany,NY,13,3043000,2357950.0,234076.92,77.49
Summit CU,Cottage Grove,WI,19,3021100,2011595.0,159005.26,66.58
First Service Credit Union,Houston,TX,3,3020000,2277000.0,1006666.67,75.4
Security Federal Bank,Aiken,SC,11,3015600,2277340.0,274145.45,75.52
"California International Bank, A National Banking Associatio",Westminster,CA,4,3003700,2252775.0,750925.0,75.0
Lone Star National Bank,Pharr,TX,13,2977000,2267150.0,229000.0,76.16
First Savings Bank,Beresford,SD,11,2972600,1825025.0,270236.36,61.39
Minnwest Bank,Redwood Falls,MN,9,2967900,2080750.0,329766.67,70.11
Consumers National Bank,Minerva,OH,18,2961900,1990830.0,164550.0,67.21
Ent CU,Colorado Springs,CO,5,2954600,2230950.0,590920.0,75.51
Bank of Franklin County,Washington,MO,4,2951100,1895375.0,737775.0,64.23
Lake Trust CU,Brighton,MI,6,2949100,2186825.0,491516.67,74.15
Citizens Bank & Trust Company,Plaquemine,LA,3,2938800,2210480.0,979600.0,75.22
Central Bank,Tampa,FL,8,2921000,2203250.0,365125.0,75.43
"American Bank & Trust Company, Inc.",Bowling Green,KY,12,2909500,2210875.0,242458.33,75.99
"Valley Economic Development Partners, Inc.",Youngstown,OH,18,2908300,2297995.0,161572.22,79.02
Home Bank of California,San Diego,CA,2,2890500,2167875.0,1445250.0,75.0
"Crystal Lake Bank & Trust Company, National Association",Crystal Lake,IL,4,2890300,2130225.0,722575.0,73.7
Eaton Community Bank,Charlotte,MI,5,2874000,2088900.0,574800.0,72.68
Heartland Bank,Whitehall,OH,7,2870700,2128025.0,410100.0,74.13
Civista Bank,Sandusky,OH,5,2868100,2151075.0,573620.0,75.0
Field & Main Bank,Henderson,KY,3,2847000,2146450.0,949000.0,75.39
CNB Bank,Clearfield,PA,11,2846500,1872500.0,258772.73,65.78
Gulf Coast Business Bank,Fort Myers,FL,2,2834000,2125500.0,1417000.0,75.0
Peoples Bank of Alabama,Cullman,AL,7,2833700,2153195.0,404814.29,75.99
Bar Harbor Bank & Trust,Bar Harbor,ME,26,2824500,2073640.0,108634.62,73.42
Inova FCU,Elkhart,IN,3,2823500,2124825.0,941166.67,75.26
Newtown Savings Bank,Newtown,CT,10,2822900,1970625.0,282290.0,69.81
Merrimack County Savings Bank,Concord,NH,11,2815200,1895500.0,255927.27,67.33
Northwest Bank,Spencer,IA,15,2801700,2065863.0,186780.0,73.74
Achieva CU,Dunedin,FL,1,2783900,2087925.0,2783900.0,75.0
Bank 7,Oklahoma City,OK,5,2768900,2048500.0,553780.0,73.98
Trenton Business Assistance Corporation,Princeton,NJ,21,2762500,2211125.0,131547.62,80.04
"Texas Republic Bank, National Association",Frisco,TX,1,2761000,2070750.0,2761000.0,75.0
Great Southern Bank,Springfield,MO,3,2760600,2070450.0,920200.0,75.0
All Capital Bank,Locust Grove,OK,5,2739600,2066990.0,547920.0,75.45
Valley Bank of Ronan,Ronan,MT,5,2724000,1812000.0,544800.0,66.52
Growth Capital Corp.,Cleveland,OH,14,2723500,2098925.0,194535.71,77.07
Capitol National Bank,Lansing,MI,2,2704000,2028000.0,1352000.0,75.0
Community First Capital Corp,Lancaster,PA,17,2699000,1907950.0,158764.71,70.69
The Bank of New Glarus,New Glarus,WI,2,2693400,2020050.0,1346700.0,75.0
Integrity Bank & Trust,Monument,CO,8,2686200,2024650.0,335775.0,75.37
Bank of the Pacific,Aberdeen,WA,3,2660000,1995000.0,886666.67,75.0
Needham Bank,Needham,MA,22,2638500,1681210.0,119931.82,63.72
St Cloud Financial Credit Union,Sartell,MN,8,2634800,2012030.0,329350.0,76.36
First United Bank,Dimmitt,TX,5,2624600,1828075.0,524920.0,69.65
Brighton Bank,Salt Lake City,UT,6,2592400,1744300.0,432066.67,67.29
Members Cooperative CU,Duluth,MN,3,2587400,1943550.0,862466.67,75.12
Economic and Community Development Institute,Columbus,OH,12,2566800,1961990.0,213900.0,76.44
Idaho Trust Bank,Boise,ID,3,2547400,1860550.0,849133.33,73.04
Texell CU,Temple,TX,14,2545300,1981025.0,181807.14,77.83
EagleBank,Bethesda,MD,8,2540000,1712825.0,317500.0,67.43
American Pride Bank,Macon,GA,1,2525000,1893750.0,2525000.0,75.0
Southwest Heritage Bank,Scottsdale,AZ,4,2521000,1858000.0,630250.0,73.7
The Ephrata National Bank,Ephrata,PA,1,2520000,1890000.0,2520000.0,75.0
Central National Bank,Junction City,KS,2,2516500,1902375.0,1258250.0,75.6
Idaho First Bank,Mccall,ID,2,2504300,1840725.0,1252150.0,73.5
"First Financial Bank, National Association",Terre Haute,IN,10,2488000,1244000.0,248800.0,50.0
4Front Credit Union,Traverse City,MI,14,2482500,1940125.0,177321.43,78.15
Brookline Bank,Brookline,MA,18,2479500,1364750.0,137750.0,55.04
The Adirondack Trust Company,Saratoga Springs,NY,19,2466400,1665830.0,129810.53,67.54
"Community Bank, National Association",Canton,NY,11,2463400,1493825.0,223945.45,60.64
Lake Ridge Bank,Cross Plains,WI,16,2461100,1572575.0,153818.75,63.9
Frontier Bank of Texas,Elgin,TX,8,2447800,1533130.0,305975.0,62.63
Mi Bank,Bloomfield Hills,MI,3,2430000,1822500.0,810000.0,75.0
First Heritage Bank,Centralia,KS,4,2395000,1796250.0,598750.0,75.0
SpiritBank,Tulsa,OK,3,2387600,1801120.0,795866.67,75.44
New Valley Bank & Trust,Springfield,MA,11,2377500,1709875.0,216136.36,71.92
US Eagle FCU,Albuquerque,NM,2,2370000,1777500.0,1185000.0,75.0
Citizens Alliance Bank,Clara City,MN,3,2360000,1630000.0,786666.67,69.07
Susser Bank,Dallas,TX,4,2356000,1775900.0,589000.0,75.38
MidCountry Bank,Bloomington,MN,2,2350000,1718750.0,1175000.0,73.14
First Security Bank and Trust Company,Oklahoma City,OK,9,2343100,1680700.0,260344.44,71.73
Webster Five Cents Savings Bank,Webster,MA,17,2337600,1343800.0,137505.88,57.49
Honor CU,Berrien Springs,MI,6,2337200,1752900.0,389533.33,75.0
First State Bank,Waynesboro,MS,5,2325600,1744200.0,465120.0,75.0
Timberline Bank,Grand Junction,CO,3,2315000,1707000.0,771666.67,73.74
Town and Country CU,Minot,ND,14,2313800,1481800.0,165271.43,64.04
The Callaway Bank,Fulton,MO,11,2307800,1563075.0,209800.0,67.73
Redwood Capital Bank,Eureka,CA,5,2302700,1714525.0,460540.0,74.46
Union Bank,Grand Rapids,MI,2,2296000,1722000.0,1148000.0,75.0
First Enterprise Bank,Oklahoma City,OK,3,2269100,1601825.0,756366.67,70.59
CS Bank,Eureka Springs,AR,5,2255100,1408825.0,451020.0,62.47
Avidia Bank,Hudson,MA,7,2246000,1509500.0,320857.14,67.21
Mountain West Small Business Finance,Salt Lake City,UT,12,2235000,1720750.0,186250.0,76.99
Isabella Bank,Mount Pleasant,MI,3,2226400,1614800.0,742133.33,72.53
Texas First Bank,Texas City,TX,2,2226400,1669800.0,1113200.0,75.0
Midwest Bank,Pierce,NE,5,2225000,1511625.0,445000.0,67.94
Cedar Rapids Bank and Trust Company,Cedar Rapids,IA,9,2219500,1658425.0,246611.11,74.72
D. L. Evans Bank,Burley,ID,21,2206000,1229500.0,105047.62,55.73
Clear Lake Bank & Trust Company,Clear Lake,IA,6,2186500,1594875.0,364416.67,72.94
Alliance Catholic CU,Farmington Hills,MI,2,2186000,1639500.0,1093000.0,75.0
RiverHills Bank,Milford,OH,9,2117100,1619255.0,235233.33,76.48
Newburyport Five Cents Savings Bank,Newburyport,MA,15,2113700,1168850.0,140913.33,55.3
Belgrade State Bank,Belgrade,MO,6,2109700,1606995.0,351616.67,76.17
Gibsland Bank & Trust Company,Gibsland,LA,6,2101200,1424990.0,350200.0,67.82
1st Security Bank of Washington,Mountlake Terrace,WA,22,2100200,1407970.0,95463.64,67.04
The Andover Bank,Andover,OH,2,2094900,1507675.0,1047450.0,71.97
Texas Champion Bank,Corpus Christi,TX,5,2093000,1599750.0,418600.0,76.43
First Heritage Federal Credit Union,Corning,NY,13,2071100,1597635.0,159315.38,77.14
The Honesdale National Bank,Honesdale,PA,5,2027200,1539520.0,405440.0,75.94
Wayne Bank,Honesdale,PA,7,2017500,1566625.0,288214.29,77.65
Arkansas FCU,Little Rock,AR,6,2015000,1511250.0,335833.33,75.0
BHCU D/B/A Propell Credit Union,Ridley Park,PA,3,2003000,1502250.0,667666.67,75.0
"South Central Bank, Inc.",Glasgow,KY,6,2001500,1426125.0,333583.33,71.25
American Federal Bank,Fargo,ND,1,2000000,1500000.0,2000000.0,75.0
Wings Financial CU,Apple Valley,MN,1,2000000,1500000.0,2000000.0,75.0
The Fisher National Bank,Fisher,IL,8,1998800,1518100.0,249850.0,75.95
Decatur County Bank,Decaturville,TN,4,1990000,1492500.0,497500.0,75.0
Flint Community Bank,Albany,GA,2,1984600,1488450.0,992300.0,75.0
Hills Bank and Trust Company,Hills,IA,16,1975100,1310085.0,123443.75,66.33
First Bank and Trust Co,Duncan,OK,1,1972400,1479300.0,1972400.0,75.0
Sovereign Bank,Shawnee,OK,1,1947900,1460925.0,1947900.0,75.0
National Exchange Bank and Trust,Fond Du Lac,WI,1,1944000,1458000.0,1944000.0,75.0
"Beverly Bank & Trust Company, National Association",Chicago,IL,7,1938000,1190500.0,276857.14,61.43
Coastal Heritage Bank,East Weymouth,MA,7,1935000,1398000.0,276428.57,72.25
Ascent Bank,Helena,MT,2,1921000,1415750.0,960500.0,73.7
Orrstown Bank,Shippensburg,PA,4,1919500,1339625.0,479875.0,69.79
Select Bank,Forest,VA,12,1917200,1409900.0,159766.67,73.54
Two Rivers Bank & Trust,Burlington,IA,6,1901000,1425750.0,316833.33,75.0
Landmark National Bank,Manhattan,KS,4,1899000,1386750.0,474750.0,73.03
Hawthorn Bank,Jefferson City,MO,11,1898500,1143225.0,172590.91,60.22
Asian Bank,Philadelphia,PA,11,1894500,1422625.0,172227.27,75.09
Opportunity Bank of Montana,Helena,MT,5,1892000,1431000.0,378400.0,75.63
Pentucket Bank,Haverhill,MA,10,1883000,1258200.0,188300.0,66.82
Somerset Trust Company,Somerset,PA,9,1880700,1140350.0,208966.67,60.63
Kellogg Community CU,Battle Creek,MI,7,1869000,1430000.0,267000.0,76.51
The First National Bank of Absecon,Absecon,NJ,1,1859000,1394250.0,1859000.0,75.0
Rayne State Bank & Trust Company,Rayne,LA,2,1850000,1392500.0,925000.0,75.27
Community Bank Delaware,Lewes,DE,1,1850000,1387500.0,1850000.0,75.0
Woodsville Guaranty Savings Bank,Woodsville,NH,11,1838900,991525.0,167172.73,53.92
O Bee CU,Lacey,WA,3,1831900,1521130.0,610633.33,83.04
"American Bank, National Association",Dallas,TX,2,1821000,1365750.0,910500.0,75.0
CBI Bank & Trust,Muscatine,IA,4,1820000,1186000.0,455000.0,65.16
Valley First CU,Modesto,CA,7,1811800,1391550.0,258828.57,76.8
Citizens State Bank of La Crosse,La Crosse,WI,7,1811000,1320700.0,258714.29,72.93
United Community Bank,Chatham,IL,3,1807500,1261875.0,602500.0,69.81
Dominion Bank,Dallas,TX,2,1800000,1350000.0,900000.0,75.0
Community Investment Corporation,Hamden,CT,9,1795000,1403250.0,199444.44,78.18
Gainey Business Bank,Scottsdale,AZ,2,1795000,1346250.0,897500.0,75.0
"Bank of Bridger, National Association",Bridger,MT,6,1785100,1341825.0,297516.67,75.17
First Fed Bank,Port Angeles,WA,3,1775000,1331250.0,591666.67,75.0
R Bank,Round Rock,TX,2,1770500,1327875.0,885250.0,75.0
Freedom Financial Bank,West Des Moines,IA,1,1766000,1324500.0,1766000.0,75.0
Community Capital Resources,Elmsford,NY,14,1760000,1479000.0,125714.29,84.03
Neighborhood National Bank,El Cajon,CA,3,1740400,1310300.0,580133.33,75.29
Merchants Commercial Bank,Charlotte Amalie,VI,8,1734000,1106100.0,216750.0,63.79
Peoples Bank & Trust,Buford,GA,2,1729500,1312125.0,864750.0,75.87
Primis Bank,Tappahannock,VA,3,1725300,1204975.0,575100.0,69.84
CommerceWest Bank,Irvine,CA,5,1715000,1181250.0,343000.0,68.88
Elevate Bank National Association,Sedan,KS,5,1714800,1300960.0,342960.0,75.87
Oakworth Capital Bank,Birmingham,AL,2,1713500,1285125.0,856750.0,75.0
Community State Bank,Galva,IL,3,1710000,1290770.0,570000.0,75.48
"First Bankers Trust Company, National Association",Quincy,IL,6,1701000,1242000.0,283500.0,73.02
Security Bank USA,Bemidji,MN,13,1698900,849450.0,130684.62,50.0
Northfield Savings Bank,Northfield,VT,1,1695700,1271775.0,1695700.0,75.0
Riverside Bank of Dublin,Dublin,OH,4,1694700,1277025.0,423675.0,75.35
"Austin Bank, Texas National Association",Jacksonville,TX,4,1692000,1275300.0,423000.0,75.37
Union Bank and Trust Company,Minneapolis,MN,2,1691500,1268625.0,845750.0,75.0
Dacotah Bank,Aberdeen,SD,5,1687000,1071875.0,337400.0,63.54
First Guaranty Bank,Hammond,LA,7,1682600,1067660.0,240371.43,63.45
City & County CU,Saint Paul,MN,3,1680300,1212025.0,560100.0,72.13
Bank of Colorado,Fort Collins,CO,2,1680000,1260000.0,840000.0,75.0
Northway Bank,Berlin,NH,37,1668000,1021950.0,45081.08,61.27
United Republic Bank,Elkhorn,NE,1,1665800,1249350.0,1665800.0,75.0
First Western Trust Bank,Denver,CO,1,1663000,1247250.0,1663000.0,75.0
"PyraMax Bank, FSB",Greenfield,WI,7,1650000,1148150.0,235714.29,69.58
Morris Bank,Dublin,GA,1,1645100,1233825.0,1645100.0,75.0
The Hocking Valley Bank,Athens,OH,1,1645000,1233750.0,1645000.0,75.0
Farmers State Bank,Marion,IA,6,1640500,1257875.0,273416.67,76.68
Bank of St. Francisville,Saint Francisville,LA,1,1623400,1217550.0,1623400.0,75.0
Silver Lake Bank,Topeka,KS,7,1620000,810000.0,231428.57,50.0
Barwick Banking Company,Barwick,GA,5,1618400,1213800.0,323680.0,75.0
Home Federal Savings Bank,Rochester,MN,3,1615000,1219750.0,538333.33,75.53
First American Bank,Artesia,NM,3,1604500,1194625.0,534833.33,74.45
Peoples Bank of Commerce,Medford,OR,4,1596800,1223180.0,399200.0,76.6
The Cape Cod Five Cents Savings Bank,Hyannis,MA,15,1595900,1053010.0,106393.33,65.98
California Statewide Certified Development Corporation,Davis,CA,7,1595000,1225750.0,227857.14,76.85
Chemung Canal Trust Company,Elmira,NY,16,1592700,796350.0,99543.75,50.0
Union Savings Bank,Danbury,CT,8,1590000,845000.0,198750.0,53.14
Platte Valley Bank,Torrington,WY,6,1590000,795000.0,265000.0,50.0
The Commercial Bank,De Kalb,MS,3,1588200,1200910.0,529400.0,75.61
Icon Business Bank,Riverside,CA,2,1587800,1190850.0,793900.0,75.0
Arcadian Bank,Hartland,MN,4,1585000,1042500.0,396250.0,65.77
Fidelity Bank,Mandeville,LA,4,1578300,1088600.0,394575.0,68.97
Bank of Travelers Rest,Travelers Rest,SC,5,1568600,1101450.0,313720.0,70.22
United Cumberland Bank,Whitley City,KY,4,1554000,777000.0,388500.0,50.0
1st State Bank,Saginaw,MI,4,1548000,1153500.0,387000.0,74.52
Bonvenu Bank NA,Bossier City,LA,5,1531200,1088075.0,306240.0,71.06
South Eastern Economic Development Corporation,Taunton,MA,11,1530000,1228000.0,139090.91,80.26
Wildfire CU,Saginaw,MI,5,1528700,1146525.0,305740.0,75.0
Exchange Bank,Santa Rosa,CA,5,1520000,902500.0,304000.0,59.38
"VeraBank, National Association",Henderson,TX,3,1490600,1131450.0,496866.67,75.91
VisionBank,Saint Louis Park,MN,4,1482500,1023625.0,370625.0,69.05
Royal Banks of Missouri,University City,MO,8,1482500,950250.0,185312.5,64.1
American Bank,Allentown,PA,5,1475000,1068250.0,295000.0,72.42
Monterey County Bank,Monterey,CA,5,1468000,1101000.0,293600.0,75.0
Olympia Federal Savings & Loan Association,Olympia,WA,4,1461400,1109350.0,365350.0,75.91
Fidelity Co-Operative Bank,Leominster,MA,1,1460000,1095000.0,1460000.0,75.0
Omni Community CU,Battle Creek,MI,3,1454900,1105455.0,484966.67,75.98
Crews Bank and Trust,Wauchula,FL,2,1452500,1101125.0,726250.0,75.81
Ambler Savings Bank,Ambler,PA,2,1450000,1062500.0,725000.0,73.28
Covington County Bank,Collins,MS,11,1445500,787000.0,131409.09,54.44
Grand Ridge National Bank,Wheaton,IL,2,1440000,1080000.0,720000.0,75.0
First Citizens State Bank,Whitewater,WI,2,1428700,1074395.0,714350.0,75.2
CenterBank,Milford,OH,5,1423900,903550.0,284780.0,63.46
Ledyard National Bank,Norwich,VT,1,1415000,1061250.0,1415000.0,75.0
The Hicksville Bank,Hicksville,OH,4,1404000,1073500.0,351000.0,76.46
First Commerce Bank,Lakewood,NJ,1,1400000,1050000.0,1400000.0,75.0
Arbor Bank,Nebraska City,NE,6,1395000,847500.0,232500.0,60.75
Guaranty Bank & Trust Company,Belzoni,MS,2,1390100,1042575.0,695050.0,75.0
Sunnyside Federal Savings and Loan Association of Irvington,Irvington,NY,3,1385000,1038750.0,461666.67,75.0
Farmers & Merchants Bank of Long Beach,Long Beach,CA,3,1382500,1036875.0,460833.33,75.0
i3 Bank,Bennington,NE,2,1382400,1036800.0,691200.0,75.0
Service FCU,Portsmouth,NH,23,1367700,683850.0,59465.22,50.0
"Triad Bank, National Association",Tulsa,OK,4,1367200,1019150.0,341800.0,74.54
St. Mary's Bank,Manchester,NH,13,1366500,683250.0,105115.38,50.0
Saratoga National Bank and Trust Company,Saratoga Springs,NY,10,1360000,805000.0,136000.0,59.19
Rhinebeck Bank,Poughkeepsie,NY,8,1355000,838999.0,169375.0,61.92
Economic Development Bank for Puerto Rico,N Juan                      Pr,0,15,1353300,1120235.0,90220.0,82.78
Cathay Bank,Los Angeles,CA,4,1350000,1012500.0,337500.0,75.0
"Mountain Bizcapital, Inc.",Asheville,NC,7,1350000,1110000.0,192857.14,82.22
First General Bank,Rowland Heights,CA,3,1350000,1017500.0,450000.0,75.37
"Clear Mountain Bank, Inc.",Bruceton Mills,WV,12,1349500,674750.0,112458.33,50.0
First National Bank of Oklahoma,Oklahoma City,OK,1,1349200,1011900.0,1349200.0,75.0
UniBank for Savings,Whitinsville,MA,25,1347600,673800.0,53904.0,50.0
Aspire Bank,Fargo,ND,6,1345000,863750.0,224166.67,64.22
Farmers State Bank,Victor,MT,3,1328100,983575.0,442700.0,74.06
First Security Bank,Searcy,AR,6,1324400,870600.0,220733.33,65.74
Texas Security Bank,Dallas,TX,1,1318000,988500.0,1318000.0,75.0
Central State Bank,Calera,AL,3,1302000,976500.0,434000.0,75.0
Watertown Savings Bank,Watertown,NY,7,1288000,846375.0,184000.0,65.71
Arizona Financial Credit Union,Phoenix,AZ,8,1286000,920600.0,160750.0,71.59
NBKC Bank,Leawood,KS,6,1282500,976125.0,213750.0,76.11
Legacy State Bank,Loganville,GA,1,1277000,957750.0,1277000.0,75.0
Community First Bank,Kennewick,WA,11,1272500,645000.0,115681.82,50.69
Camden National Bank,Camden,ME,6,1267800,633900.0,211300.0,50.0
"Citizens Bank of West Virginia, Inc",Elkins,WV,4,1253000,626500.0,313250.0,50.0
bankHometown,Oxford,MA,2,1252900,913950.0,626450.0,72.95
OnPoint Community Credit Union,Portland,OR,3,1250000,625000.0,416666.67,50.0
The Ohio Valley Bank Company,Gallipolis,OH,1,1250000,937500.0,1250000.0,75.0
Northern State Bank of Virginia,Virginia,MN,2,1247900,935925.0,623950.0,75.0
Sunshine State Economic Development Corporation,Clearwater,FL,7,1235800,983930.0,176542.86,79.62
Community Bank of the Bay,Oakland,CA,1,1225000,918750.0,1225000.0,75.0
Worthington Bank,Arlington,TX,2,1225000,918750.0,612500.0,75.0
Unity National Bank of Houston,Houston,TX,3,1214000,910500.0,404666.67,75.0
"Florida Capital Bank, National Association",Jacksonville,FL,1,1208000,906000.0,1208000.0,75.0
The Croghan Colonial Bank,Fremont,OH,2,1207600,905700.0,603800.0,75.0
Providence Bank & Trust,South Holland,IL,2,1206800,905100.0,603400.0,75.0
Community State Bank,Union Grove,WI,5,1206800,852630.0,241360.0,70.65
Black Business Investment Fund Inc.,Orlando,FL,5,1200000,903750.0,240000.0,75.31
Bank3,Memphis,TN,2,1200000,900000.0,600000.0,75.0
First State Bank of Middlebury,Middlebury,IN,4,1195000,888750.0,298750.0,74.37
Citizens National Bank of Texas,Waxahachie,TX,1,1193900,895425.0,1193900.0,75.0
Liberty National Bank,Sioux City,IA,4,1188500,886925.0,297125.0,74.63
Highmark FCU,Rapid City,SD,5,1187000,844000.0,237400.0,71.1
Coasthills Federal Credit Union,Santa Maria,CA,5,1175000,605000.0,235000.0,51.49
HOMEBANK,Palmyra,MO,3,1174900,881175.0,391633.33,75.0
"The First National Bank and Trust Co, Chickasha, Oklahoma",Chickasha,OK,1,1170000,877500.0,1170000.0,75.0
Westside State Bank,Westside,IA,4,1170000,860500.0,292500.0,73.55
Educators CU,Mount Pleasant,WI,3,1168000,871800.0,389333.33,74.64
First Harrison Bank,Corydon,IN,7,1165900,870775.0,166557.14,74.69
The Lyon County State Bank,Emporia,KS,1,1150000,862500.0,1150000.0,75.0
Flagship Bank,Clearwater,FL,3,1150000,862500.0,383333.33,75.0
Heritage Bank of the Ozarks,Lebanon,MO,4,1146200,835900.0,286550.0,72.93
United Minnesota Bank,New London,MN,5,1146000,573000.0,229200.0,50.0
American United FCU,West Jordan,UT,5,1138800,826700.0,227760.0,72.59
Lyons Federal Bank,Lyons,KS,1,1135500,851625.0,1135500.0,75.0
City State Bank,Norwalk,IA,4,1125000,843750.0,281250.0,75.0
Bank of Belleville,Belleville,IL,3,1116200,732150.0,372066.67,65.59
"INB, National Association",Springfield,IL,3,1106300,792225.0,368766.67,71.61
Bank Midwest,Spirit Lake,IA,2,1106000,829500.0,553000.0,75.0
Blue Foundry Bank,Parsippany,NJ,2,1100000,825000.0,550000.0,75.0
The Shelby State Bank,Shelby,MI,1,1098200,823650.0,1098200.0,75.0
The First Security Bank,Beaver,OK,4,1096700,548350.0,274175.0,50.0
Owen County State Bank,Spencer,IN,3,1095000,838750.0,365000.0,76.6
Pinnacle Bank,Lincoln,NE,3,1095000,811250.0,365000.0,74.09
Pathfinder Bank,Oswego,NY,5,1088900,544450.0,217780.0,50.0
VISIONBank,Fargo,ND,12,1075000,537500.0,89583.33,50.0
The Genoa Banking Company,Genoa,OH,2,1072000,704000.0,536000.0,65.67
Pioneer Bank,Stanley,VA,3,1063000,594000.0,354333.33,55.88
Peoples Bank,Munster,IN,6,1050000,587500.0,175000.0,55.95
Core Bank,Omaha,NE,3,1046000,734500.0,348666.67,70.22
Common Capital Inc.,Springfield,MA,9,1042000,841200.0,115777.78,80.73
Washington Business Bank,Olympia,WA,2,1038200,778650.0,519100.0,75.0
Sutton Bank,Attica,OH,4,1038100,519050.0,259525.0,50.0
Northwest Bank of Rockford,Rockford,IL,5,1034500,775875.0,206900.0,75.0
First Farmers and Merchants Bank,Columbia,TN,6,1032200,684250.0,172033.33,66.29
Montecito Bank & Trust,Santa Barbara,CA,2,1030000,772500.0,515000.0,75.0
Columbia Community CU,Vancouver,WA,2,1017500,763125.0,508750.0,75.0
Community First National Bank,Manhattan,KS,2,1007000,703500.0,503500.0,69.86
Hendricks County Bank and Trust Company,Brownsburg,IN,2,1003700,709025.0,501850.0,70.64
Citizens Bank Minnesota,New Ulm,MN,1,1000000,900000.0,1000000.0,90.0
First Southern Bank,Waycross,GA,1,1000000,750000.0,1000000.0,75.0
Caldwell Bank & Trust Company,Columbia,LA,1,1000000,750000.0,1000000.0,75.0
Grand River Bank,Grandville,MI,1,1000000,750000.0,1000000.0,75.0
Twin Cedars Bank,Bussey,IA,1,1000000,750000.0,1000000.0,75.0
Kinecta FCU,Manhattan Beach,CA,2,1000000,625000.0,500000.0,62.5
MainStreet Bank,Fairfax,VA,1,1000000,750000.0,1000000.0,75.0
Fusion Bank,Larned,KS,1,1000000,900000.0,1000000.0,90.0
InterBank,Oklahoma City,OK,1,1000000,750000.0,1000000.0,75.0
United Pacific Bank,City Of Industry,CA,2,1000000,750000.0,500000.0,75.0
"Schaumburg Bank & Trust Company, National Association",Schaumburg,IL,1,1000000,750000.0,1000000.0,75.0
North Shore Bank,Brookfield,WI,1,1000000,750000.0,1000000.0,75.0
Home Loan State Bank,Grand Junction,CO,1,999000,749250.0,999000.0,75.0
"Shore United Bank, National Association",Easton,MD,3,998000,748500.0,332666.67,75.0
Community State Bank,Bradley,AR,1,995000,746250.0,995000.0,75.0
Iowa State Bank,Algona,IA,1,995000,746250.0,995000.0,75.0
Unified Bank,Martins Ferry,OH,1,990000,742500.0,990000.0,75.0
Denver Savings Bank,Denver,IA,1,990000,742500.0,990000.0,75.0
GTE FCU d/b/a GTE Financial,Tampa,FL,1,989100,741825.0,989100.0,75.0
First U.S. Community CU,Sacramento,CA,4,982000,739900.0,245500.0,75.35
Cowboy Bank,Kremlin,OK,5,978000,609000.0,195600.0,62.27
"Brightbridge, Inc.",Chattanooga,TN,4,975200,745490.0,243800.0,76.44
Platte Valley Bank,Scottsbluff,NE,5,972800,663350.0,194560.0,68.19
Michigan Certified Development Corporation,East Lansing,MI,5,967000,746750.0,193400.0,77.22
Security First Bank of North Dakota,New Salem,ND,4,956000,478000.0,239000.0,50.0
"First Montana Bank, Inc.",Missoula,MT,1,955800,716850.0,955800.0,75.0
Bank of New Hampshire,Laconia,NH,7,954500,623125.0,136357.14,65.28
Michigan Schools and Government Credit Union,Clinton Township,MI,5,954300,689725.0,190860.0,72.28
Citizens Bank & Trust Co,Hutchinson,MN,8,952000,476000.0,119000.0,50.0
Liberty Bank and Trust Company,New Orleans,LA,4,950000,665000.0,237500.0,70.0
Stockman Bank of Montana,Miles City,MT,2,950000,712500.0,475000.0,75.0
AmeriState Bank,Atoka,OK,3,950000,475000.0,316666.67,50.0
"Native American Bank, National Association",Denver,CO,1,950000,712500.0,950000.0,75.0
Rocky Mountain Bank and Trust,Florence,CO,1,945600,709200.0,945600.0,75.0
The First National Bank Bellevue,Bellevue,OH,3,938200,675350.0,312733.33,71.98
MY CU,Bloomington,MN,11,938100,669810.0,85281.82,71.4
Business Development Corporation of South Carolina,Columbia,SC,2,931500,698625.0,465750.0,75.0
Michigan State University FCU,East Lansing,MI,4,931300,724075.0,232825.0,77.75
Wasatch Peaks FCU,Ogden,UT,3,930000,685000.0,310000.0,73.66
Bankers Trust Company,Des Moines,IA,4,929500,659625.0,232375.0,70.97
West Bank,West Des Moines,IA,1,929000,696750.0,929000.0,75.0
Main Street Bank,Marlborough,MA,2,925000,693750.0,462500.0,75.0
Central Bank & Trust Co.,Lexington,KY,1,925000,693750.0,925000.0,75.0
First Community Bank,Batesville,AR,3,923100,674075.0,307700.0,73.02
The Fahey Banking Company,Marion,OH,2,921000,690750.0,460500.0,75.0
Diversified Members CU,Detroit,MI,2,920000,690000.0,460000.0,75.0
Bank of Bartlett,Bartlett,TN,2,919500,689625.0,459750.0,75.0
Small Business Assistance Corporation,Savannah,GA,4,914500,700875.0,228625.0,76.64
Glens Falls National Bank and Trust Company,Glens Falls,NY,12,907000,520000.0,75583.33,57.33
Central Bank,Storm Lake,IA,4,905200,692400.0,226300.0,76.49
Old Second National Bank,Aurora,IL,3,900500,667375.0,300166.67,74.11
The Millyard Bank,Nashua,NH,2,900000,682500.0,450000.0,75.83
BankProv,Amesbury,MA,1,899200,674400.0,899200.0,75.0
"Carolina Community Impact, Inc.",Raleigh,NC,6,893000,711850.0,148833.33,79.71
The First Bank and Trust Company,Lebanon,VA,4,885900,490515.0,221475.0,55.37
First Bank of Owasso,Owasso,OK,3,882000,664200.0,294000.0,75.31
Legence Bank,Eldorado,IL,6,879800,617850.0,146633.33,70.23
Freedom Bank,Columbia Falls,MT,8,875400,437700.0,109425.0,50.0
Manhattan Bank,Manhattan,MT,2,875000,437500.0,437500.0,50.0
Business Initiative Corporation of New York,Bronx,NY,5,875000,673750.0,175000.0,77.0
First Fidelity Bank,Oklahoma City,OK,5,873000,599750.0,174600.0,68.7
Texas Bank,Henderson,TX,6,871000,685650.0,145166.67,78.72
Micro Enterprise Services of Oregon (Pedagogy Institute),Portland,OR,6,869000,678650.0,144833.33,78.1
bankcda,Coeur D'Alene,ID,3,865000,548750.0,288333.33,63.44
First Children's Finance,Minneapolis,MN,12,862500,733125.0,71875.0,85.0
American National Bank & Trust,Wichita Falls,TX,3,862000,661500.0,287333.33,76.74
First Citizens Community Bank,Mansfield,PA,2,860000,645000.0,430000.0,75.0
West Central Development Corporation,Perrysburg,OH,4,857600,648200.0,214400.0,75.58
"Institute Capital, Inc.",Durham,NC,3,856100,642075.0,285366.67,75.0
"National Cooperative Bank, National Association",Hillsboro,OH,1,850000,637500.0,850000.0,75.0
Forward Bank,Marshfield,WI,6,840500,420250.0,140083.33,50.0
New Frontier Bank,Saint Charles,MO,2,840000,620000.0,420000.0,73.81
Ridgewood Savings Bank,New York City,NY,8,830000,705500.0,103750.0,85.0
Affinity Plus FCU,Saint Paul,MN,4,829500,609625.0,207375.0,73.49
The Bippus State Bank,Huntington,IN,1,825000,618750.0,825000.0,75.0
The Union State Bank of Everest,Everest,KS,2,825000,593750.0,412500.0,71.97
Milwaukee Economic Development Corporation,Milwaukee,WI,4,823000,632250.0,205750.0,76.82
RiverBank,Pocahontas,AR,9,822000,411000.0,91333.33,50.0
Wright Patt CU Inc,Beavercreek,OH,1,821000,615750.0,821000.0,75.0
UnitedOne Credit Union,Manitowoc,WI,5,811700,610445.0,162340.0,75.21
Sullivan Bank,Sullivan,MO,3,807600,403800.0,269200.0,50.0
NebraskaLand Bank,North Platte,NE,1,800000,600000.0,800000.0,75.0
Oklahoma's Federal Credit Union,Oklahoma City,OK,5,797000,398500.0,159400.0,50.0
Cross Keys Bank,Saint Joseph,LA,13,796800,398400.0,61292.31,50.0
Centris FCU,Omaha,NE,3,792000,544250.0,264000.0,68.72
United Bank of Philadelphia,Philadelphia,PA,2,780500,585375.0,390250.0,75.0
FirsTier Bank,Kimball,NE,1,780000,585000.0,780000.0,75.0
First National Community Bank,Chatsworth,GA,1,780000,585000.0,780000.0,75.0
Androscoggin Savings Bank,Lewiston,ME,7,778400,515500.0,111200.0,66.23
Signature Bank,Rosemont,IL,2,775000,550000.0,387500.0,70.97
"Sterling Federal Bank, F.S.B.",Sterling,IL,2,773000,579750.0,386500.0,75.0
Bank of Wisconsin Dells,Wisconsin Dells,WI,3,767800,588350.0,255933.33,76.63
Coast360 FCU,Maite,GU,10,764000,558500.0,76400.0,73.1
First State Bank,Junction,TX,2,763300,587295.0,381650.0,76.94
BankSouth,Greensboro,GA,1,762300,571725.0,762300.0,75.0
State Bank of Table Rock,Table Rock,NE,4,760000,380000.0,190000.0,50.0
Triangle CU,Nashua,NH,5,757400,581200.0,151480.0,76.74
State Empl CU,Santa Fe,NM,1,757000,567750.0,757000.0,75.0
SouthernTrust Bank,Goreville,IL,2,755300,558900.0,377650.0,74.0
Fairfax State Savings Bank,Fairfax,IA,5,748800,542900.0,149760.0,72.5
PCR Small Business Development,Los Angeles,CA,4,738000,597300.0,184500.0,80.93
Mt. McKinley Bank,Fairbanks,AK,6,731100,505800.0,121850.0,69.18
Planters Bank & Trust Company,Indianola,MS,1,730000,547500.0,730000.0,75.0
"SouthStar Bank, S.S.B.",Moulton,TX,3,729800,547350.0,243266.67,75.0
One Community Bank,Oregon,WI,6,727800,565750.0,121300.0,77.73
Land of Lincoln CU,Decatur,IL,5,725100,513825.0,145020.0,70.86
Torrington Savings Bank,Torrington,CT,4,721000,360500.0,180250.0,50.0
Greater State Bank,Mcallen,TX,6,719000,359500.0,119833.33,50.0
The Commercial Bank,Crawford,GA,2,717000,552750.0,358500.0,77.09
Citizens Bank & Trust,Guntersville,AL,1,716000,537000.0,716000.0,75.0
The Riddell National Bank,Brazil,IN,3,710000,495000.0,236666.67,69.72
United Bank,Zebulon,GA,3,708000,531000.0,236000.0,75.0
BankIowa,Cedar Rapids,IA,2,708000,531000.0,354000.0,75.0
Peoples Bank,Lyons,GA,1,700000,525000.0,700000.0,75.0
First State Bank and Trust,Bayport,MN,3,700000,512500.0,233333.33,73.21
Riverstone Bank,Eagle,NE,1,692000,519000.0,692000.0,75.0
Credit Union One,Ferndale,MI,2,686100,514575.0,343050.0,75.0
Heritage Family FCU,Rutland,VT,6,674400,337200.0,112400.0,50.0
Wilson & Muir Bank & Trust Company,Bardstown,KY,3,670700,460350.0,223566.67,68.64
The First National Bank of Aspermont,Aspermont,TX,1,670000,502500.0,670000.0,75.0
First National Bank of Pana,Pana,IL,3,667300,500475.0,222433.33,75.0
The Farmers & Merchants State Bank,Archbold,OH,3,660000,505000.0,220000.0,76.52
Vermont FCU,Burlington,VT,8,657300,328650.0,82162.5,50.0
Citizens National Bank of Cheboygan,Cheboygan,MI,3,657000,328500.0,219000.0,50.0
Ergo Bank,Markesan,WI,2,656000,460750.0,328000.0,70.24
OneSouth Bank,Blakely,GA,2,654000,490500.0,327000.0,75.0
Premier Bank National Association,Omaha,NE,1,652500,489375.0,652500.0,75.0
Texas Bank,Brownwood,TX,2,650000,377500.0,325000.0,58.08
Honor Bank,Honor,MI,2,650000,450000.0,325000.0,69.23
Town & Country Bank,Salem,MO,2,650000,487500.0,325000.0,75.0
Great Plains State Bank,Petersburg,NE,1,650000,487500.0,650000.0,75.0
Franklin Savings Bank,Farmington,ME,3,650000,325000.0,216666.67,50.0
InFirst Bank,Indiana,PA,9,648700,324350.0,72077.78,50.0
Peru Federal Savings Bank,Peru,IL,2,647700,485775.0,323850.0,75.0
Prosperity Bank,El Campo,TX,1,640600,480450.0,640600.0,75.0
Partners Bank of California,Mission Viejo,CA,1,640000,480000.0,640000.0,75.0
Huron Community Bank,East Tawas,MI,1,640000,480000.0,640000.0,75.0
Security Savings Bank,Canton,SD,3,634000,317000.0,211333.33,50.0
Gateway First Bank,Jenks,OK,2,631700,473775.0,315850.0,75.0
Collins Community Credit Union,Cedar Rapids,IA,1,630000,472500.0,630000.0,75.0
Johnson Bank,Racine,WI,2,630000,367500.0,315000.0,58.33
Sawyer Savings Bank,Saugerties,NY,1,621000,465750.0,621000.0,75.0
Seattle Economic Development Fund dba Community Ca,Seattle,WA,3,620000,478500.0,206666.67,77.18
Skyline National Bank,Independence,VA,4,619300,470665.0,154825.0,76.0
Community Bank of Oelwein,Oelwein,IA,2,618700,455440.0,309350.0,73.61
Guaranty Bank,Springfield,MO,3,610500,308925.0,203500.0,50.6
Bath Savings Institution,Bath,ME,6,610000,305000.0,101666.67,50.0
The Nodaway Valley Bank,Maryville,MO,1,608000,456000.0,608000.0,75.0
The Middlefield Banking Company,Middlefield,OH,2,607600,368850.0,303800.0,60.71
Frontier Bank,Omaha,NE,2,600000,425000.0,300000.0,70.83
"City First Bank, National Association",Washington,DC,2,600000,375000.0,300000.0,62.5
Lighthouse Federal Credit Union,Portsmouth,NH,2,600000,300000.0,300000.0,50.0
The New Washington State Bank,New Washington,IN,1,595000,446250.0,595000.0,75.0
Cyprus Federal Credit Union,West Jordan,UT,10,591600,295800.0,59160.0,50.0
BankFirst,Norfolk,NE,1,586000,439500.0,586000.0,75.0
Hawaii National Bank,Honolulu,HI,1,584600,438450.0,584600.0,75.0
New Market Bank,Elko New Market,MN,2,582400,430550.0,291200.0,73.93
Oak View National Bank,Warrenton,VA,2,580000,290000.0,290000.0,50.0
Red River Bank,Alexandria,LA,3,579300,378225.0,193100.0,65.29
Savings Bank of Walpole,Walpole,NH,6,577000,288500.0,96166.67,50.0
American Community Bank & Trust,Woodstock,IL,5,575000,337500.0,115000.0,58.7
"Coastal Area District Development Authority, Inc.",Brunswick,GA,3,574500,434875.0,191500.0,75.7
Premier Bank Minnesota,Hastings,MN,5,570000,397500.0,114000.0,69.74
Burke & Herbert Bank & Trust Company,Alexandria,VA,2,568000,426000.0,284000.0,75.0
Fall River Five Cents Savings Bank d/b/a BankFive,Fall River,MA,3,557000,278500.0,185666.67,50.0
Premier Bank,Maplewood,MN,4,555000,277500.0,138750.0,50.0
Brooklyn Cooperative FCU,New York City,NY,17,553000,305250.0,32529.41,55.2
First Federal Community Bank National Association,Dover,OH,3,550000,275000.0,183333.33,50.0
The Pecos County State Bank,Fort Stockton,TX,2,550000,275000.0,275000.0,50.0
Workers FCU,Littleton,MA,2,550000,275000.0,275000.0,50.0
Gather FCU,Lihue,HI,1,544000,408000.0,544000.0,75.0
1st National Bank,Lebanon,OH,1,542500,406875.0,542500.0,75.0
Maine State CU,Augusta,ME,1,540000,405000.0,540000.0,75.0
The Harbor Bank of Maryland,Baltimore,MD,1,535800,401850.0,535800.0,75.0
"First National Bank Ames, Iowa",Ames,IA,3,529000,412150.0,176333.33,77.91
Tinker FCU,Oklahoma City,OK,3,528000,406000.0,176000.0,76.89
TruFund Financial Services Inc,New York,NY,3,520000,416200.0,173333.33,80.04
TruBank,Indianola,IA,7,518700,385245.0,74100.0,74.27
FNB Bank,Goodland,KS,3,517500,258750.0,172500.0,50.0
Farmers Bank & Trust,Great Bend,KS,5,517400,258700.0,103480.0,50.0
Cornerstone Bank,Worcester,MA,3,516400,414100.0,172133.33,80.19
Raccoon Valley Bank,Perry,IA,2,516200,299650.0,258100.0,58.05
Custer Federal State Bank,Broken Bow,NE,4,510000,272500.0,127500.0,53.43
"Evans Bank, National Association",Angola,NY,3,505000,346250.0,168333.33,68.56
Mascoma Bank,Lebanon,NH,1,500000,375000.0,500000.0,75.0
Prairie State Bank and Trust,Springfield,IL,1,500000,375000.0,500000.0,75.0
Bank of Hydro,Hydro,OK,1,500000,375000.0,500000.0,75.0
Old Glory Bank,Elmore City,OK,1,500000,375000.0,500000.0,75.0
The Lowell Five Cent Savings Bank,Tewksbury,MA,1,500000,375000.0,500000.0,75.0
Mountain View Bank of Commerce,Westminster,CO,1,500000,250000.0,500000.0,50.0
Pacific National Bank,Miami,FL,1,500000,250000.0,500000.0,50.0
"Clare Bank, National Association",Platteville,WI,1,500000,375000.0,500000.0,75.0
First Commercial Bank (USA),Alhambra,CA,1,500000,250000.0,500000.0,50.0
First Seacoast Bank,Dover,NH,3,500000,250000.0,166666.67,50.0
First Federal Savings Bank,Evansville,IN,1,500000,250000.0,500000.0,50.0
Holyoke CU,Holyoke,MA,1,500000,250000.0,500000.0,50.0
High Plains Bank,Flagler,CO,2,498000,382000.0,249000.0,76.71
The Bank of Clovis,Clovis,NM,2,498000,361000.0,249000.0,72.49
First National Bank & Trust Co,Iron Mountain,MI,2,497600,310700.0,248800.0,62.44
Prevail Bank,Medford,WI,3,495800,380040.0,165266.67,76.65
Elgin State Bank,Elgin,IA,1,495000,247500.0,495000.0,50.0
The Stephenson National Bank and Trust,Marinette,WI,2,488000,372300.0,244000.0,76.29
First Independent Bank,Aurora,MO,3,487500,347625.0,162500.0,71.31
Corp. Financiamiento Empresarial del Comercio y Comunidades,San Juan,PR,4,485300,412505.0,121325.0,85.0
State Bank of Texas,Irving,TX,1,480000,360000.0,480000.0,75.0
The Savings Bank,Wakefield,MA,3,480000,275000.0,160000.0,57.29
Citizens Bank,Mukwonago,WI,3,480000,352500.0,160000.0,73.44
Business Finance Capital,Los Angeles,CA,2,478400,358800.0,239200.0,75.0
Think Mutual Bank,Rochester,MN,3,476000,384600.0,158666.67,80.8
First State Bank and Trust,Tonganoxie,KS,4,472400,338980.0,118100.0,71.76
First Community CU,Chesterfield,MO,9,471600,322300.0,52400.0,68.34
BANK360,Cordell,OK,2,470000,235000.0,235000.0,50.0
IH Mississippi Valley Credit Union,Moline,IL,1,465600,349200.0,465600.0,75.0
Charter Bank,Johnston,IA,1,465000,348750.0,465000.0,75.0
"South Central Kansas Economic Development District, Inc.",Bel Aire,KS,6,462500,393125.0,77083.33,85.0
First State Bank,Buxton,ND,1,460000,345000.0,460000.0,75.0
First Resource Bank,Exton,PA,1,459000,344250.0,459000.0,75.0
True Access Capital,Wilmington,DE,2,458000,354300.0,229000.0,77.36
Valliance Bank,Oklahoma City,OK,2,452000,226000.0,226000.0,50.0
United Community Bank,Perham,MN,6,451000,225500.0,75166.67,50.0
Indiana Members CU,Indianapolis,IN,1,450400,337800.0,450400.0,75.0
Vista Bank,Dallas,TX,1,450000,337500.0,450000.0,75.0
Leominster CU,Leominster,MA,1,450000,337500.0,450000.0,75.0
WestStar Bank,El Paso,TX,1,450000,337500.0,450000.0,75.0
Monterra Credit Union,Redwood City,CA,1,450000,337500.0,450000.0,75.0
Pioneer Bank,Roswell,NM,2,447100,223550.0,223550.0,50.0
B:Side Capital,Denver,CO,2,442500,346125.0,221250.0,78.22
Strafford Economic Development Corporation,Dover,NH,5,442500,365625.0,88500.0,82.63
California FarmLink,Aptos,CA,2,442300,331725.0,221150.0,75.0
AbbyBank,Abbotsford,WI,1,440000,330000.0,440000.0,75.0
Century Bank and Trust,Coldwater,MI,2,440000,345000.0,220000.0,78.41
Western Nebraska Bank,Curtis,NE,3,440000,220000.0,146666.67,50.0
Northfield Bank,Woodbridge,NJ,1,438500,328875.0,438500.0,75.0
Jackson County Bank,Seymour,IN,1,435000,326250.0,435000.0,75.0
Apex Bank,Camden,TN,1,431000,323250.0,431000.0,75.0
Anstaff Bank,Green Forest,AR,1,430000,322500.0,430000.0,75.0
Community Resource Bank,Northfield,MN,5,427500,213750.0,85500.0,50.0
Platinum Federal Credit Union,Duluth,GA,2,425000,318750.0,212500.0,75.0
Coastal1 Credit Union,Pawtucket,RI,2,425000,212500.0,212500.0,50.0
"Welch State Bank of Welch, Okla.",Welch,OK,3,417400,208700.0,139133.33,50.0
Lewis & Clark Bank,Oregon City,OR,3,410000,263750.0,136666.67,64.33
Riverview Bank,Vancouver,WA,1,405000,303750.0,405000.0,75.0
Air Academy FCU,Colorado Springs,CO,1,405000,303750.0,405000.0,75.0
KCB Bank,Lakin,KS,1,401500,301125.0,401500.0,75.0
Seaboard FCU,Bucksport,ME,4,400500,200250.0,100125.0,50.0
Bank of Bozeman,Bozeman,MT,1,400000,360000.0,400000.0,90.0
First Eagle Bank,Chicago,IL,1,400000,200000.0,400000.0,50.0
Bank of the Southwest,Roswell,NM,1,400000,360000.0,400000.0,90.0
Lower East Side People's Federal Credit Union,New York City,NY,4,400000,200000.0,100000.0,50.0
Parke Bank,Sewell,NJ,1,400000,300000.0,400000.0,75.0
Beacon Community Bank,Mount Pleasant,SC,1,400000,300000.0,400000.0,75.0
First Citizens Bank,Mason City,IA,1,400000,300000.0,400000.0,75.0
"Vermont Community Loan Fund, Inc.",Montpelier,VT,5,398500,338725.0,79700.0,85.0
Granite FCU,Salt Lake City,UT,1,398000,298500.0,398000.0,75.0
Wadena State Bank,Wadena,MN,2,396800,198400.0,198400.0,50.0
The First National Bank of Waterloo,Waterloo,IL,2,395500,309625.0,197750.0,78.29
"Northwestern Bank, National Association",Dilworth,MN,5,395000,197500.0,79000.0,50.0
"Florida First Capital Finance Corporation, Inc.",Tallahassee,FL,4,394400,335240.0,98600.0,85.0
Community Financial Services Bank,Benton,KY,1,393000,294750.0,393000.0,75.0
GECU,El Paso,TX,1,388000,291000.0,388000.0,75.0
United Bank of Michigan,Grand Rapids,MI,1,387500,290625.0,387500.0,75.0
North Brookfield Savings Bank,North Brookfield,MA,4,384500,192250.0,96125.0,50.0
Bank of Sun Prairie,Sun Prairie,WI,1,382500,286875.0,382500.0,75.0
Region IV Development Corporation,Twin Falls,ID,2,375200,293480.0,187600.0,78.22
FCNB Bank,Steelville,MO,2,375000,291250.0,187500.0,77.67
Route 31 Federal Credit Union,Muskegon,MI,1,375000,281250.0,375000.0,75.0
BANK,Wapello,IA,1,370000,277500.0,370000.0,75.0
Peoples Trust Company of St. Albans,Saint Albans,VT,3,370000,185000.0,123333.33,50.0
First Bank,Mccomb,MS,1,365000,273750.0,365000.0,75.0
Heartland Bank and Trust Company,Bloomington,IL,1,364000,273000.0,364000.0,75.0
BLC Community Bank,Little Chute,WI,1,360000,270000.0,360000.0,75.0
Cornerstone Bank,York,NE,1,360000,270000.0,360000.0,75.0
Capital CU,Bismarck,ND,5,359000,179500.0,71800.0,50.0
First Hawaiian Bank,Honolulu,HI,3,355000,195000.0,118333.33,54.93
Intracoastal Bank,Palm Coast,FL,1,355000,266250.0,355000.0,75.0
Woodlands National Bank,Hinckley,MN,1,350000,175000.0,350000.0,50.0
Nebraska Bank of Commerce,Lincoln,NE,1,350000,262500.0,350000.0,75.0
"Metro Community Development, Inc.",Flint,MI,1,350000,262500.0,350000.0,75.0
Campbell County Bank,Herreid,SD,1,350000,262500.0,350000.0,75.0
Reliance Savings Bank,Altoona,PA,1,350000,262500.0,350000.0,75.0
The Halstead Bank,Halstead,KS,1,350000,262500.0,350000.0,75.0
"The Commercial and Savings Bank of Millersburg, Ohio",Millersburg,OH,1,350000,262500.0,350000.0,75.0
First State Bank of Forsyth,Forsyth,MT,1,345000,258750.0,345000.0,75.0
Newport News Shipbuilding Empl CU Inc d/b/a BayPort CU,Newport News,VA,3,343000,171500.0,114333.33,50.0
"Colonial Savings, F.A.",Fort Worth,TX,2,341400,237300.0,170700.0,69.51
Red River Employees Federal Credit Union,Texarkana,TX,2,340500,218550.0,170250.0,64.19
Fox Communities CU,Appleton,WI,1,340000,170000.0,340000.0,50.0
Justine Petersen Housing & Reinvestment Corporation,St. Louis,MO,3,340000,289000.0,113333.33,85.0
Somerset Regal Bank,Bound Brook,NJ,1,335000,251250.0,335000.0,75.0
Community National Bank,Seneca,KS,1,333000,249750.0,333000.0,75.0
Arrowhead Central CU,Rancho Cucamonga,CA,3,330000,262500.0,110000.0,79.55
Traditions Bank,York,PA,1,329300,246975.0,329300.0,75.0
Northern Great Lakes Initiatives,Marquette,MI,1,328200,246150.0,328200.0,75.0
The National Bank of Indianapolis,Indianapolis,IN,1,327000,163500.0,327000.0,50.0
The National Bank of Adams County of West Union,West Union,OH,1,326500,244875.0,326500.0,75.0
The First National Bank of Henning,Ottertail,MN,2,325000,162500.0,162500.0,50.0
Ciera Bank,Graham,TX,1,325000,243750.0,325000.0,75.0
Saco & Biddeford Savings Institution,Saco,ME,2,321000,160500.0,160500.0,50.0
The Peoples Community Bank,Mazomanie,WI,3,320000,219500.0,106666.67,68.59
Citizens First Bank,Clinton,IA,1,320000,240000.0,320000.0,75.0
MidSouth Bank,Dothan,AL,3,320000,272000.0,106666.67,85.0
Bank Iowa,West Des Moines,IA,6,318600,204875.0,53100.0,64.3
Northwest Side Community Development Corporation,Milwaukee,WI,1,315000,236250.0,315000.0,75.0
Mid-Missouri Bank,Springfield,MO,2,313000,156500.0,156500.0,50.0
North Country FCU,South Burlington,VT,5,312800,156400.0,62560.0,50.0
Bank of Newington,Newington,GA,1,312000,234000.0,312000.0,75.0
5Star Bank,Colorado Springs,CO,2,308300,218725.0,154150.0,70.95
Commercial Bank & Trust Company,Monticello,AR,1,307700,230775.0,307700.0,75.0
Hanscom FCU,Hanscom Air Force Base,MA,3,305000,187500.0,101666.67,61.48
Sturgis Bank & Trust Company,Sturgis,MI,1,305000,228750.0,305000.0,75.0
First Commonwealth FCU,Allentown,PA,1,304500,228375.0,304500.0,75.0
Luana Savings Bank,Luana,IA,2,302000,238000.0,151000.0,78.81
Country Bank for Savings,Ware,MA,1,300000,225000.0,300000.0,75.0
Frankenmuth CU,Frankenmuth,MI,2,300000,150000.0,150000.0,50.0
Coastal Carolina National Bank,Myrtle Beach,SC,1,300000,225000.0,300000.0,75.0
First Northern Bank of Wyoming,Buffalo,WY,1,300000,225000.0,300000.0,75.0
National Institutes of Health FCU,Rockville,MD,2,300000,212500.0,150000.0,70.83
High Point Federal Credit Union,Olean,NY,1,300000,225000.0,300000.0,75.0
LINKBANK,Camp Hill,PA,1,300000,225000.0,300000.0,75.0
Pillar Bank,Baldwin,WI,1,300000,150000.0,300000.0,50.0
First Central Savings Bank,Glen Cove,NY,2,300000,202500.0,150000.0,67.5
United FCU,Saint Joseph,MI,1,298000,223500.0,298000.0,75.0
Spokane Teachers CU,Liberty Lake,WA,1,297500,223125.0,297500.0,75.0
Georgia Community Bank,Albany,GA,1,296000,222000.0,296000.0,75.0
Eagle Rock Bank,Rochester,MN,1,294800,221100.0,294800.0,75.0
Bank of the Flint Hills,Wamego,KS,1,294000,220500.0,294000.0,75.0
United Bank,Atmore,AL,1,289600,217200.0,289600.0,75.0
Upper Peninsula State Bank,Escanaba,MI,1,288600,216450.0,288600.0,75.0
South Louisiana Bank,Houma,LA,2,288400,144200.0,144200.0,50.0
Three Rivers FCU,Fort Wayne,IN,3,285000,142500.0,95000.0,50.0
Prairie Sun Bank,Milan,MN,1,285000,213750.0,285000.0,75.0
Methuen Co-Operative Bank,Methuen,MA,2,284000,223800.0,142000.0,78.8
The First National Bank of Fort Smith,Fort Smith,AR,2,283500,207625.0,141750.0,73.24
First Pacific Bank,Whittier,CA,1,283300,212475.0,283300.0,75.0
Central State Bank,Elkader,IA,1,283200,212400.0,283200.0,75.0
"North Shore Bank, a Co-operative Bank",Peabody,MA,2,280000,190000.0,140000.0,67.86
Atlantic Regional Federal Credit Union,South Portland,ME,5,280000,140000.0,56000.0,50.0
First State Bank,Clute,TX,1,280000,210000.0,280000.0,75.0
Bryant Bank,Tuscaloosa,AL,1,279000,209250.0,279000.0,75.0
Community Banking Company of Fitzgerald,Fitzgerald,GA,1,278000,208500.0,278000.0,75.0
First Midwest Bank of the Ozarks,Poplar Bluff,MO,2,275100,166325.0,137550.0,60.46
Green Belt Bank & Trust,Iowa Falls,IA,1,275000,206250.0,275000.0,75.0
Solutions North Bank,Stockton,KS,1,275000,206250.0,275000.0,75.0
Marine Bank & Trust Company,Vero Beach,FL,1,275000,206250.0,275000.0,75.0
Oak Bank,Fitchburg,WI,1,275000,206250.0,275000.0,75.0
"Forcht Bank, National Association",Lexington,KY,2,275000,187500.0,137500.0,68.18
California Coastal Certified Development Company,Salinas,CA,1,270000,202500.0,270000.0,75.0
Tulsa Economic Development Corporation,Tulsa,OK,1,270000,202500.0,270000.0,75.0
Huron Valley State Bank,Milford,MI,1,270000,202500.0,270000.0,75.0
Southwest Missouri Bank,Carthage,MO,1,268000,134000.0,268000.0,50.0
American National Bank of Minnesota,Baxter,MN,2,268000,134000.0,134000.0,50.0
Middlesex Savings Bank,Natick,MA,3,265000,181250.0,88333.33,68.4
The Citizens National Bank of Park Rapids,Park Rapids,MN,1,265000,132500.0,265000.0,50.0
"American Commerce Bank, National Association",Bremen,GA,1,264500,198375.0,264500.0,75.0
The Merchants & Citizens Bank,Mcrae,GA,1,262500,196875.0,262500.0,75.0
Mountain Valley Bank,Walden,CO,1,262500,131250.0,262500.0,50.0
County Bank,Brunswick,MO,2,261300,130650.0,130650.0,50.0
Morton Community Bank,Morton,IL,3,260000,221000.0,86666.67,85.0
Availa Bank,Carroll,IA,1,260000,195000.0,260000.0,75.0
Jonah Bank of Wyoming,Casper,WY,2,260000,174750.0,130000.0,67.21
1st Community FCU,San Angelo,TX,2,258800,204500.0,129400.0,79.02
Ouachita Valley FCU,West Monroe,LA,1,257400,193050.0,257400.0,75.0
PFCU,Portland,MI,2,256000,199200.0,128000.0,77.81
Security Bank of Pulaski County,St. Robert,MO,1,255500,191625.0,255500.0,75.0
North Easton Savings Bank,South Easton,MA,3,255000,162500.0,85000.0,63.73
River Bank,Stoddard,WI,2,253000,180500.0,126500.0,71.34
Outdoor Bank,Manhattan,KS,1,250000,125000.0,250000.0,50.0
"Profinium, Inc.",Truman,MN,1,250000,125000.0,250000.0,50.0
Point Breeze CU,Hunt Valley,MD,1,250000,187500.0,250000.0,75.0
First National Bank,Damariscotta,ME,1,250000,125000.0,250000.0,50.0
Springs Valley Bank & Trust Company,French Lick,IN,1,250000,187500.0,250000.0,75.0
PriorityOne Bank,Magee,MS,5,250000,212500.0,50000.0,85.0
Security State Bank,Basin,WY,1,250000,187500.0,250000.0,75.0
Westerly Community CU,Westerly,RI,1,250000,187500.0,250000.0,75.0
Dedham Institution for Savings,Dedham,MA,1,250000,187500.0,250000.0,75.0
Security Bank & Trust Company,Glencoe,MN,1,250000,187500.0,250000.0,75.0
First United Bank,Park River,ND,1,248900,186675.0,248900.0,75.0
bankESB,Easthampton,MA,1,247500,185625.0,247500.0,75.0
First Dakota National Bank,Yankton,SD,1,247500,185625.0,247500.0,75.0
Heartland Bank,Somers,IA,1,245000,183750.0,245000.0,75.0
Landmark Credit Union,Brookfield,WI,2,245000,122500.0,122500.0,50.0
The Bennington State Bank,Salina,KS,1,242700,182025.0,242700.0,75.0
United Prairie Bank,Mountain Lake,MN,2,242100,121050.0,121050.0,50.0
KodaBank,Drayton,ND,1,240700,120350.0,240700.0,50.0
Sentry Bank,Saint Joseph,MN,2,240000,120000.0,120000.0,50.0
Hebron Savings Bank,Hebron,MD,1,240000,120000.0,240000.0,50.0
Better Banks,Peoria,IL,1,240000,180000.0,240000.0,75.0
Madison County Bank,Madison,NE,1,239400,179550.0,239400.0,75.0
"Texas Gulf Bank, National Association",Houston,TX,1,235000,176250.0,235000.0,75.0
Community 1st CU,Ottumwa,IA,5,235000,117500.0,47000.0,50.0
Northeast Georgia Bank,Lavonia,GA,1,233600,175200.0,233600.0,75.0
The National Bank of Malvern,Malvern,PA,1,231000,173250.0,231000.0,75.0
BDC Community Capital Corporation,Wakefield,MA,1,230000,172500.0,230000.0,75.0
The Pueblo Bank and Trust Company,Pueblo,CO,1,228600,171450.0,228600.0,75.0
Crossroads Bank,Wabash,IN,1,228000,171000.0,228000.0,75.0
Robins Financial CU,Warner Robins,GA,1,225000,168750.0,225000.0,75.0
Holladay Bank and Trust,Holladay,UT,2,225000,191250.0,112500.0,85.0
The Lyons National Bank,Lyons,NY,1,225000,168750.0,225000.0,75.0
Charlevoix State Bank,Charlevoix,MI,1,225000,168750.0,225000.0,75.0
O'Bannon Banking Company,Buffalo,MO,1,222500,166875.0,222500.0,75.0
Prime Security Bank,Karlstad,MN,2,220000,110000.0,110000.0,50.0
EastRise Federal Credit Union,Williston,VT,3,214000,107000.0,71333.33,50.0
American Bank and Trust,Sioux Falls,SD,2,213000,164250.0,106500.0,77.11
Laona State Bank,Laona,WI,1,211500,158625.0,211500.0,75.0
Adelphi Bank,Columbus,OH,3,211500,179775.0,70500.0,85.0
First State Bank of Le Center,Le Center,MN,1,209600,104800.0,209600.0,50.0
A N E C A FCU,Shreveport,LA,2,205000,102500.0,102500.0,50.0
Levo FCU,Sioux Falls,SD,4,205000,107750.0,51250.0,52.56
Community Partners Savings Bank,Salem,IL,1,202500,151875.0,202500.0,75.0
"Home State Bank, National Association",Crystal Lake,IL,1,200000,150000.0,200000.0,75.0
"Patriot Bank, National Association",Stamford,CT,1,200000,100000.0,200000.0,50.0
FNBC Bank and Trust,La Grange,IL,1,200000,150000.0,200000.0,75.0
Community First Bank of the Heartland,Mount Vernon,IL,1,200000,100000.0,200000.0,50.0
AltaOne FCU,Ridgecrest,CA,1,200000,150000.0,200000.0,75.0
State Bank of Chandler,Chandler,MN,1,200000,100000.0,200000.0,50.0
Greylock FCU,Pittsfield,MA,3,199000,99500.0,66333.33,50.0
Portage Community Bank,Ravenna,OH,1,196800,147600.0,196800.0,75.0
OneAZ CU,Phoenix,AZ,1,196300,147225.0,196300.0,75.0
Bank of Washington,Washington,MO,1,196100,147075.0,196100.0,75.0
"Cooperativa de Ahorro y Cr<ac,e>dito de Arecibo (COOPACA)",Arecibo,PR,1,195500,146625.0,195500.0,75.0
Farmers and Merchants Bank,Laotto,IN,1,195000,146250.0,195000.0,75.0
Merrimack Valley CU,Lawrence,MA,3,186500,93250.0,62166.67,50.0
"Home Bank, SB",Martinsville,IN,1,186000,93000.0,186000.0,50.0
Lake Country Community Bank,Morristown,MN,1,185300,138975.0,185300.0,75.0
Global Federal Credit Union,Anchorage,AK,1,182000,136500.0,182000.0,75.0
BANKWEST,Rockford,MN,1,180000,135000.0,180000.0,75.0
First Bank,Waverly,IA,2,180000,90000.0,90000.0,50.0
American Community Bank of Indiana,Munster,IN,1,180000,135000.0,180000.0,75.0
Pioneer Bank & Trust,Belle Fourche,SD,4,179300,136900.0,44825.0,76.35
National Bank of Middlebury,Middlebury,VT,1,177500,133125.0,177500.0,75.0
Virginia National Bank,Charlottesville,VA,2,175000,87500.0,87500.0,50.0
"Iowa State Bank and Trust Company of Fairfield, Iowa",Fairfield,IA,1,173900,130425.0,173900.0,75.0
Bellwether Community CU,Manchester,NH,3,173500,86750.0,57833.33,50.0
Vision Bank,Ada,OK,1,173000,129750.0,173000.0,75.0
Luzerne Bank,Luzerne,PA,1,170100,127575.0,170100.0,75.0
South Ottumwa Savings Bank,Ottumwa,IA,1,167500,83750.0,167500.0,50.0
Starion Bank,Bismarck,ND,3,165000,82500.0,55000.0,50.0
MinnStar Bank National Association,Lake Crystal,MN,1,164700,82350.0,164700.0,50.0
Thumb Bank & Trust,Pigeon,MI,1,155400,116550.0,155400.0,75.0
Dean Co-Operative Bank,Franklin,MA,3,154900,87915.0,51633.33,56.76
West Gate Bank,Lincoln,NE,1,154000,77000.0,154000.0,50.0
Osgood Bank,Osgood,OH,1,153900,115425.0,153900.0,75.0
Centra CU,Columbus,IN,1,153000,76500.0,153000.0,50.0
Unity Bank,Augusta,WI,1,150000,75000.0,150000.0,50.0
State Savings Bank,West Des Moines,IA,1,150000,127500.0,150000.0,85.0
Manufacturers Bank & Trust Company,Forest City,IA,1,150000,127500.0,150000.0,85.0
"Business Resource Capital Specialty BIDCO, Inc.",New Orleans,LA,1,150000,127500.0,150000.0,85.0
Devon Bank,Chicago,IL,1,150000,127500.0,150000.0,85.0
Martha's Vineyard Bank,Edgartown,MA,1,150000,75000.0,150000.0,50.0
The National Capital Bank of Washington,Washington,DC,1,150000,127500.0,150000.0,85.0
RiverHills Bank,Vicksburg,MS,1,150000,75000.0,150000.0,50.0
Kensington Bank,Kensington,MN,1,150000,127500.0,150000.0,85.0
McCoy FCU,Orlando,FL,1,150000,127500.0,150000.0,85.0
Legacy Bank,Hinton,OK,3,146800,73400.0,48933.33,50.0
California CU,Glendale,CA,1,145000,123250.0,145000.0,85.0
Ozark Bank,Ozark,MO,1,140000,119000.0,140000.0,85.0
"Northeast Entrepreneur Fund, Inc.",Duluth,MN,2,134100,95715.0,67050.0,71.38
Mazuma CU,Overland Park,KS,1,134000,67000.0,134000.0,50.0
Guthrie County State Bank,Panora,IA,1,132500,112625.0,132500.0,85.0
Bay State Savings Bank,Worcester,MA,1,131000,111350.0,131000.0,85.0
First National Bank,Oldham,SD,2,129000,83400.0,64500.0,64.65
Harmony Bank,Dallas,TX,1,125000,106250.0,125000.0,85.0
Lakeview Bank,Lakeville,MN,1,125000,106250.0,125000.0,85.0
Northern State Bank of Thief River Falls,Thief River Falls,MN,1,125000,106250.0,125000.0,85.0
St. Clair County State Bank,Osceola,MO,2,122500,61250.0,61250.0,50.0
Pine River State Bank,Pine River,MN,3,122100,61050.0,40700.0,50.0
The North Salem State Bank,North Salem,IN,1,121000,60500.0,121000.0,50.0
Community Bank,Dunlap,IA,1,120000,102000.0,120000.0,85.0
Nebraska State Bank and Trust Company,Broken Bow,NE,1,120000,102000.0,120000.0,85.0
The Cooperative Bank,Roslindale,MA,1,120000,90000.0,120000.0,75.0
Bank Star,Pacific,MO,1,119000,89250.0,119000.0,75.0
Signal Financial FCU,Kensington,MD,1,113500,96475.0,113500.0,85.0
Prospera CU,Appleton,WI,1,112200,56100.0,112200.0,50.0
First Security Bank & Trust Company,Charles City,IA,1,110000,93500.0,110000.0,85.0
"Citizens Bank, National Association",Abilene,TX,1,107300,91205.0,107300.0,85.0
Citizens & Northern Bank,Wellsboro,PA,1,106000,53000.0,106000.0,50.0
The Harrison County Bank,Lost Creek,WV,1,100800,50400.0,100800.0,50.0
First Bank,Clewiston,FL,1,100000,50000.0,100000.0,50.0
Legacy Bank & Trust Company,Mt. Grove,MO,1,100000,50000.0,100000.0,50.0
The Peoples Bank,Pratt,KS,1,100000,50000.0,100000.0,50.0
The First National Bank of Bemidji,Bemidji,MN,1,100000,85000.0,100000.0,85.0
Reliance Bank,Faribault,MN,1,100000,50000.0,100000.0,50.0
Cape Ann Savings Bank,Gloucester,MA,1,100000,85000.0,100000.0,85.0
Security Bank Minnesota,Albert Lea,MN,1,100000,50000.0,100000.0,50.0
Essex Savings Bank,Essex,CT,1,100000,50000.0,100000.0,50.0
"First National Bank, Cortez",Cortez,CO,1,100000,85000.0,100000.0,85.0
Welcome State Bank,Welcome,MN,1,100000,50000.0,100000.0,50.0
Nusenda FCU,Albuquerque,NM,1,100000,50000.0,100000.0,50.0
Institution for Savings In Newburyport and its Vicinity,Newburyport,MA,1,99900,49950.0,99900.0,50.0
West Union Bank,West Union,WV,1,99800,49900.0,99800.0,50.0
The Bank of Brodhead,Brodhead,WI,2,95000,47500.0,47500.0,50.0
Glenwood State Bank Incorporated,Glenwood,MN,1,95000,80750.0,95000.0,85.0
Altra FCU,Onalaska,WI,1,93600,79560.0,93600.0,85.0
Reliant Community FCU,Sodus,NY,1,90000,76500.0,90000.0,85.0
Peoples Exchange Bank,Winchester,KY,1,90000,76500.0,90000.0,85.0
The First National Bank of Ballinger,Ballinger,TX,1,90000,76500.0,90000.0,85.0
Associated CU of Texas,League City,TX,1,88300,75055.0,88300.0,85.0
North Star Community CU,Maddock,ND,2,86100,73185.0,43050.0,85.0
Central Virginia FCU,Lynchburg,VA,2,85000,72250.0,42500.0,85.0
Foresight Bank,Plainview,MN,1,85000,42500.0,85000.0,50.0
Arcata Economic Development Corporation,Eureka,CA,1,85000,72250.0,85000.0,85.0
Capital Bank,Houston,TX,1,85000,72250.0,85000.0,85.0
Peoples National Bank of Kewanee,Kewanee,IL,1,85000,72250.0,85000.0,85.0
"SomerCor 504, Inc.",Chicago,IL,1,80000,68000.0,80000.0,85.0
North Central Massachusetts Development Corporation,Fitchburg,MA,2,80000,68000.0,40000.0,85.0
Reliance State Bank,Story City,IA,1,80000,68000.0,80000.0,85.0
The Tri-County Bank,Stuart,NE,1,75800,37900.0,75800.0,50.0
Superior National Bank,Hancock,MI,1,75000,37500.0,75000.0,50.0
Riverland Bank,Jordan,MN,1,75000,37500.0,75000.0,50.0
Dundee Bank,Omaha,NE,1,75000,37500.0,75000.0,50.0
The Bank of Kaukauna,Kaukauna,WI,1,75000,37500.0,75000.0,50.0
Arize FCU,State College,PA,1,74400,63240.0,74400.0,85.0
Dort Financial CU,Grand Blanc,MI,1,68900,34450.0,68900.0,50.0
First National Bank,Alamogordo,NM,1,67900,33950.0,67900.0,50.0
Andover State Bank,Andover,KS,1,67500,50625.0,67500.0,75.0
Coastal FCU,Raleigh,NC,1,65000,32500.0,65000.0,50.0
Ideal CU,Woodbury,MN,1,65000,55250.0,65000.0,85.0
Sno Falls CU,North Bend,WA,1,63300,53805.0,63300.0,85.0
Essential Credit Union,Baton Rouge,LA,2,60000,30000.0,30000.0,50.0
Intercity State Bank,Schofield,WI,1,60000,51000.0,60000.0,85.0
Community First Bank,Boscobel,WI,1,60000,30000.0,60000.0,50.0
Westfield Bank,Westfield,MA,1,60000,51000.0,60000.0,85.0
Bruning Bank,Bruning,NE,1,58000,29000.0,58000.0,50.0
"Traditional Bank, Inc.",Mount Sterling,KY,1,57000,48450.0,57000.0,85.0
Great American Bank,Lawrence,KS,1,55000,27500.0,55000.0,50.0
Rural Community Assistance Corporation,West Sacramento,CA,1,55000,46750.0,55000.0,85.0
Midwest Bank,Detroit Lakes,MN,2,54000,27000.0,27000.0,50.0
Sentinel FCU,Ellsworth Air Force Base,SD,1,54000,45900.0,54000.0,85.0
Financial Plus CU,Flint,MI,1,52300,44455.0,52300.0,85.0
BankGloucester,Gloucester,MA,1,50000,25000.0,50000.0,50.0
CorTrust Bank National Association,Mitchell,SD,1,50000,25000.0,50000.0,50.0
First National Bank,Fort Pierre,SD,1,50000,42500.0,50000.0,85.0
Union Bank,Morrisville,VT,1,50000,25000.0,50000.0,50.0
ProGrowth Bank,Nicollet,MN,1,50000,42500.0,50000.0,85.0
Community Capital Development Corporation,Dublin,OH,1,50000,42500.0,50000.0,85.0
Cy Fair FCU,Houston,TX,1,50000,42500.0,50000.0,85.0
Citizens Progressive Bank,Winnsboro,LA,2,50000,41250.0,25000.0,82.5
The Washington Trust Company of Westerly,Westerly,RI,1,50000,25000.0,50000.0,50.0
Sharon & Crescent United CU,Sharon,MA,1,44000,22000.0,44000.0,50.0
Pikes Peak National Bank,Colorado Springs,CO,1,42300,35955.0,42300.0,85.0
The Citizens Bank of Edmond,Edmond,OK,1,40000,34000.0,40000.0,85.0
Align CU,Lowell,MA,1,40000,20000.0,40000.0,50.0
Mechanics Cooperative Bank,Taunton,MA,1,40000,34000.0,40000.0,85.0
"Cape & Islands Community Development, Inc.",Centerville,MA,1,40000,34000.0,40000.0,85.0
"Hometown Bank of Corbin, Inc. d/b/a Hometown Bank",Corbin,KY,1,38000,19000.0,38000.0,50.0
The Bank,Oberlin,KS,2,37500,18750.0,18750.0,50.0
"FNB Bank, Inc.",Romney,WV,1,31800,15900.0,31800.0,50.0
Community Bank and Trust,Neosho,MO,1,30200,15100.0,30200.0,50.0
Mid Minnesota FCU,Baxter,MN,2,30000,15000.0,15000.0,50.0
First State Bank and Trust Company Inc,Caruthersville,MO,1,30000,25500.0,30000.0,85.0
Union State Bank of Hazen,Hazen,ND,1,30000,15000.0,30000.0,50.0
SAFE CU,Folsom,CA,1,25000,12500.0,25000.0,50.0
State Bank of Lake Park,Lake Park,MN,1,20000,10000.0,20000.0,50.0
Sherburne State Bank,Becker,MN,1,15000,7500.0,15000.0,50.0
Viking Bank National Association,Alexandria,MN,1,10700,5350.0,10700.0,50.0
