lender,lender_city,lender_state,do_code,sba_do_name,approved_loans,approved_dollars,approved_sba_guaranty_dollars,avg_loan_size,guaranty_rate_pct
"Newtek Bank, National Association",Miami,FL,455,SOUTH FLORIDA DISTRICT OFFICE,401,207913100,155942575,518486.53,75.0
The Huntington National Bank,Columbus,OH,515,MICHIGAN DISTRICT OFFICE,1385,191740500,131631620,138440.79,68.65
The Huntington National Bank,Columbus,OH,593,COLUMBUS DISTRICT OFFICE,1049,178718900,123530700,170370.73,69.12
The Huntington National Bank,Columbus,OH,549,CLEVELAND DISTRICT OFFICE,1234,158577600,107927050,128506.97,68.06
"Newtek Bank, National Association",Miami,FL,202,NEW YORK DISTRICT OFFICE,221,147469900,110259375,667284.62,74.77
"TD Bank, National Association",Wilmington,DE,202,NEW YORK DISTRICT OFFICE,1034,125111500,70848875,120997.58,56.63
Byline Bank,Chicago,IL,507,ILLINOIS DISTRICT OFFICE,90,119626800,88430600,1329186.67,73.92
Live Oak Banking Company,Wilmington,NC,455,SOUTH FLORIDA DISTRICT OFFICE,85,119459400,85821050,1405404.71,71.84
"Newtek Bank, National Association",Miami,FL,914,LOS ANGELES DISTRICT OFFICE,201,116215500,87407700,578186.57,75.21
Live Oak Banking Company,Wilmington,NC,610,DALLAS / FT WORTH DISTRICT OFFICE,72,112746000,79246750,1565916.67,70.29
First Internet Bank of Indiana,Fishers,IN,455,SOUTH FLORIDA DISTRICT OFFICE,60,108129500,81181475,1802158.33,75.08
Live Oak Banking Company,Wilmington,NC,460,NORTH CAROLINA DISTRICT OFFICE,96,105863700,76053935,1102746.88,71.84
"Readycap Lending, LLC",Berkeley Heights,NJ,202,NEW YORK DISTRICT OFFICE,297,101819300,76722375,342825.93,75.35
The Huntington National Bank,Columbus,OH,507,ILLINOIS DISTRICT OFFICE,655,101063300,71259575,154295.11,70.51
"Newtek Bank, National Association",Miami,FL,405,GEORGIA DISTRICT OFFICE,195,97275300,73090775,498847.69,75.14
"Bank of America, National Association",Charlotte,NC,455,SOUTH FLORIDA DISTRICT OFFICE,213,95183500,57901500,446870.89,60.83
"TD Bank, National Association",Wilmington,DE,299,NEW JERSEY DISTRICT OFFICE,755,94967700,54931350,125785.03,57.84
"JPMorgan Chase Bank, National Association",Columbus,OH,202,NEW YORK DISTRICT OFFICE,413,94626900,53090175,229120.82,56.1
Live Oak Banking Company,Wilmington,NC,811,COLORADO DISTRICT OFFICE,76,91456000,66092250,1203368.42,72.27
OakStar Bank,Springfield,MO,709,KANSAS CITY DISTRICT OFFICE,107,91323100,69037665,853486.92,75.6
"TD Bank, National Association",Wilmington,DE,455,SOUTH FLORIDA DISTRICT OFFICE,628,87077500,53820750,138658.44,61.81
GBank,Las Vegas,NV,460,NORTH CAROLINA DISTRICT OFFICE,25,86664500,64590075,3466580.0,74.53
Live Oak Banking Company,Wilmington,NC,671,HOUSTON DISTRICT OFFICE,46,82756300,61682025,1799050.0,74.53
"Readycap Lending, LLC",Berkeley Heights,NJ,1013,SEATTLE DISTRICT OFFICE,88,81848300,61471775,930094.32,75.1
Live Oak Banking Company,Wilmington,NC,912,SAN FRANCISCO DISTRICT OFFICE,65,77138000,56693750,1186738.46,73.5
BayFirst National Bank,Saint Petersburg,FL,455,SOUTH FLORIDA DISTRICT OFFICE,320,75640300,60581095,236375.94,80.09
"Newtek Bank, National Association",Miami,FL,912,SAN FRANCISCO DISTRICT OFFICE,105,74182000,55619500,706495.24,74.98
"Readycap Lending, LLC",Berkeley Heights,NJ,455,SOUTH FLORIDA DISTRICT OFFICE,349,73972700,56599075,211956.16,76.51
"Newtek Bank, National Association",Miami,FL,299,NEW JERSEY DISTRICT OFFICE,124,73485400,55074690,592624.19,74.95
The Huntington National Bank,Columbus,OH,811,COLORADO DISTRICT OFFICE,277,72401700,52869935,261377.98,73.02
Wallis Bank,Wallis,TX,671,HOUSTON DISTRICT OFFICE,43,71883700,54571115,1671713.95,75.92
Millennium Bank,Des Plaines,IL,507,ILLINOIS DISTRICT OFFICE,28,70923700,53192775,2532989.29,75.0
Live Oak Banking Company,Wilmington,NC,491,NORTH FLORIDA DISTRICT OFFICE,49,70735800,49710730,1443587.76,70.28
"Newtek Bank, National Association",Miami,FL,491,NORTH FLORIDA DISTRICT OFFICE,161,70664000,53127500,438906.83,75.18
Banco Popular de Puerto Rico,San Juan,PR,252,PUERTO RICO AND USVI DISTRICT OFFICE,456,70285500,43970945,154134.87,62.56
"Newtek Bank, National Association",Miami,FL,920,SANTA ANA DISTRICT OFFICE,137,69179800,51973750,504962.04,75.13
Metro City Bank,Doraville,GA,405,GEORGIA DISTRICT OFFICE,26,67240000,50440000,2586153.85,75.01
"Newtek Bank, National Association",Miami,FL,671,HOUSTON DISTRICT OFFICE,97,65892500,49505875,679304.12,75.13
Mountain America FCU,Sandy,UT,883,UTAH DISTRICT OFFICE,169,64012100,46632275,378769.82,72.85
"U.S. Bank, National Association",Cincinnati,OH,1013,SEATTLE DISTRICT OFFICE,165,62844900,44018547,380878.18,70.04
"Bank of America, National Association",Charlotte,NC,914,LOS ANGELES DISTRICT OFFICE,108,61600600,40789675,570375.93,66.22
"JPMorgan Chase Bank, National Association",Columbus,OH,914,LOS ANGELES DISTRICT OFFICE,221,61454600,36860800,278075.11,59.98
"Newtek Bank, National Association",Miami,FL,303,PHILADELPHIA DISTRICT OFFICE,94,61236500,45977125,651452.13,75.08
"U.S. Bank, National Association",Cincinnati,OH,920,SANTA ANA DISTRICT OFFICE,314,60881300,42795050,193889.49,70.29
The Huntington National Bank,Columbus,OH,562,INDIANA DISTRICT OFFICE,331,60183800,42357605,181824.17,70.38
The Huntington National Bank,Columbus,OH,610,DALLAS / FT WORTH DISTRICT OFFICE,158,59457700,43673775,376314.56,73.45
Live Oak Banking Company,Wilmington,NC,405,GEORGIA DISTRICT OFFICE,40,59147800,43837850,1478695.0,74.12
"Readycap Lending, LLC",Berkeley Heights,NJ,914,LOS ANGELES DISTRICT OFFICE,225,58348600,44340100,259327.11,75.99
The Huntington National Bank,Columbus,OH,455,SOUTH FLORIDA DISTRICT OFFICE,168,57856200,42386150,344382.14,73.26
"Newtek Bank, National Association",Miami,FL,610,DALLAS / FT WORTH DISTRICT OFFICE,125,56578000,42562000,452624.0,75.23
"U.S. Bank, National Association",Cincinnati,OH,912,SAN FRANCISCO DISTRICT OFFICE,188,56291700,40321175,299423.94,71.63
Comerica Bank,Dallas,TX,515,MICHIGAN DISTRICT OFFICE,69,55340300,38410725,802033.33,69.41
"Newtek Bank, National Association",Miami,FL,515,MICHIGAN DISTRICT OFFICE,85,54541400,40864900,641663.53,74.92
Paradise Bank,Boca Raton,FL,455,SOUTH FLORIDA DISTRICT OFFICE,30,54061000,39220690,1802033.33,72.55
Live Oak Banking Company,Wilmington,NC,299,NEW JERSEY DISTRICT OFFICE,40,53793500,38709155,1344837.5,71.96
Valley National Bank,Passaic,NJ,455,SOUTH FLORIDA DISTRICT OFFICE,37,53703100,40277325,1451435.14,75.0
"JPMorgan Chase Bank, National Association",Columbus,OH,455,SOUTH FLORIDA DISTRICT OFFICE,246,52582000,28610250,213747.97,54.41
"Newtek Bank, National Association",Miami,FL,507,ILLINOIS DISTRICT OFFICE,98,52369400,39244050,534381.63,74.94
Live Oak Banking Company,Wilmington,NC,920,SANTA ANA DISTRICT OFFICE,32,52044500,38015775,1626390.62,73.04
"U.S. Bank, National Association",Cincinnati,OH,914,LOS ANGELES DISTRICT OFFICE,226,51920900,36529500,229738.5,70.36
American Bank,Covington,LA,679,LOUISIANA DISTRICT OFFICE,57,51905400,38398705,910621.05,73.98
"Newtek Bank, National Association",Miami,FL,811,COLORADO DISTRICT OFFICE,92,51075000,38289250,555163.04,74.97
City National Bank,Los Angeles,CA,914,LOS ANGELES DISTRICT OFFICE,34,50851000,38013250,1495617.65,74.75
"U.S. Bank, National Association",Cincinnati,OH,508,MINNESOTA DISTRICT OFFICE,230,50581600,33851320,219920.0,66.92
Live Oak Banking Company,Wilmington,NC,515,MICHIGAN DISTRICT OFFICE,44,48910000,35807750,1111590.91,73.21
"Newtek Bank, National Association",Miami,FL,988,ARIZONA DISTRICT OFFICE,97,48718500,36663500,502252.58,75.26
"Readycap Lending, LLC",Berkeley Heights,NJ,405,GEORGIA DISTRICT OFFICE,153,48609900,36897265,317711.76,75.9
"Readycap Lending, LLC",Berkeley Heights,NJ,610,DALLAS / FT WORTH DISTRICT OFFICE,117,48302700,36436725,412843.59,75.43
The Huntington National Bank,Columbus,OH,358,PITTSBURGH DISTRICT OFFICE,325,47764300,32696995,146967.08,68.45
Old National Bank,Evansville,IN,563,WISCONSIN DISTRICT OFFICE,53,47627500,34585625,898632.08,72.62
Live Oak Banking Company,Wilmington,NC,1013,SEATTLE DISTRICT OFFICE,38,47579900,35018175,1252102.63,73.6
Live Oak Banking Company,Wilmington,NC,914,LOS ANGELES DISTRICT OFFICE,36,47199000,34559250,1311083.33,73.22
Old National Bank,Evansville,IN,508,MINNESOTA DISTRICT OFFICE,35,47198200,34317400,1348520.0,72.71
"Newtek Bank, National Association",Miami,FL,681,SAN ANTONIO DISTRICT OFFICE,89,45753000,34463250,514078.65,75.32
"JPMorgan Chase Bank, National Association",Columbus,OH,920,SANTA ANA DISTRICT OFFICE,130,45616600,28312450,350896.92,62.07
Platinum Bank,Oakdale,MN,508,MINNESOTA DISTRICT OFFICE,42,45272600,31613900,1077919.05,69.83
Live Oak Banking Company,Wilmington,NC,507,ILLINOIS DISTRICT OFFICE,34,44710000,33207500,1315000.0,74.27
"Zions Bank, A Division of",Salt Lake City,UT,883,UTAH DISTRICT OFFICE,184,44501500,32517115,241855.98,73.07
"TD Bank, National Association",Wilmington,DE,303,PHILADELPHIA DISTRICT OFFICE,297,44353900,27831800,149339.73,62.75
"Newtek Bank, National Association",Miami,FL,954,SAN DIEGO DISTRICT OFFICE,66,44183000,33114250,669439.39,74.95
First Internet Bank of Indiana,Fishers,IN,515,MICHIGAN DISTRICT OFFICE,36,44067000,32616648,1224083.33,74.02
"Harvest Small Business Finance, LLC",Laguna Hills,CA,920,SANTA ANA DISTRICT OFFICE,40,43927300,32945475,1098182.5,75.0
Live Oak Banking Company,Wilmington,NC,988,ARIZONA DISTRICT OFFICE,33,43711000,32433250,1324575.76,74.2
"Harvest Small Business Finance, LLC",Laguna Hills,CA,914,LOS ANGELES DISTRICT OFFICE,31,43567300,32675475,1405396.77,75.0
KeyBank National Association,Cleveland,OH,1013,SEATTLE DISTRICT OFFICE,107,43465700,30936625,406221.5,71.17
"T Bank, National Association",Dallas,TX,610,DALLAS / FT WORTH DISTRICT OFFICE,26,43254700,32441025,1663642.31,75.0
Rockland Trust Company,Rockland,MA,101,MASSACHUSETTS DISTRICT OFFICE,125,43228700,30375165,345829.6,70.27
Old National Bank,Evansville,IN,507,ILLINOIS DISTRICT OFFICE,33,42941200,31537150,1301248.48,73.44
Washington Trust Bank,Spokane,WA,1013,SEATTLE DISTRICT OFFICE,103,42777100,29327000,415311.65,68.56
FinWise Bank,Sandy,UT,202,NEW YORK DISTRICT OFFICE,55,42428000,33986250,771418.18,80.1
GBank,Las Vegas,NV,507,ILLINOIS DISTRICT OFFICE,13,42421000,31359750,3263153.85,73.93
"Newtek Bank, National Association",Miami,FL,460,NORTH CAROLINA DISTRICT OFFICE,93,42218000,31799000,453956.99,75.32
Pinnacle Bank,Nashville,TN,460,NORTH CAROLINA DISTRICT OFFICE,41,42047200,31341650,1025541.46,74.54
Pinnacle Bank,Nashville,TN,474,TENNESSEE DISTRICT OFFICE,36,41760600,31045450,1160016.67,74.34
GBank,Las Vegas,NV,405,GEORGIA DISTRICT OFFICE,12,41622000,31216500,3468500.0,75.0
"Newtek Bank, National Association",Miami,FL,944,NEVADA DISTRICT OFFICE,65,41602000,31264000,640030.77,75.15
The State Bank,Fenton,MI,515,MICHIGAN DISTRICT OFFICE,63,41165300,30098050,653417.46,73.12
Live Oak Banking Company,Wilmington,NC,202,NEW YORK DISTRICT OFFICE,39,40740500,29603875,1044628.21,72.66
BayFirst National Bank,Saint Petersburg,FL,202,NEW YORK DISTRICT OFFICE,299,40727900,34451215,136213.71,84.59
"Readycap Lending, LLC",Berkeley Heights,NJ,299,NEW JERSEY DISTRICT OFFICE,142,40712900,30904675,286710.56,75.91
Dogwood State Bank,Raleigh,NC,460,NORTH CAROLINA DISTRICT OFFICE,35,40305500,29926625,1151585.71,74.25
The Huntington National Bank,Columbus,OH,508,MINNESOTA DISTRICT OFFICE,186,40201500,28373175,216137.1,70.58
Manufacturers and Traders Trust Company,Buffalo,NY,373,BALTIMORE DISTRICT OFFICE,344,40114600,25872265,116612.21,64.5
"Community Banks of Colorado, A Division of",Greenwood Village,CO,883,UTAH DISTRICT OFFICE,30,40066300,29258525,1335543.33,73.03
Meridian Bank,Malvern,PA,303,PHILADELPHIA DISTRICT OFFICE,50,39803000,28969500,796060.0,72.78
Live Oak Banking Company,Wilmington,NC,459,ALABAMA DISTRICT OFFICE,24,39621200,27685750,1650883.33,69.88
"Wells Fargo Bank, National Association",Sioux Falls,SD,912,SAN FRANCISCO DISTRICT OFFICE,93,39534000,29362375,425096.77,74.27
"Wells Fargo Bank, National Association",Sioux Falls,SD,914,LOS ANGELES DISTRICT OFFICE,134,39359300,28950725,293726.12,73.55
"Newtek Bank, National Association",Miami,FL,101,MASSACHUSETTS DISTRICT OFFICE,61,39311000,29443200,644442.62,74.9
"Newtek Bank, National Association",Miami,FL,353,WASHINGTON DISTRICT OFFICE,81,39188000,29340950,483802.47,74.87
First Internet Bank of Indiana,Fishers,IN,610,DALLAS / FT WORTH DISTRICT OFFICE,29,39163000,29653350,1350448.28,75.72
"SouthState Bank, National Association",Winter Haven,FL,455,SOUTH FLORIDA DISTRICT OFFICE,118,38922000,30103350,329847.46,77.34
Live Oak Banking Company,Wilmington,NC,883,UTAH DISTRICT OFFICE,25,38764500,27560875,1550580.0,71.1
"Readycap Lending, LLC",Berkeley Heights,NJ,920,SANTA ANA DISTRICT OFFICE,123,38556300,29306325,313465.85,76.01
Bank of Hope,Los Angeles,CA,920,SANTA ANA DISTRICT OFFICE,43,38493500,28466625,895197.67,73.95
Georgia's Own Credit Union,Atlanta,GA,405,GEORGIA DISTRICT OFFICE,27,38466400,28849800,1424681.48,75.0
Commonwealth Business Bank,Los Angeles,CA,405,GEORGIA DISTRICT OFFICE,20,38418000,28813500,1920900.0,75.0
"TD Bank, National Association",Wilmington,DE,101,MASSACHUSETTS DISTRICT OFFICE,274,38239500,23526225,139560.22,61.52
GBank,Las Vegas,NV,562,INDIANA DISTRICT OFFICE,10,38021700,28516275,3802170.0,75.0
Eastern Bank,Boston,MA,101,MASSACHUSETTS DISTRICT OFFICE,305,37974800,23142430,124507.54,60.94
"Newtek Bank, National Association",Miami,FL,1013,SEATTLE DISTRICT OFFICE,58,37627000,28152250,648741.38,74.82
Synovus Bank,Columbus,GA,405,GEORGIA DISTRICT OFFICE,24,37542000,27925250,1564250.0,74.38
First Commonwealth Bank,Indiana,PA,358,PITTSBURGH DISTRICT OFFICE,57,37441000,28026400,656859.65,74.85
Celtic Bank Corporation,Salt Lake City,UT,1013,SEATTLE DISTRICT OFFICE,30,37230700,28035595,1241023.33,75.3
"Readycap Lending, LLC",Berkeley Heights,NJ,671,HOUSTON DISTRICT OFFICE,86,36750500,27812415,427331.4,75.68
The Huntington National Bank,Columbus,OH,405,GEORGIA DISTRICT OFFICE,123,36710200,26770150,298456.91,72.92
Live Oak Banking Company,Wilmington,NC,474,TENNESSEE DISTRICT OFFICE,25,36621000,27340750,1464840.0,74.66
GBank,Las Vegas,NV,304,RICHMOND DISTRICT OFFICE,11,36448600,24736450,3313509.09,67.87
"U.S. Bank, National Association",Cincinnati,OH,507,ILLINOIS DISTRICT OFFICE,166,36323900,25302785,218818.67,69.66
Live Oak Banking Company,Wilmington,NC,464,SOUTH CAROLINA DISTRICT OFFICE,26,36306700,26892525,1396411.54,74.07
"U.S. Bank, National Association",Cincinnati,OH,954,SAN DIEGO DISTRICT OFFICE,118,35925400,25484640,304452.54,70.94
Central Bank,Provo,UT,883,UTAH DISTRICT OFFICE,69,35600800,25823345,515953.62,72.54
Live Oak Banking Company,Wilmington,NC,156,CONNECTICUT DISTRICT OFFICE,24,35576500,25956375,1482354.17,72.96
"Newtek Bank, National Association",Miami,FL,156,CONNECTICUT DISTRICT OFFICE,64,35410000,26625250,553281.25,75.19
"U.S. Bank, National Association",Cincinnati,OH,811,COLORADO DISTRICT OFFICE,149,35050000,24877155,235234.9,70.98
"Newtek Bank, National Association",Miami,FL,474,TENNESSEE DISTRICT OFFICE,71,35016000,26350650,493183.1,75.25
Bank of Hope,Los Angeles,CA,1013,SEATTLE DISTRICT OFFICE,18,34923200,26302650,1940177.78,75.32
First Bank of the Lake,Osage Beach,MO,455,SOUTH FLORIDA DISTRICT OFFICE,39,34627600,25919450,887887.18,74.85
Live Oak Banking Company,Wilmington,NC,593,COLUMBUS DISTRICT OFFICE,20,34311000,23995500,1715550.0,69.94
"Readycap Lending, LLC",Berkeley Heights,NJ,1086,PORTLAND DISTRICT OFFICE,61,34142300,25748755,559709.84,75.42
Live Oak Banking Company,Wilmington,NC,101,MASSACHUSETTS DISTRICT OFFICE,27,33609500,24844575,1244796.3,73.92
The Huntington National Bank,Columbus,OH,671,HOUSTON DISTRICT OFFICE,123,33558000,24534750,272829.27,73.11
"Lendistry SBLC, LLC",Los Angeles,CA,914,LOS ANGELES DISTRICT OFFICE,209,33354400,26766320,159590.43,80.25
"Wells Fargo Bank, National Association",Sioux Falls,SD,988,ARIZONA DISTRICT OFFICE,98,33153000,24509750,338295.92,73.93
"Bank of America, National Association",Charlotte,NC,920,SANTA ANA DISTRICT OFFICE,71,33098200,20579175,466171.83,62.18
Live Oak Banking Company,Wilmington,NC,353,WASHINGTON DISTRICT OFFICE,23,32928600,23370150,1431678.26,70.97
Idaho Central CU,Chubbuck,ID,1087,BOISE DISTRICT OFFICE,44,32899300,24029865,747711.36,73.04
BancFirst,Oklahoma City,OK,680,OKLAHOMA DISTRICT OFFICE,70,32455100,24206595,463644.29,74.58
Gesa CU,Richland,WA,1013,SEATTLE DISTRICT OFFICE,43,32416800,24284350,753879.07,74.91
BayFirst National Bank,Saint Petersburg,FL,914,LOS ANGELES DISTRICT OFFICE,183,32285300,26574155,176422.4,82.31
Byline Bank,Chicago,IL,610,DALLAS / FT WORTH DISTRICT OFFICE,23,32090000,23680000,1395217.39,73.79
"Wilmington Savings Fund Society, FSB",Wilmington,DE,303,PHILADELPHIA DISTRICT OFFICE,43,32041700,23550025,745155.81,73.5
Live Oak Banking Company,Wilmington,NC,562,INDIANA DISTRICT OFFICE,20,32028000,23733500,1601400.0,74.1
NewBank,Queens,NY,202,NEW YORK DISTRICT OFFICE,29,31870000,23929500,1098965.52,75.08
BankVista,Sartell,MN,508,MINNESOTA DISTRICT OFFICE,73,31608900,23008930,432998.63,72.79
First Internet Bank of Indiana,Fishers,IN,491,NORTH FLORIDA DISTRICT OFFICE,24,31539000,23304250,1314125.0,73.89
Fifth Third Bank,Cincinnati,OH,515,MICHIGAN DISTRICT OFFICE,39,31470700,22476675,806941.03,71.42
"Newtek Bank, National Association",Miami,FL,464,SOUTH CAROLINA DISTRICT OFFICE,50,31429000,23699500,628580.0,75.41
Webster Bank National Association,Waterbury,CT,156,CONNECTICUT DISTRICT OFFICE,95,31411500,19671650,330647.37,62.63
Live Oak Banking Company,Wilmington,NC,303,PHILADELPHIA DISTRICT OFFICE,23,31410000,23230000,1365652.17,73.96
Webster Bank National Association,Waterbury,CT,202,NEW YORK DISTRICT OFFICE,118,31395500,16382750,266063.56,52.18
East West Bank,Pasadena,CA,914,LOS ANGELES DISTRICT OFFICE,44,31280500,24251625,710920.45,77.53
Stock Yards Bank & Trust Company,Louisville,KY,457,KENTUCKY DISTRICT OFFICE,36,31186700,22501500,866297.22,72.15
Hanmi Bank,Los Angeles,CA,811,COLORADO DISTRICT OFFICE,36,31144000,23358000,865111.11,75.0
GBank,Las Vegas,NV,464,SOUTH CAROLINA DISTRICT OFFICE,11,31042000,23281500,2822000.0,75.0
Open Bank,Los Angeles,CA,914,LOS ANGELES DISTRICT OFFICE,27,30903800,20877850,1144585.19,67.56
"Readycap Lending, LLC",Berkeley Heights,NJ,811,COLORADO DISTRICT OFFICE,90,30879800,23430510,343108.89,75.88
America First FCU,Riverdale,UT,988,ARIZONA DISTRICT OFFICE,22,30874800,23140350,1403400.0,74.95
Live Oak Banking Company,Wilmington,NC,681,SAN ANTONIO DISTRICT OFFICE,23,30670000,22065000,1333478.26,71.94
"TD Bank, National Association",Wilmington,DE,491,NORTH FLORIDA DISTRICT OFFICE,128,30537900,21484825,238577.34,70.35
KeyBank National Association,Cleveland,OH,549,CLEVELAND DISTRICT OFFICE,82,30176000,21078025,368000.0,69.85
Old National Bank,Evansville,IN,515,MICHIGAN DISTRICT OFFICE,30,30033000,21969750,1001100.0,73.15
Berkshire Bank,Pittsfield,MA,303,PHILADELPHIA DISTRICT OFFICE,32,29956500,22239375,936140.62,74.24
"Newtek Bank, National Association",Miami,FL,304,RICHMOND DISTRICT OFFICE,58,29955000,22534250,516465.52,75.23
"JPMorgan Chase Bank, National Association",Columbus,OH,507,ILLINOIS DISTRICT OFFICE,132,29908700,16755350,226581.06,56.02
The Huntington National Bank,Columbus,OH,299,NEW JERSEY DISTRICT OFFICE,80,29874400,21833300,373430.0,73.08
"Wells Fargo Bank, National Association",Sioux Falls,SD,920,SANTA ANA DISTRICT OFFICE,97,29584800,21834850,304997.94,73.8
"Wilmington Savings Fund Society, FSB",Wilmington,DE,299,NEW JERSEY DISTRICT OFFICE,41,29508500,21548425,719719.51,73.02
"TD Bank, National Association",Wilmington,DE,464,SOUTH CAROLINA DISTRICT OFFICE,155,29358500,19850625,189409.68,67.61
"Bank of America, National Association",Charlotte,NC,405,GEORGIA DISTRICT OFFICE,49,29298900,19507275,597936.73,66.58
"U.S. Bank, National Association",Cincinnati,OH,474,TENNESSEE DISTRICT OFFICE,124,29231500,20993825,235737.9,71.82
Busey Bank,Champaign,IL,507,ILLINOIS DISTRICT OFFICE,20,29230000,20183000,1461500.0,69.05
Southwestern National Bank,Houston,TX,914,LOS ANGELES DISTRICT OFFICE,14,29190000,21892500,2085000.0,75.0
Mission Valley Bank,Sun Valley,CA,914,LOS ANGELES DISTRICT OFFICE,19,29027300,21467409,1527752.63,73.96
Midwest Regional Bank,Festus,MO,988,ARIZONA DISTRICT OFFICE,20,28922000,21691500,1446100.0,75.0
First Financial Bank,El Dorado,AR,679,LOUISIANA DISTRICT OFFICE,12,28801000,21600750,2400083.33,75.0
"Wells Fargo Bank, National Association",Sioux Falls,SD,455,SOUTH FLORIDA DISTRICT OFFICE,213,28588900,20566675,134220.19,71.94
Hanover Community Bank,Mineola,NY,202,NEW YORK DISTRICT OFFICE,35,28563000,21497750,816085.71,75.26
Comerica Bank,Dallas,TX,671,HOUSTON DISTRICT OFFICE,31,28491300,20303725,919074.19,71.26
Live Oak Banking Company,Wilmington,NC,304,RICHMOND DISTRICT OFFICE,21,28470500,20580125,1355738.1,72.29
Berkshire Bank,Pittsfield,MA,101,MASSACHUSETTS DISTRICT OFFICE,22,28129100,22820250,1278595.45,81.13
Open Bank,Los Angeles,CA,610,DALLAS / FT WORTH DISTRICT OFFICE,11,28068000,21051000,2551636.36,75.0
Live Oak Banking Company,Wilmington,NC,942,FRESNO DISTRICT OFFICE,12,28029000,20934250,2335750.0,74.69
"Readycap Lending, LLC",Berkeley Heights,NJ,460,NORTH CAROLINA DISTRICT OFFICE,113,27880500,21069425,246730.09,75.57
"Wells Fargo Bank, National Association",Sioux Falls,SD,811,COLORADO DISTRICT OFFICE,103,27861100,20552075,270496.12,73.77
KeyBank National Association,Cleveland,OH,593,COLUMBUS DISTRICT OFFICE,45,27742200,19788085,616493.33,71.33
First Bank of the Lake,Osage Beach,MO,671,HOUSTON DISTRICT OFFICE,50,27669200,20853800,553384.0,75.37
Celtic Bank Corporation,Salt Lake City,UT,942,FRESNO DISTRICT OFFICE,23,27655200,20793900,1202400.0,75.19
"U.S. Bank, National Association",Cincinnati,OH,931,SACRAMENTO DISTRICT OFFICE,95,27621700,18065275,290754.74,65.4
"SouthState Bank, National Association",Winter Haven,FL,405,GEORGIA DISTRICT OFFICE,81,27620000,21069000,340987.65,76.28
First Bank of the Lake,Osage Beach,MO,610,DALLAS / FT WORTH DISTRICT OFFICE,36,27476700,20213411,763241.67,73.57
"Readycap Lending, LLC",Berkeley Heights,NJ,507,ILLINOIS DISTRICT OFFICE,97,27408500,20784675,282561.86,75.83
Loyal Trust Bank,Johns Creek,GA,405,GEORGIA DISTRICT OFFICE,19,27396800,20547600,1441936.84,75.0
The Huntington National Bank,Columbus,OH,460,NORTH CAROLINA DISTRICT OFFICE,83,27381200,19969400,329893.98,72.93
Cadence Bank,Tupelo,MS,405,GEORGIA DISTRICT OFFICE,41,27329500,20420625,666573.17,74.72
"Bank of America, National Association",Charlotte,NC,610,DALLAS / FT WORTH DISTRICT OFFICE,38,27237900,18895425,716786.84,69.37
"JPMorgan Chase Bank, National Association",Columbus,OH,671,HOUSTON DISTRICT OFFICE,116,27155100,16378675,234095.69,60.32
Live Oak Banking Company,Wilmington,NC,680,OKLAHOMA DISTRICT OFFICE,19,27032500,20204375,1422763.16,74.74
"VelocitySBA, LLC",Costa Mesa,CA,914,LOS ANGELES DISTRICT OFFICE,24,26899800,21383750,1120825.0,79.49
First Utah Bank,Salt Lake City,UT,883,UTAH DISTRICT OFFICE,25,26813100,20310825,1072524.0,75.75
"Newtek Bank, National Association",Miami,FL,459,ALABAMA DISTRICT OFFICE,55,26808000,20079750,487418.18,74.9
Union Bank and Trust Company,Lincoln,NE,766,NEBRASKA DISTRICT OFFICE,77,26726200,19160075,347093.51,71.69
Byline Bank,Chicago,IL,563,WISCONSIN DISTRICT OFFICE,23,26684700,19969775,1160204.35,74.84
"Newtek Bank, National Association",Miami,FL,931,SACRAMENTO DISTRICT OFFICE,49,26483000,19910250,540469.39,75.18
"Readycap Lending, LLC",Berkeley Heights,NJ,491,NORTH FLORIDA DISTRICT OFFICE,132,26363200,20178200,199721.21,76.54
First Internet Bank of Indiana,Fishers,IN,507,ILLINOIS DISTRICT OFFICE,12,26310000,19507500,2192500.0,74.14
Berkshire Bank,Pittsfield,MA,455,SOUTH FLORIDA DISTRICT OFFICE,15,26278000,19439750,1751866.67,73.98
"Newtek Bank, National Association",Miami,FL,562,INDIANA DISTRICT OFFICE,37,26216500,19590125,708554.05,74.72
"SouthState Bank, National Association",Winter Haven,FL,491,NORTH FLORIDA DISTRICT OFFICE,51,26195600,19892700,513639.22,75.94
"Newtek Bank, National Association",Miami,FL,679,LOUISIANA DISTRICT OFFICE,71,26163000,19805750,368492.96,75.7
"Newtek Bank, National Association",Miami,FL,373,BALTIMORE DISTRICT OFFICE,39,26146600,19699450,670425.64,75.34
The Huntington National Bank,Columbus,OH,491,NORTH FLORIDA DISTRICT OFFICE,71,26009500,19039725,366330.99,73.2
Live Oak Banking Company,Wilmington,NC,358,PITTSBURGH DISTRICT OFFICE,22,25988000,19062500,1181272.73,73.35
Frandsen Bank & Trust,Lonsdale,MN,508,MINNESOTA DISTRICT OFFICE,43,25980900,19312995,604206.98,74.34
Bank of Oak Ridge,Oak Ridge,NC,460,NORTH CAROLINA DISTRICT OFFICE,32,25932900,19081795,810403.12,73.58
"JPMorgan Chase Bank, National Association",Columbus,OH,299,NEW JERSEY DISTRICT OFFICE,117,25906100,15187350,221419.66,58.62
MidFirst Bank,Oklahoma City,OK,988,ARIZONA DISTRICT OFFICE,14,25824500,19368375,1844607.14,75.0
Live Oak Banking Company,Wilmington,NC,549,CLEVELAND DISTRICT OFFICE,25,25678500,19040125,1027140.0,74.15
"Fulton Bank, National Association",Lancaster,PA,299,NEW JERSEY DISTRICT OFFICE,36,25670500,19113075,713069.44,74.46
The Fidelity Bank,Fuquay Varina,NC,460,NORTH CAROLINA DISTRICT OFFICE,21,25658500,19243875,1221833.33,75.0
First United Bank and Trust Company,Durant,OK,610,DALLAS / FT WORTH DISTRICT OFFICE,21,25628800,19184100,1220419.05,74.85
PCB Bank,Los Angeles,CA,1013,SEATTLE DISTRICT OFFICE,12,25227000,18920250,2102250.0,75.0
United Community Bank,Greenville,SC,405,GEORGIA DISTRICT OFFICE,30,25162000,18652750,838733.33,74.13
Stellar Bank,Houston,TX,671,HOUSTON DISTRICT OFFICE,15,25129600,18861950,1675306.67,75.06
Northwest Bank,Warren,PA,358,PITTSBURGH DISTRICT OFFICE,87,25070500,17689625,288166.67,70.56
Byline Bank,Chicago,IL,515,MICHIGAN DISTRICT OFFICE,15,24882500,18474375,1658833.33,74.25
"JPMorgan Chase Bank, National Association",Columbus,OH,988,ARIZONA DISTRICT OFFICE,85,24860100,15248575,292471.76,61.34
America First FCU,Riverdale,UT,883,UTAH DISTRICT OFFICE,29,24813500,18634125,855637.93,75.1
Live Oak Banking Company,Wilmington,NC,508,MINNESOTA DISTRICT OFFICE,17,24731000,15476728,1454764.71,62.58
Banner Bank,Walla Walla,WA,1013,SEATTLE DISTRICT OFFICE,130,24681600,14430675,189858.46,58.47
Manufacturers and Traders Trust Company,Buffalo,NY,353,WASHINGTON DISTRICT OFFICE,164,24671400,15841310,150435.37,64.21
Live Oak Banking Company,Wilmington,NC,679,LOUISIANA DISTRICT OFFICE,15,24570000,18427500,1638000.0,75.0
"JPMorgan Chase Bank, National Association",Columbus,OH,912,SAN FRANCISCO DISTRICT OFFICE,77,24557000,15084000,318922.08,61.42
Bank of Hope,Los Angeles,CA,811,COLORADO DISTRICT OFFICE,16,24463000,18347250,1528937.5,75.0
"U.S. Bank, National Association",Cincinnati,OH,988,ARIZONA DISTRICT OFFICE,89,24406100,17655540,274225.84,72.34
Firstrust Savings Bank,Conshohocken,PA,303,PHILADELPHIA DISTRICT OFFICE,19,24316000,18823250,1279789.47,77.41
First Bank,Southern Pines,NC,460,NORTH CAROLINA DISTRICT OFFICE,34,24282900,18183125,714202.94,74.88
First Bank of the Lake,Osage Beach,MO,202,NEW YORK DISTRICT OFFICE,23,24162000,17922000,1050521.74,74.17
Regions Bank,Birmingham,AL,405,GEORGIA DISTRICT OFFICE,10,24138000,18078500,2413800.0,74.9
Manufacturers and Traders Trust Company,Buffalo,NY,303,PHILADELPHIA DISTRICT OFFICE,203,24109100,16124285,118764.04,66.88
"VelocitySBA, LLC",Costa Mesa,CA,610,DALLAS / FT WORTH DISTRICT OFFICE,17,24079800,18164350,1416458.82,75.43
GBank,Las Vegas,NV,593,COLUMBUS DISTRICT OFFICE,7,23943000,17957250,3420428.57,75.0
Pathward National Association,Sioux Falls,SD,455,SOUTH FLORIDA DISTRICT OFFICE,15,23800500,17352875,1586700.0,72.91
Celtic Bank Corporation,Salt Lake City,UT,931,SACRAMENTO DISTRICT OFFICE,26,23711900,17864925,911996.15,75.34
"Wells Fargo Bank, National Association",Sioux Falls,SD,610,DALLAS / FT WORTH DISTRICT OFFICE,91,23671000,17445750,260120.88,73.7
First National Bank of Pennsylvania,Greenville,PA,460,NORTH CAROLINA DISTRICT OFFICE,19,23622400,17619300,1243284.21,74.59
Bank of Hope,Los Angeles,CA,914,LOS ANGELES DISTRICT OFFICE,79,23485000,15873750,297278.48,67.59
"Fulton Bank, National Association",Lancaster,PA,303,PHILADELPHIA DISTRICT OFFICE,26,23477800,17744700,902992.31,75.58
First IC Bank,Doraville,GA,610,DALLAS / FT WORTH DISTRICT OFFICE,21,23309000,17481750,1109952.38,75.0
Live Oak Banking Company,Wilmington,NC,563,WISCONSIN DISTRICT OFFICE,20,23281500,17167375,1164075.0,73.74
The Huntington National Bank,Columbus,OH,202,NEW YORK DISTRICT OFFICE,55,23264400,16965800,422989.09,72.93
The Huntington National Bank,Columbus,OH,474,TENNESSEE DISTRICT OFFICE,71,23253500,17035125,327514.08,73.26
Signature Bank of Georgia,Sandy Springs,GA,405,GEORGIA DISTRICT OFFICE,17,23236000,17423000,1366823.53,74.98
"JPMorgan Chase Bank, National Association",Columbus,OH,610,DALLAS / FT WORTH DISTRICT OFFICE,95,23143200,14160850,243612.63,61.19
"Bank of America, National Association",Charlotte,NC,491,NORTH FLORIDA DISTRICT OFFICE,44,23138100,15056575,525865.91,65.07
Byline Bank,Chicago,IL,811,COLORADO DISTRICT OFFICE,19,22899500,16730130,1205236.84,73.06
Old National Bank,Evansville,IN,562,INDIANA DISTRICT OFFICE,28,22798600,16672950,814235.71,73.13
"Wells Fargo Bank, National Association",Sioux Falls,SD,460,NORTH CAROLINA DISTRICT OFFICE,97,22744500,16646500,234479.38,73.19
"Wells Fargo Bank, National Association",Sioux Falls,SD,944,NEVADA DISTRICT OFFICE,77,22687600,16726950,294644.16,73.73
Telhio Credit Union Inc,Columbus,OH,593,COLUMBUS DISTRICT OFFICE,108,22672500,16394899,209930.56,72.31
"U.S. Bank, National Association",Cincinnati,OH,563,WISCONSIN DISTRICT OFFICE,117,22523700,15911975,192510.26,70.65
"JPMorgan Chase Bank, National Association",Columbus,OH,811,COLORADO DISTRICT OFFICE,76,22403100,13583625,294777.63,60.63
Live Oak Banking Company,Wilmington,NC,954,SAN DIEGO DISTRICT OFFICE,18,22350000,16485000,1241666.67,73.76
HomeTrust Bank,Asheville,NC,460,NORTH CAROLINA DISTRICT OFFICE,17,22275400,16719080,1310317.65,75.06
First-Citizens Bank & Trust Company,Raleigh,NC,460,NORTH CAROLINA DISTRICT OFFICE,16,22187500,15994875,1386718.75,72.09
United Community Bank,Greenville,SC,455,SOUTH FLORIDA DISTRICT OFFICE,13,22166000,16337000,1705076.92,73.7
"TD Bank, National Association",Wilmington,DE,189,NEW HAMPSHIRE DISTRICT OFFICE,167,22105300,12934150,132367.07,58.51
Shoreham Bank,Warwick,RI,549,CLEVELAND DISTRICT OFFICE,8,22091000,16568250,2761375.0,75.0
"U.S. Bank, National Association",Cincinnati,OH,1086,PORTLAND DISTRICT OFFICE,169,22063700,15126775,130554.44,68.56
"Amerant Bank, National Association",Coral Gables,FL,455,SOUTH FLORIDA DISTRICT OFFICE,10,21878200,16408567,2187820.0,75.0
Oriental Bank,San Juan,PR,252,PUERTO RICO AND USVI DISTRICT OFFICE,122,21829300,15738905,178928.69,72.1
City National Bank of Florida,Miami,FL,455,SOUTH FLORIDA DISTRICT OFFICE,40,21820500,16285375,545512.5,74.63
Provident Bank,Jersey City,NJ,299,NEW JERSEY DISTRICT OFFICE,28,21785000,16536250,778035.71,75.91
Open Bank,Los Angeles,CA,1013,SEATTLE DISTRICT OFFICE,10,21419000,14189250,2141900.0,66.25
Live Oak Banking Company,Wilmington,NC,944,NEVADA DISTRICT OFFICE,15,21414500,15973375,1427633.33,74.59
Comerica Bank,Dallas,TX,610,DALLAS / FT WORTH DISTRICT OFFICE,32,21315200,14693850,666100.0,68.94
Celtic Bank Corporation,Salt Lake City,UT,491,NORTH FLORIDA DISTRICT OFFICE,26,21278300,15592687,818396.15,73.28
Celtic Bank Corporation,Salt Lake City,UT,988,ARIZONA DISTRICT OFFICE,36,21263400,16213840,590650.0,76.25
"Lendistry SBLC, LLC",Los Angeles,CA,920,SANTA ANA DISTRICT OFFICE,102,21108000,16605530,206941.18,78.67
Wallis Bank,Wallis,TX,681,SAN ANTONIO DISTRICT OFFICE,22,21091900,15746425,958722.73,74.66
First Internet Bank of Indiana,Fishers,IN,811,COLORADO DISTRICT OFFICE,26,20962000,15234000,806230.77,72.67
"Bank of America, National Association",Charlotte,NC,299,NEW JERSEY DISTRICT OFFICE,34,20959300,14100750,616450.0,67.28
Live Oak Banking Company,Wilmington,NC,248,SYRACUSE DISTRICT OFFICE,8,20939100,15704325,2617387.5,75.0
"JPMorgan Chase Bank, National Association",Columbus,OH,515,MICHIGAN DISTRICT OFFICE,66,20884800,13028300,316436.36,62.38
"Bank of America, National Association",Charlotte,NC,671,HOUSTON DISTRICT OFFICE,43,20797200,13723925,483655.81,65.99
Bank of Hope,Los Angeles,CA,405,GEORGIA DISTRICT OFFICE,17,20789000,15551750,1222882.35,74.81
Security National Bank of Omaha,Omaha,NE,610,DALLAS / FT WORTH DISTRICT OFFICE,20,20620000,15221250,1031000.0,73.82
Northwest Bank,Warren,PA,549,CLEVELAND DISTRICT OFFICE,41,20594000,14708000,502292.68,71.42
Midwest Regional Bank,Festus,MO,811,COLORADO DISTRICT OFFICE,13,20539500,15671775,1579961.54,76.3
The Huntington National Bank,Columbus,OH,681,SAN ANTONIO DISTRICT OFFICE,70,20538600,14971450,293408.57,72.89
"Wells Fargo Bank, National Association",Sioux Falls,SD,1013,SEATTLE DISTRICT OFFICE,46,20536600,14727310,446447.83,71.71
Enterprise Bank & Trust,Clayton,MO,610,DALLAS / FT WORTH DISTRICT OFFICE,13,20524000,15393000,1578769.23,75.0
Fifth Third Bank,Cincinnati,OH,491,NORTH FLORIDA DISTRICT OFFICE,23,20518900,14986125,892126.09,73.04
"Bremer Bank, National Association",Saint Paul,MN,508,MINNESOTA DISTRICT OFFICE,35,20511000,14974450,586028.57,73.01
New Millennium Bank,Fort Lee,NJ,202,NEW YORK DISTRICT OFFICE,18,20488000,15381000,1138222.22,75.07
Cadence Bank,Tupelo,MS,455,SOUTH FLORIDA DISTRICT OFFICE,62,20462500,15494775,330040.32,75.72
Open Bank,Los Angeles,CA,912,SAN FRANCISCO DISTRICT OFFICE,20,20461000,15345750,1023050.0,75.0
Byline Bank,Chicago,IL,405,GEORGIA DISTRICT OFFICE,14,20295000,15140000,1449642.86,74.6
First Internet Bank of Indiana,Fishers,IN,353,WASHINGTON DISTRICT OFFICE,9,20285000,15314300,2253888.89,75.5
Horizon Bank,Michigan City,IN,515,MICHIGAN DISTRICT OFFICE,51,20282600,14520100,397698.04,71.59
The Huntington National Bank,Columbus,OH,988,ARIZONA DISTRICT OFFICE,60,20279100,14888075,337985.0,73.42
First Internet Bank of Indiana,Fishers,IN,202,NEW YORK DISTRICT OFFICE,11,20246000,12823534,1840545.45,63.34
Live Oak Banking Company,Wilmington,NC,1086,PORTLAND DISTRICT OFFICE,21,20244000,14930850,964000.0,73.75
Mountain Pacific Bank,Everett,WA,1013,SEATTLE DISTRICT OFFICE,8,20215900,15171995,2526987.5,75.05
Celtic Bank Corporation,Salt Lake City,UT,455,SOUTH FLORIDA DISTRICT OFFICE,72,20146600,15849880,279813.89,78.67
City National Bank,Los Angeles,CA,920,SANTA ANA DISTRICT OFFICE,14,20134800,15101100,1438200.0,75.0
PromiseOne Bank,Duluth,GA,405,GEORGIA DISTRICT OFFICE,14,20103000,15092250,1435928.57,75.07
"Zions Bank, A Division of",Salt Lake City,UT,944,NEVADA DISTRICT OFFICE,64,20072200,14401735,313628.12,71.75
"TD Bank, National Association",Wilmington,DE,353,WASHINGTON DISTRICT OFFICE,106,20057600,12783800,189222.64,63.74
Umpqua Bank,Roseburg,OR,1013,SEATTLE DISTRICT OFFICE,262,20051300,12169975,76531.68,60.69
First IC Bank,Doraville,GA,405,GEORGIA DISTRICT OFFICE,17,20008000,15006000,1176941.18,75.0
DFCU Financial,Dearborn,MI,455,SOUTH FLORIDA DISTRICT OFFICE,20,19995600,14959200,999780.0,74.81
Fremont Bank,Fremont,CA,912,SAN FRANCISCO DISTRICT OFFICE,9,19990000,14992500,2221111.11,75.0
"Newtek Bank, National Association",Miami,FL,1086,PORTLAND DISTRICT OFFICE,45,19929500,15085125,442877.78,75.69
Truist Bank,Charlotte,NC,455,SOUTH FLORIDA DISTRICT OFFICE,13,19905400,14879050,1531184.62,74.75
Banc of California,Los Angeles,CA,1086,PORTLAND DISTRICT OFFICE,12,19828900,14871675,1652408.33,75.0
Northeast Bank,Lewiston,ME,455,SOUTH FLORIDA DISTRICT OFFICE,154,19807700,15891835,128621.43,80.23
Midwest Regional Bank,Festus,MO,610,DALLAS / FT WORTH DISTRICT OFFICE,21,19692000,14769000,937714.29,75.0
The Huntington National Bank,Columbus,OH,390,WEST VIRGINIA DISTRICT OFFICE,100,19681700,13724685,196817.0,69.73
America First FCU,Riverdale,UT,944,NEVADA DISTRICT OFFICE,22,19634800,14726100,892490.91,75.0
Citizens Community Federal National Association,Altoona,WI,563,WISCONSIN DISTRICT OFFICE,21,19536200,14564960,930295.24,74.55
"Wells Fargo Bank, National Association",Sioux Falls,SD,931,SACRAMENTO DISTRICT OFFICE,65,19422000,14367125,298800.0,73.97
"Readycap Lending, LLC",Berkeley Heights,NJ,988,ARIZONA DISTRICT OFFICE,70,19403900,14785025,277198.57,76.2
"Bank of America, National Association",Charlotte,NC,507,ILLINOIS DISTRICT OFFICE,38,19377100,12638725,509923.68,65.23
First Internet Bank of Indiana,Fishers,IN,405,GEORGIA DISTRICT OFFICE,14,19345000,14221250,1381785.71,73.51
Celtic Bank Corporation,Salt Lake City,UT,912,SAN FRANCISCO DISTRICT OFFICE,42,19335500,14882965,460369.05,76.97
"Zions Bank, A Division of",Salt Lake City,UT,1087,BOISE DISTRICT OFFICE,101,19306600,14740090,191154.46,76.35
Webster Bank National Association,Waterbury,CT,101,MASSACHUSETTS DISTRICT OFFICE,48,19131300,12950350,398568.75,67.69
Regent Bank,Tulsa,OK,709,KANSAS CITY DISTRICT OFFICE,32,19074900,14183855,596090.62,74.36
Veritex Community Bank,Dallas,TX,610,DALLAS / FT WORTH DISTRICT OFFICE,22,19068800,14270350,866763.64,74.84
Live Oak Banking Company,Wilmington,NC,1084,ALASKA DISTRICT OFFICE,9,19032000,13628280,2114666.67,71.61
Berkshire Bank,Pittsfield,MA,671,HOUSTON DISTRICT OFFICE,10,18981000,14029500,1898100.0,73.91
Manufacturers and Traders Trust Company,Buffalo,NY,156,CONNECTICUT DISTRICT OFFICE,168,18970700,12096450,112920.83,63.76
Merchants Bank of Indiana,Carmel,IN,507,ILLINOIS DISTRICT OFFICE,14,18959700,14057275,1354264.29,74.14
Byline Bank,Chicago,IL,562,INDIANA DISTRICT OFFICE,14,18942000,14039000,1353000.0,74.12
Manufacturers and Traders Trust Company,Buffalo,NY,296,BUFFALO DISTRICT OFFICE,186,18880300,12758000,101506.99,67.57
Bell Bank,Fargo,ND,508,MINNESOTA DISTRICT OFFICE,28,18849000,12492120,673178.57,66.27
Atlantic Union Bank,Richmond,VA,304,RICHMOND DISTRICT OFFICE,17,18777000,14707750,1104529.41,78.33
"Newtek Bank, National Association",Miami,FL,883,UTAH DISTRICT OFFICE,34,18650000,14026250,548529.41,75.21
The Huntington National Bank,Columbus,OH,353,WASHINGTON DISTRICT OFFICE,58,18633400,13616300,321265.52,73.07
"BankUnited, National Association",Miami Lakes,FL,455,SOUTH FLORIDA DISTRICT OFFICE,19,18609000,11512640,979421.05,61.87
Cadence Bank,Tupelo,MS,914,LOS ANGELES DISTRICT OFFICE,56,18581000,14021250,331803.57,75.46
"SouthState Bank, National Association",Winter Haven,FL,460,NORTH CAROLINA DISTRICT OFFICE,44,18551100,14076925,421615.91,75.88
"Wells Fargo Bank, National Association",Sioux Falls,SD,671,HOUSTON DISTRICT OFFICE,73,18538500,13105550,253952.05,70.69
Independent Bank,Grand Rapids,MI,515,MICHIGAN DISTRICT OFFICE,24,18400500,13056625,766687.5,70.96
"Bank of America, National Association",Charlotte,NC,1013,SEATTLE DISTRICT OFFICE,31,18376900,12422675,592803.23,67.6
Meridian Bank,Malvern,PA,299,NEW JERSEY DISTRICT OFFICE,24,18373000,13092250,765541.67,71.26
Live Oak Banking Company,Wilmington,NC,931,SACRAMENTO DISTRICT OFFICE,13,18305000,13748750,1408076.92,75.11
FinWise Bank,Sandy,UT,299,NEW JERSEY DISTRICT OFFICE,20,18300000,15687500,915000.0,85.72
Manufacturers and Traders Trust Company,Buffalo,NY,202,NEW YORK DISTRICT OFFICE,199,18287000,11080500,91894.47,60.59
Berkshire Bank,Pittsfield,MA,299,NEW JERSEY DISTRICT OFFICE,21,18260300,13417725,869538.1,73.48
US Metro Bank,Garden Grove,CA,914,LOS ANGELES DISTRICT OFFICE,13,18184000,13638000,1398769.23,75.0
Manufacturers and Traders Trust Company,Buffalo,NY,299,NEW JERSEY DISTRICT OFFICE,157,18147000,11815945,115585.99,65.11
Old National Bank,Evansville,IN,405,GEORGIA DISTRICT OFFICE,8,18078400,13558800,2259800.0,75.0
"CenTrust Bank, National Association",Northbrook,IL,507,ILLINOIS DISTRICT OFFICE,14,17977900,12511825,1284135.71,69.6
"Readycap Lending, LLC",Berkeley Heights,NJ,912,SAN FRANCISCO DISTRICT OFFICE,87,17966500,13737100,206511.49,76.46
"Bank of America, National Association",Charlotte,NC,464,SOUTH CAROLINA DISTRICT OFFICE,25,17958100,12509700,718324.0,69.66
GBank,Las Vegas,NV,671,HOUSTON DISTRICT OFFICE,5,17919600,13439700,3583920.0,75.0
The Huntington National Bank,Columbus,OH,914,LOS ANGELES DISTRICT OFFICE,65,17752600,12786950,273116.92,72.03
Commonwealth Business Bank,Los Angeles,CA,1013,SEATTLE DISTRICT OFFICE,8,17733000,13299750,2216625.0,75.0
Celtic Bank Corporation,Salt Lake City,UT,156,CONNECTICUT DISTRICT OFFICE,15,17717900,13393425,1181193.33,75.59
FFB Bank,Fresno,CA,942,FRESNO DISTRICT OFFICE,19,17668500,13001375,929921.05,73.59
The Bank of Tampa,Tampa,FL,455,SOUTH FLORIDA DISTRICT OFFICE,27,17666500,13012375,654314.81,73.66
Frost Bank,San Antonio,TX,671,HOUSTON DISTRICT OFFICE,25,17618100,12978575,704724.0,73.67
Cadence Bank,Tupelo,MS,681,SAN ANTONIO DISTRICT OFFICE,33,17610400,13265600,533648.48,75.33
"Newtek Bank, National Association",Miami,FL,549,CLEVELAND DISTRICT OFFICE,30,17595000,13157000,586500.0,74.78
The Huntington National Bank,Columbus,OH,464,SOUTH CAROLINA DISTRICT OFFICE,50,17527900,12772175,350558.0,72.87
Choice Financial Group,Fargo,ND,508,MINNESOTA DISTRICT OFFICE,42,17509900,12559125,416902.38,71.73
Celtic Bank Corporation,Salt Lake City,UT,1086,PORTLAND DISTRICT OFFICE,17,17489000,13187250,1028764.71,75.4
Hanmi Bank,Los Angeles,CA,1013,SEATTLE DISTRICT OFFICE,17,17438500,13078875,1025794.12,75.0
PCB Bank,Los Angeles,CA,610,DALLAS / FT WORTH DISTRICT OFFICE,22,17433000,13074750,792409.09,75.0
Everwise Credit Union,South Bend,IN,562,INDIANA DISTRICT OFFICE,11,17418200,13047670,1583472.73,74.91
"U.S. Bank, National Association",Cincinnati,OH,610,DALLAS / FT WORTH DISTRICT OFFICE,28,17413600,12869400,621914.29,73.9
"Readycap Lending, LLC",Berkeley Heights,NJ,353,WASHINGTON DISTRICT OFFICE,79,17379300,13292755,219991.14,76.49
Univest Bank and Trust Co,Souderton,PA,303,PHILADELPHIA DISTRICT OFFICE,29,17285000,12622500,596034.48,73.03
Live Oak Banking Company,Wilmington,NC,709,KANSAS CITY DISTRICT OFFICE,12,17261000,12895750,1438416.67,74.71
Byline Bank,Chicago,IL,455,SOUTH FLORIDA DISTRICT OFFICE,15,17248000,12886000,1149866.67,74.71
Pan American Bank & Trust,Melrose Park,IL,507,ILLINOIS DISTRICT OFFICE,14,17120700,12869025,1222907.14,75.17
BayFirst National Bank,Saint Petersburg,FL,610,DALLAS / FT WORTH DISTRICT OFFICE,105,17118900,14182415,163037.14,82.85
Falcon National Bank,Foley,MN,508,MINNESOTA DISTRICT OFFICE,30,16972200,12170600,565740.0,71.71
Customers Bank,Malvern,PA,455,SOUTH FLORIDA DISTRICT OFFICE,19,16958800,12362850,892568.42,72.9
KeyBank National Association,Cleveland,OH,811,COLORADO DISTRICT OFFICE,51,16934600,12327850,332050.98,72.8
Northwest Bank,Boise,ID,1013,SEATTLE DISTRICT OFFICE,9,16919000,12651750,1879888.89,74.78
First Bank of the Lake,Osage Beach,MO,491,NORTH FLORIDA DISTRICT OFFICE,24,16868200,12600650,702841.67,74.7
First Bank of the Lake,Osage Beach,MO,912,SAN FRANCISCO DISTRICT OFFICE,21,16859100,12651825,802814.29,75.04
"Zions Bank, A Division of",Salt Lake City,UT,988,ARIZONA DISTRICT OFFICE,52,16857300,12334695,324178.85,73.17
Northeast Bank,Lewiston,ME,914,LOS ANGELES DISTRICT OFFICE,127,16830400,13447000,132522.83,79.9
St. Louis Bank,St. Louis,MO,988,ARIZONA DISTRICT OFFICE,16,16829000,12621750,1051812.5,75.0
Pinnacle Bank,Nashville,TN,464,SOUTH CAROLINA DISTRICT OFFICE,18,16787500,12228875,932638.89,72.85
"U.S. Bank, National Association",Cincinnati,OH,709,KANSAS CITY DISTRICT OFFICE,86,16675600,11820075,193902.33,70.88
"U.S. Bank, National Association",Cincinnati,OH,593,COLUMBUS DISTRICT OFFICE,96,16600200,11601625,172918.75,69.89
Merchants Bank of Indiana,Carmel,IN,562,INDIANA DISTRICT OFFICE,19,16556600,12212450,871400.0,73.76
First Oklahoma Bank,Jenks,OK,680,OKLAHOMA DISTRICT OFFICE,14,16502000,12345500,1178714.29,74.81
"Bank of America, National Association",Charlotte,NC,202,NEW YORK DISTRICT OFFICE,33,16488300,10702725,499645.45,64.91
Firstrust Savings Bank,Conshohocken,PA,299,NEW JERSEY DISTRICT OFFICE,10,16471500,12569250,1647150.0,76.31
Banner Bank,Walla Walla,WA,1086,PORTLAND DISTRICT OFFICE,76,16413400,10240700,215965.79,62.39
"TD Bank, National Association",Wilmington,DE,460,NORTH CAROLINA DISTRICT OFFICE,66,16371000,10997500,248045.45,67.18
First Internet Bank of Indiana,Fishers,IN,914,LOS ANGELES DISTRICT OFFICE,10,16367000,12237750,1636700.0,74.77
Shoreham Bank,Warwick,RI,515,MICHIGAN DISTRICT OFFICE,7,16348000,12261000,2335428.57,75.0
BayFirst National Bank,Saint Petersburg,FL,299,NEW JERSEY DISTRICT OFFICE,120,16336400,13800690,136136.67,84.48
Woori America Bank,New York,NY,920,SANTA ANA DISTRICT OFFICE,4,16265000,12198750,4066250.0,75.0
Ocean Bank,Miami,FL,455,SOUTH FLORIDA DISTRICT OFFICE,10,16254900,13047285,1625490.0,80.27
Bank of Hope,Los Angeles,CA,610,DALLAS / FT WORTH DISTRICT OFFICE,24,16254200,11839400,677258.33,72.84
"Harvest Small Business Finance, LLC",Laguna Hills,CA,405,GEORGIA DISTRICT OFFICE,20,16244900,12183675,812245.0,75.0
The Huntington National Bank,Columbus,OH,101,MASSACHUSETTS DISTRICT OFFICE,41,16143800,11882850,393751.22,73.61
FirstBank Puerto Rico,Santurce,PR,252,PUERTO RICO AND USVI DISTRICT OFFICE,66,16096000,11721080,243878.79,72.82
Midwest Regional Bank,Festus,MO,455,SOUTH FLORIDA DISTRICT OFFICE,12,16081000,12244050,1340083.33,76.14
"Wells Fargo Bank, National Association",Sioux Falls,SD,1086,PORTLAND DISTRICT OFFICE,48,16071100,11817825,334814.58,73.53
"Bank of America, National Association",Charlotte,NC,101,MASSACHUSETTS DISTRICT OFFICE,44,16021600,9848100,364127.27,61.47
Regions Bank,Birmingham,AL,610,DALLAS / FT WORTH DISTRICT OFFICE,8,16009800,12998315,2001225.0,81.19
Umpqua Bank,Roseburg,OR,1086,PORTLAND DISTRICT OFFICE,275,15972700,9131000,58082.55,57.17
"T Bank, National Association",Dallas,TX,811,COLORADO DISTRICT OFFICE,11,15954500,11644169,1450409.09,72.98
"Bank of America, National Association",Charlotte,NC,460,NORTH CAROLINA DISTRICT OFFICE,40,15935800,9710925,398395.0,60.94
"United Midwest Savings Bank, National Association",De Graff,OH,460,NORTH CAROLINA DISTRICT OFFICE,40,15912300,12344225,397807.5,77.58
Hanover Community Bank,Mineola,NY,299,NEW JERSEY DISTRICT OFFICE,10,15910500,11932875,1591050.0,75.0
Peapack-Gladstone Bank,Bedminster,NJ,299,NEW JERSEY DISTRICT OFFICE,17,15905500,10414125,935617.65,65.47
Citizens Bank,Elizabethton,TN,610,DALLAS / FT WORTH DISTRICT OFFICE,13,15878400,11843754,1221415.38,74.59
Veritex Community Bank,Dallas,TX,671,HOUSTON DISTRICT OFFICE,16,15860100,11795075,991256.25,74.37
"Readycap Lending, LLC",Berkeley Heights,NJ,593,COLUMBUS DISTRICT OFFICE,40,15858600,12015960,396465.0,75.77
"Bank of America, National Association",Charlotte,NC,944,NEVADA DISTRICT OFFICE,25,15849800,11012075,633992.0,69.48
Arvest Bank,Fayetteville,AR,680,OKLAHOMA DISTRICT OFFICE,29,15828700,11539950,545817.24,72.91
First Financial Bank,El Dorado,AR,669,ARKANSAS DISTRICT OFFICE,8,15794000,11845500,1974250.0,75.0
"Newtek Bank, National Association",Miami,FL,768,ST. LOUIS DISTRICT OFFICE,21,15785500,11745375,751690.48,74.41
Independent Bank d/b/a Independent Financial,Mckinney,TX,811,COLORADO DISTRICT OFFICE,16,15705100,11707025,981568.75,74.54
First Internet Bank of Indiana,Fishers,IN,562,INDIANA DISTRICT OFFICE,13,15705000,11503750,1208076.92,73.25
"Wells Fargo Bank, National Association",Sioux Falls,SD,942,FRESNO DISTRICT OFFICE,39,15662400,9632850,401600.0,61.5
BayFirst National Bank,Saint Petersburg,FL,507,ILLINOIS DISTRICT OFFICE,114,15657600,13218760,137347.37,84.42
Centier Bank,Whiting,IN,562,INDIANA DISTRICT OFFICE,51,15618800,11294120,306250.98,72.31
Bank Michigan,Brooklyn,MI,515,MICHIGAN DISTRICT OFFICE,19,15618500,11613875,822026.32,74.36
Woori America Bank,New York,NY,914,LOS ANGELES DISTRICT OFFICE,11,15595000,11711250,1417727.27,75.1
Northeast Bank,Lewiston,ME,299,NEW JERSEY DISTRICT OFFICE,129,15590300,12474305,120855.04,80.01
"Harvest Small Business Finance, LLC",Laguna Hills,CA,912,SAN FRANCISCO DISTRICT OFFICE,18,15523000,11642250,862388.89,75.0
iTHINK Financial CU,Delray Beach,FL,455,SOUTH FLORIDA DISTRICT OFFICE,21,15502000,11662000,738190.48,75.23
"JPMorgan Chase Bank, National Association",Columbus,OH,681,SAN ANTONIO DISTRICT OFFICE,59,15453500,9218050,261923.73,59.65
Lake Michigan CU,Grand Rapids,MI,515,MICHIGAN DISTRICT OFFICE,16,15439400,11520140,964962.5,74.62
Frost Bank,San Antonio,TX,610,DALLAS / FT WORTH DISTRICT OFFICE,33,15384400,11323715,466193.94,73.61
"Wells Fargo Bank, National Association",Sioux Falls,SD,681,SAN ANTONIO DISTRICT OFFICE,53,15383900,11345425,290262.26,73.75
22nd State Bank,Louisville,AL,811,COLORADO DISTRICT OFFICE,4,15375000,11531250,3843750.0,75.0
The Bank of Houston,Houston,MO,768,ST. LOUIS DISTRICT OFFICE,18,15320000,11490000,851111.11,75.0
"Newtek Bank, National Association",Miami,FL,593,COLUMBUS DISTRICT OFFICE,27,15301000,11485000,566703.7,75.06
First Commonwealth Bank,Indiana,PA,593,COLUMBUS DISTRICT OFFICE,27,15280300,11312205,565937.04,74.03
First Financial Bank,El Dorado,AR,610,DALLAS / FT WORTH DISTRICT OFFICE,12,15232500,11424375,1269375.0,75.0
Live Oak Banking Company,Wilmington,NC,768,ST. LOUIS DISTRICT OFFICE,9,15227000,11360250,1691888.89,74.61
"Readycap Lending, LLC",Berkeley Heights,NJ,931,SACRAMENTO DISTRICT OFFICE,48,15199900,11534875,316664.58,75.89
"SouthState Bank, National Association",Winter Haven,FL,464,SOUTH CAROLINA DISTRICT OFFICE,34,15171600,11509710,446223.53,75.86
"Wells Fargo Bank, National Association",Sioux Falls,SD,299,NEW JERSEY DISTRICT OFFICE,65,15155700,11149055,233164.62,73.56
ConnectOne Bank,Englewood Cliffs,NJ,202,NEW YORK DISTRICT OFFICE,8,15055000,11041250,1881875.0,73.34
BayFirst National Bank,Saint Petersburg,FL,920,SANTA ANA DISTRICT OFFICE,105,15049200,12609420,143325.71,83.79
First-Citizens Bank & Trust Company,Raleigh,NC,464,SOUTH CAROLINA DISTRICT OFFICE,14,15003000,10498500,1071642.86,69.98
Texas Capital Bank,Dallas,TX,610,DALLAS / FT WORTH DISTRICT OFFICE,12,15002400,11126800,1250200.0,74.17
Commonwealth Business Bank,Los Angeles,CA,920,SANTA ANA DISTRICT OFFICE,19,14938000,11203500,786210.53,75.0
CalPrivate Bank,La Jolla,CA,954,SAN DIEGO DISTRICT OFFICE,16,14917900,11188425,932368.75,75.0
Commonwealth Business Bank,Los Angeles,CA,914,LOS ANGELES DISTRICT OFFICE,20,14898000,10846200,744900.0,72.8
"Alaska Growth Capital BIDCO, Inc.",Anchorage,AK,1084,ALASKA DISTRICT OFFICE,12,14852000,11503400,1237666.67,77.45
Magyar Bank,New Brunswick,NJ,299,NEW JERSEY DISTRICT OFFICE,17,14837000,11127750,872764.71,75.0
Hancock Whitney Bank,Gulfport,MS,679,LOUISIANA DISTRICT OFFICE,35,14806700,10899525,423048.57,73.61
Hiawatha National Bank,Hager City,WI,508,MINNESOTA DISTRICT OFFICE,34,14797200,10778700,435211.76,72.84
"PNC Bank, National Association",Wilmington,DE,455,SOUTH FLORIDA DISTRICT OFFICE,39,14716600,10579950,377348.72,71.89
Northeast Bank,Lewiston,ME,202,NEW YORK DISTRICT OFFICE,117,14689900,11623305,125554.7,79.12
"Readycap Lending, LLC",Berkeley Heights,NJ,515,MICHIGAN DISTRICT OFFICE,70,14668300,11190025,209547.14,76.29
"JPMorgan Chase Bank, National Association",Columbus,OH,1013,SEATTLE DISTRICT OFFICE,47,14648400,9402300,311668.09,64.19
PCB Bank,Los Angeles,CA,914,LOS ANGELES DISTRICT OFFICE,18,14610000,10891200,811666.67,74.55
Hancock Whitney Bank,Gulfport,MS,610,DALLAS / FT WORTH DISTRICT OFFICE,12,14602700,10952025,1216891.67,75.0
BayFirst National Bank,Saint Petersburg,FL,405,GEORGIA DISTRICT OFFICE,81,14599300,12426905,180238.27,85.12
Live Oak Banking Company,Wilmington,NC,457,KENTUCKY DISTRICT OFFICE,11,14593000,10882250,1326636.36,74.57
The Huntington National Bank,Columbus,OH,563,WISCONSIN DISTRICT OFFICE,69,14527600,10689450,210544.93,73.58
"Bank of America, National Association",Charlotte,NC,353,WASHINGTON DISTRICT OFFICE,35,14521000,8353825,414885.71,57.53
"VelocitySBA, LLC",Costa Mesa,CA,671,HOUSTON DISTRICT OFFICE,7,14491000,12072150,2070142.86,83.31
Fifth Third Bank,Cincinnati,OH,593,COLUMBUS DISTRICT OFFICE,17,14480000,10390750,851764.71,71.76
American National Bank,Omaha,NE,508,MINNESOTA DISTRICT OFFICE,13,14463000,9315660,1112538.46,64.41
Texas Capital Bank,Dallas,TX,671,HOUSTON DISTRICT OFFICE,11,14461500,10721125,1314681.82,74.14
Live Oak Banking Company,Wilmington,NC,897,WYOMING DISTRICT OFFICE,9,14448500,10838375,1605388.89,75.01
CalPrivate Bank,La Jolla,CA,914,LOS ANGELES DISTRICT OFFICE,13,14416600,10812450,1108969.23,75.0
Peoples Bank and Trust Company,Edmond,OK,680,OKLAHOMA DISTRICT OFFICE,4,14399500,10799625,3599875.0,75.0
Cadence Bank,Tupelo,MS,610,DALLAS / FT WORTH DISTRICT OFFICE,26,14386800,10800100,553338.46,75.07
Integro Bank,Phoenix,AZ,988,ARIZONA DISTRICT OFFICE,11,14380200,10567387,1307290.91,73.49
"Associated Bank, National Association",Green Bay,WI,563,WISCONSIN DISTRICT OFFICE,27,14265000,10466150,528333.33,73.37
"U.S. Bank, National Association",Cincinnati,OH,549,CLEVELAND DISTRICT OFFICE,57,14255300,10187825,250092.98,71.47
"Readycap Lending, LLC",Berkeley Heights,NJ,373,BALTIMORE DISTRICT OFFICE,44,14228700,10753065,323379.55,75.57
Locality Bank,Fort Lauderdale,FL,455,SOUTH FLORIDA DISTRICT OFFICE,20,14227600,10339450,711380.0,72.67
ESL FCU,Rochester,NY,296,BUFFALO DISTRICT OFFICE,105,14211500,8908800,135347.62,62.69
"U.S. Bank, National Association",Cincinnati,OH,944,NEVADA DISTRICT OFFICE,119,14202800,9515300,119351.26,67.0
The Huntington National Bank,Columbus,OH,457,KENTUCKY DISTRICT OFFICE,62,14128000,10014300,227870.97,70.88
First Bank & Trust,Brookings,SD,508,MINNESOTA DISTRICT OFFICE,29,14114900,10152575,486720.69,71.93
Regions Bank,Birmingham,AL,671,HOUSTON DISTRICT OFFICE,12,14109800,10514850,1175816.67,74.52
FFB Bank,Fresno,CA,914,LOS ANGELES DISTRICT OFFICE,9,14089500,9657360,1565500.0,68.54
Celtic Bank Corporation,Salt Lake City,UT,507,ILLINOIS DISTRICT OFFICE,27,14067900,10789735,521033.33,76.7
First National Bank of Pennsylvania,Greenville,PA,358,PITTSBURGH DISTRICT OFFICE,10,14054000,9228000,1405400.0,65.66
"Newtek Bank, National Association",Miami,FL,563,WISCONSIN DISTRICT OFFICE,29,13995000,10487500,482586.21,74.94
"JPMorgan Chase Bank, National Association",Columbus,OH,491,NORTH FLORIDA DISTRICT OFFICE,59,13992500,7891100,237161.02,56.4
Commerce Bank,Kansas City,MO,768,ST. LOUIS DISTRICT OFFICE,25,13987500,10286915,559500.0,73.54
"Wells Fargo Bank, National Association",Sioux Falls,SD,883,UTAH DISTRICT OFFICE,32,13970900,10309425,436590.62,73.79
Gulf Coast Bank and Trust Company,New Orleans,LA,610,DALLAS / FT WORTH DISTRICT OFFICE,10,13953700,10402775,1395370.0,74.55
"Capital One, National Association",Mclean,VA,455,SOUTH FLORIDA DISTRICT OFFICE,20,13938700,9453775,696935.0,67.82
HomeTrust Bank,Asheville,NC,405,GEORGIA DISTRICT OFFICE,13,13915700,10436775,1070438.46,75.0
Plumas Bank,Quincy,CA,931,SACRAMENTO DISTRICT OFFICE,19,13901500,10426125,731657.89,75.0
Summit State Bank,Santa Rosa,CA,931,SACRAMENTO DISTRICT OFFICE,5,13875000,11156250,2775000.0,80.41
Enterprise Bank & Trust,Clayton,MO,944,NEVADA DISTRICT OFFICE,10,13859100,10394325,1385910.0,75.0
Bank of Utah,Ogden,UT,883,UTAH DISTRICT OFFICE,19,13820700,10945855,727405.26,79.2
"Citibank, N.A.",Sioux Falls,SD,202,NEW YORK DISTRICT OFFICE,29,13814000,10065750,476344.83,72.87
North State Bank,Raleigh,NC,460,NORTH CAROLINA DISTRICT OFFICE,11,13744800,10308600,1249527.27,75.0
Celtic Bank Corporation,Salt Lake City,UT,811,COLORADO DISTRICT OFFICE,30,13737100,10562525,457903.33,76.89
Cogent Bank,Orlando,FL,455,SOUTH FLORIDA DISTRICT OFFICE,16,13677600,10374975,854850.0,75.85
"Zions Bank, A Division of",Salt Lake City,UT,671,HOUSTON DISTRICT OFFICE,70,13666800,10191680,195240.0,74.57
Hancock Whitney Bank,Gulfport,MS,491,NORTH FLORIDA DISTRICT OFFICE,33,13664200,9974990,414066.67,73.0
First-Citizens Bank & Trust Company,Raleigh,NC,405,GEORGIA DISTRICT OFFICE,9,13653000,10214750,1517000.0,74.82
"United Midwest Savings Bank, National Association",De Graff,OH,455,SOUTH FLORIDA DISTRICT OFFICE,56,13638000,10827000,243535.71,79.39
FWBank,Chicago,IL,507,ILLINOIS DISTRICT OFFICE,10,13637100,10227825,1363710.0,75.0
First Internet Bank of Indiana,Fishers,IN,954,SAN DIEGO DISTRICT OFFICE,8,13630000,10197500,1703750.0,74.82
"Bank of America, National Association",Charlotte,NC,954,SAN DIEGO DISTRICT OFFICE,28,13625100,9080100,486610.71,66.64
"Newtek Bank, National Association",Miami,FL,508,MINNESOTA DISTRICT OFFICE,29,13620400,10300090,469668.97,75.62
"Readycap Lending, LLC",Berkeley Heights,NJ,942,FRESNO DISTRICT OFFICE,34,13585900,10306875,399585.29,75.86
"VelocitySBA, LLC",Costa Mesa,CA,811,COLORADO DISTRICT OFFICE,13,13575000,10196250,1044230.77,75.11
"Harvest Small Business Finance, LLC",Laguna Hills,CA,1086,PORTLAND DISTRICT OFFICE,12,13569000,10176750,1130750.0,75.0
BayFirst National Bank,Saint Petersburg,FL,671,HOUSTON DISTRICT OFFICE,81,13545400,11150580,167227.16,82.32
"Newtek Bank, National Association",Miami,FL,942,FRESNO DISTRICT OFFICE,23,13540000,10133750,588695.65,74.84
"Harvest Small Business Finance, LLC",Laguna Hills,CA,455,SOUTH FLORIDA DISTRICT OFFICE,16,13528800,10146600,845550.0,75.0
"United Midwest Savings Bank, National Association",De Graff,OH,610,DALLAS / FT WORTH DISTRICT OFFICE,48,13523000,10646750,281729.17,78.73
"Wells Fargo Bank, National Association",Sioux Falls,SD,202,NEW YORK DISTRICT OFFICE,22,13503300,10084975,613786.36,74.69
"U.S. Bank, National Association",Cincinnati,OH,768,ST. LOUIS DISTRICT OFFICE,72,13497200,9460155,187461.11,70.09
BayFirst National Bank,Saint Petersburg,FL,912,SAN FRANCISCO DISTRICT OFFICE,92,13480800,11303780,146530.43,83.85
Enterprise Bank & Trust,Clayton,MO,942,FRESNO DISTRICT OFFICE,8,13463600,10097700,1682950.0,75.0
Citizens Bank,Elizabethton,TN,460,NORTH CAROLINA DISTRICT OFFICE,15,13444300,10083225,896286.67,75.0
"Harvest Small Business Finance, LLC",Laguna Hills,CA,610,DALLAS / FT WORTH DISTRICT OFFICE,16,13397800,10048350,837362.5,75.0
Comerica Bank,Dallas,TX,681,SAN ANTONIO DISTRICT OFFICE,14,13371600,9613700,955114.29,71.9
Northeast Bank,Lewiston,ME,405,GEORGIA DISTRICT OFFICE,131,13358200,10768710,101970.99,80.61
U.S. Century Bank,Doral,FL,455,SOUTH FLORIDA DISTRICT OFFICE,9,13310000,9982500,1478888.89,75.0
First Bank,Southern Pines,NC,464,SOUTH CAROLINA DISTRICT OFFICE,8,13273000,10511250,1659125.0,79.19
"Bank of America, National Association",Charlotte,NC,988,ARIZONA DISTRICT OFFICE,28,13239200,8959975,472828.57,67.68
"U.S. Bank, National Association",Cincinnati,OH,883,UTAH DISTRICT OFFICE,65,13239200,9147225,203680.0,69.09
BayFirst National Bank,Saint Petersburg,FL,303,PHILADELPHIA DISTRICT OFFICE,79,13223500,10811075,167386.08,81.76
Northwest Bank,Warren,PA,593,COLUMBUS DISTRICT OFFICE,19,13215000,9680000,695526.32,73.25
Celtic Bank Corporation,Salt Lake City,UT,920,SANTA ANA DISTRICT OFFICE,36,13213100,10294695,367030.56,77.91
Midland States Bank,Effingham,IL,507,ILLINOIS DISTRICT OFFICE,18,13206500,9708215,733694.44,73.51
CommunityAmerica CU,Lenexa,KS,709,KANSAS CITY DISTRICT OFFICE,18,13183300,7767195,732405.56,58.92
Shoreham Bank,Warwick,RI,562,INDIANA DISTRICT OFFICE,8,13175000,9901250,1646875.0,75.15
"Bank of America, National Association",Charlotte,NC,912,SAN FRANCISCO DISTRICT OFFICE,22,13138300,9019375,597195.45,68.65
Manufacturers and Traders Trust Company,Buffalo,NY,248,SYRACUSE DISTRICT OFFICE,113,13138200,8844545,116267.26,67.32
"JPMorgan Chase Bank, National Association",Columbus,OH,954,SAN DIEGO DISTRICT OFFICE,56,13108500,7671250,234080.36,58.52
Live Oak Banking Company,Wilmington,NC,189,NEW HAMPSHIRE DISTRICT OFFICE,8,13068500,8028375,1633562.5,61.43
Plains State Bank,Humble,TX,671,HOUSTON DISTRICT OFFICE,6,13039900,10543425,2173316.67,80.86
Horizon Bank,Michigan City,IN,562,INDIANA DISTRICT OFFICE,30,12999700,9404825,433323.33,72.35
First Bank of the Lake,Osage Beach,MO,914,LOS ANGELES DISTRICT OFFICE,26,12975100,9745425,499042.31,75.11
Regions Bank,Birmingham,AL,455,SOUTH FLORIDA DISTRICT OFFICE,15,12970100,9352700,864673.33,72.11
Northeast Bank,Lewiston,ME,507,ILLINOIS DISTRICT OFFICE,109,12935300,10343315,118672.48,79.96
Enterprise Bank & Trust,Clayton,MO,914,LOS ANGELES DISTRICT OFFICE,9,12903900,9677925,1433766.67,75.0
Hanmi Bank,Los Angeles,CA,914,LOS ANGELES DISTRICT OFFICE,14,12898500,9364275,921321.43,72.6
First Internet Bank of Indiana,Fishers,IN,460,NORTH CAROLINA DISTRICT OFFICE,9,12859000,9556750,1428777.78,74.32
Live Oak Banking Company,Wilmington,NC,678,LUBBOCK DISTRICT OFFICE,6,12765000,9392500,2127500.0,73.58
"Bank of America, National Association",Charlotte,NC,303,PHILADELPHIA DISTRICT OFFICE,15,12745200,8690980,849680.0,68.19
"United Midwest Savings Bank, National Association",De Graff,OH,491,NORTH FLORIDA DISTRICT OFFICE,37,12744800,9924900,344454.05,77.87
KeyBank National Association,Cleveland,OH,883,UTAH DISTRICT OFFICE,28,12710900,9074650,453960.71,71.39
"U.S. Bank, National Association",Cincinnati,OH,457,KENTUCKY DISTRICT OFFICE,50,12693400,9164710,253868.0,72.2
"Village Bank and Trust, National Association",Arlington Heights,IL,507,ILLINOIS DISTRICT OFFICE,23,12688500,8934500,551673.91,70.41
Metro City Bank,Doraville,GA,610,DALLAS / FT WORTH DISTRICT OFFICE,7,12669000,9501750,1809857.14,75.0
The Hershey State Bank,Hershey,NE,766,NEBRASKA DISTRICT OFFICE,11,12666200,9398125,1151472.73,74.2
Cadence Bank,Tupelo,MS,671,HOUSTON DISTRICT OFFICE,31,12663800,9527350,408509.68,75.23
First National Bank of Pennsylvania,Greenville,PA,304,RICHMOND DISTRICT OFFICE,16,12641400,9398550,790087.5,74.35
Lake Michigan CU,Grand Rapids,MI,455,SOUTH FLORIDA DISTRICT OFFICE,22,12639100,9469815,574504.55,74.92
Fortis Bank,Denver,CO,811,COLORADO DISTRICT OFFICE,13,12633200,9474900,971784.62,75.0
Mountain America FCU,Sandy,UT,988,ARIZONA DISTRICT OFFICE,28,12616400,9348800,450585.71,74.1
Fifth Third Bank,Cincinnati,OH,562,INDIANA DISTRICT OFFICE,14,12602500,8751125,900178.57,69.44
Maine Community Bank,Biddeford,ME,172,MAINE DISTRICT OFFICE,28,12595800,8865500,449850.0,70.38
Woori America Bank,New York,NY,303,PHILADELPHIA DISTRICT OFFICE,14,12595000,9346250,899642.86,74.21
The Huntington National Bank,Columbus,OH,1013,SEATTLE DISTRICT OFFICE,30,12591200,9214650,419706.67,73.18
Celtic Bank Corporation,Salt Lake City,UT,515,MICHIGAN DISTRICT OFFICE,23,12557600,9596150,545982.61,76.42
First Commonwealth Bank,Indiana,PA,549,CLEVELAND DISTRICT OFFICE,16,12521800,9322600,782612.5,74.45
Renasant Bank,Tupelo,MS,474,TENNESSEE DISTRICT OFFICE,6,12508400,9295800,2084733.33,74.32
First Bank of the Lake,Osage Beach,MO,562,INDIANA DISTRICT OFFICE,12,12499100,9372265,1041591.67,74.98
"Newtek Bank, National Association",Miami,FL,358,PITTSBURGH DISTRICT OFFICE,24,12491000,9283750,520458.33,74.32
Citizens Bank,Elizabethton,TN,405,GEORGIA DISTRICT OFFICE,22,12464700,9348525,566577.27,75.0
Berkshire Bank,Pittsfield,MA,156,CONNECTICUT DISTRICT OFFICE,18,12461700,9062025,692316.67,72.72
Commonwealth Business Bank,Los Angeles,CA,942,FRESNO DISTRICT OFFICE,15,12457000,9355750,830466.67,75.1
Heritage Bank,Olympia,WA,1013,SEATTLE DISTRICT OFFICE,24,12444700,9043300,518529.17,72.67
Colony Bank,Fitzgerald,GA,515,MICHIGAN DISTRICT OFFICE,19,12437000,10705890,654578.95,86.08
Drake Bank,Saint Paul,MN,508,MINNESOTA DISTRICT OFFICE,23,12434100,7233435,540613.04,58.17
Wallis Bank,Wallis,TX,914,LOS ANGELES DISTRICT OFFICE,14,12408500,9326375,886321.43,75.16
The Huntington National Bank,Columbus,OH,912,SAN FRANCISCO DISTRICT OFFICE,46,12406500,9051125,269706.52,72.95
Peoples Bank,Mendenhall,MS,470,MISSISSIPPI DISTRICT OFFICE,55,12363000,9058345,224781.82,73.27
"Community Trust Bank, Inc.",Pikeville,KY,457,KENTUCKY DISTRICT OFFICE,53,12358200,7950450,233173.58,64.33
Celtic Bank Corporation,Salt Lake City,UT,671,HOUSTON DISTRICT OFFICE,24,12357500,9521825,514895.83,77.05
"Readycap Lending, LLC",Berkeley Heights,NJ,681,SAN ANTONIO DISTRICT OFFICE,64,12345200,9514150,192893.75,77.07
Pineland Bank,Alma,GA,405,GEORGIA DISTRICT OFFICE,7,12326000,9244500,1760857.14,75.0
Hiawatha National Bank,Hager City,WI,563,WISCONSIN DISTRICT OFFICE,49,12320600,8453675,251440.82,68.61
"Harvest Small Business Finance, LLC",Laguna Hills,CA,507,ILLINOIS DISTRICT OFFICE,11,12319800,9239850,1119981.82,75.0
"St. Charles Bank & Trust Company, National Association",Saint Charles,IL,507,ILLINOIS DISTRICT OFFICE,25,12270600,8609200,490824.0,70.16
Pathward National Association,Sioux Falls,SD,507,ILLINOIS DISTRICT OFFICE,7,12263000,8991420,1751857.14,73.32
Dogwood State Bank,Raleigh,NC,299,NEW JERSEY DISTRICT OFFICE,8,12253200,9137400,1531650.0,74.57
Genesee Regional Bank,Rochester,NY,296,BUFFALO DISTRICT OFFICE,20,12245000,8558750,612250.0,69.9
"Newtek Bank, National Association",Miami,FL,709,KANSAS CITY DISTRICT OFFICE,24,12215900,9164425,508995.83,75.02
"VelocitySBA, LLC",Costa Mesa,CA,507,ILLINOIS DISTRICT OFFICE,17,12144600,9108450,714388.24,75.0
Truliant FCU,Winston Salem,NC,299,NEW JERSEY DISTRICT OFFICE,6,12098100,8173575,2016350.0,67.56
Hanmi Bank,Los Angeles,CA,610,DALLAS / FT WORTH DISTRICT OFFICE,8,12084000,9078000,1510500.0,75.12
The Huntington National Bank,Columbus,OH,304,RICHMOND DISTRICT OFFICE,41,12056900,8782675,294070.73,72.84
BayFirst National Bank,Saint Petersburg,FL,491,NORTH FLORIDA DISTRICT OFFICE,77,12042200,9934720,156392.21,82.5
Oxford Bank,Oxford,MI,515,MICHIGAN DISTRICT OFFICE,27,12033200,8399900,445674.07,69.81
Gulf Coast Bank and Trust Company,New Orleans,LA,914,LOS ANGELES DISTRICT OFFICE,6,12031500,9386625,2005250.0,78.02
First Bank of the Lake,Osage Beach,MO,679,LOUISIANA DISTRICT OFFICE,11,12030800,8995600,1093709.09,74.77
b1BANK,Baton Rouge,LA,671,HOUSTON DISTRICT OFFICE,11,11991000,9023250,1090090.91,75.25
First Bank of the Lake,Osage Beach,MO,811,COLORADO DISTRICT OFFICE,23,11987900,9063425,521213.04,75.6
Hanmi Bank,Los Angeles,CA,353,WASHINGTON DISTRICT OFFICE,16,11978000,8983500,748625.0,75.0
BayFirst National Bank,Saint Petersburg,FL,681,SAN ANTONIO DISTRICT OFFICE,81,11960700,10031595,147662.96,83.87
"United Midwest Savings Bank, National Association",De Graff,OH,593,COLUMBUS DISTRICT OFFICE,25,11959000,9141750,478360.0,76.44
"Harvest Small Business Finance, LLC",Laguna Hills,CA,954,SAN DIEGO DISTRICT OFFICE,9,11942500,8956875,1326944.44,75.0
Hancock Whitney Bank,Gulfport,MS,671,HOUSTON DISTRICT OFFICE,13,11922800,8967440,917138.46,75.21
Fifth Third Bank,Cincinnati,OH,455,SOUTH FLORIDA DISTRICT OFFICE,26,11874700,8437025,456719.23,71.05
"CRF Small Business Loan Company, LLC",Minneapolis,MN,405,GEORGIA DISTRICT OFFICE,6,11872400,8904300,1978733.33,75.0
Gulf Coast Bank,Abbeville,LA,679,LOUISIANA DISTRICT OFFICE,11,11871100,9663325,1079190.91,81.4
OMB Bank,Springfield,MO,709,KANSAS CITY DISTRICT OFFICE,27,11842800,8702350,438622.22,73.48
Colony Bank,Fitzgerald,GA,405,GEORGIA DISTRICT OFFICE,23,11832800,9032400,514469.57,76.33
West Shore Bank,Ludington,MI,515,MICHIGAN DISTRICT OFFICE,11,11791600,8618700,1071963.64,73.09
"Newtek Bank, National Association",Miami,FL,680,OKLAHOMA DISTRICT OFFICE,20,11765000,8865000,588250.0,75.35
Independent Bank d/b/a Independent Financial,Mckinney,TX,610,DALLAS / FT WORTH DISTRICT OFFICE,26,11755800,8133600,452146.15,69.19
Banesco USA,Miami,FL,455,SOUTH FLORIDA DISTRICT OFFICE,4,11750000,9375000,2937500.0,79.79
Millennium Bank,Des Plaines,IL,562,INDIANA DISTRICT OFFICE,4,11740500,8805375,2935125.0,75.0
Mission Valley Bank,Sun Valley,CA,954,SAN DIEGO DISTRICT OFFICE,7,11738500,8678875,1676928.57,73.94
"United Midwest Savings Bank, National Association",De Graff,OH,405,GEORGIA DISTRICT OFFICE,43,11708000,9163500,272279.07,78.27
First Internet Bank of Indiana,Fishers,IN,593,COLUMBUS DISTRICT OFFICE,9,11704000,8678000,1300444.44,74.15
Byline Bank,Chicago,IL,914,LOS ANGELES DISTRICT OFFICE,12,11694000,8664250,974500.0,74.09
Cadence Bank,Tupelo,MS,459,ALABAMA DISTRICT OFFICE,16,11685800,8783350,730362.5,75.16
MidWestOne Bank,Iowa City,IA,811,COLORADO DISTRICT OFFICE,11,11681600,8686200,1061963.64,74.36
Truist Bank,Charlotte,NC,460,NORTH CAROLINA DISTRICT OFFICE,9,11669500,8664625,1296611.11,74.25
"Bremer Bank, National Association",Saint Paul,MN,563,WISCONSIN DISTRICT OFFICE,10,11667300,8662975,1166730.0,74.25
First Internet Bank of Indiana,Fishers,IN,920,SANTA ANA DISTRICT OFFICE,12,11627000,8645250,968916.67,74.35
Customers Bank,Malvern,PA,491,NORTH FLORIDA DISTRICT OFFICE,11,11612000,8509000,1055636.36,73.28
Northeast Bank,Lewiston,ME,920,SANTA ANA DISTRICT OFFICE,77,11587100,9165175,150481.82,79.1
GBank,Las Vegas,NV,549,CLEVELAND DISTRICT OFFICE,5,11539000,8654250,2307800.0,75.0
Financial Resources FCU,Bridgewater,NJ,299,NEW JERSEY DISTRICT OFFICE,10,11532500,8649375,1153250.0,75.0
Celtic Bank Corporation,Salt Lake City,UT,914,LOS ANGELES DISTRICT OFFICE,49,11530300,9162465,235312.24,79.46
Broadway National Bank,San Antonio,TX,681,SAN ANTONIO DISTRICT OFFICE,18,11526200,8320650,640344.44,72.19
First Bank of the Lake,Osage Beach,MO,563,WISCONSIN DISTRICT OFFICE,10,11512800,8662100,1151280.0,75.24
"Readycap Lending, LLC",Berkeley Heights,NJ,944,NEVADA DISTRICT OFFICE,44,11510300,8778125,261597.73,76.26
Citizens Bank,Elizabethton,TN,464,SOUTH CAROLINA DISTRICT OFFICE,10,11484100,8613075,1148410.0,75.0
Byline Bank,Chicago,IL,1013,SEATTLE DISTRICT OFFICE,6,11443000,8557250,1907166.67,74.78
Enterprise Bank & Trust,Clayton,MO,931,SACRAMENTO DISTRICT OFFICE,11,11417400,8571240,1037945.45,75.07
"T Bank, National Association",Dallas,TX,671,HOUSTON DISTRICT OFFICE,7,11393400,8545050,1627628.57,75.0
First Internet Bank of Indiana,Fishers,IN,1013,SEATTLE DISTRICT OFFICE,9,11386000,8502000,1265111.11,74.67
Mission Bank,Bakersfield,CA,942,FRESNO DISTRICT OFFICE,8,11363900,8522925,1420487.5,75.0
"Newtek Bank, National Association",Miami,FL,341,DELAWARE DISTRICT OFFICE,8,11360000,8520000,1420000.0,75.0
Fifth Third Bank,Cincinnati,OH,549,CLEVELAND DISTRICT OFFICE,16,11312900,7859575,707056.25,69.47
Santa Cruz County Bank,Santa Cruz,CA,912,SAN FRANCISCO DISTRICT OFFICE,11,11298000,8479700,1027090.91,75.05
BayFirst National Bank,Saint Petersburg,FL,1013,SEATTLE DISTRICT OFFICE,76,11294700,9448095,148614.47,83.65
1st Source Bank,South Bend,IN,562,INDIANA DISTRICT OFFICE,68,11292400,7463012,166064.71,66.09
City National Bank,Los Angeles,CA,912,SAN FRANCISCO DISTRICT OFFICE,10,11276300,8640225,1127630.0,76.62
First Resource Bank,Lino Lakes,MN,508,MINNESOTA DISTRICT OFFICE,19,11268500,8405375,593078.95,74.59
Western Commerce Bank,Carlsbad,NM,682,NEW MEXICO DISTRICT OFFICE,32,11193100,8090560,349784.38,72.28
The First Bank,Hattiesburg,MS,405,GEORGIA DISTRICT OFFICE,16,11184100,8412865,699006.25,75.22
First Internet Bank of Indiana,Fishers,IN,681,SAN ANTONIO DISTRICT OFFICE,7,11175000,8193750,1596428.57,73.32
KeyBank National Association,Cleveland,OH,1086,PORTLAND DISTRICT OFFICE,46,11153500,7726910,242467.39,69.28
"Readycap Lending, LLC",Berkeley Heights,NJ,954,SAN DIEGO DISTRICT OFFICE,47,11139000,8490410,237000.0,76.22
"Capital One, National Association",Mclean,VA,353,WASHINGTON DISTRICT OFFICE,4,11132000,8224000,2783000.0,73.88
First Internet Bank of Indiana,Fishers,IN,563,WISCONSIN DISTRICT OFFICE,7,11099000,8243000,1585571.43,74.27
Midwest Regional Bank,Festus,MO,671,HOUSTON DISTRICT OFFICE,7,11075000,8981250,1582142.86,81.09
"JPMorgan Chase Bank, National Association",Columbus,OH,931,SACRAMENTO DISTRICT OFFICE,37,11045600,7062225,298529.73,63.94
Colony Bank,Fitzgerald,GA,455,SOUTH FLORIDA DISTRICT OFFICE,44,11044400,8734710,251009.09,79.09
Live Oak Banking Company,Wilmington,NC,761,DES MOINES DISTRICT OFFICE,6,11035000,8113750,1839166.67,73.53
"Wells Fargo Bank, National Association",Sioux Falls,SD,303,PHILADELPHIA DISTRICT OFFICE,60,11028600,8025225,183810.0,72.77
First Bank of the Lake,Osage Beach,MO,460,NORTH CAROLINA DISTRICT OFFICE,31,11013400,8390590,355270.97,76.19
"TD Bank, National Association",Wilmington,DE,172,MAINE DISTRICT OFFICE,91,10978000,6744625,120637.36,61.44
Byline Bank,Chicago,IL,681,SAN ANTONIO DISTRICT OFFICE,6,10970000,8165000,1828333.33,74.43
"Lendistry SBLC, LLC",Los Angeles,CA,202,NEW YORK DISTRICT OFFICE,90,10969300,9062235,121881.11,82.61
"Readycap Lending, LLC",Berkeley Heights,NJ,678,LUBBOCK DISTRICT OFFICE,12,10969100,8252325,914091.67,75.23
Hanover Community Bank,Mineola,NY,455,SOUTH FLORIDA DISTRICT OFFICE,23,10947900,8188425,475995.65,74.79
Byline Bank,Chicago,IL,474,TENNESSEE DISTRICT OFFICE,12,10931000,8009500,910916.67,73.27
Truliant FCU,Winston Salem,NC,460,NORTH CAROLINA DISTRICT OFFICE,10,10894800,7761100,1089480.0,71.24
Byline Bank,Chicago,IL,460,NORTH CAROLINA DISTRICT OFFICE,7,10894000,6035500,1556285.71,55.4
"Lendistry SBLC, LLC",Los Angeles,CA,455,SOUTH FLORIDA DISTRICT OFFICE,64,10845800,8709440,169465.62,80.3
"Bank First, N.A.",Manitowoc,WI,563,WISCONSIN DISTRICT OFFICE,36,10822700,7386365,300630.56,68.25
GBank,Las Vegas,NV,515,MICHIGAN DISTRICT OFFICE,6,10820500,8115375,1803416.67,75.0
Dogwood State Bank,Raleigh,NC,202,NEW YORK DISTRICT OFFICE,15,10819500,7808375,721300.0,72.17
Ixonia Bank,Ixonia,WI,563,WISCONSIN DISTRICT OFFICE,4,10800000,8087500,2700000.0,74.88
KeyBank National Association,Cleveland,OH,304,RICHMOND DISTRICT OFFICE,5,10794000,8058000,2158800.0,74.65
Open Bank,Los Angeles,CA,920,SANTA ANA DISTRICT OFFICE,10,10779000,8099250,1077900.0,75.14
The Huntington National Bank,Columbus,OH,883,UTAH DISTRICT OFFICE,31,10778100,7838575,347680.65,72.73
Bank of Clarke,Berryville,VA,353,WASHINGTON DISTRICT OFFICE,10,10759500,7769625,1075950.0,72.21
Liberty Bank,Middletown,CT,156,CONNECTICUT DISTRICT OFFICE,40,10710000,7723375,267750.0,72.11
"Harvest Small Business Finance, LLC",Laguna Hills,CA,811,COLORADO DISTRICT OFFICE,9,10703600,8027700,1189288.89,75.0
Fifth Third Bank,Cincinnati,OH,464,SOUTH CAROLINA DISTRICT OFFICE,5,10699700,7899775,2139940.0,73.83
"Barrington Bank & Trust Company, National Association",Barrington,IL,507,ILLINOIS DISTRICT OFFICE,13,10683400,7834250,821800.0,73.33
Bank Five Nine,Oconomowoc,WI,610,DALLAS / FT WORTH DISTRICT OFFICE,13,10661800,8041350,820138.46,75.42
"Wells Fargo Bank, National Association",Sioux Falls,SD,405,GEORGIA DISTRICT OFFICE,113,10644800,7515605,94201.77,70.6
Northeast Bank,Lewiston,ME,610,DALLAS / FT WORTH DISTRICT OFFICE,90,10638300,8435575,118203.33,79.29
OptimumBank,Fort Lauderdale,FL,455,SOUTH FLORIDA DISTRICT OFFICE,8,10638200,7993650,1329775.0,75.14
"Harvest Small Business Finance, LLC",Laguna Hills,CA,202,NEW YORK DISTRICT OFFICE,9,10627900,7970925,1180877.78,75.0
Celtic Bank Corporation,Salt Lake City,UT,405,GEORGIA DISTRICT OFFICE,51,10624100,8481565,208315.69,79.83
Bank Five Nine,Oconomowoc,WI,811,COLORADO DISTRICT OFFICE,9,10621000,7980750,1180111.11,75.14
"JPMorgan Chase Bank, National Association",Columbus,OH,405,GEORGIA DISTRICT OFFICE,62,10613000,5732750,171177.42,54.02
Bank of Hope,Los Angeles,CA,681,SAN ANTONIO DISTRICT OFFICE,5,10605200,7264150,2121040.0,68.5
"Harvest Small Business Finance, LLC",Laguna Hills,CA,1013,SEATTLE DISTRICT OFFICE,8,10596500,7947375,1324562.5,75.0
"Newtek Bank, National Association",Miami,FL,639,LOWER RIO GRANDE VALLEY DISTRICT OFFICE,13,10588200,7888650,814476.92,74.5
"U.S. Bank, National Association",Cincinnati,OH,942,FRESNO DISTRICT OFFICE,63,10585500,7513125,168023.81,70.98
BayFirst National Bank,Saint Petersburg,FL,811,COLORADO DISTRICT OFFICE,78,10531000,8901350,135012.82,84.53
Bank Five Nine,Oconomowoc,WI,373,BALTIMORE DISTRICT OFFICE,3,10493900,7870425,3497966.67,75.0
"JPMorgan Chase Bank, National Association",Columbus,OH,1086,PORTLAND DISTRICT OFFICE,36,10480800,6445600,291133.33,61.5
Enterprise Bank & Trust,Clayton,MO,920,SANTA ANA DISTRICT OFFICE,6,10458900,7844175,1743150.0,75.0
First Internet Bank of Indiana,Fishers,IN,671,HOUSTON DISTRICT OFFICE,9,10455700,7729275,1161744.44,73.92
Seacoast National Bank,Stuart,FL,811,COLORADO DISTRICT OFFICE,5,10451700,7853775,2090340.0,75.14
Byline Bank,Chicago,IL,202,NEW YORK DISTRICT OFFICE,8,10435000,7801250,1304375.0,74.76
"Wells Fargo Bank, National Association",Sioux Falls,SD,491,NORTH FLORIDA DISTRICT OFFICE,82,10433500,7522625,127237.8,72.1
Midwest Regional Bank,Festus,MO,768,ST. LOUIS DISTRICT OFFICE,10,10425000,7818750,1042500.0,75.0
Western Alliance Bank,Phoenix,AZ,988,ARIZONA DISTRICT OFFICE,8,10423600,7767700,1302950.0,74.52
Enterprise Bank & Trust,Clayton,MO,811,COLORADO DISTRICT OFFICE,8,10421000,7815750,1302625.0,75.0
Global One Bank,Houston,TX,671,HOUSTON DISTRICT OFFICE,8,10391600,7815500,1298950.0,75.21
Banner Bank,Walla Walla,WA,931,SACRAMENTO DISTRICT OFFICE,34,10385200,6929600,305447.06,66.73
"Wells Fargo Bank, National Association",Sioux Falls,SD,954,SAN DIEGO DISTRICT OFFICE,57,10385100,7566325,182194.74,72.86
"Town Bank, National Association",Hartland,WI,563,WISCONSIN DISTRICT OFFICE,16,10359400,7251125,647462.5,70.0
US Metro Bank,Garden Grove,CA,1013,SEATTLE DISTRICT OFFICE,4,10359000,7769250,2589750.0,75.0
Celtic Bank Corporation,Salt Lake City,UT,474,TENNESSEE DISTRICT OFFICE,14,10358700,7881555,739907.14,76.09
First Bank of the Lake,Osage Beach,MO,709,KANSAS CITY DISTRICT OFFICE,15,10340500,7614125,689366.67,73.63
Sound CU,Tacoma,WA,1013,SEATTLE DISTRICT OFFICE,51,10339900,7234660,202743.14,69.97
Northeast Bank,Lewiston,ME,912,SAN FRANCISCO DISTRICT OFFICE,97,10338600,8309540,106583.51,80.37
Glacier Bank,Kalispell,MT,1013,SEATTLE DISTRICT OFFICE,25,10319500,7073635,412780.0,68.55
"LendingClub Bank, National Association",Lehi,UT,455,SOUTH FLORIDA DISTRICT OFFICE,8,10318300,7738725,1289787.5,75.0
Manufacturers and Traders Trust Company,Buffalo,NY,101,MASSACHUSETTS DISTRICT OFFICE,87,10315900,6535125,118573.56,63.35
Santa Cruz County Bank,Santa Cruz,CA,914,LOS ANGELES DISTRICT OFFICE,4,10293000,7719750,2573250.0,75.0
First Bank of the Lake,Osage Beach,MO,920,SANTA ANA DISTRICT OFFICE,30,10279000,7848150,342633.33,76.35
"Readycap Lending, LLC",Berkeley Heights,NJ,562,INDIANA DISTRICT OFFICE,37,10277100,7792875,277759.46,75.83
Open Bank,Los Angeles,CA,1086,PORTLAND DISTRICT OFFICE,4,10270000,7702500,2567500.0,75.0
First Bank of the Lake,Osage Beach,MO,405,GEORGIA DISTRICT OFFICE,34,10265100,7880025,301914.71,76.77
"United Midwest Savings Bank, National Association",De Graff,OH,988,ARIZONA DISTRICT OFFICE,25,10245000,7857750,409800.0,76.7
The Dart Bank,Mason,MI,515,MICHIGAN DISTRICT OFFICE,8,10241800,7681350,1280225.0,75.0
"PNC Bank, National Association",Wilmington,DE,515,MICHIGAN DISTRICT OFFICE,35,10234900,7189925,292425.71,70.25
"Readycap Lending, LLC",Berkeley Heights,NJ,474,TENNESSEE DISTRICT OFFICE,62,10182600,7842000,164235.48,77.01
Dime Community Bank,Bridgehampton,NY,202,NEW YORK DISTRICT OFFICE,14,10181500,7611125,727250.0,74.75
Dogwood State Bank,Raleigh,NC,671,HOUSTON DISTRICT OFFICE,10,10130700,7529275,1013070.0,74.32
GBank,Las Vegas,NV,470,MISSISSIPPI DISTRICT OFFICE,4,10093000,7569750,2523250.0,75.0
Celtic Bank Corporation,Salt Lake City,UT,563,WISCONSIN DISTRICT OFFICE,8,10092700,7619595,1261587.5,75.5
Old National Bank,Evansville,IN,474,TENNESSEE DISTRICT OFFICE,6,10074000,7555500,1679000.0,75.0
"Readycap Lending, LLC",Berkeley Heights,NJ,563,WISCONSIN DISTRICT OFFICE,51,10066000,7547550,197372.55,74.98
Craft Bank,Atlanta,GA,405,GEORGIA DISTRICT OFFICE,6,10051900,7538925,1675316.67,75.0
Bell Bank,Fargo,ND,988,ARIZONA DISTRICT OFFICE,15,10049100,6893075,669940.0,68.59
Celtic Bank Corporation,Salt Lake City,UT,944,NEVADA DISTRICT OFFICE,11,10027700,7591945,911609.09,75.71
"United Midwest Savings Bank, National Association",De Graff,OH,303,PHILADELPHIA DISTRICT OFFICE,18,10018000,7631000,556555.56,76.17
Valley National Bank,Passaic,NJ,248,SYRACUSE DISTRICT OFFICE,2,10000000,7500000,5000000.0,75.0
Everwise Credit Union,South Bend,IN,455,SOUTH FLORIDA DISTRICT OFFICE,2,10000000,7500000,5000000.0,75.0
Synovus Bank,Columbus,GA,464,SOUTH CAROLINA DISTRICT OFFICE,3,10000000,7437500,3333333.33,74.38
Bank of Hope,Los Angeles,CA,709,KANSAS CITY DISTRICT OFFICE,2,10000000,7500000,5000000.0,75.0
Celtic Bank Corporation,Salt Lake City,UT,562,INDIANA DISTRICT OFFICE,12,9998500,7594375,833208.33,75.96
Plumas Bank,Quincy,CA,912,SAN FRANCISCO DISTRICT OFFICE,11,9989400,7492050,908127.27,75.0
United Community Bank,Greenville,SC,460,NORTH CAROLINA DISTRICT OFFICE,12,9989000,7485500,832416.67,74.94
Countybank,Greenwood,SC,464,SOUTH CAROLINA DISTRICT OFFICE,23,9968500,7493625,433413.04,75.17
Celtic Bank Corporation,Salt Lake City,UT,304,RICHMOND DISTRICT OFFICE,15,9961300,7599325,664086.67,76.29
Village Bank,Saint Francis,MN,508,MINNESOTA DISTRICT OFFICE,12,9940700,7392819,828391.67,74.37
Dogwood State Bank,Raleigh,NC,515,MICHIGAN DISTRICT OFFICE,12,9929000,7346750,827416.67,73.99
First Internet Bank of Indiana,Fishers,IN,988,ARIZONA DISTRICT OFFICE,5,9925000,7406250,1985000.0,74.62
Celtic Bank Corporation,Salt Lake City,UT,202,NEW YORK DISTRICT OFFICE,33,9925000,7797020,300757.58,78.56
"Readycap Lending, LLC",Berkeley Heights,NJ,303,PHILADELPHIA DISTRICT OFFICE,56,9924000,7541200,177214.29,75.99
"Zions Bank, A Division of",Salt Lake City,UT,914,LOS ANGELES DISTRICT OFFICE,22,9920800,7332600,450945.45,73.91
First Community Bank,Bluefield,VA,460,NORTH CAROLINA DISTRICT OFFICE,29,9902900,6505425,341479.31,65.69
Commonwealth Business Bank,Los Angeles,CA,811,COLORADO DISTRICT OFFICE,2,9900000,7425000,4950000.0,75.0
Southwestern National Bank,Houston,TX,1013,SEATTLE DISTRICT OFFICE,4,9895000,7421250,2473750.0,75.0
Customers Bank,Malvern,PA,942,FRESNO DISTRICT OFFICE,7,9885000,7201250,1412142.86,72.85
Celtic Bank Corporation,Salt Lake City,UT,954,SAN DIEGO DISTRICT OFFICE,19,9867600,7565200,519347.37,76.67
PlainsCapital Bank,Dallas,TX,681,SAN ANTONIO DISTRICT OFFICE,23,9865500,6977975,428934.78,70.73
Dogwood State Bank,Raleigh,NC,455,SOUTH FLORIDA DISTRICT OFFICE,12,9849900,7366175,820825.0,74.78
East West Bank,Pasadena,CA,912,SAN FRANCISCO DISTRICT OFFICE,15,9828000,7398700,655200.0,75.28
Synovus Bank,Columbus,GA,459,ALABAMA DISTRICT OFFICE,8,9817900,7288425,1227237.5,74.24
"SouthState Bank, National Association",Winter Haven,FL,304,RICHMOND DISTRICT OFFICE,22,9804800,7450100,445672.73,75.98
First IC Bank,Doraville,GA,303,PHILADELPHIA DISTRICT OFFICE,4,9800000,7350000,2450000.0,75.0
"Bank of America, National Association",Charlotte,NC,942,FRESNO DISTRICT OFFICE,28,9784200,5912275,349435.71,60.43
Hanover Community Bank,Mineola,NY,610,DALLAS / FT WORTH DISTRICT OFFICE,9,9771000,7364750,1085666.67,75.37
Berkshire Bank,Pittsfield,MA,474,TENNESSEE DISTRICT OFFICE,4,9768000,7201000,2442000.0,73.72
"Readycap Lending, LLC",Berkeley Heights,NJ,156,CONNECTICUT DISTRICT OFFICE,32,9766000,7417100,305187.5,75.95
Umpqua Bank,Roseburg,OR,914,LOS ANGELES DISTRICT OFFICE,7,9751700,7263775,1393100.0,74.49
BayFirst National Bank,Saint Petersburg,FL,460,NORTH CAROLINA DISTRICT OFFICE,62,9742300,7982455,157133.87,81.94
Live Oak Banking Company,Wilmington,NC,470,MISSISSIPPI DISTRICT OFFICE,3,9736000,7302000,3245333.33,75.0
Midwest BankCentre,Saint Louis,MO,768,ST. LOUIS DISTRICT OFFICE,5,9734000,7664100,1946800.0,78.74
First Internet Bank of Indiana,Fishers,IN,1084,ALASKA DISTRICT OFFICE,4,9700000,7200000,2425000.0,74.23
"T Bank, National Association",Dallas,TX,507,ILLINOIS DISTRICT OFFICE,3,9671600,7253700,3223866.67,75.0
Cadence Bank,Tupelo,MS,920,SANTA ANA DISTRICT OFFICE,29,9666800,7281600,333337.93,75.33
First Bank of Central Ohio,Worthington,OH,562,INDIANA DISTRICT OFFICE,5,9655500,5943295,1931100.0,61.55
Dogwood State Bank,Raleigh,NC,405,GEORGIA DISTRICT OFFICE,7,9627600,7183200,1375371.43,74.61
PlainsCapital Bank,Dallas,TX,610,DALLAS / FT WORTH DISTRICT OFFICE,27,9606300,6716600,355788.89,69.92
The MINT National Bank,Kingwood,TX,671,HOUSTON DISTRICT OFFICE,5,9606000,7204500,1921200.0,75.0
"Centerstone SBA Lending, Inc.",Los Angeles,CA,460,NORTH CAROLINA DISTRICT OFFICE,5,9604000,7203000,1920800.0,75.0
CIBM Bank,Champaign,IL,563,WISCONSIN DISTRICT OFFICE,6,9600000,7050000,1600000.0,73.44
"VelocitySBA, LLC",Costa Mesa,CA,455,SOUTH FLORIDA DISTRICT OFFICE,10,9568000,7176000,956800.0,75.0
Truist Bank,Charlotte,NC,491,NORTH FLORIDA DISTRICT OFFICE,6,9562300,7171725,1593716.67,75.0
Evolve Bank and Trust,West Memphis,AR,988,ARIZONA DISTRICT OFFICE,10,9558000,7168500,955800.0,75.0
GBank,Las Vegas,NV,920,SANTA ANA DISTRICT OFFICE,5,9542000,7156500,1908400.0,75.0
"Readycap Lending, LLC",Berkeley Heights,NJ,304,RICHMOND DISTRICT OFFICE,49,9537900,7339975,194651.02,76.96
Bank Five Nine,Oconomowoc,WI,455,SOUTH FLORIDA DISTRICT OFFICE,15,9533500,7231025,635566.67,75.85
Central Pacific Bank,Honolulu,HI,951,HAWAII DISTRICT OFFICE,113,9526500,5763250,84305.31,60.5
GBank,Las Vegas,NV,491,NORTH FLORIDA DISTRICT OFFICE,5,9518600,7138950,1903720.0,75.0
Truliant FCU,Winston Salem,NC,455,SOUTH FLORIDA DISTRICT OFFICE,6,9518000,7537500,1586333.33,79.19
Citizens Bank,Elizabethton,TN,455,SOUTH FLORIDA DISTRICT OFFICE,20,9500200,7125150,475010.0,75.0
Machias Savings Bank,Machias,ME,172,MAINE DISTRICT OFFICE,16,9478800,7065550,592425.0,74.54
Nicolet National Bank,Green Bay,WI,563,WISCONSIN DISTRICT OFFICE,32,9462500,6912375,295703.12,73.05
First American Bank,Elk Grove Village,IL,507,ILLINOIS DISTRICT OFFICE,16,9453500,6715125,590843.75,71.03
Mid Penn Bank,Millersburg,PA,303,PHILADELPHIA DISTRICT OFFICE,26,9447500,7014125,363365.38,74.24
"TD Bank, National Association",Wilmington,DE,373,BALTIMORE DISTRICT OFFICE,30,9445900,6592125,314863.33,69.79
New Millennium Bank,Fort Lee,NJ,299,NEW JERSEY DISTRICT OFFICE,15,9444000,7106500,629600.0,75.25
"UMB Bank, National Association",Kansas City,MO,709,KANSAS CITY DISTRICT OFFICE,23,9424400,6825000,409756.52,72.42
Hanmi Bank,Los Angeles,CA,202,NEW YORK DISTRICT OFFICE,7,9406500,7054875,1343785.71,75.0
BayFirst National Bank,Saint Petersburg,FL,988,ARIZONA DISTRICT OFFICE,68,9405500,7919675,138316.18,84.2
"Readycap Lending, LLC",Berkeley Heights,NJ,761,DES MOINES DISTRICT OFFICE,11,9389000,7069350,853545.45,75.29
The Huntington National Bank,Columbus,OH,303,PHILADELPHIA DISTRICT OFFICE,43,9355200,6777650,217562.79,72.45
Washington Trust Bank,Spokane,WA,1086,PORTLAND DISTRICT OFFICE,23,9353500,6752075,406673.91,72.19
Paragon Bank,Memphis,TN,474,TENNESSEE DISTRICT OFFICE,2,9350000,7012500,4675000.0,75.0
Community Bank of Mississippi,Flowood,MS,470,MISSISSIPPI DISTRICT OFFICE,24,9335900,7035725,388995.83,75.36
"Readycap Lending, LLC",Berkeley Heights,NJ,549,CLEVELAND DISTRICT OFFICE,31,9326700,7060805,300861.29,75.71
b1BANK,Baton Rouge,LA,679,LOUISIANA DISTRICT OFFICE,17,9298000,6926000,546941.18,74.49
InBank,Raton,NM,912,SAN FRANCISCO DISTRICT OFFICE,5,9297000,6972750,1859400.0,75.0
OakStar Bank,Springfield,MO,811,COLORADO DISTRICT OFFICE,7,9288600,6980850,1326942.86,75.16
First Bank of the Lake,Osage Beach,MO,303,PHILADELPHIA DISTRICT OFFICE,15,9286400,7019800,619093.33,75.59
American Bank of Commerce,Wolfforth,TX,811,COLORADO DISTRICT OFFICE,19,9281900,6984725,488521.05,75.25
"WesBanco Bank, Inc.",Wheeling,WV,593,COLUMBUS DISTRICT OFFICE,15,9253300,6814975,616886.67,73.65
The Huntington National Bank,Columbus,OH,920,SANTA ANA DISTRICT OFFICE,35,9229300,6568225,263694.29,71.17
Celtic Bank Corporation,Salt Lake City,UT,610,DALLAS / FT WORTH DISTRICT OFFICE,28,9215600,7177840,329128.57,77.89
State Bank of Southern Utah,Cedar City,UT,883,UTAH DISTRICT OFFICE,21,9212000,6355850,438666.67,69.0
"TD Bank, National Association",Wilmington,DE,156,CONNECTICUT DISTRICT OFFICE,98,9200100,5454550,93878.57,59.29
Celtic Bank Corporation,Salt Lake City,UT,681,SAN ANTONIO DISTRICT OFFICE,24,9187600,7107690,382816.67,77.36
Exos Small Business Lending LLC,New York,NY,942,FRESNO DISTRICT OFFICE,10,9186000,6889500,918600.0,75.0
GBank,Las Vegas,NV,390,WEST VIRGINIA DISTRICT OFFICE,3,9183000,6887250,3061000.0,75.0
First Bank of the Lake,Osage Beach,MO,459,ALABAMA DISTRICT OFFICE,12,9182300,6917725,765191.67,75.34
Citizens Bank,Elizabethton,TN,491,NORTH FLORIDA DISTRICT OFFICE,11,9181800,6901100,834709.09,75.16
The Huntington National Bank,Columbus,OH,709,KANSAS CITY DISTRICT OFFICE,27,9175400,6731550,339829.63,73.37
Enterprise Bank & Trust,Clayton,MO,1013,SEATTLE DISTRICT OFFICE,13,9175300,6881475,705792.31,75.0
Emprise Bank,Wichita,KS,767,WICHITA DISTRICT OFFICE,23,9171100,6600425,398743.48,71.97
First Savings Bank,Jeffersonville,IN,610,DALLAS / FT WORTH DISTRICT OFFICE,13,9161000,6943250,704692.31,75.79
Live Oak Banking Company,Wilmington,NC,669,ARKANSAS DISTRICT OFFICE,6,9154000,6490250,1525666.67,70.9
Peoples Bank,Mendenhall,MS,610,DALLAS / FT WORTH DISTRICT OFFICE,7,9150800,6850600,1307257.14,74.86
First Savings Bank,Jeffersonville,IN,593,COLUMBUS DISTRICT OFFICE,4,9144500,6738375,2286125.0,73.69
"NBT Bank, National Association",Norwich,NY,248,SYRACUSE DISTRICT OFFICE,31,9139500,6498675,294822.58,71.11
Customers Bank,Malvern,PA,460,NORTH CAROLINA DISTRICT OFFICE,5,9135000,6801250,1827000.0,74.45
First Internet Bank of Indiana,Fishers,IN,679,LOUISIANA DISTRICT OFFICE,5,9114000,6798000,1822800.0,74.59
US Metro Bank,Garden Grove,CA,931,SACRAMENTO DISTRICT OFFICE,7,9107000,6830250,1301000.0,75.0
"Amerant Bank, National Association",Coral Gables,FL,671,HOUSTON DISTRICT OFFICE,6,9103600,6752700,1517266.67,74.18
First Bank of the Lake,Osage Beach,MO,988,ARIZONA DISTRICT OFFICE,15,9068600,6815200,604573.33,75.15
KeyBank National Association,Cleveland,OH,562,INDIANA DISTRICT OFFICE,26,9068500,6209450,348788.46,68.47
"First Western SBLC, Inc",Dallas,TX,390,WEST VIRGINIA DISTRICT OFFICE,3,9062000,6796500,3020666.67,75.0
The Huntington National Bank,Columbus,OH,768,ST. LOUIS DISTRICT OFFICE,19,9034400,6639550,475494.74,73.49
Emprise Bank,Wichita,KS,766,NEBRASKA DISTRICT OFFICE,15,9024000,6530500,601600.0,72.37
ConnectOne Bank,Englewood Cliffs,NJ,299,NEW JERSEY DISTRICT OFFICE,4,9020000,6765000,2255000.0,75.0
Shoreham Bank,Warwick,RI,563,WISCONSIN DISTRICT OFFICE,3,9014000,6760500,3004666.67,75.0
First Service Bank,Greenbrier,AR,669,ARKANSAS DISTRICT OFFICE,22,9002700,6797875,409213.64,75.51
FWBank,Chicago,IL,562,INDIANA DISTRICT OFFICE,4,9001900,6751425,2250475.0,75.0
Stearns Bank National Association,Saint Cloud,MN,508,MINNESOTA DISTRICT OFFICE,13,8994700,6680885,691900.0,74.28
"Readycap Lending, LLC",Berkeley Heights,NJ,679,LOUISIANA DISTRICT OFFICE,42,8989400,6883600,214033.33,76.57
Dogwood State Bank,Raleigh,NC,681,SAN ANTONIO DISTRICT OFFICE,7,8983700,6725275,1283385.71,74.86
Stearns Bank National Association,Saint Cloud,MN,455,SOUTH FLORIDA DISTRICT OFFICE,15,8979500,6730125,598633.33,74.95
Hancock Whitney Bank,Gulfport,MS,455,SOUTH FLORIDA DISTRICT OFFICE,21,8971500,6372375,427214.29,71.03
Cadence Bank,Tupelo,MS,507,ILLINOIS DISTRICT OFFICE,30,8969000,6776750,298966.67,75.56
"Guaranty Bank & Trust, National Association",Mount Pleasant,TX,610,DALLAS / FT WORTH DISTRICT OFFICE,11,8963700,6812775,814881.82,76.0
Celtic Bank Corporation,Salt Lake City,UT,680,OKLAHOMA DISTRICT OFFICE,6,8962100,6755115,1493683.33,75.37
Bank of Hope,Los Angeles,CA,912,SAN FRANCISCO DISTRICT OFFICE,13,8959000,6531750,689153.85,72.91
Cache Valley Bank,Logan,UT,883,UTAH DISTRICT OFFICE,30,8955100,6492765,298503.33,72.5
Summit Bank,Eugene,OR,1086,PORTLAND DISTRICT OFFICE,8,8951600,6723200,1118950.0,75.11
One World Bank,Dallas,TX,610,DALLAS / FT WORTH DISTRICT OFFICE,11,8951200,6323875,813745.45,70.65
Meridian Bank,Malvern,PA,455,SOUTH FLORIDA DISTRICT OFFICE,12,8942000,6551500,745166.67,73.27
PCB Bank,Los Angeles,CA,920,SANTA ANA DISTRICT OFFICE,15,8937000,6757250,595800.0,75.61
Truliant FCU,Winston Salem,NC,507,ILLINOIS DISTRICT OFFICE,5,8914000,6685500,1782800.0,75.0
HarborOne Bank,Brockton,MA,101,MASSACHUSETTS DISTRICT OFFICE,41,8870300,5368515,216348.78,60.52
Hanover Community Bank,Mineola,NY,303,PHILADELPHIA DISTRICT OFFICE,10,8829900,6566175,882990.0,74.36
Celtic Bank Corporation,Salt Lake City,UT,296,BUFFALO DISTRICT OFFICE,6,8814100,6640575,1469016.67,75.34
"United Midwest Savings Bank, National Association",De Graff,OH,507,ILLINOIS DISTRICT OFFICE,23,8808000,6770000,382956.52,76.86
Enterprise Bank & Trust,Clayton,MO,455,SOUTH FLORIDA DISTRICT OFFICE,8,8806900,6555175,1100862.5,74.43
First Bank,Southern Pines,NC,914,LOS ANGELES DISTRICT OFFICE,6,8799000,7137550,1466500.0,81.12
First-Citizens Bank & Trust Company,Raleigh,NC,474,TENNESSEE DISTRICT OFFICE,4,8797000,6597750,2199250.0,75.0
"Harvest Small Business Finance, LLC",Laguna Hills,CA,299,NEW JERSEY DISTRICT OFFICE,5,8792300,6594225,1758460.0,75.0
"Leader Bank, National Association",Arlington,MA,101,MASSACHUSETTS DISTRICT OFFICE,29,8788900,5937065,303065.52,67.55
Cadence Bank,Tupelo,MS,811,COLORADO DISTRICT OFFICE,29,8776000,6656100,302620.69,75.84
Celtic Bank Corporation,Salt Lake City,UT,883,UTAH DISTRICT OFFICE,21,8765600,6690880,417409.52,76.33
Salem Five Cents Savings Bank,Salem,MA,101,MASSACHUSETTS DISTRICT OFFICE,44,8753000,5497250,198931.82,62.8
Shoreham Bank,Warwick,RI,671,HOUSTON DISTRICT OFFICE,2,8740000,6555000,4370000.0,75.0
Hanover Community Bank,Mineola,NY,562,INDIANA DISTRICT OFFICE,2,8726000,6544500,4363000.0,75.0
Shoreham Bank,Warwick,RI,455,SOUTH FLORIDA DISTRICT OFFICE,2,8725000,6543750,4362500.0,75.0
InBank,Raton,NM,811,COLORADO DISTRICT OFFICE,12,8723000,6454750,726916.67,74.0
Fifth Third Bank,Cincinnati,OH,507,ILLINOIS DISTRICT OFFICE,23,8720500,5682875,379152.17,65.17
Cogent Bank,Orlando,FL,491,NORTH FLORIDA DISTRICT OFFICE,12,8703100,6527325,725258.33,75.0
"JPMorgan Chase Bank, National Association",Columbus,OH,942,FRESNO DISTRICT OFFICE,30,8701000,5305225,290033.33,60.97
Southwestern National Bank,Houston,TX,610,DALLAS / FT WORTH DISTRICT OFFICE,8,8693700,6520275,1086712.5,75.0
Southwestern National Bank,Houston,TX,671,HOUSTON DISTRICT OFFICE,6,8678800,6509100,1446466.67,75.0
Comerica Bank,Dallas,TX,914,LOS ANGELES DISTRICT OFFICE,23,8668000,5584000,376869.57,64.42
Byline Bank,Chicago,IL,709,KANSAS CITY DISTRICT OFFICE,9,8663000,6419050,962555.56,74.1
"Newtek Bank, National Association",Miami,FL,1087,BOISE DISTRICT OFFICE,12,8639000,6504250,719916.67,75.29
Mission Valley Bank,Sun Valley,CA,1013,SEATTLE DISTRICT OFFICE,3,8626400,6469800,2875466.67,75.0
First Internet Bank of Indiana,Fishers,IN,912,SAN FRANCISCO DISTRICT OFFICE,6,8625000,6431250,1437500.0,74.57
Enterprise Bank,Allison Park,PA,358,PITTSBURGH DISTRICT OFFICE,11,8623300,6472875,783936.36,75.06
Great Plains National Bank,Elk City,OK,610,DALLAS / FT WORTH DISTRICT OFFICE,5,8623200,6379900,1724640.0,73.99
Dogwood State Bank,Raleigh,NC,610,DALLAS / FT WORTH DISTRICT OFFICE,11,8622700,6404525,783881.82,74.28
Cadence Bank,Tupelo,MS,491,NORTH FLORIDA DISTRICT OFFICE,21,8615000,6469750,410238.1,75.1
Community Bank of Pickens County,Jasper,GA,405,GEORGIA DISTRICT OFFICE,7,8587000,6361878,1226714.29,74.09
"Centerstone SBA Lending, Inc.",Los Angeles,CA,811,COLORADO DISTRICT OFFICE,4,8567000,6425250,2141750.0,75.0
The First National Bank in Sioux Falls,Sioux Falls,SD,876,SOUTH DAKOTA DISTRICT OFFICE,25,8566800,6497760,342672.0,75.85
First Bank of Central Ohio,Worthington,OH,920,SANTA ANA DISTRICT OFFICE,4,8550900,6413175,2137725.0,75.0
Glacier Bank,Kalispell,MT,897,WYOMING DISTRICT OFFICE,5,8542000,6406500,1708400.0,75.0
BayFirst National Bank,Saint Petersburg,FL,101,MASSACHUSETTS DISTRICT OFFICE,54,8523900,7102815,157850.0,83.33
"Community Banks of Colorado, A Division of",Greenwood Village,CO,811,COLORADO DISTRICT OFFICE,11,8522700,6327025,774790.91,74.24
Renasant Bank,Tupelo,MS,405,GEORGIA DISTRICT OFFICE,9,8512700,6384525,945855.56,75.0
"Harvest Small Business Finance, LLC",Laguna Hills,CA,931,SACRAMENTO DISTRICT OFFICE,9,8507500,6380625,945277.78,75.0
BayFirst National Bank,Saint Petersburg,FL,954,SAN DIEGO DISTRICT OFFICE,50,8494200,6988910,169884.0,82.28
CDC Small Business Finance Corporation,San Diego,CA,920,SANTA ANA DISTRICT OFFICE,38,8493400,6548890,223510.53,77.11
Banner Bank,Walla Walla,WA,912,SAN FRANCISCO DISTRICT OFFICE,8,8487000,6245250,1060875.0,73.59
Peoples Bank,Mendenhall,MS,457,KENTUCKY DISTRICT OFFICE,3,8478900,6359175,2826300.0,75.0
"Bank of America, National Association",Charlotte,NC,931,SACRAMENTO DISTRICT OFFICE,22,8473600,5213050,385163.64,61.52
First Internet Bank of Indiana,Fishers,IN,304,RICHMOND DISTRICT OFFICE,3,8473000,6267250,2824333.33,73.97
Fifth Third Bank,Cincinnati,OH,460,NORTH CAROLINA DISTRICT OFFICE,18,8468000,5926625,470444.44,69.99
Bank Rhode Island,Providence,RI,165,RHODE ISLAND DISTRICT OFFICE,30,8464000,5482000,282133.33,64.77
Berkshire Bank,Pittsfield,MA,491,NORTH FLORIDA DISTRICT OFFICE,7,8457000,6572500,1208142.86,77.72
GBank,Las Vegas,NV,455,SOUTH FLORIDA DISTRICT OFFICE,5,8456900,6342675,1691380.0,75.0
First Savings Bank,Jeffersonville,IN,507,ILLINOIS DISTRICT OFFICE,5,8452900,6354675,1690580.0,75.18
"Wells Fargo Bank, National Association",Sioux Falls,SD,682,NEW MEXICO DISTRICT OFFICE,36,8449500,6218875,234708.33,73.6
"United Midwest Savings Bank, National Association",De Graff,OH,457,KENTUCKY DISTRICT OFFICE,10,8448000,6411000,844800.0,75.89
Live Oak Banking Company,Wilmington,NC,876,SOUTH DAKOTA DISTRICT OFFICE,2,8438000,6328500,4219000.0,75.0
Byline Bank,Chicago,IL,883,UTAH DISTRICT OFFICE,8,8425000,6444600,1053125.0,76.49
Frost Bank,San Antonio,TX,681,SAN ANTONIO DISTRICT OFFICE,14,8397000,6123250,599785.71,72.92
First Commonwealth Bank,Indiana,PA,455,SOUTH FLORIDA DISTRICT OFFICE,10,8385200,6303900,838520.0,75.18
Hanmi Bank,Los Angeles,CA,405,GEORGIA DISTRICT OFFICE,11,8355200,6281400,759563.64,75.18
"Hinsdale Bank & Trust Company, National Association",Hinsdale,IL,507,ILLINOIS DISTRICT OFFICE,6,8346200,6145900,1391033.33,73.64
Open Bank,Los Angeles,CA,811,COLORADO DISTRICT OFFICE,4,8335500,6251625,2083875.0,75.0
First Internet Bank of Indiana,Fishers,IN,373,BALTIMORE DISTRICT OFFICE,3,8333000,6206000,2777666.67,74.47
Millennium Bank,Des Plaines,IL,563,WISCONSIN DISTRICT OFFICE,2,8329000,6246750,4164500.0,75.0
"Readycap Lending, LLC",Berkeley Heights,NJ,766,NEBRASKA DISTRICT OFFICE,18,8310700,6252375,461705.56,75.23
BayFirst National Bank,Saint Petersburg,FL,515,MICHIGAN DISTRICT OFFICE,61,8304700,6978895,136142.62,84.04
Byline Bank,Chicago,IL,942,FRESNO DISTRICT OFFICE,5,8275000,6206250,1655000.0,75.0
GBank,Las Vegas,NV,610,DALLAS / FT WORTH DISTRICT OFFICE,4,8274100,6205575,2068525.0,75.0
"JPMorgan Chase Bank, National Association",Columbus,OH,562,INDIANA DISTRICT OFFICE,40,8274100,4577575,206852.5,55.32
The Huntington National Bank,Columbus,OH,931,SACRAMENTO DISTRICT OFFICE,22,8263800,6095350,375627.27,73.76
Midwest BankCentre,Saint Louis,MO,455,SOUTH FLORIDA DISTRICT OFFICE,9,8257700,6193275,917522.22,75.0
FMS Bank,Fort Morgan,CO,811,COLORADO DISTRICT OFFICE,9,8252400,6196800,916933.33,75.09
"Wells Fargo Bank, National Association",Sioux Falls,SD,508,MINNESOTA DISTRICT OFFICE,48,8251600,6003700,171908.33,72.76
22nd State Bank,Louisville,AL,988,ARIZONA DISTRICT OFFICE,6,8229700,6172275,1371616.67,75.0
Cambridge Savings Bank,Cambridge,MA,101,MASSACHUSETTS DISTRICT OFFICE,37,8210500,5548850,221905.41,67.58
The Bank of Elk River,Elk River,MN,508,MINNESOTA DISTRICT OFFICE,13,8191100,5945075,630084.62,72.58
Mission Valley Bank,Sun Valley,CA,920,SANTA ANA DISTRICT OFFICE,9,8190100,6080075,910011.11,74.24
First National Bank of Pennsylvania,Greenville,PA,507,ILLINOIS DISTRICT OFFICE,9,8180800,5985600,908977.78,73.17
Veritex Community Bank,Dallas,TX,491,NORTH FLORIDA DISTRICT OFFICE,6,8169900,6052000,1361650.0,74.08
Celtic Bank Corporation,Salt Lake City,UT,460,NORTH CAROLINA DISTRICT OFFICE,24,8168200,6329460,340341.67,77.49
North Georgia National Bank,Calhoun,GA,405,GEORGIA DISTRICT OFFICE,4,8158000,6127500,2039500.0,75.11
"Bremer Bank, National Association",Saint Paul,MN,875,NORTH DAKOTA DISTRICT OFFICE,7,8150000,6087500,1164285.71,74.69
Independent Bank d/b/a Independent Financial,Mckinney,TX,681,SAN ANTONIO DISTRICT OFFICE,6,8143600,6117700,1357266.67,75.12
"Lendistry SBLC, LLC",Los Angeles,CA,912,SAN FRANCISCO DISTRICT OFFICE,49,8130500,6531635,165928.57,80.33
First Federal Bank,Lake City,FL,491,NORTH FLORIDA DISTRICT OFFICE,13,8121400,6114850,624723.08,75.29
BankCherokee,Saint Paul,MN,508,MINNESOTA DISTRICT OFFICE,14,8119600,5961950,579971.43,73.43
Paradise Bank,Boca Raton,FL,491,NORTH FLORIDA DISTRICT OFFICE,3,8112000,6084000,2704000.0,75.0
Bank of Springfield,Springfield,IL,507,ILLINOIS DISTRICT OFFICE,32,8107000,6013670,253343.75,74.18
US Metro Bank,Garden Grove,CA,920,SANTA ANA DISTRICT OFFICE,3,8104000,6078000,2701333.33,75.0
Enterprise Bank & Trust,Clayton,MO,303,PHILADELPHIA DISTRICT OFFICE,2,8088600,6066450,4044300.0,75.0
First Savings Bank,Jeffersonville,IN,299,NEW JERSEY DISTRICT OFFICE,5,8080000,6075000,1616000.0,75.19
The Huntington National Bank,Columbus,OH,459,ALABAMA DISTRICT OFFICE,22,8077500,5934375,367159.09,73.47
Preferred Bank,Los Angeles,CA,914,LOS ANGELES DISTRICT OFFICE,4,8074000,6055500,2018500.0,75.0
The Bancorp Bank National Association,Sioux Falls,SD,988,ARIZONA DISTRICT OFFICE,9,8039500,6029625,893277.78,75.0
Bank Five Nine,Oconomowoc,WI,563,WISCONSIN DISTRICT OFFICE,17,8039400,6091550,472905.88,75.77
"TD Bank, National Association",Wilmington,DE,150,VERMONT DISTRICT OFFICE,36,8036500,5315700,223236.11,66.14
CTBC Bank Corp. (USA).,Los Angeles,CA,914,LOS ANGELES DISTRICT OFFICE,5,8017000,6012750,1603400.0,75.0
"Alerus Financial, National Association",Grand Forks,ND,508,MINNESOTA DISTRICT OFFICE,10,8007900,5999675,800790.0,74.92
First Federal Savings & Loan Association of Lakewood,Lakewood,OH,549,CLEVELAND DISTRICT OFFICE,15,8003500,5160675,533566.67,64.48
Empire State Bank,Newburgh,NY,202,NEW YORK DISTRICT OFFICE,2,8000000,6000000,4000000.0,75.0
Byline Bank,Chicago,IL,988,ARIZONA DISTRICT OFFICE,6,7984000,5863000,1330666.67,73.43
Financial Resources FCU,Bridgewater,NJ,202,NEW YORK DISTRICT OFFICE,3,7974000,5980500,2658000.0,75.0
First Southwest Bank,Alamosa,CO,811,COLORADO DISTRICT OFFICE,7,7958100,5968575,1136871.43,75.0
First Bank of Central Ohio,Worthington,OH,811,COLORADO DISTRICT OFFICE,6,7941000,5955750,1323500.0,75.0
CrossFirst Bank,Leawood,KS,811,COLORADO DISTRICT OFFICE,10,7939900,5954925,793990.0,75.0
"Bank of America, National Association",Charlotte,NC,304,RICHMOND DISTRICT OFFICE,15,7937000,4433015,529133.33,55.85
"Newtek Bank, National Association",Miami,FL,678,LUBBOCK DISTRICT OFFICE,11,7935000,5956750,721363.64,75.07
Pathward National Association,Sioux Falls,SD,679,LOUISIANA DISTRICT OFFICE,2,7930000,5947500,3965000.0,75.0
The Piedmont Bank,Norcross,GA,405,GEORGIA DISTRICT OFFICE,7,7925000,5943750,1132142.86,75.0
"Readycap Lending, LLC",Berkeley Heights,NJ,464,SOUTH CAROLINA DISTRICT OFFICE,39,7914400,6059460,202933.33,76.56
Community First Bank of Indiana,Kokomo,IN,562,INDIANA DISTRICT OFFICE,17,7912000,5928450,465411.76,74.93
Peapack-Gladstone Bank,Bedminster,NJ,202,NEW YORK DISTRICT OFFICE,7,7902000,5839000,1128857.14,73.89
Plains State Bank,Humble,TX,610,DALLAS / FT WORTH DISTRICT OFFICE,4,7891000,5918250,1972750.0,75.0
Western Alliance Bank,Phoenix,AZ,920,SANTA ANA DISTRICT OFFICE,3,7884500,5913375,2628166.67,75.0
First National Bank of Pennsylvania,Greenville,PA,455,SOUTH FLORIDA DISTRICT OFFICE,15,7872200,5865400,524813.33,74.51
Northeast Bank,Lewiston,ME,460,NORTH CAROLINA DISTRICT OFFICE,83,7846300,6315465,94533.73,80.49
"United Midwest Savings Bank, National Association",De Graff,OH,681,SAN ANTONIO DISTRICT OFFICE,31,7828500,6234375,252532.26,79.64
Southern Bancorp Bank,Arkadelphia,AR,470,MISSISSIPPI DISTRICT OFFICE,7,7821500,5864235,1117357.14,74.98
Celtic Bank Corporation,Salt Lake City,UT,593,COLUMBUS DISTRICT OFFICE,13,7818600,5980700,601430.77,76.49
First Interstate Bank,Billings,MT,1013,SEATTLE DISTRICT OFFICE,12,7807500,5717655,650625.0,73.23
Highland Bank,St. Michael,MN,508,MINNESOTA DISTRICT OFFICE,28,7778200,5110500,277792.86,65.7
Summit State Bank,Santa Rosa,CA,912,SAN FRANCISCO DISTRICT OFFICE,6,7777000,5832750,1296166.67,75.0
"Bank of America, National Association",Charlotte,NC,156,CONNECTICUT DISTRICT OFFICE,16,7772400,5016800,485775.0,64.55
SaviBank,Mount Vernon,WA,1013,SEATTLE DISTRICT OFFICE,16,7760700,5489275,485043.75,70.73
Northeast Bank,Lewiston,ME,988,ARIZONA DISTRICT OFFICE,70,7757000,6312150,110814.29,81.37
Northeast Bank,Lewiston,ME,811,COLORADO DISTRICT OFFICE,57,7713400,6105490,135322.81,79.15
BayFirst National Bank,Saint Petersburg,FL,931,SACRAMENTO DISTRICT OFFICE,44,7711800,6295080,175268.18,81.63
First Merchants Bank,Indianapolis,IN,562,INDIANA DISTRICT OFFICE,35,7698100,5386075,219945.71,69.97
CDC Small Business Finance Corporation,San Diego,CA,954,SAN DIEGO DISTRICT OFFICE,45,7697100,6036215,171046.67,78.42
The Union Bank Company,Columbus Grove,OH,593,COLUMBUS DISTRICT OFFICE,5,7695000,5771250,1539000.0,75.0
Wallis Bank,Wallis,TX,610,DALLAS / FT WORTH DISTRICT OFFICE,9,7694600,5780950,854955.56,75.13
Pathward National Association,Sioux Falls,SD,883,UTAH DISTRICT OFFICE,3,7690000,5767500,2563333.33,75.0
Bangor Savings Bank,Bangor,ME,172,MAINE DISTRICT OFFICE,47,7687900,5250265,163572.34,68.29
Pathward National Association,Sioux Falls,SD,920,SANTA ANA DISTRICT OFFICE,2,7675000,5756250,3837500.0,75.0
"UMB Bank, National Association",Kansas City,MO,988,ARIZONA DISTRICT OFFICE,16,7671300,5392975,479456.25,70.3
Georgia Primary Bank,Atlanta,GA,405,GEORGIA DISTRICT OFFICE,9,7670900,5753175,852322.22,75.0
Mission Valley Bank,Sun Valley,CA,639,LOWER RIO GRANDE VALLEY DISTRICT OFFICE,3,7669800,5752350,2556600.0,75.0
The Bancorp Bank National Association,Sioux Falls,SD,811,COLORADO DISTRICT OFFICE,3,7668300,5751225,2556100.0,75.0
"U.S. Bank, National Association",Cincinnati,OH,562,INDIANA DISTRICT OFFICE,15,7666500,5633950,511100.0,73.49
"Newtek Bank, National Association",Miami,FL,248,SYRACUSE DISTRICT OFFICE,22,7665000,5760000,348409.09,75.15
"Capital One, National Association",Mclean,VA,610,DALLAS / FT WORTH DISTRICT OFFICE,7,7653800,5415350,1093400.0,70.75
Three Rivers Bank of Montana,Kalispell,MT,885,MONTANA DISTRICT OFFICE,2,7650000,5737500,3825000.0,75.0
Millennial Bank,Leeds,AL,459,ALABAMA DISTRICT OFFICE,5,7627600,5720700,1525520.0,75.0
Columbia Bank,Fair Lawn,NJ,299,NEW JERSEY DISTRICT OFFICE,9,7625000,5718750,847222.22,75.0
"United Midwest Savings Bank, National Association",De Graff,OH,353,WASHINGTON DISTRICT OFFICE,19,7618000,5900500,400947.37,77.45
Live Oak Banking Company,Wilmington,NC,682,NEW MEXICO DISTRICT OFFICE,8,7607500,5693125,950937.5,74.84
Hanover Community Bank,Mineola,NY,459,ALABAMA DISTRICT OFFICE,3,7601000,5700750,2533666.67,75.0
Pathward National Association,Sioux Falls,SD,944,NEVADA DISTRICT OFFICE,3,7600000,5575000,2533333.33,73.36
Open Bank,Los Angeles,CA,680,OKLAHOMA DISTRICT OFFICE,2,7598000,5698500,3799000.0,75.0
GBank,Las Vegas,NV,457,KENTUCKY DISTRICT OFFICE,5,7592600,5694450,1518520.0,75.0
"Harvest Small Business Finance, LLC",Laguna Hills,CA,353,WASHINGTON DISTRICT OFFICE,8,7590800,5693100,948850.0,75.0
United Community Bank,Greenville,SC,491,NORTH FLORIDA DISTRICT OFFICE,12,7590000,5405000,632500.0,71.21
Byline Bank,Chicago,IL,669,ARKANSAS DISTRICT OFFICE,5,7585000,5626250,1517000.0,74.18
John Marshall Bank,Reston,VA,353,WASHINGTON DISTRICT OFFICE,16,7553000,5712450,472062.5,75.63
"U.S. Bank, National Association",Cincinnati,OH,671,HOUSTON DISTRICT OFFICE,3,7552500,5664375,2517500.0,75.0
The Huntington National Bank,Columbus,OH,954,SAN DIEGO DISTRICT OFFICE,23,7546800,5507600,328121.74,72.98
Heritage FCU,Newburgh,IN,562,INDIANA DISTRICT OFFICE,32,7533800,5648730,235431.25,74.98
Colony Bank,Fitzgerald,GA,507,ILLINOIS DISTRICT OFFICE,21,7525300,6377405,358347.62,84.75
The Huntington National Bank,Columbus,OH,373,BALTIMORE DISTRICT OFFICE,25,7523000,5488500,300920.0,72.96
"Capital Bank, National Association",Rockville,MD,353,WASHINGTON DISTRICT OFFICE,8,7522000,5651500,940250.0,75.13
"Citibank, N.A.",Sioux Falls,SD,455,SOUTH FLORIDA DISTRICT OFFICE,7,7517000,6488500,1073857.14,86.32
"VelocitySBA, LLC",Costa Mesa,CA,920,SANTA ANA DISTRICT OFFICE,8,7506000,5629500,938250.0,75.0
Millennium Bank,Des Plaines,IL,515,MICHIGAN DISTRICT OFFICE,3,7500000,5625000,2500000.0,75.0
"PNC Bank, National Association",Wilmington,DE,593,COLUMBUS DISTRICT OFFICE,32,7498400,5437300,234325.0,72.51
CDC Small Business Finance Corporation,San Diego,CA,914,LOS ANGELES DISTRICT OFFICE,48,7490800,5979080,156058.33,79.82
Washington Trust Bank,Spokane,WA,1087,BOISE DISTRICT OFFICE,14,7489000,5326600,534928.57,71.13
Hanover Community Bank,Mineola,NY,460,NORTH CAROLINA DISTRICT OFFICE,4,7476500,5607375,1869125.0,75.0
"VelocitySBA, LLC",Costa Mesa,CA,681,SAN ANTONIO DISTRICT OFFICE,5,7476000,5607000,1495200.0,75.0
"Newtek Bank, National Association",Miami,FL,767,WICHITA DISTRICT OFFICE,9,7470000,5563000,830000.0,74.47
"Wells Fargo Bank, National Association",Sioux Falls,SD,507,ILLINOIS DISTRICT OFFICE,11,7462600,5579450,678418.18,74.77
GBank,Las Vegas,NV,358,PITTSBURGH DISTRICT OFFICE,2,7460000,5595000,3730000.0,75.0
"Capital One, National Association",Mclean,VA,671,HOUSTON DISTRICT OFFICE,9,7453700,5337775,828188.89,71.61
MidFirst Bank,Oklahoma City,OK,671,HOUSTON DISTRICT OFFICE,5,7453400,5590050,1490680.0,75.0
Chelsea State Bank,Chelsea,MI,515,MICHIGAN DISTRICT OFFICE,12,7449700,5406645,620808.33,72.58
Community Bank & Trust-West Georgia,Lagrange,GA,455,SOUTH FLORIDA DISTRICT OFFICE,4,7448000,5586000,1862000.0,75.0
Great Plains National Bank,Elk City,OK,680,OKLAHOMA DISTRICT OFFICE,23,7437600,5485230,323373.91,73.75
"Readycap Lending, LLC",Berkeley Heights,NJ,470,MISSISSIPPI DISTRICT OFFICE,21,7437500,5674875,354166.67,76.3
First Bank of the Lake,Osage Beach,MO,1086,PORTLAND DISTRICT OFFICE,9,7432500,5531875,825833.33,74.43
Shoreham Bank,Warwick,RI,593,COLUMBUS DISTRICT OFFICE,3,7432000,5574000,2477333.33,75.0
Citizens State Bank of New Castle,New Castle,IN,562,INDIANA DISTRICT OFFICE,36,7418200,4935525,206061.11,66.53
Gulf Coast Bank and Trust Company,New Orleans,LA,460,NORTH CAROLINA DISTRICT OFFICE,10,7417700,5563275,741770.0,75.0
Mission Valley Bank,Sun Valley,CA,988,ARIZONA DISTRICT OFFICE,4,7417100,5562825,1854275.0,75.0
The Huntington National Bank,Columbus,OH,682,NEW MEXICO DISTRICT OFFICE,13,7409800,5447350,569984.62,73.52
First Internet Bank of Indiana,Fishers,IN,944,NEVADA DISTRICT OFFICE,6,7398000,5511000,1233000.0,74.49
The Huntington National Bank,Columbus,OH,1086,PORTLAND DISTRICT OFFICE,26,7397800,5298350,284530.77,71.62
GBank,Las Vegas,NV,508,MINNESOTA DISTRICT OFFICE,5,7391000,5543250,1478200.0,75.0
Northwest Bank,Boise,ID,883,UTAH DISTRICT OFFICE,13,7379000,5330000,567615.38,72.23
Cadence Bank,Tupelo,MS,202,NEW YORK DISTRICT OFFICE,24,7370000,5591000,307083.33,75.86
Bank of Hope,Los Angeles,CA,671,HOUSTON DISTRICT OFFICE,6,7366000,5402000,1227666.67,73.34
The Huntington National Bank,Columbus,OH,761,DES MOINES DISTRICT OFFICE,13,7364400,5440800,566492.31,73.88
IncredibleBank,Wausau,WI,455,SOUTH FLORIDA DISTRICT OFFICE,5,7351000,5513250,1470200.0,75.0
"U.S. Bank, National Association",Cincinnati,OH,460,NORTH CAROLINA DISTRICT OFFICE,24,7345800,4859190,306075.0,66.15
"Newtek Bank, National Association",Miami,FL,1084,ALASKA DISTRICT OFFICE,8,7345000,5498750,918125.0,74.86
MidFirst Bank,Oklahoma City,OK,610,DALLAS / FT WORTH DISTRICT OFFICE,6,7334300,3940815,1222383.33,53.73
"T Bank, National Association",Dallas,TX,680,OKLAHOMA DISTRICT OFFICE,6,7329400,5497050,1221566.67,75.0
Citizens Community Federal National Association,Altoona,WI,508,MINNESOTA DISTRICT OFFICE,5,7328800,5440350,1465760.0,74.23
Carter FCU,Springhill,LA,679,LOUISIANA DISTRICT OFFICE,8,7317000,5380625,914625.0,73.54
Gulfside Bank,P.O. Box 1824,FL,455,SOUTH FLORIDA DISTRICT OFFICE,6,7310000,5482500,1218333.33,75.0
Cadence Bank,Tupelo,MS,474,TENNESSEE DISTRICT OFFICE,21,7308200,5841680,348009.52,79.93
Northeast Bank,Lewiston,ME,1013,SEATTLE DISTRICT OFFICE,53,7301500,5751525,137764.15,78.77
Fifth Third Bank,Cincinnati,OH,811,COLORADO DISTRICT OFFICE,2,7299000,5474250,3649500.0,75.0
Savings Bank of Danbury,Danbury,CT,156,CONNECTICUT DISTRICT OFFICE,15,7296000,4469250,486400.0,61.26
BMO Bank National Association,Chicago,IL,912,SAN FRANCISCO DISTRICT OFFICE,7,7295100,5471325,1042157.14,75.0
The Huntington National Bank,Columbus,OH,944,NEVADA DISTRICT OFFICE,28,7285200,5320150,260185.71,73.03
"Newtek Bank, National Association",Miami,FL,470,MISSISSIPPI DISTRICT OFFICE,22,7285000,5537250,331136.36,76.01
"Harvest Small Business Finance, LLC",Laguna Hills,CA,944,NEVADA DISTRICT OFFICE,6,7272200,5454150,1212033.33,75.0
Northeast Bank,Lewiston,ME,101,MASSACHUSETTS DISTRICT OFFICE,56,7261800,5684150,129675.0,78.27
"Wells Fargo Bank, National Association",Sioux Falls,SD,464,SOUTH CAROLINA DISTRICT OFFICE,54,7261700,5235025,134475.93,72.09
HomeTrust Bank,Asheville,NC,464,SOUTH CAROLINA DISTRICT OFFICE,8,7257500,5443125,907187.5,75.0
"Lake Forest Bank & Trust Company, National Association",Lake Forest,IL,507,ILLINOIS DISTRICT OFFICE,3,7255000,5441250,2418333.33,75.0
Berkshire Bank,Pittsfield,MA,459,ALABAMA DISTRICT OFFICE,4,7250000,5387500,1812500.0,74.31
First-Citizens Bank & Trust Company,Raleigh,NC,304,RICHMOND DISTRICT OFFICE,6,7247000,5316500,1207833.33,73.36
East West Bank,Pasadena,CA,920,SANTA ANA DISTRICT OFFICE,10,7245000,5390000,724500.0,74.4
Wallis Bank,Wallis,TX,405,GEORGIA DISTRICT OFFICE,5,7235900,5426925,1447180.0,75.0
Pathward National Association,Sioux Falls,SD,353,WASHINGTON DISTRICT OFFICE,5,7235000,5251250,1447000.0,72.58
Seacoast National Bank,Stuart,FL,202,NEW YORK DISTRICT OFFICE,4,7230500,5422875,1807625.0,75.0
FNBC Bank,Ash Flat,AR,669,ARKANSAS DISTRICT OFFICE,10,7223700,5298850,722370.0,73.35
"Newtek Bank, National Association",Miami,FL,457,KENTUCKY DISTRICT OFFICE,25,7186500,5455750,287460.0,75.92
First National Bank of Michigan,Kalamazoo,MI,515,MICHIGAN DISTRICT OFFICE,7,7184700,5388525,1026385.71,75.0
Citizens Bank,Elizabethton,TN,811,COLORADO DISTRICT OFFICE,11,7177200,5382900,652472.73,75.0
BayFirst National Bank,Saint Petersburg,FL,353,WASHINGTON DISTRICT OFFICE,32,7165500,5730075,223921.88,79.97
"PNC Bank, National Association",Wilmington,DE,358,PITTSBURGH DISTRICT OFFICE,44,7161900,4925175,162770.45,68.77
Colony Bank,Fitzgerald,GA,671,HOUSTON DISTRICT OFFICE,12,7152000,5492700,596000.0,76.8
Regent Bank,Tulsa,OK,680,OKLAHOMA DISTRICT OFFICE,11,7136900,5360795,648809.09,75.11
"T Bank, National Association",Dallas,TX,988,ARIZONA DISTRICT OFFICE,3,7131200,5348400,2377066.67,75.0
Plumas Bank,Quincy,CA,954,SAN DIEGO DISTRICT OFFICE,9,7129900,5347425,792211.11,75.0
Banner Bank,Walla Walla,WA,954,SAN DIEGO DISTRICT OFFICE,20,7124600,4758550,356230.0,66.79
"Readycap Lending, LLC",Berkeley Heights,NJ,680,OKLAHOMA DISTRICT OFFICE,12,7111500,5367625,592625.0,75.48
"Harvest Small Business Finance, LLC",Laguna Hills,CA,491,NORTH FLORIDA DISTRICT OFFICE,12,7105600,5329200,592133.33,75.0
Comerica Bank,Dallas,TX,455,SOUTH FLORIDA DISTRICT OFFICE,8,7102200,5068150,887775.0,71.36
Hancock Whitney Bank,Gulfport,MS,681,SAN ANTONIO DISTRICT OFFICE,6,7089100,5316825,1181516.67,75.0
New York Business Development Corporation,Albany,NY,248,SYRACUSE DISTRICT OFFICE,12,7073000,5304750,589416.67,75.0
Cadence Bank,Tupelo,MS,460,NORTH CAROLINA DISTRICT OFFICE,21,7070000,5317500,336666.67,75.21
First Internet Bank of Indiana,Fishers,IN,508,MINNESOTA DISTRICT OFFICE,4,7056000,5167000,1764000.0,73.23
Byline Bank,Chicago,IL,679,LOUISIANA DISTRICT OFFICE,7,7053000,5089750,1007571.43,72.16
United Community Bank,Greenville,SC,1013,SEATTLE DISTRICT OFFICE,4,7050000,5287500,1762500.0,75.0
"JPMorgan Chase Bank, National Association",Columbus,OH,679,LOUISIANA DISTRICT OFFICE,35,7046700,4139525,201334.29,58.74
"Capital One, National Association",Mclean,VA,988,ARIZONA DISTRICT OFFICE,4,7045000,5158750,1761250.0,73.23
US Metro Bank,Garden Grove,CA,942,FRESNO DISTRICT OFFICE,4,7045000,5283750,1761250.0,75.0
EverTrust Bank,City Of Industry,CA,914,LOS ANGELES DISTRICT OFFICE,7,7040000,5280000,1005714.29,75.0
Cadence Bank,Tupelo,MS,679,LOUISIANA DISTRICT OFFICE,16,7031400,5312050,439462.5,75.55
GBC International Bank,Los Angeles,CA,914,LOS ANGELES DISTRICT OFFICE,7,7029000,5759250,1004142.86,81.94
"SouthState Bank, National Association",Winter Haven,FL,474,TENNESSEE DISTRICT OFFICE,13,7026200,5324650,540476.92,75.78
Northeast Bank,Lewiston,ME,681,SAN ANTONIO DISTRICT OFFICE,62,7025500,5614815,113314.52,79.92
Bank Five Nine,Oconomowoc,WI,681,SAN ANTONIO DISTRICT OFFICE,6,7025500,5269125,1170916.67,75.0
First National Bank of Pennsylvania,Greenville,PA,303,PHILADELPHIA DISTRICT OFFICE,8,7025000,5156250,878125.0,73.4
Berkshire Bank,Pittsfield,MA,460,NORTH CAROLINA DISTRICT OFFICE,3,7014000,5260500,2338000.0,75.0
The Huntington National Bank,Columbus,OH,156,CONNECTICUT DISTRICT OFFICE,20,7009900,5139925,350495.0,73.32
"Wells Fargo Bank, National Association",Sioux Falls,SD,876,SOUTH DAKOTA DISTRICT OFFICE,9,7000200,5228900,777800.0,74.7
First Chatham Bank,Savannah,GA,768,ST. LOUIS DISTRICT OFFICE,2,7000000,5250000,3500000.0,75.0
Enterprise Bank & Trust,Clayton,MO,954,SAN DIEGO DISTRICT OFFICE,4,6996000,5247000,1749000.0,75.0
BankFirst Financial Services,Columbus,MS,470,MISSISSIPPI DISTRICT OFFICE,24,6990600,5241640,291275.0,74.98
City National Bank,Los Angeles,CA,988,ARIZONA DISTRICT OFFICE,9,6977100,5232825,775233.33,75.0
Texas Partners Bank,San Antonio,TX,681,SAN ANTONIO DISTRICT OFFICE,11,6976700,5141850,634245.45,73.7
"Bank of America, National Association",Charlotte,NC,681,SAN ANTONIO DISTRICT OFFICE,20,6966400,4343250,348320.0,62.35
First IC Bank,Doraville,GA,459,ALABAMA DISTRICT OFFICE,4,6960000,5220000,1740000.0,75.0
Hanover Community Bank,Mineola,NY,491,NORTH FLORIDA DISTRICT OFFICE,4,6951500,5213625,1737875.0,75.0
First Internet Bank of Indiana,Fishers,IN,464,SOUTH CAROLINA DISTRICT OFFICE,4,6947000,5085250,1736750.0,73.2
First IC Bank,Doraville,GA,202,NEW YORK DISTRICT OFFICE,2,6940000,5205000,3470000.0,75.0
"Centerstone SBA Lending, Inc.",Los Angeles,CA,507,ILLINOIS DISTRICT OFFICE,9,6934000,5200500,770444.44,75.0
First Bank of the Lake,Osage Beach,MO,299,NEW JERSEY DISTRICT OFFICE,21,6902400,5284300,328685.71,76.56
First-Citizens Bank & Trust Company,Raleigh,NC,914,LOS ANGELES DISTRICT OFFICE,6,6899400,5074550,1149900.0,73.55
Mountain America FCU,Sandy,UT,1087,BOISE DISTRICT OFFICE,22,6896300,5043205,313468.18,73.13
Colorado Enterprise Fund,Denver,CO,811,COLORADO DISTRICT OFFICE,38,6887600,5427710,181252.63,78.8
Woori America Bank,New York,NY,373,BALTIMORE DISTRICT OFFICE,3,6867000,5150250,2289000.0,75.0
BayFirst National Bank,Saint Petersburg,FL,1086,PORTLAND DISTRICT OFFICE,42,6845600,5635290,162990.48,82.32
First National Bank of Omaha,Omaha,NE,766,NEBRASKA DISTRICT OFFICE,16,6845500,4823375,427843.75,70.46
KeyBank National Association,Cleveland,OH,296,BUFFALO DISTRICT OFFICE,54,6843700,4137300,126735.19,60.45
"INTRUST Bank, National Association",Wichita,KS,767,WICHITA DISTRICT OFFICE,11,6822600,4647370,620236.36,68.12
North State Bank,Raleigh,NC,455,SOUTH FLORIDA DISTRICT OFFICE,8,6814000,5110500,851750.0,75.0
Pinnacle Bank,Elberton,GA,405,GEORGIA DISTRICT OFFICE,9,6804000,5103000,756000.0,75.0
Norway Savings Bank,Norway,ME,172,MAINE DISTRICT OFFICE,19,6800000,4757500,357894.74,69.96
American Bank of Freedom,Wellsville,MO,768,ST. LOUIS DISTRICT OFFICE,7,6794000,5095500,970571.43,75.0
"Newtek Bank, National Association",Miami,FL,951,HAWAII DISTRICT OFFICE,12,6791000,5070750,565916.67,74.67
Banc of California,Los Angeles,CA,610,DALLAS / FT WORTH DISTRICT OFFICE,2,6777000,5082750,3388500.0,75.0
"United Midwest Savings Bank, National Association",De Graff,OH,562,INDIANA DISTRICT OFFICE,14,6776000,5185500,484000.0,76.53
River Bank & Trust,Prattville,AL,459,ALABAMA DISTRICT OFFICE,13,6765000,4941600,520384.62,73.05
Quaint Oak Bank,Southampton,PA,303,PHILADELPHIA DISTRICT OFFICE,7,6762000,5072500,966000.0,75.01
First Horizon Bank,Memphis,TN,460,NORTH CAROLINA DISTRICT OFFICE,6,6758900,4919175,1126483.33,72.78
Pathward National Association,Sioux Falls,SD,761,DES MOINES DISTRICT OFFICE,3,6758000,4956000,2252666.67,73.34
KeyBank National Association,Cleveland,OH,156,CONNECTICUT DISTRICT OFFICE,36,6749400,4428975,187483.33,65.62
BayFirst National Bank,Saint Petersburg,FL,464,SOUTH CAROLINA DISTRICT OFFICE,40,6749000,5559650,168725.0,82.38
First National Bank of Pennsylvania,Greenville,PA,373,BALTIMORE DISTRICT OFFICE,7,6734800,4882350,962114.29,72.49
Northeast Bank,Lewiston,ME,515,MICHIGAN DISTRICT OFFICE,58,6734400,5375880,116110.34,79.83
"United Midwest Savings Bank, National Association",De Graff,OH,671,HOUSTON DISTRICT OFFICE,25,6724000,5350500,268960.0,79.57
"The Farmers Bank, Frankfort, Indiana",Frankfort,IN,562,INDIANA DISTRICT OFFICE,13,6711500,4792195,516269.23,71.4
"Readycap Lending, LLC",Berkeley Heights,NJ,883,UTAH DISTRICT OFFICE,27,6700500,5134675,248166.67,76.63
"Westfield Bank, FSB",Westfield Center,OH,549,CLEVELAND DISTRICT OFFICE,2,6692900,5019675,3346450.0,75.0
Centennial Bank,Conway,AR,455,SOUTH FLORIDA DISTRICT OFFICE,9,6672000,4929000,741333.33,73.88
"Fulton Bank, National Association",Lancaster,PA,353,WASHINGTON DISTRICT OFFICE,13,6658900,4837925,512223.08,72.65
Commonwealth Business Bank,Los Angeles,CA,610,DALLAS / FT WORTH DISTRICT OFFICE,11,6658000,4993500,605272.73,75.0
RiverBank,Spokane,WA,1013,SEATTLE DISTRICT OFFICE,11,6656400,4830375,605127.27,72.57
Live Oak Banking Company,Wilmington,NC,390,WEST VIRGINIA DISTRICT OFFICE,2,6650000,4987500,3325000.0,75.0
First State Bank Nebraska,Lincoln,NE,766,NEBRASKA DISTRICT OFFICE,20,6641900,4856115,332095.0,73.11
First Financial Bank,El Dorado,AR,507,ILLINOIS DISTRICT OFFICE,3,6640000,4980000,2213333.33,75.0
Cadence Bank,Tupelo,MS,299,NEW JERSEY DISTRICT OFFICE,21,6640000,5003000,316190.48,75.35
Pinnacle Bank,Morgan Hill,CA,931,SACRAMENTO DISTRICT OFFICE,6,6622000,4966500,1103666.67,75.0
"United Midwest Savings Bank, National Association",De Graff,OH,515,MICHIGAN DISTRICT OFFICE,21,6614000,5194500,314952.38,78.54
BNC National Bank,Glendale,AZ,988,ARIZONA DISTRICT OFFICE,13,6613500,4878125,508730.77,73.76
KeyBank National Association,Cleveland,OH,189,NEW HAMPSHIRE DISTRICT OFFICE,4,6608500,4918875,1652125.0,74.43
Stearns Bank National Association,Saint Cloud,MN,914,LOS ANGELES DISTRICT OFFICE,4,6589000,4941750,1647250.0,75.0
Main Street Launch,Oakland,CA,912,SAN FRANCISCO DISTRICT OFFICE,26,6587000,5013250,253346.15,76.11
Stearns Bank National Association,Saint Cloud,MN,549,CLEVELAND DISTRICT OFFICE,6,6581000,4950750,1096833.33,75.23
Dogwood State Bank,Raleigh,NC,491,NORTH FLORIDA DISTRICT OFFICE,7,6572100,4904075,938871.43,74.62
BayFirst National Bank,Saint Petersburg,FL,459,ALABAMA DISTRICT OFFICE,34,6567000,5295460,193147.06,80.64
CalPrivate Bank,La Jolla,CA,920,SANTA ANA DISTRICT OFFICE,7,6566200,4924650,938028.57,75.0
Cadence Bank,Tupelo,MS,1013,SEATTLE DISTRICT OFFICE,25,6565000,4981750,262600.0,75.88
FFB Bank,Fresno,CA,671,HOUSTON DISTRICT OFFICE,4,6565000,5173500,1641250.0,78.8
Southwestern National Bank,Houston,TX,920,SANTA ANA DISTRICT OFFICE,6,6565000,4923750,1094166.67,75.0
Wisconsin Women's Business Initiative Corporation,Milwaukee,WI,563,WISCONSIN DISTRICT OFFICE,40,6560500,5155875,164012.5,78.59
Byline Bank,Chicago,IL,931,SACRAMENTO DISTRICT OFFICE,4,6559000,4919250,1639750.0,75.0
The American National Bank of Texas,Terrell,TX,610,DALLAS / FT WORTH DISTRICT OFFICE,12,6557500,4818125,546458.33,73.48
Byline Bank,Chicago,IL,299,NEW JERSEY DISTRICT OFFICE,9,6543000,4732250,727000.0,72.33
"Harvest Small Business Finance, LLC",Laguna Hills,CA,942,FRESNO DISTRICT OFFICE,7,6530700,4898025,932957.14,75.0
"Wilmington Savings Fund Society, FSB",Wilmington,DE,353,WASHINGTON DISTRICT OFFICE,7,6516000,4812000,930857.14,73.85
Truist Bank,Charlotte,NC,304,RICHMOND DISTRICT OFFICE,5,6501000,4875750,1300200.0,75.0
Grasshopper Bank National Association,New York,NY,914,LOS ANGELES DISTRICT OFFICE,2,6489000,4866750,3244500.0,75.0
The Huntington National Bank,Columbus,OH,678,LUBBOCK DISTRICT OFFICE,12,6480800,4698100,540066.67,72.49
First Bank of Central Ohio,Worthington,OH,515,MICHIGAN DISTRICT OFFICE,3,6479500,4859625,2159833.33,75.0
Northeast Bank,Lewiston,ME,491,NORTH FLORIDA DISTRICT OFFICE,62,6470100,5228585,104356.45,80.81
Shoreham Bank,Warwick,RI,761,DES MOINES DISTRICT OFFICE,3,6467000,4850250,2155666.67,75.0
Celtic Bank Corporation,Salt Lake City,UT,353,WASHINGTON DISTRICT OFFICE,16,6463500,5005545,403968.75,77.44
American Continental Bank,City Of Industry,CA,914,LOS ANGELES DISTRICT OFFICE,12,6452000,4854000,537666.67,75.23
Hanmi Bank,Los Angeles,CA,304,RICHMOND DISTRICT OFFICE,3,6450000,4837500,2150000.0,75.0
FWBank,Chicago,IL,681,SAN ANTONIO DISTRICT OFFICE,5,6449000,4836750,1289800.0,75.0
Customers Bank,Malvern,PA,1013,SEATTLE DISTRICT OFFICE,6,6440000,4717500,1073333.33,73.25
Manufacturers and Traders Trust Company,Buffalo,NY,341,DELAWARE DISTRICT OFFICE,64,6437000,4425910,100578.12,68.76
City National Bank,Los Angeles,CA,931,SACRAMENTO DISTRICT OFFICE,7,6433000,4824750,919000.0,75.0
"Leader Bank, National Association",Arlington,MA,681,SAN ANTONIO DISTRICT OFFICE,3,6431000,2623250,2143666.67,40.79
Colony Bank,Fitzgerald,GA,942,FRESNO DISTRICT OFFICE,5,6431000,4838250,1286200.0,75.23
"United Midwest Savings Bank, National Association",De Graff,OH,474,TENNESSEE DISTRICT OFFICE,29,6428800,5100300,221682.76,79.34
First Bank of the Lake,Osage Beach,MO,358,PITTSBURGH DISTRICT OFFICE,3,6424000,4818000,2141333.33,75.0
Celtic Bank Corporation,Salt Lake City,UT,470,MISSISSIPPI DISTRICT OFFICE,5,6418500,4843875,1283700.0,75.47
First National Bank Alaska,Anchorage,AK,1084,ALASKA DISTRICT OFFICE,6,6414200,4810650,1069033.33,75.0
Old National Bank,Evansville,IN,455,SOUTH FLORIDA DISTRICT OFFICE,8,6413700,4747775,801712.5,74.03
The Yellowstone Bank,Billings,MT,885,MONTANA DISTRICT OFFICE,17,6411200,4749750,377129.41,74.09
The Huntington National Bank,Columbus,OH,680,OKLAHOMA DISTRICT OFFICE,24,6410300,4697725,267095.83,73.28
Gulf Coast Bank and Trust Company,New Orleans,LA,455,SOUTH FLORIDA DISTRICT OFFICE,9,6409100,4806825,712122.22,75.0
"United Midwest Savings Bank, National Association",De Graff,OH,912,SAN FRANCISCO DISTRICT OFFICE,11,6408900,4881675,582627.27,76.17
Hanmi Bank,Los Angeles,CA,920,SANTA ANA DISTRICT OFFICE,9,6408000,4816000,712000.0,75.16
Royal Business Bank,Los Angeles,CA,914,LOS ANGELES DISTRICT OFFICE,11,6407000,4831750,582454.55,75.41
BayFirst National Bank,Saint Petersburg,FL,549,CLEVELAND DISTRICT OFFICE,41,6405400,5285690,156229.27,82.52
The Bancorp Bank National Association,Sioux Falls,SD,610,DALLAS / FT WORTH DISTRICT OFFICE,7,6393500,4795125,913357.14,75.0
Hanover Community Bank,Mineola,NY,954,SAN DIEGO DISTRICT OFFICE,3,6382000,4786500,2127333.33,75.0
"VelocitySBA, LLC",Costa Mesa,CA,491,NORTH FLORIDA DISTRICT OFFICE,4,6378000,4783500,1594500.0,75.0
Old National Bank,Evansville,IN,457,KENTUCKY DISTRICT OFFICE,8,6377100,4600325,797137.5,72.14
"Newtek Bank, National Association",Miami,FL,885,MONTANA DISTRICT OFFICE,11,6370000,4700000,579090.91,73.78
"Citizens Bank, National Association",Providence,RI,101,MASSACHUSETTS DISTRICT OFFICE,21,6368600,3686350,303266.67,57.88
"Harvest Small Business Finance, LLC",Laguna Hills,CA,671,HOUSTON DISTRICT OFFICE,6,6360200,4770150,1060033.33,75.0
Peoples Bank,Bellingham,WA,1013,SEATTLE DISTRICT OFFICE,12,6357400,4650550,529783.33,73.15
Five Star Bank,Warsaw,NY,296,BUFFALO DISTRICT OFFICE,73,6357300,3727400,87086.3,58.63
Peoples State Bank,Wausau,WI,563,WISCONSIN DISTRICT OFFICE,8,6357000,4767750,794625.0,75.0
KeyBank National Association,Cleveland,OH,515,MICHIGAN DISTRICT OFFICE,22,6345900,4522950,288450.0,71.27
Kendall Bank,Overland Park,KS,709,KANSAS CITY DISTRICT OFFICE,8,6342600,4694450,792825.0,74.01
Pineland Bank,Alma,GA,491,NORTH FLORIDA DISTRICT OFFICE,6,6336400,4752300,1056066.67,75.0
"Newtek Bank, National Association",Miami,FL,165,RHODE ISLAND DISTRICT OFFICE,12,6335000,4760000,527916.67,75.14
Tandem Bank,Tucker,GA,405,GEORGIA DISTRICT OFFICE,11,6319500,4769775,574500.0,75.48
"Readycap Lending, LLC",Berkeley Heights,NJ,165,RHODE ISLAND DISTRICT OFFICE,11,6313500,4763625,573954.55,75.45
"JPMorgan Chase Bank, National Association",Columbus,OH,593,COLUMBUS DISTRICT OFFICE,39,6307000,3153500,161717.95,50.0
Veritex Community Bank,Dallas,TX,405,GEORGIA DISTRICT OFFICE,4,6302300,4726725,1575575.0,75.0
"Readycap Lending, LLC",Berkeley Heights,NJ,101,MASSACHUSETTS DISTRICT OFFICE,46,6299800,4846450,136952.17,76.93
Northwest Bank,Boise,ID,1087,BOISE DISTRICT OFFICE,7,6290000,4592500,898571.43,73.01
Truliant FCU,Winston Salem,NC,464,SOUTH CAROLINA DISTRICT OFFICE,5,6287200,4715400,1257440.0,75.0
Northwest Bank,Warren,PA,296,BUFFALO DISTRICT OFFICE,29,6283000,4472250,216655.17,71.18
CalPrivate Bank,La Jolla,CA,931,SACRAMENTO DISTRICT OFFICE,6,6280300,4710225,1046716.67,75.0
First Bank of the Lake,Osage Beach,MO,507,ILLINOIS DISTRICT OFFICE,20,6274900,4834875,313745.0,77.05
Farmers State Bank,Waterloo,IA,761,DES MOINES DISTRICT OFFICE,21,6269200,4660400,298533.33,74.34
First Bank of the Lake,Osage Beach,MO,681,SAN ANTONIO DISTRICT OFFICE,19,6265300,4797725,329752.63,76.58
"Wells Fargo Bank, National Association",Sioux Falls,SD,766,NEBRASKA DISTRICT OFFICE,13,6264400,4653300,481876.92,74.28
Commerce Bank,Kansas City,MO,709,KANSAS CITY DISTRICT OFFICE,34,6263500,4309090,184220.59,68.8
22nd State Bank,Louisville,AL,1013,SEATTLE DISTRICT OFFICE,2,6260000,4695000,3130000.0,75.0
"Bank of America, National Association",Charlotte,NC,515,MICHIGAN DISTRICT OFFICE,19,6247900,3853975,328836.84,61.68
Republic Bank & Trust Company,Louisville,KY,457,KENTUCKY DISTRICT OFFICE,26,6245300,4560155,240203.85,73.02
"Capital One, National Association",Mclean,VA,679,LOUISIANA DISTRICT OFFICE,4,6238400,4491050,1559600.0,71.99
Hanover Community Bank,Mineola,NY,914,LOS ANGELES DISTRICT OFFICE,2,6233000,4674750,3116500.0,75.0
"Harvest Small Business Finance, LLC",Laguna Hills,CA,373,BALTIMORE DISTRICT OFFICE,5,6228700,4671525,1245740.0,75.0
BayFirst National Bank,Saint Petersburg,FL,474,TENNESSEE DISTRICT OFFICE,45,6219700,5201345,138215.56,83.63
Bank of Ann Arbor,Ann Arbor,MI,515,MICHIGAN DISTRICT OFFICE,6,6213200,4659900,1035533.33,75.0
BankFirst Financial Services,Columbus,MS,459,ALABAMA DISTRICT OFFICE,15,6211900,4603490,414126.67,74.11
"TD Bank, National Association",Wilmington,DE,405,GEORGIA DISTRICT OFFICE,6,6202000,4645250,1033666.67,74.9
HomeTown Bank,Redwood Falls,MN,508,MINNESOTA DISTRICT OFFICE,2,6200000,4650000,3100000.0,75.0
Community Bank & Trust-West Georgia,Lagrange,GA,944,NEVADA DISTRICT OFFICE,6,6192200,4644150,1032033.33,75.0
"United Midwest Savings Bank, National Association",De Graff,OH,156,CONNECTICUT DISTRICT OFFICE,15,6179000,4781250,411933.33,77.38
Haddon Savings Bank,Haddon Heights,NJ,299,NEW JERSEY DISTRICT OFFICE,3,6176000,4632000,2058666.67,75.0
Idaho Central CU,Chubbuck,ID,1013,SEATTLE DISTRICT OFFICE,10,6173000,4302850,617300.0,69.7
Dogwood State Bank,Raleigh,NC,296,BUFFALO DISTRICT OFFICE,4,6160500,4620375,1540125.0,75.0
Bank of Hope,Los Angeles,CA,988,ARIZONA DISTRICT OFFICE,4,6160000,4620000,1540000.0,75.0
Exos Small Business Lending LLC,New York,NY,563,WISCONSIN DISTRICT OFFICE,2,6155000,4616250,3077500.0,75.0
Celtic Bank Corporation,Salt Lake City,UT,766,NEBRASKA DISTRICT OFFICE,8,6140200,4646570,767525.0,75.67
Bank Five Nine,Oconomowoc,WI,671,HOUSTON DISTRICT OFFICE,7,6132500,4599375,876071.43,75.0
Ion Bank,Naugatuck,CT,156,CONNECTICUT DISTRICT OFFICE,6,6130800,4598100,1021800.0,75.0
BayFirst National Bank,Saint Petersburg,FL,373,BALTIMORE DISTRICT OFFICE,42,6128500,5167325,145916.67,84.32
Peoples Bank and Trust Company,Edmond,OK,610,DALLAS / FT WORTH DISTRICT OFFICE,3,6123100,3561573,2041033.33,58.17
Lee Bank,Lee,MA,101,MASSACHUSETTS DISTRICT OFFICE,10,6122000,4211000,612200.0,68.78
Citizens Bank,Elizabethton,TN,353,WASHINGTON DISTRICT OFFICE,9,6115600,4586700,679511.11,75.0
Bank of Central Florida,Lakeland,FL,455,SOUTH FLORIDA DISTRICT OFFICE,7,6104000,4578000,872000.0,75.0
Exos Small Business Lending LLC,New York,NY,474,TENNESSEE DISTRICT OFFICE,2,6100500,4575375,3050250.0,75.0
First Bank,Hamilton,NJ,299,NEW JERSEY DISTRICT OFFICE,4,6100000,4718500,1525000.0,77.35
Woori America Bank,New York,NY,681,SAN ANTONIO DISTRICT OFFICE,3,6094800,4571100,2031600.0,75.0
Byline Bank,Chicago,IL,680,OKLAHOMA DISTRICT OFFICE,3,6091000,4568250,2030333.33,75.0
NewBank,Queens,NY,299,NEW JERSEY DISTRICT OFFICE,11,6089000,4593750,553545.45,75.44
PCB Bank,Los Angeles,CA,353,WASHINGTON DISTRICT OFFICE,5,6079000,4559250,1215800.0,75.0
Live Oak Banking Company,Wilmington,NC,373,BALTIMORE DISTRICT OFFICE,10,6079000,4465500,607900.0,73.46
Bank Five Nine,Oconomowoc,WI,549,CLEVELAND DISTRICT OFFICE,3,6077500,4558125,2025833.33,75.0
St. Louis Bank,St. Louis,MO,768,ST. LOUIS DISTRICT OFFICE,7,6077000,4557750,868142.86,75.0
Northeast Bank,Lewiston,ME,474,TENNESSEE DISTRICT OFFICE,52,6076000,4831730,116846.15,79.52
BMO Bank National Association,Chicago,IL,914,LOS ANGELES DISTRICT OFFICE,4,6069900,4552425,1517475.0,75.0
Western Alliance Bank,Phoenix,AZ,944,NEVADA DISTRICT OFFICE,5,6061800,4358850,1212360.0,71.91
"PNC Bank, National Association",Wilmington,DE,507,ILLINOIS DISTRICT OFFICE,37,6061100,4214575,163813.51,69.53
Banc of California,Los Angeles,CA,914,LOS ANGELES DISTRICT OFFICE,3,6058800,4544100,2019600.0,75.0
Byline Bank,Chicago,IL,470,MISSISSIPPI DISTRICT OFFICE,3,6050000,4412500,2016666.67,72.93
Plumas Bank,Quincy,CA,942,FRESNO DISTRICT OFFICE,3,6049300,4536975,2016433.33,75.0
Banc of California,Los Angeles,CA,202,NEW YORK DISTRICT OFFICE,2,6019300,4514475,3009650.0,75.0
Citizens Bank,Elizabethton,TN,883,UTAH DISTRICT OFFICE,12,6015700,4511775,501308.33,75.0
"Peoples National Bank, National Association",Mcleansboro,IL,768,ST. LOUIS DISTRICT OFFICE,4,6011000,5158250,1502750.0,85.81
First Community Bank,Bluefield,VA,304,RICHMOND DISTRICT OFFICE,20,6007100,3662575,300355.0,60.97
1st Financial Bank USA,Dakota Dunes,SD,460,NORTH CAROLINA DISTRICT OFFICE,3,6000000,4500000,2000000.0,75.0
21st Century Bank,Loretto,MN,508,MINNESOTA DISTRICT OFFICE,16,5997500,4380625,374843.75,73.04
Bank Five Nine,Oconomowoc,WI,912,SAN FRANCISCO DISTRICT OFFICE,4,5994000,4495500,1498500.0,75.0
"United Midwest Savings Bank, National Association",De Graff,OH,883,UTAH DISTRICT OFFICE,17,5985000,4650250,352058.82,77.7
"United Midwest Savings Bank, National Association",De Graff,OH,459,ALABAMA DISTRICT OFFICE,13,5981000,4585250,460076.92,76.66
Milestone Bank,Salt Lake City,UT,464,SOUTH CAROLINA DISTRICT OFFICE,3,5980000,4485000,1993333.33,75.0
United Community Bank,Greenville,SC,474,TENNESSEE DISTRICT OFFICE,4,5975000,4456250,1493750.0,74.58
Veritex Community Bank,Dallas,TX,460,NORTH CAROLINA DISTRICT OFFICE,5,5966900,4440175,1193380.0,74.41
Citizens Bank,Elizabethton,TN,474,TENNESSEE DISTRICT OFFICE,6,5958900,4469175,993150.0,75.0
Stearns Bank National Association,Saint Cloud,MN,1013,SEATTLE DISTRICT OFFICE,3,5950000,4450000,1983333.33,74.79
First Chatham Bank,Savannah,GA,610,DALLAS / FT WORTH DISTRICT OFFICE,5,5943000,4457250,1188600.0,75.0
"California Bank of Commerce, NA",San Diego,CA,954,SAN DIEGO DISTRICT OFFICE,6,5930000,4457500,988333.33,75.17
Exos Small Business Lending LLC,New York,NY,914,LOS ANGELES DISTRICT OFFICE,2,5930000,4447500,2965000.0,75.0
Meridian Bank,Malvern,PA,373,BALTIMORE DISTRICT OFFICE,6,5925000,4343750,987500.0,73.31
"JPMorgan Chase Bank, National Association",Columbus,OH,883,UTAH DISTRICT OFFICE,22,5921900,3449350,269177.27,58.25
Beneficial State Bank,Oakland,CA,1013,SEATTLE DISTRICT OFFICE,2,5910000,1972500,2955000.0,33.38
Citizens Bank,Elizabethton,TN,681,SAN ANTONIO DISTRICT OFFICE,5,5904000,4428000,1180800.0,75.0
Celtic Bank Corporation,Salt Lake City,UT,951,HAWAII DISTRICT OFFICE,6,5902700,4445325,983783.33,75.31
Manufacturers and Traders Trust Company,Buffalo,NY,304,RICHMOND DISTRICT OFFICE,56,5902300,3774455,105398.21,63.95
Univest Bank and Trust Co,Souderton,PA,341,DELAWARE DISTRICT OFFICE,4,5900000,4337500,1475000.0,73.52
Cadence Bank,Tupelo,MS,1086,PORTLAND DISTRICT OFFICE,19,5900000,4463500,310526.32,75.65
Gulf Coast Bank and Trust Company,New Orleans,LA,671,HOUSTON DISTRICT OFFICE,4,5883400,4412550,1470850.0,75.0
Bank of Hope,Los Angeles,CA,678,LUBBOCK DISTRICT OFFICE,2,5882000,4411500,2941000.0,75.0
United Business Bank,Walnut Creek,CA,912,SAN FRANCISCO DISTRICT OFFICE,4,5878000,4408500,1469500.0,75.0
"First Western SBLC, Inc",Dallas,TX,593,COLUMBUS DISTRICT OFFICE,2,5873000,4404750,2936500.0,75.0
Legacy Bank,Murrieta,CA,920,SANTA ANA DISTRICT OFFICE,8,5865000,4398750,733125.0,75.0
Southern Bancorp Bank,Arkadelphia,AR,669,ARKANSAS DISTRICT OFFICE,18,5862100,4310025,325672.22,73.52
Climate First Bank,St. Petersburg,FL,455,SOUTH FLORIDA DISTRICT OFFICE,5,5858200,4366150,1171640.0,74.53
American Momentum Bank,College Station,TX,681,SAN ANTONIO DISTRICT OFFICE,5,5857000,4392750,1171400.0,75.0
United Community Bank,Greenville,SC,202,NEW YORK DISTRICT OFFICE,3,5850000,4387500,1950000.0,75.0
Village Bank,Midlothian,VA,304,RICHMOND DISTRICT OFFICE,6,5846500,4384875,974416.67,75.0
Keystone Bank SSB,Bee Cave,TX,681,SAN ANTONIO DISTRICT OFFICE,9,5846000,4406500,649555.56,75.38
"Newtek Bank, National Association",Miami,FL,897,WYOMING DISTRICT OFFICE,14,5845000,4411250,417500.0,75.47
FirstBank,Lakewood,CO,811,COLORADO DISTRICT OFFICE,4,5837100,4365325,1459275.0,74.79
"Harvest Small Business Finance, LLC",Laguna Hills,CA,460,NORTH CAROLINA DISTRICT OFFICE,9,5835100,4376325,648344.44,75.0
BayFirst National Bank,Saint Petersburg,FL,304,RICHMOND DISTRICT OFFICE,47,5829000,4954650,124021.28,85.0
First Commonwealth Bank,Indiana,PA,303,PHILADELPHIA DISTRICT OFFICE,9,5824500,4460545,647166.67,76.58
Wilson Bank & Trust,Lebanon,TN,474,TENNESSEE DISTRICT OFFICE,7,5818500,4363875,831214.29,75.0
Milestone Bank,Salt Lake City,UT,811,COLORADO DISTRICT OFFICE,4,5816000,4237000,1454000.0,72.85
Team One CU,Saginaw,MI,515,MICHIGAN DISTRICT OFFICE,6,5810300,4373725,968383.33,75.28
"Wells Fargo Bank, National Association",Sioux Falls,SD,669,ARKANSAS DISTRICT OFFICE,4,5806800,4330100,1451700.0,74.57
"Texas Advantage Community Bank, National Association",Alvin,TX,671,HOUSTON DISTRICT OFFICE,3,5789000,4341750,1929666.67,75.0
Highpoint Community Bank,Hastings,MI,515,MICHIGAN DISTRICT OFFICE,3,5779100,4334325,1926366.67,75.0
First Chatham Bank,Savannah,GA,405,GEORGIA DISTRICT OFFICE,3,5775000,4331250,1925000.0,75.0
Berkshire Bank,Pittsfield,MA,681,SAN ANTONIO DISTRICT OFFICE,2,5760000,4320000,2880000.0,75.0
Simmons Bank,Pine Bluff,AR,709,KANSAS CITY DISTRICT OFFICE,5,5758100,4231075,1151620.0,73.48
American Business Bank,Anaheim,CA,920,SANTA ANA DISTRICT OFFICE,7,5758000,4106000,822571.43,71.31
Summit State Bank,Santa Rosa,CA,1013,SEATTLE DISTRICT OFFICE,5,5753000,4314750,1150600.0,75.0
Arizona Capital Source,Tucson,AZ,988,ARIZONA DISTRICT OFFICE,22,5751600,4344400,261436.36,75.53
OakStar Bank,Springfield,MO,680,OKLAHOMA DISTRICT OFFICE,2,5750000,4312500,2875000.0,75.0
Southwestern National Bank,Houston,TX,942,FRESNO DISTRICT OFFICE,4,5745000,4308750,1436250.0,75.0
Univest Bank and Trust Co,Souderton,PA,373,BALTIMORE DISTRICT OFFICE,5,5744000,4183000,1148800.0,72.82
Manasquan Bank,Wall Township,NJ,299,NEW JERSEY DISTRICT OFFICE,4,5741500,4310275,1435375.0,75.07
SouthPoint Bank,Birmingham,AL,459,ALABAMA DISTRICT OFFICE,5,5741400,4314300,1148280.0,75.14
The Bancorp Bank National Association,Sioux Falls,SD,671,HOUSTON DISTRICT OFFICE,6,5728900,4296675,954816.67,75.0
Independent Bank d/b/a Independent Financial,Mckinney,TX,671,HOUSTON DISTRICT OFFICE,8,5728300,4120700,716037.5,71.94
"Fulton Bank, National Association",Lancaster,PA,373,BALTIMORE DISTRICT OFFICE,13,5725500,4302125,440423.08,75.14
First Financial Bank,El Dorado,AR,562,INDIANA DISTRICT OFFICE,3,5725000,4293750,1908333.33,75.0
GBC International Bank,Los Angeles,CA,1013,SEATTLE DISTRICT OFFICE,8,5712000,4284000,714000.0,75.0
Granite Bank,Cold Spring,MN,508,MINNESOTA DISTRICT OFFICE,19,5706100,3931675,300321.05,68.9
Dogwood State Bank,Raleigh,NC,304,RICHMOND DISTRICT OFFICE,5,5705200,4260150,1141040.0,74.67
The Huntington National Bank,Columbus,OH,942,FRESNO DISTRICT OFFICE,24,5704500,4143375,237687.5,72.63
"Alerus Financial, National Association",Grand Forks,ND,563,WISCONSIN DISTRICT OFFICE,4,5700100,4635075,1425025.0,81.32
Equity Bank,Andover,KS,709,KANSAS CITY DISTRICT OFFICE,16,5694500,4008055,355906.25,70.38
22nd State Bank,Louisville,AL,405,GEORGIA DISTRICT OFFICE,4,5689300,4266975,1422325.0,75.0
Exos Small Business Lending LLC,New York,NY,299,NEW JERSEY DISTRICT OFFICE,3,5686000,4264500,1895333.33,75.0
Hanover Community Bank,Mineola,NY,405,GEORGIA DISTRICT OFFICE,2,5685000,4263750,2842500.0,75.0
"Bank of America, National Association",Charlotte,NC,474,TENNESSEE DISTRICT OFFICE,12,5681900,3865800,473491.67,68.04
Berkshire Bank,Pittsfield,MA,248,SYRACUSE DISTRICT OFFICE,7,5681000,4250750,811571.43,74.82
"Readycap Lending, LLC",Berkeley Heights,NJ,508,MINNESOTA DISTRICT OFFICE,31,5674500,4375875,183048.39,77.11
New York Business Development Corporation,Albany,NY,202,NEW YORK DISTRICT OFFICE,9,5673000,4269750,630333.33,75.26
Webster Bank National Association,Waterbury,CT,299,NEW JERSEY DISTRICT OFFICE,13,5671500,3503625,436269.23,61.78
Open Bank,Los Angeles,CA,405,GEORGIA DISTRICT OFFICE,3,5667000,4250250,1889000.0,75.0
Fortis Bank,Denver,CO,883,UTAH DISTRICT OFFICE,5,5656400,4242300,1131280.0,75.0
Mega Bank,San Gabriel,CA,914,LOS ANGELES DISTRICT OFFICE,5,5656000,4242000,1131200.0,75.0
Gulf Coast Bank and Trust Company,New Orleans,LA,491,NORTH FLORIDA DISTRICT OFFICE,3,5652500,4239375,1884166.67,75.0
The First National Bank of Carmi,Carmi,IL,562,INDIANA DISTRICT OFFICE,7,5647700,4210775,806814.29,74.56
PCB Bank,Los Angeles,CA,405,GEORGIA DISTRICT OFFICE,10,5642000,4241500,564200.0,75.18
Redwood CU,Santa Rosa,CA,912,SAN FRANCISCO DISTRICT OFFICE,11,5640000,3995000,512727.27,70.83
Cadence Bank,Tupelo,MS,639,LOWER RIO GRANDE VALLEY DISTRICT OFFICE,3,5640000,4244000,1880000.0,75.25
"Alerus Financial, National Association",Grand Forks,ND,988,ARIZONA DISTRICT OFFICE,8,5635900,4164425,704487.5,73.89
Cleveland State Bank,Cleveland,WI,563,WISCONSIN DISTRICT OFFICE,6,5619100,4205645,936516.67,74.85
Bank of the Orient,San Francisco,CA,671,HOUSTON DISTRICT OFFICE,2,5615000,4211250,2807500.0,75.0
US Metro Bank,Garden Grove,CA,610,DALLAS / FT WORTH DISTRICT OFFICE,4,5611000,4208250,1402750.0,75.0
Northwest Bank,Boise,ID,1086,PORTLAND DISTRICT OFFICE,7,5609000,4251750,801285.71,75.8
Old National Bank,Evansville,IN,768,ST. LOUIS DISTRICT OFFICE,4,5608300,4106225,1402075.0,73.22
Veritex Community Bank,Dallas,TX,455,SOUTH FLORIDA DISTRICT OFFICE,7,5607500,4143125,801071.43,73.89
Embassy National Bank,Lawrenceville,GA,405,GEORGIA DISTRICT OFFICE,5,5602000,4201500,1120400.0,75.0
"Fund-Ex Solutions Group, LLC",Davie,FL,405,GEORGIA DISTRICT OFFICE,2,5600400,4200300,2800200.0,75.0
First Chatham Bank,Savannah,GA,507,ILLINOIS DISTRICT OFFICE,10,5599700,3952870,559970.0,70.59
First Chatham Bank,Savannah,GA,944,NEVADA DISTRICT OFFICE,3,5599500,4343775,1866500.0,77.57
Meadows Bank,Las Vegas,NV,988,ARIZONA DISTRICT OFFICE,6,5598700,4199025,933116.67,75.0
"Lendistry SBLC, LLC",Los Angeles,CA,671,HOUSTON DISTRICT OFFICE,22,5594500,4370015,254295.45,78.11
American National Bank-Fox Cities,Appleton,WI,563,WISCONSIN DISTRICT OFFICE,15,5591700,4055150,372780.0,72.52
BayFirst National Bank,Saint Petersburg,FL,709,KANSAS CITY DISTRICT OFFICE,37,5582100,4664785,150867.57,83.57
"State Bank of the Lakes, National Association",Antioch,IL,507,ILLINOIS DISTRICT OFFICE,9,5562600,4121950,618066.67,74.1
BayFirst National Bank,Saint Petersburg,FL,562,INDIANA DISTRICT OFFICE,36,5553600,4594860,154266.67,82.74
Lake City Bank,Warsaw,IN,562,INDIANA DISTRICT OFFICE,13,5552700,3678400,427130.77,66.25
University First FCU,Salt Lake City,UT,883,UTAH DISTRICT OFFICE,28,5551100,3253575,198253.57,58.61
"Bank of America, National Association",Charlotte,NC,682,NEW MEXICO DISTRICT OFFICE,5,5533500,4062900,1106700.0,73.42
"Wells Fargo Bank, National Association",Sioux Falls,SD,709,KANSAS CITY DISTRICT OFFICE,4,5530000,4147500,1382500.0,75.0
"LendingClub Bank, National Association",Lehi,UT,811,COLORADO DISTRICT OFFICE,2,5528000,4146000,2764000.0,75.0
InBank,Raton,NM,455,SOUTH FLORIDA DISTRICT OFFICE,2,5508300,4131225,2754150.0,75.0
"CRF Small Business Loan Company, LLC",Minneapolis,MN,610,DALLAS / FT WORTH DISTRICT OFFICE,3,5500000,4000000,1833333.33,72.73
North State Bank,Raleigh,NC,491,NORTH FLORIDA DISTRICT OFFICE,8,5496500,4122375,687062.5,75.0
Hanover Community Bank,Mineola,NY,353,WASHINGTON DISTRICT OFFICE,2,5495000,4121250,2747500.0,75.0
Hanmi Bank,Los Angeles,CA,373,BALTIMORE DISTRICT OFFICE,6,5493000,4119750,915500.0,75.0
"Lendistry SBLC, LLC",Los Angeles,CA,954,SAN DIEGO DISTRICT OFFICE,37,5491400,4467690,148416.22,81.36
Katahdin Trust Co.,Patten,ME,172,MAINE DISTRICT OFFICE,17,5488700,3877875,322864.71,70.65
First Bank,Southern Pines,NC,405,GEORGIA DISTRICT OFFICE,5,5485600,4089200,1097120.0,74.54
First Service Bank,Greenbrier,AR,610,DALLAS / FT WORTH DISTRICT OFFICE,2,5485000,4113750,2742500.0,75.0
Regions Bank,Birmingham,AL,474,TENNESSEE DISTRICT OFFICE,10,5483700,4005160,548370.0,73.04
Enterprise Bank & Trust,Clayton,MO,709,KANSAS CITY DISTRICT OFFICE,4,5482000,4111500,1370500.0,75.0
Bank OZK,Little Rock,AR,669,ARKANSAS DISTRICT OFFICE,3,5476900,4107675,1825633.33,75.0
"Home Bank, National Association",Lafayette,LA,679,LOUISIANA DISTRICT OFFICE,6,5469600,4038670,911600.0,73.84
"PNC Bank, National Association",Wilmington,DE,299,NEW JERSEY DISTRICT OFFICE,67,5468700,3464150,81622.39,63.35
Encore Bank,Little Rock,AR,610,DALLAS / FT WORTH DISTRICT OFFICE,5,5463000,4097250,1092600.0,75.0
First Bank of the Lake,Osage Beach,MO,885,MONTANA DISTRICT OFFICE,3,5459500,4032125,1819833.33,73.86
Commercial Bank of California,Irvine,CA,914,LOS ANGELES DISTRICT OFFICE,3,5456500,4092375,1818833.33,75.0
Frost Bank,San Antonio,TX,678,LUBBOCK DISTRICT OFFICE,3,5456400,4099050,1818800.0,75.12
Enterprise Bank and Trust Company,Lowell,MA,101,MASSACHUSETTS DISTRICT OFFICE,19,5450200,3516600,286852.63,64.52
"Wells Fargo Bank, National Association",Sioux Falls,SD,304,RICHMOND DISTRICT OFFICE,46,5437500,3878125,118206.52,71.32
Mission Valley Bank,Sun Valley,CA,942,FRESNO DISTRICT OFFICE,2,5430000,4072500,2715000.0,75.0
Berkshire Bank,Pittsfield,MA,811,COLORADO DISTRICT OFFICE,3,5421500,4041125,1807166.67,74.54
"Wells Fargo Bank, National Association",Sioux Falls,SD,1084,ALASKA DISTRICT OFFICE,14,5408700,4017775,386335.71,74.28
First State Bank,New London,WI,563,WISCONSIN DISTRICT OFFICE,3,5397800,4003350,1799266.67,74.17
Cadence Bank,Tupelo,MS,303,PHILADELPHIA DISTRICT OFFICE,18,5390000,4060500,299444.44,75.33
"Newtek Bank, National Association",Miami,FL,189,NEW HAMPSHIRE DISTRICT OFFICE,12,5382000,4036500,448500.0,75.0
"Newtek Bank, National Association",Miami,FL,669,ARKANSAS DISTRICT OFFICE,19,5379000,4077000,283105.26,75.79
Berkshire Bank,Pittsfield,MA,353,WASHINGTON DISTRICT OFFICE,4,5375000,3968750,1343750.0,73.84
FFB Bank,Fresno,CA,912,SAN FRANCISCO DISTRICT OFFICE,2,5375000,4031250,2687500.0,75.0
Peoples Bank,Mendenhall,MS,460,NORTH CAROLINA DISTRICT OFFICE,2,5374000,4030500,2687000.0,75.0
"Leader Bank, National Association",Arlington,MA,671,HOUSTON DISTRICT OFFICE,4,5367400,4025550,1341850.0,75.0
Western Alliance Bank,Phoenix,AZ,954,SAN DIEGO DISTRICT OFFICE,7,5366800,3875100,766685.71,72.21
Truliant FCU,Winston Salem,NC,304,RICHMOND DISTRICT OFFICE,2,5363600,4022700,2681800.0,75.0
Hanover Community Bank,Mineola,NY,709,KANSAS CITY DISTRICT OFFICE,3,5355300,4016475,1785100.0,75.0
PlainsCapital Bank,Dallas,TX,671,HOUSTON DISTRICT OFFICE,4,5349200,3988650,1337300.0,74.57
First Horizon Bank,Memphis,TN,405,GEORGIA DISTRICT OFFICE,4,5318000,3988500,1329500.0,75.0
Celtic Bank Corporation,Salt Lake City,UT,299,NEW JERSEY DISTRICT OFFICE,19,5316100,4106775,279794.74,77.25
Northeast Bank,Lewiston,ME,671,HOUSTON DISTRICT OFFICE,46,5313600,4240910,115513.04,79.81
Ameris Bank,Atlanta,GA,405,GEORGIA DISTRICT OFFICE,6,5309100,3981825,884850.0,75.0
"Wilmington Savings Fund Society, FSB",Wilmington,DE,341,DELAWARE DISTRICT OFFICE,7,5305000,3978750,757857.14,75.0
Pathward National Association,Sioux Falls,SD,912,SAN FRANCISCO DISTRICT OFFICE,3,5300000,3882500,1766666.67,73.25
Valley National Bank,Passaic,NJ,299,NEW JERSEY DISTRICT OFFICE,5,5290600,3967950,1058120.0,75.0
b1BANK,Baton Rouge,LA,610,DALLAS / FT WORTH DISTRICT OFFICE,5,5283000,3962250,1056600.0,75.0
Colony Bank,Fitzgerald,GA,491,NORTH FLORIDA DISTRICT OFFICE,14,5279700,4094945,377121.43,77.56
BayFirst National Bank,Saint Petersburg,FL,593,COLUMBUS DISTRICT OFFICE,35,5274100,4398085,150688.57,83.39
Open Bank,Los Angeles,CA,678,LUBBOCK DISTRICT OFFICE,2,5274000,3955500,2637000.0,75.0
Bank OZK,Little Rock,AR,671,HOUSTON DISTRICT OFFICE,2,5262900,3947175,2631450.0,75.0
"Merchants Bank, National Association",Winona,MN,508,MINNESOTA DISTRICT OFFICE,11,5257800,3848800,477981.82,73.2
First Western Bank & Trust,Minot,ND,508,MINNESOTA DISTRICT OFFICE,13,5247400,3625700,403646.15,69.1
American Continental Bank,City Of Industry,CA,912,SAN FRANCISCO DISTRICT OFFICE,3,5237500,3928125,1745833.33,75.0
First Financial Bank,Cincinnati,OH,593,COLUMBUS DISTRICT OFFICE,12,5235500,3657875,436291.67,69.87
First Federal Savings Bank,Huntington,IN,562,INDIANA DISTRICT OFFICE,11,5234800,3873600,475890.91,74.0
Farmers and Merchants Bank,Lakeland,GA,491,NORTH FLORIDA DISTRICT OFFICE,3,5228000,3921000,1742666.67,75.0
Solvay Bank,Solvay,NY,248,SYRACUSE DISTRICT OFFICE,2,5224900,3918675,2612450.0,75.0
"Citizens Bank, National Association",Providence,RI,189,NEW HAMPSHIRE DISTRICT OFFICE,8,5224700,3843525,653087.5,73.56
First Chatham Bank,Savannah,GA,593,COLUMBUS DISTRICT OFFICE,3,5216000,3912000,1738666.67,75.0
Regions Bank,Birmingham,AL,681,SAN ANTONIO DISTRICT OFFICE,5,5214300,3910725,1042860.0,75.0
Woori America Bank,New York,NY,299,NEW JERSEY DISTRICT OFFICE,12,5212000,3854500,434333.33,73.95
Eclipse Bank Inc,Louisville,KY,593,COLUMBUS DISTRICT OFFICE,6,5211500,3858625,868583.33,74.04
Sunwest Bank,Sandy,UT,920,SANTA ANA DISTRICT OFFICE,2,5209900,3907425,2604950.0,75.0
"UMB Bank, National Association",Kansas City,MO,507,ILLINOIS DISTRICT OFFICE,2,5200000,3850000,2600000.0,74.04
Commonwealth Business Bank,Los Angeles,CA,951,HAWAII DISTRICT OFFICE,3,5195000,3896250,1731666.67,75.0
Celtic Bank Corporation,Salt Lake City,UT,101,MASSACHUSETTS DISTRICT OFFICE,14,5193700,4032145,370978.57,77.64
Byline Bank,Chicago,IL,491,NORTH FLORIDA DISTRICT OFFICE,6,5192000,3774000,865333.33,72.69
EntreBank,Bloomington,MN,508,MINNESOTA DISTRICT OFFICE,9,5191800,3606350,576866.67,69.46
First Business Bank,Madison,WI,920,SANTA ANA DISTRICT OFFICE,2,5188000,3891000,2594000.0,75.0
"T Bank, National Association",Dallas,TX,455,SOUTH FLORIDA DISTRICT OFFICE,3,5183200,3887400,1727733.33,75.0
Primary Bank,Bedford,NH,189,NEW HAMPSHIRE DISTRICT OFFICE,16,5180000,3663000,323750.0,70.71
Byline Bank,Chicago,IL,303,PHILADELPHIA DISTRICT OFFICE,3,5175000,3756250,1725000.0,72.58
Open Bank,Los Angeles,CA,931,SACRAMENTO DISTRICT OFFICE,7,5172500,3894375,738928.57,75.29
BayFirst National Bank,Saint Petersburg,FL,508,MINNESOTA DISTRICT OFFICE,31,5170000,4245030,166774.19,82.11
Citizens Bank,Elizabethton,TN,679,LOUISIANA DISTRICT OFFICE,11,5169300,3876975,469936.36,75.0
Sunrise Banks National Association,Saint Paul,MN,508,MINNESOTA DISTRICT OFFICE,30,5163000,3619350,172100.0,70.1
Truist Bank,Charlotte,NC,373,BALTIMORE DISTRICT OFFICE,3,5162000,3871500,1720666.67,75.0
Bank of Hope,Los Angeles,CA,1086,PORTLAND DISTRICT OFFICE,2,5159000,3545025,2579500.0,68.72
Veritex Community Bank,Dallas,TX,681,SAN ANTONIO DISTRICT OFFICE,4,5156500,4440780,1289125.0,86.12
Arvest Bank,Fayetteville,AR,669,ARKANSAS DISTRICT OFFICE,23,5140500,3393750,223500.0,66.02
Live Oak Banking Company,Wilmington,NC,1087,BOISE DISTRICT OFFICE,5,5130000,3857500,1026000.0,75.19
Citizens Bank,Elizabethton,TN,507,ILLINOIS DISTRICT OFFICE,5,5113900,3835425,1022780.0,75.0
"First Mid Bank & Trust, National Association",Mattoon,IL,507,ILLINOIS DISTRICT OFFICE,19,5113500,3600375,269131.58,70.41
"T Bank, National Association",Dallas,TX,101,MASSACHUSETTS DISTRICT OFFICE,4,5113000,3834750,1278250.0,75.0
"Citizens Bank, National Association",Providence,RI,515,MICHIGAN DISTRICT OFFICE,4,5109000,3669250,1277250.0,71.82
"Readycap Lending, LLC",Berkeley Heights,NJ,459,ALABAMA DISTRICT OFFICE,29,5099500,3948175,175844.83,77.42
First Commonwealth Bank,Indiana,PA,610,DALLAS / FT WORTH DISTRICT OFFICE,9,5098100,3798575,566455.56,74.51
Northeast Bank,Lewiston,ME,156,CONNECTICUT DISTRICT OFFICE,38,5096300,4008075,134113.16,78.65
Busey Bank,Champaign,IL,491,NORTH FLORIDA DISTRICT OFFICE,5,5095000,3758750,1019000.0,73.77
Pathward National Association,Sioux Falls,SD,671,HOUSTON DISTRICT OFFICE,3,5095000,3821250,1698333.33,75.0
MidWestOne Bank,Iowa City,IA,761,DES MOINES DISTRICT OFFICE,18,5093300,3619075,282961.11,71.06
Cadence Bank,Tupelo,MS,912,SAN FRANCISCO DISTRICT OFFICE,18,5093000,3894750,282944.44,76.47
BMO Bank National Association,Chicago,IL,920,SANTA ANA DISTRICT OFFICE,9,5085000,3813750,565000.0,75.0
"Lendistry SBLC, LLC",Los Angeles,CA,507,ILLINOIS DISTRICT OFFICE,23,5084400,3978900,221060.87,78.26
First Business Bank,Madison,WI,912,SAN FRANCISCO DISTRICT OFFICE,6,5084000,3813000,847333.33,75.0
First Business Bank,Madison,WI,931,SACRAMENTO DISTRICT OFFICE,5,5084000,3813000,1016800.0,75.0
Platinum Bank,Oakdale,MN,610,DALLAS / FT WORTH DISTRICT OFFICE,8,5082700,3774525,635337.5,74.26
First Financial Bank,El Dorado,AR,680,OKLAHOMA DISTRICT OFFICE,3,5081700,3811275,1693900.0,75.0
"Centerstone SBA Lending, Inc.",Los Angeles,CA,920,SANTA ANA DISTRICT OFFICE,3,5080000,3810000,1693333.33,75.0
"Citizens Bank, National Association",Providence,RI,299,NEW JERSEY DISTRICT OFFICE,12,5079200,3341900,423266.67,65.8
Arkansas Capital Corporation,Little Rock,AR,669,ARKANSAS DISTRICT OFFICE,16,5077400,3863070,317337.5,76.08
Exos Small Business Lending LLC,New York,NY,455,SOUTH FLORIDA DISTRICT OFFICE,2,5075000,3806250,2537500.0,75.0
Bank of Hope,Los Angeles,CA,299,NEW JERSEY DISTRICT OFFICE,3,5075000,3756250,1691666.67,74.01
"Village Bank and Trust, National Association",Arlington Heights,IL,562,INDIANA DISTRICT OFFICE,3,5075000,3681250,1691666.67,72.54
VisionBank of Iowa,Ames,IA,761,DES MOINES DISTRICT OFFICE,3,5074300,3805725,1691433.33,75.0
"First Western SBLC, Inc",Dallas,TX,358,PITTSBURGH DISTRICT OFFICE,2,5073000,3804750,2536500.0,75.0
KeyPoint CU,San Jose,CA,912,SAN FRANCISCO DISTRICT OFFICE,5,5072200,3804150,1014440.0,75.0
The Bancorp Bank National Association,Sioux Falls,SD,474,TENNESSEE DISTRICT OFFICE,4,5068100,3801075,1267025.0,75.0
Waukesha State Bank,Waukesha,WI,563,WISCONSIN DISTRICT OFFICE,10,5065600,3799200,506560.0,75.0
America First FCU,Riverdale,UT,1087,BOISE DISTRICT OFFICE,6,5061600,3807150,843600.0,75.22
"Bank of America, National Association",Charlotte,NC,248,SYRACUSE DISTRICT OFFICE,12,5058400,3347750,421533.33,66.18
"California Bank of Commerce, NA",San Diego,CA,920,SANTA ANA DISTRICT OFFICE,5,5058000,3793500,1011600.0,75.0
Regions Bank,Birmingham,AL,459,ALABAMA DISTRICT OFFICE,3,5055600,3806700,1685200.0,75.3
Enterprise Bank & Trust,Clayton,MO,457,KENTUCKY DISTRICT OFFICE,2,5055000,3791250,2527500.0,75.0
"Harvest Small Business Finance, LLC",Laguna Hills,CA,515,MICHIGAN DISTRICT OFFICE,7,5053000,3789750,721857.14,75.0
New Carlisle Federal Savings Bank,New Carlisle,OH,593,COLUMBUS DISTRICT OFFICE,21,5051900,2525950,240566.67,50.0
"United Midwest Savings Bank, National Association",De Graff,OH,811,COLORADO DISTRICT OFFICE,26,5050000,4049000,194230.77,80.18
BayFirst National Bank,Saint Petersburg,FL,156,CONNECTICUT DISTRICT OFFICE,38,5046300,4269355,132797.37,84.6
Endeavor Bank,San Diego,CA,954,SAN DIEGO DISTRICT OFFICE,3,5044100,3783075,1681366.67,75.0
First Interstate Bank,Billings,MT,876,SOUTH DAKOTA DISTRICT OFFICE,10,5040800,3774750,504080.0,74.88
"Heritage Bank, Inc.",Burlington,KY,671,HOUSTON DISTRICT OFFICE,7,5034000,4490000,719142.86,89.19
Customers Bank,Malvern,PA,303,PHILADELPHIA DISTRICT OFFICE,7,5030800,3448100,718685.71,68.54
"SouthState Bank, National Association",Winter Haven,FL,353,WASHINGTON DISTRICT OFFICE,15,5018600,3799950,334573.33,75.72
"Capital One, National Association",Mclean,VA,101,MASSACHUSETTS DISTRICT OFFICE,3,5016800,3762600,1672266.67,75.0
"Wells Fargo Bank, National Association",Sioux Falls,SD,677,EL PASO DISTRICT OFFICE,11,5011300,3723475,455572.73,74.3
Byline Bank,Chicago,IL,593,COLUMBUS DISTRICT OFFICE,6,5009000,3756750,834833.33,75.0
Cadence Bank,Tupelo,MS,988,ARIZONA DISTRICT OFFICE,17,5005000,3806250,294411.76,76.05
Armstrong Bank,Muskogee,OK,491,NORTH FLORIDA DISTRICT OFFICE,1,5000000,3750000,5000000.0,75.0
First Bank of Central Ohio,Worthington,OH,954,SAN DIEGO DISTRICT OFFICE,1,5000000,3750000,5000000.0,75.0
"Grow America Fund, Incorporated",New York,NY,680,OKLAHOMA DISTRICT OFFICE,1,5000000,3750000,5000000.0,75.0
Evolve Bank and Trust,West Memphis,AR,669,ARKANSAS DISTRICT OFFICE,1,5000000,3750000,5000000.0,75.0
Mission Valley Bank,Sun Valley,CA,680,OKLAHOMA DISTRICT OFFICE,1,5000000,3750000,5000000.0,75.0
Open Bank,Los Angeles,CA,766,NEBRASKA DISTRICT OFFICE,1,5000000,3750000,5000000.0,75.0
Open Bank,Los Angeles,CA,515,MICHIGAN DISTRICT OFFICE,1,5000000,3750000,5000000.0,75.0
Global One Bank,Houston,TX,681,SAN ANTONIO DISTRICT OFFICE,1,5000000,3750000,5000000.0,75.0
First Internet Bank of Indiana,Fishers,IN,766,NEBRASKA DISTRICT OFFICE,2,5000000,3687500,2500000.0,73.75
"Bank of America, National Association",Charlotte,NC,883,UTAH DISTRICT OFFICE,1,5000000,3750000,5000000.0,75.0
Northrim Bank,Anchorage,AK,1013,SEATTLE DISTRICT OFFICE,1,5000000,2600000,5000000.0,52.0
Peoples Bank,Mendenhall,MS,678,LUBBOCK DISTRICT OFFICE,1,5000000,3750000,5000000.0,75.0
Signature Bank of Georgia,Sandy Springs,GA,459,ALABAMA DISTRICT OFFICE,1,5000000,3750000,5000000.0,75.0
First Bank of the Lake,Osage Beach,MO,165,RHODE ISLAND DISTRICT OFFICE,1,5000000,3750000,5000000.0,75.0
Synovus Bank,Columbus,GA,460,NORTH CAROLINA DISTRICT OFFICE,1,5000000,3750000,5000000.0,75.0
American Continental Bank,City Of Industry,CA,671,HOUSTON DISTRICT OFFICE,1,5000000,3750000,5000000.0,75.0
Pinnacle Bank,Morgan Hill,CA,942,FRESNO DISTRICT OFFICE,1,5000000,3750000,5000000.0,75.0
Truist Bank,Charlotte,NC,156,CONNECTICUT DISTRICT OFFICE,1,5000000,3750000,5000000.0,75.0
"New Omni Bank, National Association",Alhambra,CA,914,LOS ANGELES DISTRICT OFFICE,1,5000000,3750000,5000000.0,75.0
GBank,Las Vegas,NV,811,COLORADO DISTRICT OFFICE,1,5000000,3750000,5000000.0,75.0
Hanover Community Bank,Mineola,NY,296,BUFFALO DISTRICT OFFICE,1,5000000,3750000,5000000.0,75.0
Shoreham Bank,Warwick,RI,358,PITTSBURGH DISTRICT OFFICE,1,5000000,3750000,5000000.0,75.0
HTLF Bank,Denver,CO,988,ARIZONA DISTRICT OFFICE,1,5000000,3750000,5000000.0,75.0
Shoreham Bank,Warwick,RI,944,NEVADA DISTRICT OFFICE,1,5000000,3750000,5000000.0,75.0
First IC Bank,Doraville,GA,455,SOUTH FLORIDA DISTRICT OFFICE,1,5000000,3750000,5000000.0,75.0
Mission Valley Bank,Sun Valley,CA,562,INDIANA DISTRICT OFFICE,1,5000000,3750000,5000000.0,75.0
New Millennium Bank,Fort Lee,NJ,610,DALLAS / FT WORTH DISTRICT OFFICE,1,5000000,3750000,5000000.0,75.0
CIBC Bank USA,Chicago,IL,912,SAN FRANCISCO DISTRICT OFFICE,1,5000000,3750000,5000000.0,75.0
Provident Bank,Jersey City,NJ,455,SOUTH FLORIDA DISTRICT OFFICE,2,5000000,3750000,2500000.0,75.0
Main Bank,Albuquerque,NM,682,NEW MEXICO DISTRICT OFFICE,1,5000000,3750000,5000000.0,75.0
InBank,Raton,NM,303,PHILADELPHIA DISTRICT OFFICE,1,5000000,3750000,5000000.0,75.0
American Business Bank,Anaheim,CA,944,NEVADA DISTRICT OFFICE,1,5000000,3750000,5000000.0,75.0
InBank,Raton,NM,671,HOUSTON DISTRICT OFFICE,1,5000000,3750000,5000000.0,75.0
Park State Bank,Duluth,MN,508,MINNESOTA DISTRICT OFFICE,1,5000000,3750000,5000000.0,75.0
Wallis Bank,Wallis,TX,709,KANSAS CITY DISTRICT OFFICE,1,5000000,3750000,5000000.0,75.0
Milestone Bank,Salt Lake City,UT,944,NEVADA DISTRICT OFFICE,1,5000000,3750000,5000000.0,75.0
Eclipse Bank Inc,Louisville,KY,303,PHILADELPHIA DISTRICT OFFICE,1,5000000,3750000,5000000.0,75.0
Truist Bank,Charlotte,NC,202,NEW YORK DISTRICT OFFICE,1,5000000,3750000,5000000.0,75.0
Spring Bank,New York City,NY,156,CONNECTICUT DISTRICT OFFICE,1,5000000,3750000,5000000.0,75.0
Millennium Bank,Des Plaines,IL,920,SANTA ANA DISTRICT OFFICE,1,5000000,3750000,5000000.0,75.0
Coastal States Bank,Hilton Head Island,SC,464,SOUTH CAROLINA DISTRICT OFFICE,1,5000000,3750000,5000000.0,75.0
Summit State Bank,Santa Rosa,CA,920,SANTA ANA DISTRICT OFFICE,1,5000000,3750000,5000000.0,75.0
Customers Bank,Malvern,PA,768,ST. LOUIS DISTRICT OFFICE,1,5000000,3750000,5000000.0,75.0
Truist Bank,Charlotte,NC,459,ALABAMA DISTRICT OFFICE,1,5000000,3750000,5000000.0,75.0
Cross River Bank,Teaneck,NJ,491,NORTH FLORIDA DISTRICT OFFICE,1,5000000,3750000,5000000.0,75.0
The Piedmont Bank,Norcross,GA,491,NORTH FLORIDA DISTRICT OFFICE,1,5000000,3750000,5000000.0,75.0
Millennium Bank,Des Plaines,IL,455,SOUTH FLORIDA DISTRICT OFFICE,1,5000000,3750000,5000000.0,75.0
Firstrust Savings Bank,Conshohocken,PA,353,WASHINGTON DISTRICT OFFICE,1,5000000,3750000,5000000.0,75.0
"Centerstone SBA Lending, Inc.",Los Angeles,CA,459,ALABAMA DISTRICT OFFICE,1,5000000,3750000,5000000.0,75.0
Southwestern National Bank,Houston,TX,680,OKLAHOMA DISTRICT OFFICE,1,5000000,3750000,5000000.0,75.0
First Foundation Bank,Irvine,CA,610,DALLAS / FT WORTH DISTRICT OFFICE,1,4997500,3748125,4997500.0,75.0
"Farmers State Bank of Alto Pass, Illinois",Alto Pass,IL,405,GEORGIA DISTRICT OFFICE,1,4995000,3746250,4995000.0,75.0
Community Choice CU,Farmington Hills,MI,515,MICHIGAN DISTRICT OFFICE,7,4992900,3688425,713271.43,73.87
"Readycap Lending, LLC",Berkeley Heights,NJ,1087,BOISE DISTRICT OFFICE,13,4992000,3807000,384000.0,76.26
"Connecticut Community Bank, National Association",Norwalk,CT,156,CONNECTICUT DISTRICT OFFICE,7,4991800,3743850,713114.29,75.0
The Bancorp Bank National Association,Sioux Falls,SD,1013,SEATTLE DISTRICT OFFICE,4,4991600,3681200,1247900.0,73.75
"United Midwest Savings Bank, National Association",De Graff,OH,914,LOS ANGELES DISTRICT OFFICE,13,4990600,3856450,383892.31,77.27
Bank of Hope,Los Angeles,CA,885,MONTANA DISTRICT OFFICE,2,4989900,3742425,2494950.0,75.0
"United Midwest Savings Bank, National Association",De Graff,OH,678,LUBBOCK DISTRICT OFFICE,5,4989000,3776750,997800.0,75.7
Enterprise Bank & Trust,Clayton,MO,912,SAN FRANCISCO DISTRICT OFFICE,5,4987900,3749115,997580.0,75.16
"U.S. Bank, National Association",Cincinnati,OH,876,SOUTH DAKOTA DISTRICT OFFICE,15,4987100,3616950,332473.33,72.53
"Lendistry SBLC, LLC",Los Angeles,CA,942,FRESNO DISTRICT OFFICE,25,4985700,3910215,199428.0,78.43
American Business Bank,Anaheim,CA,914,LOS ANGELES DISTRICT OFFICE,5,4978200,3661150,995640.0,73.54
First Bank of the Lake,Osage Beach,MO,474,TENNESSEE DISTRICT OFFICE,13,4977100,3770325,382853.85,75.75
Carolina Small Business Development Fund,Raleigh,NC,460,NORTH CAROLINA DISTRICT OFFICE,21,4976400,3765460,236971.43,75.67
Cross River Bank,Teaneck,NJ,455,SOUTH FLORIDA DISTRICT OFFICE,4,4971000,3628250,1242750.0,72.99
"PNC Bank, National Association",Wilmington,DE,678,LUBBOCK DISTRICT OFFICE,2,4969000,3601750,2484500.0,72.48
American Momentum Bank,College Station,TX,671,HOUSTON DISTRICT OFFICE,3,4968400,3726300,1656133.33,75.0
The Victory Bank,Limerick,PA,303,PHILADELPHIA DISTRICT OFFICE,8,4966000,3612000,620750.0,72.73
Colony Bank,Fitzgerald,GA,202,NEW YORK DISTRICT OFFICE,37,4961100,4011910,134083.78,80.87
First Bank of Central Ohio,Worthington,OH,491,NORTH FLORIDA DISTRICT OFFICE,1,4958800,3719100,4958800.0,75.0
Metro City Bank,Doraville,GA,459,ALABAMA DISTRICT OFFICE,5,4952000,3714000,990400.0,75.0
"Fulton Bank, National Association",Lancaster,PA,304,RICHMOND DISTRICT OFFICE,11,4951000,3723250,450090.91,75.2
Shoreham Bank,Warwick,RI,303,PHILADELPHIA DISTRICT OFFICE,1,4950000,3712500,4950000.0,75.0
The Bancorp Bank National Association,Sioux Falls,SD,299,NEW JERSEY DISTRICT OFFICE,6,4949500,3712125,824916.67,75.0
First State Bank,Shallowater,TX,767,WICHITA DISTRICT OFFICE,1,4945000,3708750,4945000.0,75.0
BMO Bank National Association,Chicago,IL,593,COLUMBUS DISTRICT OFFICE,1,4942800,3707100,4942800.0,75.0
Pinnacle Bank,Morgan Hill,CA,912,SAN FRANCISCO DISTRICT OFFICE,3,4940000,3705000,1646666.67,75.0
One Florida Bank,Orlando,FL,491,NORTH FLORIDA DISTRICT OFFICE,5,4936100,3702075,987220.0,75.0
First Savings Bank,Jeffersonville,IN,811,COLORADO DISTRICT OFFICE,4,4930000,3697500,1232500.0,75.0
First Bank & Trust,Brookings,SD,876,SOUTH DAKOTA DISTRICT OFFICE,15,4929700,3656075,328646.67,74.16
Fifth Third Bank,Cincinnati,OH,390,WEST VIRGINIA DISTRICT OFFICE,3,4929300,3552725,1643100.0,72.07
"Zions Bank, A Division of",Salt Lake City,UT,920,SANTA ANA DISTRICT OFFICE,17,4926700,3562005,289805.88,72.3
Colony Bank,Fitzgerald,GA,610,DALLAS / FT WORTH DISTRICT OFFICE,18,4926600,3812160,273700.0,77.38
Colony Bank,Fitzgerald,GA,390,WEST VIRGINIA DISTRICT OFFICE,1,4917000,4425300,4917000.0,90.0
Commercial Bank of California,Irvine,CA,920,SANTA ANA DISTRICT OFFICE,4,4910000,3682500,1227500.0,75.0
Byline Bank,Chicago,IL,912,SAN FRANCISCO DISTRICT OFFICE,5,4896000,3663718,979200.0,74.83
Security State Bank & Trust,Fredericksburg,TX,681,SAN ANTONIO DISTRICT OFFICE,8,4881400,3661050,610175.0,75.0
Cadence Bank,Tupelo,MS,464,SOUTH CAROLINA DISTRICT OFFICE,9,4866100,3649575,540677.78,75.0
Florence Bank,Florence,MA,101,MASSACHUSETTS DISTRICT OFFICE,9,4862700,3584525,540300.0,73.71
Univest Bank and Trust Co,Souderton,PA,358,PITTSBURGH DISTRICT OFFICE,7,4860000,3282500,694285.71,67.54
Seacoast National Bank,Stuart,FL,988,ARIZONA DISTRICT OFFICE,2,4857000,3642750,2428500.0,75.0
Shoreham Bank,Warwick,RI,709,KANSAS CITY DISTRICT OFFICE,2,4855000,3641250,2427500.0,75.0
Northeast Bank,Lewiston,ME,353,WASHINGTON DISTRICT OFFICE,46,4852000,3882290,105478.26,80.01
First Internet Bank of Indiana,Fishers,IN,931,SACRAMENTO DISTRICT OFFICE,3,4849000,3636750,1616333.33,75.0
KeyBank National Association,Cleveland,OH,202,NEW YORK DISTRICT OFFICE,31,4837500,3165625,156048.39,65.44
Truliant FCU,Winston Salem,NC,491,NORTH FLORIDA DISTRICT OFFICE,2,4836900,3627675,2418450.0,75.0
Berkshire Bank,Pittsfield,MA,920,SANTA ANA DISTRICT OFFICE,2,4835000,3501250,2417500.0,72.41
"Old Plank Trail Community Bank, National Association",Mokena,IL,457,KENTUCKY DISTRICT OFFICE,1,4832000,3624000,4832000.0,75.0
First Financial Bank,El Dorado,AR,405,GEORGIA DISTRICT OFFICE,6,4823900,3632425,803983.33,75.3
First Bank,Southern Pines,NC,912,SAN FRANCISCO DISTRICT OFFICE,3,4821000,3490750,1607000.0,72.41
Stearns Bank National Association,Saint Cloud,MN,202,NEW YORK DISTRICT OFFICE,14,4812800,3455850,343771.43,71.81
Gulf Coast Bank and Trust Company,New Orleans,LA,681,SAN ANTONIO DISTRICT OFFICE,2,4810000,3607500,2405000.0,75.0
Washington Trust Bank,Spokane,WA,883,UTAH DISTRICT OFFICE,1,4800000,3600000,4800000.0,75.0
GBank,Las Vegas,NV,156,CONNECTICUT DISTRICT OFFICE,1,4800000,3600000,4800000.0,75.0
First Pryority Bank,Pryor,OK,680,OKLAHOMA DISTRICT OFFICE,7,4798300,3429075,685471.43,71.46
Bank Five Nine,Oconomowoc,WI,405,GEORGIA DISTRICT OFFICE,3,4795000,3596250,1598333.33,75.0
Gesa CU,Richland,WA,1086,PORTLAND DISTRICT OFFICE,4,4792300,3594225,1198075.0,75.0
First Savings Bank,Jeffersonville,IN,156,CONNECTICUT DISTRICT OFFICE,2,4791000,3593250,2395500.0,75.0
Byline Bank,Chicago,IL,165,RHODE ISLAND DISTRICT OFFICE,1,4790000,3592500,4790000.0,75.0
Bank of San Francisco,San Francisco,CA,912,SAN FRANCISCO DISTRICT OFFICE,3,4786000,3589500,1595333.33,75.0
Grasshopper Bank National Association,New York,NY,202,NEW YORK DISTRICT OFFICE,3,4783400,3587550,1594466.67,75.0
FinWise Bank,Sandy,UT,455,SOUTH FLORIDA DISTRICT OFFICE,4,4780000,3585000,1195000.0,75.0
Hanmi Bank,Los Angeles,CA,912,SAN FRANCISCO DISTRICT OFFICE,2,4776000,3582000,2388000.0,75.0
Centennial Bank,Conway,AR,610,DALLAS / FT WORTH DISTRICT OFFICE,1,4775000,3581250,4775000.0,75.0
Grasshopper Bank National Association,New York,NY,767,WICHITA DISTRICT OFFICE,2,4772000,3579000,2386000.0,75.0
Enterprise Bank & Trust,Clayton,MO,682,NEW MEXICO DISTRICT OFFICE,6,4756000,3553200,792666.67,74.71
First Federal Savings Bank of Twin Falls,Twin Falls,ID,1087,BOISE DISTRICT OFFICE,4,4755000,3581250,1188750.0,75.32
STAR Financial Bank,Fort Wayne,IN,562,INDIANA DISTRICT OFFICE,37,4751000,2651075,128405.41,55.8
Truliant FCU,Winston Salem,NC,931,SACRAMENTO DISTRICT OFFICE,1,4750000,3562500,4750000.0,75.0
"United Midwest Savings Bank, National Association",De Graff,OH,1013,SEATTLE DISTRICT OFFICE,13,4748000,3681000,365230.77,77.53
Bank Five Nine,Oconomowoc,WI,914,LOS ANGELES DISTRICT OFFICE,3,4746000,3559500,1582000.0,75.0
Cadence Bank,Tupelo,MS,883,UTAH DISTRICT OFFICE,16,4745000,3589250,296562.5,75.64
"SouthState Bank, National Association",Winter Haven,FL,610,DALLAS / FT WORTH DISTRICT OFFICE,18,4736300,3657225,263127.78,77.22
"Zions Bank, A Division of",Salt Lake City,UT,811,COLORADO DISTRICT OFFICE,30,4736100,3385380,157870.0,71.48
Plumas Bank,Quincy,CA,944,NEVADA DISTRICT OFFICE,4,4729000,3546750,1182250.0,75.0
The Juniata Valley Bank,Mifflintown,PA,303,PHILADELPHIA DISTRICT OFFICE,5,4727000,3480750,945400.0,73.64
Ultima Bank Minnesota,Winger,MN,508,MINNESOTA DISTRICT OFFICE,14,4724700,3332275,337478.57,70.53
Bank Five Nine,Oconomowoc,WI,507,ILLINOIS DISTRICT OFFICE,4,4722000,3541500,1180500.0,75.0
"Lendistry SBLC, LLC",Los Angeles,CA,931,SACRAMENTO DISTRICT OFFICE,26,4717400,3821430,181438.46,81.01
PromiseOne Bank,Duluth,GA,610,DALLAS / FT WORTH DISTRICT OFFICE,3,4717000,3537750,1572333.33,75.0
"SouthState Bank, National Association",Winter Haven,FL,459,ALABAMA DISTRICT OFFICE,14,4715800,3594750,336842.86,76.23
FWBank,Chicago,IL,405,GEORGIA DISTRICT OFFICE,2,4710500,3532875,2355250.0,75.0
Mechanics & Farmers Bank,Durham,NC,460,NORTH CAROLINA DISTRICT OFFICE,9,4706100,3529575,522900.0,75.0
"JPMorgan Chase Bank, National Association",Columbus,OH,944,NEVADA DISTRICT OFFICE,22,4701000,2691750,213681.82,57.26
"TD Bank, National Association",Wilmington,DE,682,NEW MEXICO DISTRICT OFFICE,1,4700000,3525000,4700000.0,75.0
Shoreham Bank,Warwick,RI,767,WICHITA DISTRICT OFFICE,1,4694500,3520875,4694500.0,75.0
Synovus Bank,Columbus,GA,455,SOUTH FLORIDA DISTRICT OFFICE,5,4691500,3518625,938300.0,75.0
Bank of Clarke,Berryville,VA,373,BALTIMORE DISTRICT OFFICE,5,4687700,3500835,937540.0,74.68
Mechanics & Farmers Bank,Durham,NC,405,GEORGIA DISTRICT OFFICE,3,4686000,3514500,1562000.0,75.0
Northern Bank and Trust Company,Woburn,MA,101,MASSACHUSETTS DISTRICT OFFICE,9,4683000,3487250,520333.33,74.47
Pinnacle Bank,Nashville,TN,671,HOUSTON DISTRICT OFFICE,2,4680300,3510225,2340150.0,75.0
Triad Business Bank,Greensboro,NC,460,NORTH CAROLINA DISTRICT OFFICE,4,4678500,3508875,1169625.0,75.0
First Bank of the Lake,Osage Beach,MO,954,SAN DIEGO DISTRICT OFFICE,11,4678100,3541075,425281.82,75.69
Shoreham Bank,Warwick,RI,507,ILLINOIS DISTRICT OFFICE,3,4675000,3516250,1558333.33,75.21
First Savings Bank,Jeffersonville,IN,455,SOUTH FLORIDA DISTRICT OFFICE,5,4665100,3498825,933020.0,75.0
Heritage Bank of Commerce,San Jose,CA,912,SAN FRANCISCO DISTRICT OFFICE,9,4664000,3273000,518222.22,70.18
BMO Bank National Association,Chicago,IL,682,NEW MEXICO DISTRICT OFFICE,2,4663600,3497700,2331800.0,75.0
Customers Bank,Malvern,PA,470,MISSISSIPPI DISTRICT OFFICE,2,4663500,3497625,2331750.0,75.0
Farmers & Merchants Savings Bank,Manchester,IA,508,MINNESOTA DISTRICT OFFICE,8,4661300,3383475,582662.5,72.59
Fairfield County Bank,Ridgefield,CT,156,CONNECTICUT DISTRICT OFFICE,1,4654500,3490875,4654500.0,75.0
DFCU Financial,Dearborn,MI,515,MICHIGAN DISTRICT OFFICE,8,4651500,3351125,581437.5,72.04
Peoples Bank,Mendenhall,MS,671,HOUSTON DISTRICT OFFICE,2,4650000,3487500,2325000.0,75.0
BayFirst National Bank,Saint Petersburg,FL,883,UTAH DISTRICT OFFICE,39,4649200,3931920,119210.26,84.57
SouthPoint Bank,Birmingham,AL,470,MISSISSIPPI DISTRICT OFFICE,1,4647000,3485250,4647000.0,75.0
Northeast Bank,Minneapolis,MN,508,MINNESOTA DISTRICT OFFICE,15,4644000,3248000,309600.0,69.94
Hanmi Bank,Los Angeles,CA,671,HOUSTON DISTRICT OFFICE,5,4640000,3480000,928000.0,75.0
Paragon Bank,Memphis,TN,405,GEORGIA DISTRICT OFFICE,4,4634000,3485800,1158500.0,75.22
First Bank of Central Ohio,Worthington,OH,914,LOS ANGELES DISTRICT OFFICE,5,4632400,3474300,926480.0,75.0
Bridgewater Bank,Saint Louis Park,MN,508,MINNESOTA DISTRICT OFFICE,3,4632000,3411500,1544000.0,73.65
Northwest Bank,Warren,PA,101,MASSACHUSETTS DISTRICT OFFICE,3,4630000,3460000,1543333.33,74.73
First Bank of the Lake,Osage Beach,MO,457,KENTUCKY DISTRICT OFFICE,3,4629100,3471825,1543033.33,75.0
FFB Bank,Fresno,CA,883,UTAH DISTRICT OFFICE,1,4625000,3468750,4625000.0,75.0
"Community Banks of Colorado, A Division of",Greenwood Village,CO,610,DALLAS / FT WORTH DISTRICT OFFICE,3,4625000,3468750,1541666.67,75.0
Peoples Bank,Mendenhall,MS,459,ALABAMA DISTRICT OFFICE,4,4623900,3484345,1155975.0,75.36
Berkshire Bank,Pittsfield,MA,944,NEVADA DISTRICT OFFICE,2,4614000,3460500,2307000.0,75.0
"T Bank, National Association",Dallas,TX,954,SAN DIEGO DISTRICT OFFICE,1,4613400,3460050,4613400.0,75.0
Exos Small Business Lending LLC,New York,NY,931,SACRAMENTO DISTRICT OFFICE,3,4605000,3453750,1535000.0,75.0
"Harvest Small Business Finance, LLC",Laguna Hills,CA,682,NEW MEXICO DISTRICT OFFICE,2,4600000,3450000,2300000.0,75.0
"First Western SBLC, Inc",Dallas,TX,470,MISSISSIPPI DISTRICT OFFICE,2,4600000,3450000,2300000.0,75.0
First Financial Bank,El Dorado,AR,914,LOS ANGELES DISTRICT OFFICE,2,4599000,3449250,2299500.0,75.0
MidWestOne Bank,Iowa City,IA,563,WISCONSIN DISTRICT OFFICE,8,4587800,3375850,573475.0,73.58
Bank of Hope,Los Angeles,CA,459,ALABAMA DISTRICT OFFICE,3,4578000,3371000,1526000.0,73.63
"Fund-Ex Solutions Group, LLC",Davie,FL,610,DALLAS / FT WORTH DISTRICT OFFICE,3,4577000,3432750,1525666.67,75.0
Sanibel Captiva Community Bank,Sanibel,FL,455,SOUTH FLORIDA DISTRICT OFFICE,5,4571000,3365750,914200.0,73.63
"CRF Small Business Loan Company, LLC",Minneapolis,MN,455,SOUTH FLORIDA DISTRICT OFFICE,4,4569000,3439350,1142250.0,75.28
Byline Bank,Chicago,IL,508,MINNESOTA DISTRICT OFFICE,7,4568000,3338500,652571.43,73.08
First Business Bank,Madison,WI,460,NORTH CAROLINA DISTRICT OFFICE,3,4559000,3419250,1519666.67,75.0
Truist Bank,Charlotte,NC,353,WASHINGTON DISTRICT OFFICE,2,4558900,3944175,2279450.0,86.52
"Fidelity Bank, National Association",Wichita,KS,767,WICHITA DISTRICT OFFICE,7,4555200,3262650,650742.86,71.62
"United Midwest Savings Bank, National Association",De Graff,OH,931,SACRAMENTO DISTRICT OFFICE,10,4550900,3458175,455090.0,75.99
Northeast Bank,Lewiston,ME,304,RICHMOND DISTRICT OFFICE,43,4542000,3636200,105627.91,80.06
Climate First Bank,St. Petersburg,FL,491,NORTH FLORIDA DISTRICT OFFICE,10,4541900,3431025,454190.0,75.54
First Interstate Bank,Billings,MT,1086,PORTLAND DISTRICT OFFICE,12,4538500,3343535,378208.33,73.67
SaviBank,Mount Vernon,WA,1086,PORTLAND DISTRICT OFFICE,4,4535800,3276850,1133950.0,72.24
First Chatham Bank,Savannah,GA,549,CLEVELAND DISTRICT OFFICE,4,4535000,3401250,1133750.0,75.0
Capital Community Bank,Provo,UT,883,UTAH DISTRICT OFFICE,7,4534000,3305500,647714.29,72.9
Celtic Bank Corporation,Salt Lake City,UT,358,PITTSBURGH DISTRICT OFFICE,5,4525000,3446750,905000.0,76.17
Enterprise Bank & Trust,Clayton,MO,988,ARIZONA DISTRICT OFFICE,7,4524700,3393525,646385.71,75.0
Grasshopper Bank National Association,New York,NY,405,GEORGIA DISTRICT OFFICE,2,4524000,3393000,2262000.0,75.0
Citizens Business Bank,Ontario,CA,920,SANTA ANA DISTRICT OFFICE,5,4520500,3390375,904100.0,75.0
PCB Bank,Los Angeles,CA,507,ILLINOIS DISTRICT OFFICE,3,4520000,3390000,1506666.67,75.0
GBank,Las Vegas,NV,459,ALABAMA DISTRICT OFFICE,4,4514000,3385500,1128500.0,75.0
East West Bank,Pasadena,CA,405,GEORGIA DISTRICT OFFICE,5,4513000,3384750,902600.0,75.0
Colony Bank,Fitzgerald,GA,761,DES MOINES DISTRICT OFFICE,3,4510000,3397500,1503333.33,75.33
Equity Bank,Andover,KS,767,WICHITA DISTRICT OFFICE,10,4510000,3125875,451000.0,69.31
Alma Bank,Astoria,NY,202,NEW YORK DISTRICT OFFICE,4,4510000,3382500,1127500.0,75.0
CIBC Bank USA,Chicago,IL,156,CONNECTICUT DISTRICT OFFICE,4,4505300,3178975,1126325.0,70.56
United Community Bank,Greenville,SC,988,ARIZONA DISTRICT OFFICE,5,4505000,3378750,901000.0,75.0
Peoples Bank,Marietta,OH,593,COLUMBUS DISTRICT OFFICE,14,4503300,3321225,321664.29,73.75
Synovus Bank,Columbus,GA,491,NORTH FLORIDA DISTRICT OFFICE,4,4502900,3364675,1125725.0,74.72
"CRF Small Business Loan Company, LLC",Minneapolis,MN,460,NORTH CAROLINA DISTRICT OFFICE,1,4500000,3375000,4500000.0,75.0
ServisFirst Bank,Birmingham,AL,464,SOUTH CAROLINA DISTRICT OFFICE,1,4500000,3375000,4500000.0,75.0
Encore Bank,Little Rock,AR,883,UTAH DISTRICT OFFICE,1,4500000,3375000,4500000.0,75.0
Glacier Bank,Kalispell,MT,883,UTAH DISTRICT OFFICE,3,4500000,3312500,1500000.0,73.61
KeyBank National Association,Cleveland,OH,1084,ALASKA DISTRICT OFFICE,18,4495300,3186425,249738.89,70.88
"Harvest Small Business Finance, LLC",Laguna Hills,CA,563,WISCONSIN DISTRICT OFFICE,5,4492500,3369375,898500.0,75.0
Independent Bank,Grand Rapids,MI,507,ILLINOIS DISTRICT OFFICE,1,4492000,3369000,4492000.0,75.0
Berkshire Bank,Pittsfield,MA,1013,SEATTLE DISTRICT OFFICE,3,4492000,2106000,1497333.33,46.88
Union National Bank,Elgin,IL,507,ILLINOIS DISTRICT OFFICE,17,4487700,2897025,263982.35,64.55
New Millennium Bank,Fort Lee,NJ,1013,SEATTLE DISTRICT OFFICE,3,4485000,3378750,1495000.0,75.33
Woori America Bank,New York,NY,353,WASHINGTON DISTRICT OFFICE,6,4481500,3361125,746916.67,75.0
First-Citizens Bank & Trust Company,Raleigh,NC,954,SAN DIEGO DISTRICT OFFICE,4,4472000,3279000,1118000.0,73.32
The Bancorp Bank National Association,Sioux Falls,SD,914,LOS ANGELES DISTRICT OFFICE,6,4468700,3351525,744783.33,75.0
Oconee State Bank,Watkinsville,GA,405,GEORGIA DISTRICT OFFICE,5,4467200,3365400,893440.0,75.34
GBank,Las Vegas,NV,912,SAN FRANCISCO DISTRICT OFFICE,1,4465000,3348750,4465000.0,75.0
Pathward National Association,Sioux Falls,SD,1086,PORTLAND DISTRICT OFFICE,4,4465000,3143750,1116250.0,70.41
"Libertyville Bank & Trust Company, National Association",Libertyville,IL,303,PHILADELPHIA DISTRICT OFFICE,2,4465000,3348750,2232500.0,75.0
Metro City Bank,Doraville,GA,491,NORTH FLORIDA DISTRICT OFFICE,1,4461500,3346125,4461500.0,75.0
The First National Bank of McGregor d/b/a TFNB Your Bank for,Mcgregor,TX,610,DALLAS / FT WORTH DISTRICT OFFICE,11,4460700,3398275,405518.18,76.18
Grasshopper Bank National Association,New York,NY,507,ILLINOIS DISTRICT OFFICE,1,4460000,3345000,4460000.0,75.0
Country Club Bank,Kansas City,MO,709,KANSAS CITY DISTRICT OFFICE,9,4459500,3307625,495500.0,74.17
First State Bank,Eastpointe,MI,515,MICHIGAN DISTRICT OFFICE,3,4455700,3341775,1485233.33,75.0
The Huntington National Bank,Columbus,OH,189,NEW HAMPSHIRE DISTRICT OFFICE,10,4455500,3269125,445550.0,73.37
KeyBank National Association,Cleveland,OH,358,PITTSBURGH DISTRICT OFFICE,25,4454500,2918375,178180.0,65.52
"Lendistry SBLC, LLC",Los Angeles,CA,405,GEORGIA DISTRICT OFFICE,30,4454400,3603120,148480.0,80.89
First Utah Bank,Salt Lake City,UT,988,ARIZONA DISTRICT OFFICE,1,4450000,3337500,4450000.0,75.0
Everwise Credit Union,South Bend,IN,165,RHODE ISLAND DISTRICT OFFICE,1,4450000,3337500,4450000.0,75.0
First Bank of Central Ohio,Worthington,OH,455,SOUTH FLORIDA DISTRICT OFFICE,3,4449000,3336750,1483000.0,75.0
"VelocitySBA, LLC",Costa Mesa,CA,563,WISCONSIN DISTRICT OFFICE,6,4445000,3333750,740833.33,75.0
Enterprise Bank & Trust,Clayton,MO,515,MICHIGAN DISTRICT OFFICE,2,4440500,3330375,2220250.0,75.0
"First Western SBLC, Inc",Dallas,TX,767,WICHITA DISTRICT OFFICE,3,4440000,3330000,1480000.0,75.0
Citizens Bank,Elizabethton,TN,304,RICHMOND DISTRICT OFFICE,9,4429700,3322275,492188.89,75.0
First Interstate Bank,Billings,MT,885,MONTANA DISTRICT OFFICE,12,4427700,3256085,368975.0,73.54
Enterprise Bank & Trust,Clayton,MO,766,NEBRASKA DISTRICT OFFICE,1,4423900,3317925,4423900.0,75.0
Enterprise Bank and Trust Company,Lowell,MA,189,NEW HAMPSHIRE DISTRICT OFFICE,16,4422000,2828500,276375.0,63.96
First Commonwealth Bank,Indiana,PA,457,KENTUCKY DISTRICT OFFICE,3,4414500,3260875,1471500.0,73.87
22nd State Bank,Louisville,AL,299,NEW JERSEY DISTRICT OFFICE,4,4411100,3308325,1102775.0,75.0
"Capital One, National Association",Mclean,VA,299,NEW JERSEY DISTRICT OFFICE,1,4410000,3307500,4410000.0,75.0
Hanmi Bank,Los Angeles,CA,944,NEVADA DISTRICT OFFICE,4,4408000,3321000,1102000.0,75.34
"MVB Bank, Inc.",Fairmont,WV,464,SOUTH CAROLINA DISTRICT OFFICE,1,4407100,3305325,4407100.0,75.0
Banc of California,Los Angeles,CA,920,SANTA ANA DISTRICT OFFICE,1,4403600,1609956,4403600.0,36.56
SouthWest Bank,Odessa,TX,678,LUBBOCK DISTRICT OFFICE,10,4402500,3345625,440250.0,75.99
Grasshopper Bank National Association,New York,NY,678,LUBBOCK DISTRICT OFFICE,1,4400000,3300000,4400000.0,75.0
First Financial Bank,El Dorado,AR,470,MISSISSIPPI DISTRICT OFFICE,6,4397500,3311825,732916.67,75.31
Black Hills FCU,Rapid City,SD,876,SOUTH DAKOTA DISTRICT OFFICE,19,4395900,3024175,231363.16,68.8
First Internet Bank of Indiana,Fishers,IN,1086,PORTLAND DISTRICT OFFICE,5,4391000,3268250,878200.0,74.43
Fidelity Deposit and Discount Bank,Dunmore,PA,303,PHILADELPHIA DISTRICT OFFICE,12,4388500,3266375,365708.33,74.43
LAF CU,Lansing,MI,515,MICHIGAN DISTRICT OFFICE,3,4382500,3286875,1460833.33,75.0
Port Richmond Savings,Philadelphia,PA,303,PHILADELPHIA DISTRICT OFFICE,1,4382400,3286800,4382400.0,75.0
"U.S. Bank, National Association",Cincinnati,OH,1087,BOISE DISTRICT OFFICE,50,4375300,2939250,87506.0,67.18
BayFirst National Bank,Saint Petersburg,FL,942,FRESNO DISTRICT OFFICE,29,4372500,3610525,150775.86,82.57
BayFirst National Bank,Saint Petersburg,FL,680,OKLAHOMA DISTRICT OFFICE,21,4372100,3497785,208195.24,80.0
"Harvest Small Business Finance, LLC",Laguna Hills,CA,988,ARIZONA DISTRICT OFFICE,7,4371000,3278250,624428.57,75.0
HomeTrust Bank,Asheville,NC,455,SOUTH FLORIDA DISTRICT OFFICE,5,4368000,3163500,873600.0,72.42
Bank of Hope,Los Angeles,CA,202,NEW YORK DISTRICT OFFICE,18,4367000,2727375,242611.11,62.45
Stearns Bank National Association,Saint Cloud,MN,610,DALLAS / FT WORTH DISTRICT OFFICE,6,4363500,3292625,727250.0,75.46
First Chatham Bank,Savannah,GA,669,ARKANSAS DISTRICT OFFICE,2,4360200,3270150,2180100.0,75.0
Citizens State Bank,Hudson,WI,508,MINNESOTA DISTRICT OFFICE,11,4354300,3173225,395845.45,72.88
Truliant FCU,Winston Salem,NC,912,SAN FRANCISCO DISTRICT OFFICE,2,4350000,3877500,2175000.0,89.14
"U.S. Bank, National Association",Cincinnati,OH,455,SOUTH FLORIDA DISTRICT OFFICE,5,4344900,3212175,868980.0,73.93
West Town Bank & Trust,North Riverside,IL,920,SANTA ANA DISTRICT OFFICE,3,4340000,3255000,1446666.67,75.0
Byline Bank,Chicago,IL,353,WASHINGTON DISTRICT OFFICE,3,4338000,3253500,1446000.0,75.0
"Zions Bank, A Division of",Salt Lake City,UT,954,SAN DIEGO DISTRICT OFFICE,18,4327500,3125175,240416.67,72.22
InBank,Raton,NM,920,SANTA ANA DISTRICT OFFICE,1,4320000,3240000,4320000.0,75.0
CalPrivate Bank,La Jolla,CA,912,SAN FRANCISCO DISTRICT OFFICE,5,4318700,3239025,863740.0,75.0
IncredibleBank,Wausau,WI,563,WISCONSIN DISTRICT OFFICE,4,4317000,3237750,1079250.0,75.0
Fifth Third Bank,Cincinnati,OH,988,ARIZONA DISTRICT OFFICE,3,4313300,3234975,1437766.67,75.0
Citizens Bank,Elizabethton,TN,914,LOS ANGELES DISTRICT OFFICE,9,4312900,3249675,479211.11,75.35
Meredith Village Savings Bank,Meredith,NH,189,NEW HAMPSHIRE DISTRICT OFFICE,38,4310200,2804000,113426.32,65.05
Bank of Idaho,Idaho Falls,ID,1087,BOISE DISTRICT OFFICE,17,4307600,3174640,253388.24,73.7
ChoiceOne Bank,Sparta,MI,515,MICHIGAN DISTRICT OFFICE,9,4302100,3008325,478011.11,69.93
Byline Bank,Chicago,IL,390,WEST VIRGINIA DISTRICT OFFICE,2,4300000,3225000,2150000.0,75.0
"WesBanco Bank, Inc.",Wheeling,WV,304,RICHMOND DISTRICT OFFICE,2,4300000,3100000,2150000.0,72.09
Community First CU,Neenah,WI,563,WISCONSIN DISTRICT OFFICE,4,4298600,3161450,1074650.0,73.55
Mega Bank,San Gabriel,CA,920,SANTA ANA DISTRICT OFFICE,2,4292000,3219000,2146000.0,75.0
Shoreham Bank,Warwick,RI,248,SYRACUSE DISTRICT OFFICE,3,4290000,3223500,1430000.0,75.14
"Bank of America, National Association",Charlotte,NC,373,BALTIMORE DISTRICT OFFICE,13,4286100,2448450,329700.0,57.13
The Bank of Commerce,Idaho Falls,ID,1087,BOISE DISTRICT OFFICE,21,4275500,2512750,203595.24,58.77
"PNC Bank, National Association",Wilmington,DE,914,LOS ANGELES DISTRICT OFFICE,7,4275000,2887500,610714.29,67.54
Berkshire Bank,Pittsfield,MA,405,GEORGIA DISTRICT OFFICE,3,4270000,3202500,1423333.33,75.0
GBC International Bank,Los Angeles,CA,1086,PORTLAND DISTRICT OFFICE,1,4265000,3198750,4265000.0,75.0
First Foundation Bank,Irvine,CA,920,SANTA ANA DISTRICT OFFICE,8,4263700,3072775,532962.5,72.07
The First Bank,Hattiesburg,MS,679,LOUISIANA DISTRICT OFFICE,5,4263300,3212475,852660.0,75.35
Customers Bank,Malvern,PA,671,HOUSTON DISTRICT OFFICE,2,4263000,3134750,2131500.0,73.53
Community National Bank,Derby,VT,150,VERMONT DISTRICT OFFICE,31,4259100,3174645,137390.32,74.54
Studio Bank,Nashville,TN,474,TENNESSEE DISTRICT OFFICE,3,4258000,3193500,1419333.33,75.0
"Alerus Financial, National Association",Grand Forks,ND,875,NORTH DAKOTA DISTRICT OFFICE,3,4251200,3188400,1417066.67,75.0
Fifth Third Bank,Cincinnati,OH,405,GEORGIA DISTRICT OFFICE,6,4250000,3156250,708333.33,74.26
Pathward National Association,Sioux Falls,SD,156,CONNECTICUT DISTRICT OFFICE,2,4250000,3125000,2125000.0,73.53
Popular Bank,New York City,NY,202,NEW YORK DISTRICT OFFICE,2,4250000,3187500,2125000.0,75.0
"Capital Bank, National Association",Rockville,MD,373,BALTIMORE DISTRICT OFFICE,5,4240000,3142500,848000.0,74.12
Hanover Community Bank,Mineola,NY,681,SAN ANTONIO DISTRICT OFFICE,3,4236900,3177675,1412300.0,75.0
Live Oak Banking Company,Wilmington,NC,150,VERMONT DISTRICT OFFICE,4,4235000,3063750,1058750.0,72.34
BankPlus,Belzoni,MS,470,MISSISSIPPI DISTRICT OFFICE,6,4231700,3171435,705283.33,74.94
PeopleFund,Austin,TX,681,SAN ANTONIO DISTRICT OFFICE,24,4213800,3292540,175575.0,78.14
Cornerstone Community Bank,Red Bluff,CA,931,SACRAMENTO DISTRICT OFFICE,11,4208000,2862375,382545.45,68.02
Bank of the West,Grapevine,TX,610,DALLAS / FT WORTH DISTRICT OFFICE,4,4207000,3155250,1051750.0,75.0
"Pendleton Community Bank, Inc.",Franklin,WV,390,WEST VIRGINIA DISTRICT OFFICE,4,4205000,3103750,1051250.0,73.81
"LendingClub Bank, National Association",Lehi,UT,681,SAN ANTONIO DISTRICT OFFICE,5,4204000,3153000,840800.0,75.0
22nd State Bank,Louisville,AL,491,NORTH FLORIDA DISTRICT OFFICE,5,4202000,3151500,840400.0,75.0
"Wilmington Savings Fund Society, FSB",Wilmington,DE,507,ILLINOIS DISTRICT OFFICE,1,4200000,3150000,4200000.0,75.0
Gulf Coast Bank and Trust Company,New Orleans,LA,474,TENNESSEE DISTRICT OFFICE,4,4198200,3148650,1049550.0,75.0
The Canandaigua National Bank and Trust Company,Canandaigua,NY,296,BUFFALO DISTRICT OFFICE,12,4193300,2871055,349441.67,68.47
Millennial Bank,Leeds,AL,460,NORTH CAROLINA DISTRICT OFFICE,1,4190000,3142500,4190000.0,75.0
"PNC Bank, National Association",Wilmington,DE,460,NORTH CAROLINA DISTRICT OFFICE,23,4188300,2963725,182100.0,70.76
Exos Small Business Lending LLC,New York,NY,610,DALLAS / FT WORTH DISTRICT OFFICE,3,4187000,3140250,1395666.67,75.0
LGE Community CU,Marietta,GA,405,GEORGIA DISTRICT OFFICE,3,4185500,1982475,1395166.67,47.37
America First FCU,Riverdale,UT,885,MONTANA DISTRICT OFFICE,2,4184100,3138075,2092050.0,75.0
"Northbrook Bank & Trust Company, National Association",Northbrook,IL,507,ILLINOIS DISTRICT OFFICE,7,4181200,3010900,597314.29,72.01
First-Citizens Bank & Trust Company,Raleigh,NC,682,NEW MEXICO DISTRICT OFFICE,3,4181000,3135750,1393666.67,75.0
Bank of Springfield,Springfield,IL,768,ST. LOUIS DISTRICT OFFICE,8,4180500,3085375,522562.5,73.8
Merchants Bank of Indiana,Carmel,IN,709,KANSAS CITY DISTRICT OFFICE,2,4179200,3134400,2089600.0,75.0
Peoples Bank,Lubbock,TX,678,LUBBOCK DISTRICT OFFICE,5,4177200,3132900,835440.0,75.0
"Incommons Bank, National Association",Mexia,TX,610,DALLAS / FT WORTH DISTRICT OFFICE,2,4172000,3129000,2086000.0,75.0
Branson Bank,Branson,MO,709,KANSAS CITY DISTRICT OFFICE,11,4172000,3044405,379272.73,72.97
"Community Banks of Colorado, A Division of",Greenwood Village,CO,709,KANSAS CITY DISTRICT OFFICE,15,4156500,2776725,277100.0,66.8
22nd State Bank,Louisville,AL,460,NORTH CAROLINA DISTRICT OFFICE,1,4150000,3112500,4150000.0,75.0
Security Bank,Tulsa,OK,680,OKLAHOMA DISTRICT OFFICE,10,4148400,2973900,414840.0,71.69
Enterprise Bank & Trust,Clayton,MO,1086,PORTLAND DISTRICT OFFICE,2,4147300,3110475,2073650.0,75.0
United Business Bank,Walnut Creek,CA,931,SACRAMENTO DISTRICT OFFICE,1,4145000,3108750,4145000.0,75.0
First Bank,Southern Pines,NC,942,FRESNO DISTRICT OFFICE,3,4140500,3105375,1380166.67,75.0
BayFirst National Bank,Saint Petersburg,FL,563,WISCONSIN DISTRICT OFFICE,30,4140200,3469170,138006.67,83.79
The Bancorp Bank National Association,Sioux Falls,SD,304,RICHMOND DISTRICT OFFICE,4,4132800,3099600,1033200.0,75.0
Plumas Bank,Quincy,CA,1086,PORTLAND DISTRICT OFFICE,3,4125900,3094425,1375300.0,75.0
Enterprise Bank & Trust,Clayton,MO,680,OKLAHOMA DISTRICT OFFICE,1,4122900,3092175,4122900.0,75.0
"Centerstone SBA Lending, Inc.",Los Angeles,CA,304,RICHMOND DISTRICT OFFICE,1,4120000,3090000,4120000.0,75.0
Wallis Bank,Wallis,TX,464,SOUTH CAROLINA DISTRICT OFFICE,1,4100000,3075000,4100000.0,75.0
Peoples Bank,Mendenhall,MS,304,RICHMOND DISTRICT OFFICE,1,4090100,3067575,4090100.0,75.0
Peoples Bank,Mendenhall,MS,681,SAN ANTONIO DISTRICT OFFICE,3,4090000,3067500,1363333.33,75.0
22nd State Bank,Louisville,AL,455,SOUTH FLORIDA DISTRICT OFFICE,5,4080600,3060450,816120.0,75.0
Stearns Bank National Association,Saint Cloud,MN,303,PHILADELPHIA DISTRICT OFFICE,5,4077500,3041875,815500.0,74.6
First Financial Bank,El Dorado,AR,709,KANSAS CITY DISTRICT OFFICE,3,4076000,3057000,1358666.67,75.0
Alpine Bank,Glenwood Springs,CO,811,COLORADO DISTRICT OFFICE,1,4064900,3048675,4064900.0,75.0
The Bancorp Bank National Association,Sioux Falls,SD,593,COLUMBUS DISTRICT OFFICE,3,4064400,2923300,1354800.0,71.92
Southern States Bank,Anniston,AL,405,GEORGIA DISTRICT OFFICE,9,4062800,3002100,451422.22,73.89
Northeast Bank,Lewiston,ME,303,PHILADELPHIA DISTRICT OFFICE,48,4057800,3402400,84537.5,83.85
Farmers & Merchants Bank & Trust,Marinette,WI,563,WISCONSIN DISTRICT OFFICE,3,4054000,3021750,1351333.33,74.54
Pinnacle Bank,Nashville,TN,304,RICHMOND DISTRICT OFFICE,7,4051000,2913250,578714.29,71.91
Bank Five Nine,Oconomowoc,WI,951,HAWAII DISTRICT OFFICE,1,4051000,3038250,4051000.0,75.0
"United Midwest Savings Bank, National Association",De Graff,OH,299,NEW JERSEY DISTRICT OFFICE,23,4048500,3346875,176021.74,82.67
"Lendistry SBLC, LLC",Los Angeles,CA,988,ARIZONA DISTRICT OFFICE,17,4042800,3169040,237811.76,78.39
"Citibank, N.A.",Sioux Falls,SD,920,SANTA ANA DISTRICT OFFICE,7,4042300,2676064,577471.43,66.2
Kitsap Bank,Port Orchard,WA,1013,SEATTLE DISTRICT OFFICE,10,4035000,2941250,403500.0,72.89
Academy Bank National Association,Kansas City,MO,709,KANSAS CITY DISTRICT OFFICE,5,4035000,2863750,807000.0,70.97
Citizens Bank,Elizabethton,TN,671,HOUSTON DISTRICT OFFICE,8,4030500,3022875,503812.5,75.0
Southern Bank and Trust Company,Mount Olive,NC,460,NORTH CAROLINA DISTRICT OFFICE,7,4029800,2689900,575685.71,66.75
NEPA Alliance Business Finance Corporation,Pittston,PA,303,PHILADELPHIA DISTRICT OFFICE,23,4029400,3098060,175191.3,76.89
Bank Five Nine,Oconomowoc,WI,639,LOWER RIO GRANDE VALLEY DISTRICT OFFICE,2,4029000,3021750,2014500.0,75.0
"Bank of America, National Association",Charlotte,NC,811,COLORADO DISTRICT OFFICE,5,4028000,2933500,805600.0,72.83
"Wells Fargo Bank, National Association",Sioux Falls,SD,373,BALTIMORE DISTRICT OFFICE,16,4022200,2916428,251387.5,72.51
FinWise Bank,Sandy,UT,474,TENNESSEE DISTRICT OFFICE,1,4020000,3015000,4020000.0,75.0
KeyBank National Association,Cleveland,OH,248,SYRACUSE DISTRICT OFFICE,43,4015700,2460225,93388.37,61.27
Midwest Regional Bank,Festus,MO,491,NORTH FLORIDA DISTRICT OFFICE,7,4012000,3009000,573142.86,75.0
The Freedom Bank of Virginia,Fairfax,VA,460,NORTH CAROLINA DISTRICT OFFICE,1,4010000,3007500,4010000.0,75.0
Citizens Bank,Elizabethton,TN,202,NEW YORK DISTRICT OFFICE,5,4007200,3005400,801440.0,75.0
GBC International Bank,Los Angeles,CA,883,UTAH DISTRICT OFFICE,1,4000000,3600000,4000000.0,90.0
FFB Bank,Fresno,CA,460,NORTH CAROLINA DISTRICT OFFICE,2,4000000,2925000,2000000.0,73.12
Cache Valley Bank,Logan,UT,931,SACRAMENTO DISTRICT OFFICE,1,4000000,2800000,4000000.0,70.0
First Internet Bank of Indiana,Fishers,IN,883,UTAH DISTRICT OFFICE,4,3996000,2947000,999000.0,73.75
First Chatham Bank,Savannah,GA,304,RICHMOND DISTRICT OFFICE,1,3995500,2996625,3995500.0,75.0
BayFirst National Bank,Saint Petersburg,FL,944,NEVADA DISTRICT OFFICE,27,3993900,3274165,147922.22,81.98
Milestone Bank,Salt Lake City,UT,610,DALLAS / FT WORTH DISTRICT OFFICE,1,3982500,2986875,3982500.0,75.0
West Town Bank & Trust,North Riverside,IL,507,ILLINOIS DISTRICT OFFICE,2,3977500,2903125,1988750.0,72.99
Live Oak Banking Company,Wilmington,NC,639,LOWER RIO GRANDE VALLEY DISTRICT OFFICE,4,3970000,2852500,992500.0,71.85
Cadence Bank,Tupelo,MS,470,MISSISSIPPI DISTRICT OFFICE,10,3969100,2976825,396910.0,75.0
"First Mid Bank & Trust, National Association",Mattoon,IL,610,DALLAS / FT WORTH DISTRICT OFFICE,3,3965000,2923750,1321666.67,73.74
Industrial Bank,Washington,DC,353,WASHINGTON DISTRICT OFFICE,6,3964500,2889625,660750.0,72.89
The Bancorp Bank National Association,Sioux Falls,SD,954,SAN DIEGO DISTRICT OFFICE,5,3961100,2908325,792220.0,73.42
Financial Resources FCU,Bridgewater,NJ,303,PHILADELPHIA DISTRICT OFFICE,3,3959000,2969250,1319666.67,75.0
First Bank,Southern Pines,NC,988,ARIZONA DISTRICT OFFICE,4,3941000,2955750,985250.0,75.0
First Oklahoma Bank,Jenks,OK,811,COLORADO DISTRICT OFFICE,2,3939000,2954250,1969500.0,75.0
Eastern Bank,Boston,MA,189,NEW HAMPSHIRE DISTRICT OFFICE,22,3938500,2631500,179022.73,66.81
"United Midwest Savings Bank, National Association",De Graff,OH,669,ARKANSAS DISTRICT OFFICE,5,3938000,2998500,787600.0,76.14
People's Bank of Seneca,Seneca,MO,709,KANSAS CITY DISTRICT OFFICE,1,3937900,2953425,3937900.0,75.0
Southern Bancorp Bank,Arkadelphia,AR,680,OKLAHOMA DISTRICT OFFICE,1,3936000,2952000,3936000.0,75.0
American Bank,Covington,LA,470,MISSISSIPPI DISTRICT OFFICE,4,3934500,2925875,983625.0,74.36
North Valley Bank,Zanesville,OH,299,NEW JERSEY DISTRICT OFFICE,1,3928000,982000,3928000.0,25.0
First Bank of the Lake,Osage Beach,MO,942,FRESNO DISTRICT OFFICE,6,3926100,2959575,654350.0,75.38
GBank,Las Vegas,NV,944,NEVADA DISTRICT OFFICE,6,3924200,2943150,654033.33,75.0
First IC Bank,Doraville,GA,680,OKLAHOMA DISTRICT OFFICE,3,3916000,2937000,1305333.33,75.0
American Momentum Bank,College Station,TX,455,SOUTH FLORIDA DISTRICT OFFICE,3,3916000,2937000,1305333.33,75.0
Gorham Savings Bank,Gorham,ME,172,MAINE DISTRICT OFFICE,25,3915400,2869440,156616.0,73.29
"United Midwest Savings Bank, National Association",De Graff,OH,682,NEW MEXICO DISTRICT OFFICE,6,3908000,2976000,651333.33,76.15
"T Bank, National Association",Dallas,TX,373,BALTIMORE DISTRICT OFFICE,1,3901000,2925750,3901000.0,75.0
First United Bank and Trust Company,Durant,OK,680,OKLAHOMA DISTRICT OFFICE,6,3900600,2837450,650100.0,72.74
"Citibank, N.A.",Sioux Falls,SD,101,MASSACHUSETTS DISTRICT OFFICE,1,3900000,780000,3900000.0,20.0
Bank of the Valley,Bellwood,NE,766,NEBRASKA DISTRICT OFFICE,1,3900000,2925000,3900000.0,75.0
Hanover Community Bank,Mineola,NY,358,PITTSBURGH DISTRICT OFFICE,2,3900000,2925000,1950000.0,75.0
Timberland Bank,Hoquiam,WA,1013,SEATTLE DISTRICT OFFICE,9,3896000,2833500,432888.89,72.73
"CRF Small Business Loan Company, LLC",Minneapolis,MN,944,NEVADA DISTRICT OFFICE,8,3895200,2936400,486900.0,75.39
Live Oak Banking Company,Wilmington,NC,766,NEBRASKA DISTRICT OFFICE,2,3893000,2919750,1946500.0,75.0
Enterprise Bank & Trust,Clayton,MO,405,GEORGIA DISTRICT OFFICE,2,3887500,2915625,1943750.0,75.0
Cadence Bank,Tupelo,MS,101,MASSACHUSETTS DISTRICT OFFICE,13,3884700,2950025,298823.08,75.94
"SouthState Bank, National Association",Winter Haven,FL,671,HOUSTON DISTRICT OFFICE,15,3880000,2984000,258666.67,76.91
"Fulton Bank, National Association",Lancaster,PA,341,DELAWARE DISTRICT OFFICE,5,3878700,2909025,775740.0,75.0
"Associated Bank, National Association",Green Bay,WI,507,ILLINOIS DISTRICT OFFICE,5,3878000,2908500,775600.0,75.0
"PNC Bank, National Association",Wilmington,DE,562,INDIANA DISTRICT OFFICE,22,3873000,2658500,176045.45,68.64
Troy Bank & Trust Company,Troy,AL,459,ALABAMA DISTRICT OFFICE,3,3872000,2904000,1290666.67,75.0
First Bank of Central Ohio,Worthington,OH,988,ARIZONA DISTRICT OFFICE,2,3871000,2903250,1935500.0,75.0
Pathward National Association,Sioux Falls,SD,341,DELAWARE DISTRICT OFFICE,1,3870000,2902500,3870000.0,75.0
Mission Valley Bank,Sun Valley,CA,299,NEW JERSEY DISTRICT OFFICE,2,3869200,2901900,1934600.0,75.0
Beach Cities Commercial Bank,Irvine,CA,920,SANTA ANA DISTRICT OFFICE,5,3867500,2900625,773500.0,75.0
"BOKF, National Association",Tulsa,OK,811,COLORADO DISTRICT OFFICE,6,3866000,2874500,644333.33,74.35
First Bank of the Lake,Osage Beach,MO,515,MICHIGAN DISTRICT OFFICE,14,3862300,2951975,275878.57,76.43
Open Bank,Los Angeles,CA,390,WEST VIRGINIA DISTRICT OFFICE,1,3856000,2892000,3856000.0,75.0
"Lendistry SBLC, LLC",Los Angeles,CA,303,PHILADELPHIA DISTRICT OFFICE,11,3854400,2981140,350400.0,77.34
"T Bank, National Association",Dallas,TX,942,FRESNO DISTRICT OFFICE,2,3852500,2889375,1926250.0,75.0
"Leader Bank, National Association",Arlington,MA,988,ARIZONA DISTRICT OFFICE,2,3845000,2883750,1922500.0,75.0
"Zions Bank, A Division of",Salt Lake City,UT,912,SAN FRANCISCO DISTRICT OFFICE,7,3838700,2849025,548385.71,74.22
First Chatham Bank,Savannah,GA,562,INDIANA DISTRICT OFFICE,2,3838200,2878650,1919100.0,75.0
"United Midwest Savings Bank, National Association",De Graff,OH,101,MASSACHUSETTS DISTRICT OFFICE,17,3838000,3094000,225764.71,80.61
Regions Bank,Birmingham,AL,679,LOUISIANA DISTRICT OFFICE,5,3837300,2777975,767460.0,72.39
Fortifi Bank,Berlin,WI,563,WISCONSIN DISTRICT OFFICE,7,3835400,2806550,547914.29,73.17
Berkshire Bank,Pittsfield,MA,189,NEW HAMPSHIRE DISTRICT OFFICE,5,3834000,2825500,766800.0,73.7
Bank of Clarke,Berryville,VA,304,RICHMOND DISTRICT OFFICE,7,3832000,2761500,547428.57,72.06
Hancock Whitney Bank,Gulfport,MS,470,MISSISSIPPI DISTRICT OFFICE,10,3825000,2881250,382500.0,75.33
Celtic Bank Corporation,Salt Lake City,UT,459,ALABAMA DISTRICT OFFICE,12,3817900,2992635,318158.33,78.38
The Central Trust Bank,Jefferson City,MO,768,ST. LOUIS DISTRICT OFFICE,26,3815800,3043250,146761.54,79.75
The Huntington National Bank,Columbus,OH,679,LOUISIANA DISTRICT OFFICE,16,3813900,2807925,238368.75,73.62
Woori America Bank,New York,NY,678,LUBBOCK DISTRICT OFFICE,2,3813000,2859750,1906500.0,75.0
Fifth Third Bank,Cincinnati,OH,457,KENTUCKY DISTRICT OFFICE,11,3804300,2571800,345845.45,67.6
Truliant FCU,Winston Salem,NC,920,SANTA ANA DISTRICT OFFICE,2,3800000,2850000,1900000.0,75.0
First Internet Bank of Indiana,Fishers,IN,639,LOWER RIO GRANDE VALLEY DISTRICT OFFICE,1,3800000,2850000,3800000.0,75.0
Horicon Bank,Horicon,WI,563,WISCONSIN DISTRICT OFFICE,4,3799000,2824250,949750.0,74.34
America First FCU,Riverdale,UT,682,NEW MEXICO DISTRICT OFFICE,1,3793100,2844825,3793100.0,75.0
River City Bank,Rome,GA,405,GEORGIA DISTRICT OFFICE,6,3793000,2856050,632166.67,75.3
Enterprise Bank & Trust,Clayton,MO,101,MASSACHUSETTS DISTRICT OFFICE,2,3792600,2844450,1896300.0,75.0
"Newtek Bank, National Association",Miami,FL,682,NEW MEXICO DISTRICT OFFICE,9,3791500,2860250,421277.78,75.44
Cogent Bank,Orlando,FL,405,GEORGIA DISTRICT OFFICE,7,3790300,2842725,541471.43,75.0
Bank Five Nine,Oconomowoc,WI,678,LUBBOCK DISTRICT OFFICE,2,3787000,2840250,1893500.0,75.0
Customers Bank,Malvern,PA,101,MASSACHUSETTS DISTRICT OFFICE,4,3782000,2742750,945500.0,72.52
Lake Michigan CU,Grand Rapids,MI,491,NORTH FLORIDA DISTRICT OFFICE,3,3779600,2834700,1259866.67,75.0
First State Bank,Shallowater,TX,610,DALLAS / FT WORTH DISTRICT OFFICE,3,3778000,2848500,1259333.33,75.4
22nd State Bank,Louisville,AL,1086,PORTLAND DISTRICT OFFICE,1,3775000,2831250,3775000.0,75.0
BMO Bank National Association,Chicago,IL,931,SACRAMENTO DISTRICT OFFICE,3,3775000,2831250,1258333.33,75.0
Hancock Whitney Bank,Gulfport,MS,303,PHILADELPHIA DISTRICT OFFICE,1,3775000,2831250,3775000.0,75.0
Lincoln Savings Bank,Reinbeck,IA,761,DES MOINES DISTRICT OFFICE,13,3760200,2877700,289246.15,76.53
22nd State Bank,Louisville,AL,303,PHILADELPHIA DISTRICT OFFICE,5,3755300,2816475,751060.0,75.0
Open Bank,Los Angeles,CA,942,FRESNO DISTRICT OFFICE,4,3755000,2816250,938750.0,75.0
Harborstone CU,Lakewood,WA,1013,SEATTLE DISTRICT OFFICE,9,3754500,2680375,417166.67,71.39
Grasshopper Bank National Association,New York,NY,515,MICHIGAN DISTRICT OFFICE,5,3753500,2815125,750700.0,75.0
"UMB Bank, National Association",Kansas City,MO,883,UTAH DISTRICT OFFICE,8,3751200,2650900,468900.0,70.67
GBC International Bank,Los Angeles,CA,912,SAN FRANCISCO DISTRICT OFFICE,4,3750000,3225000,937500.0,86.0
Bank of Charles Town,Charles Town,WV,390,WEST VIRGINIA DISTRICT OFFICE,2,3750000,2750000,1875000.0,73.33
First Bank Richmond,Richmond,IN,1087,BOISE DISTRICT OFFICE,1,3750000,2812500,3750000.0,75.0
First Bank of Central Ohio,Worthington,OH,460,NORTH CAROLINA DISTRICT OFFICE,2,3743500,2807625,1871750.0,75.0
iTHINK Financial CU,Delray Beach,FL,491,NORTH FLORIDA DISTRICT OFFICE,5,3739000,2804250,747800.0,75.0
First-Citizens Bank & Trust Company,Raleigh,NC,610,DALLAS / FT WORTH DISTRICT OFFICE,2,3736000,2802000,1868000.0,75.0
Celtic Bank Corporation,Salt Lake City,UT,464,SOUTH CAROLINA DISTRICT OFFICE,11,3733500,2877735,339409.09,77.08
Byline Bank,Chicago,IL,101,MASSACHUSETTS DISTRICT OFFICE,4,3730000,2777500,932500.0,74.46
"Commercial Bank of Texas, N.A.",Nacogdoches,TX,610,DALLAS / FT WORTH DISTRICT OFFICE,5,3729400,2560550,745880.0,68.66
Open Bank,Los Angeles,CA,944,NEVADA DISTRICT OFFICE,2,3725000,2793750,1862500.0,75.0
Primesouth Bank,Blackshear,GA,405,GEORGIA DISTRICT OFFICE,7,3724000,2818050,532000.0,75.67
Sabre Finance,Birmingham,AL,459,ALABAMA DISTRICT OFFICE,23,3716200,2913820,161573.91,78.41
Colony Bank,Fitzgerald,GA,914,LOS ANGELES DISTRICT OFFICE,27,3711800,3120030,137474.07,84.06
Commonwealth Business Bank,Los Angeles,CA,202,NEW YORK DISTRICT OFFICE,1,3710000,2782500,3710000.0,75.0
Peapack-Gladstone Bank,Bedminster,NJ,303,PHILADELPHIA DISTRICT OFFICE,5,3710000,2782500,742000.0,75.0
BMO Bank National Association,Chicago,IL,883,UTAH DISTRICT OFFICE,4,3709500,2782125,927375.0,75.0
Bank of the Rockies,Helena,MT,885,MONTANA DISTRICT OFFICE,6,3707000,2695250,617833.33,72.71
United Bank of Union,Union,MO,768,ST. LOUIS DISTRICT OFFICE,10,3706000,2684570,370600.0,72.44
"UMB Bank, National Association",Kansas City,MO,678,LUBBOCK DISTRICT OFFICE,2,3705000,2778750,1852500.0,75.0
Accompany Capital,New York,NY,202,NEW YORK DISTRICT OFFICE,16,3703000,2888250,231437.5,78.0
Wallis Bank,Wallis,TX,885,MONTANA DISTRICT OFFICE,2,3702000,2776500,1851000.0,75.0
"VelocitySBA, LLC",Costa Mesa,CA,988,ARIZONA DISTRICT OFFICE,5,3701700,2776275,740340.0,75.0
Hancock Whitney Bank,Gulfport,MS,459,ALABAMA DISTRICT OFFICE,6,3698000,2767000,616333.33,74.82
Bank Five Nine,Oconomowoc,WI,299,NEW JERSEY DISTRICT OFFICE,6,3696000,2772000,616000.0,75.0
Bank of Oak Ridge,Oak Ridge,NC,304,RICHMOND DISTRICT OFFICE,3,3694500,2770875,1231500.0,75.0
CIBC Bank USA,Chicago,IL,709,KANSAS CITY DISTRICT OFFICE,5,3692300,2719225,738460.0,73.65
Milestone Bank,Salt Lake City,UT,474,TENNESSEE DISTRICT OFFICE,2,3680400,2760300,1840200.0,75.0
"Centerstone SBA Lending, Inc.",Los Angeles,CA,610,DALLAS / FT WORTH DISTRICT OFFICE,2,3674000,2755500,1837000.0,75.0
Bank Five Nine,Oconomowoc,WI,165,RHODE ISLAND DISTRICT OFFICE,1,3673000,2754750,3673000.0,75.0
Northeast Bank,Lewiston,ME,1086,PORTLAND DISTRICT OFFICE,35,3672900,2953585,104940.0,80.42
Cadence Bank,Tupelo,MS,304,RICHMOND DISTRICT OFFICE,11,3672000,2804500,333818.18,76.38
BayFirst National Bank,Saint Petersburg,FL,248,SYRACUSE DISTRICT OFFICE,24,3671600,3085860,152983.33,84.05
Unity Bank,Clinton,NJ,299,NEW JERSEY DISTRICT OFFICE,4,3670900,2753175,917725.0,75.0
Hanover Community Bank,Mineola,NY,671,HOUSTON DISTRICT OFFICE,2,3670000,2752500,1835000.0,75.0
The State Bank and Trust Company,Defiance,OH,562,INDIANA DISTRICT OFFICE,6,3669200,2751900,611533.33,75.0
"Readycap Lending, LLC",Berkeley Heights,NJ,669,ARKANSAS DISTRICT OFFICE,12,3666500,2710725,305541.67,73.93
"United Midwest Savings Bank, National Association",De Graff,OH,679,LOUISIANA DISTRICT OFFICE,12,3665000,2866250,305416.67,78.21
Meridian Bank,Malvern,PA,341,DELAWARE DISTRICT OFFICE,7,3660000,2701250,522857.14,73.8
"United Midwest Savings Bank, National Association",De Graff,OH,304,RICHMOND DISTRICT OFFICE,16,3660000,2900000,228750.0,79.23
Trustmark National Bank,Jackson,MS,470,MISSISSIPPI DISTRICT OFFICE,27,3659000,2760555,135518.52,75.45
First Internet Bank of Indiana,Fishers,IN,358,PITTSBURGH DISTRICT OFFICE,1,3651000,2738250,3651000.0,75.0
St. Johns Bank and Trust Company,Saint Louis,MO,768,ST. LOUIS DISTRICT OFFICE,3,3649100,2674325,1216366.67,73.29
GBank,Las Vegas,NV,563,WISCONSIN DISTRICT OFFICE,2,3645000,2733750,1822500.0,75.0
Hanmi Bank,Los Angeles,CA,549,CLEVELAND DISTRICT OFFICE,2,3644000,2733000,1822000.0,75.0
"Old Plank Trail Community Bank, National Association",Mokena,IL,507,ILLINOIS DISTRICT OFFICE,6,3642000,2394000,607000.0,65.73
Mission Valley Bank,Sun Valley,CA,679,LOUISIANA DISTRICT OFFICE,2,3640900,2730675,1820450.0,75.0
GBank,Las Vegas,NV,914,LOS ANGELES DISTRICT OFFICE,1,3640000,2730000,3640000.0,75.0
"JPMorgan Chase Bank, National Association",Columbus,OH,101,MASSACHUSETTS DISTRICT OFFICE,15,3637800,2135475,242520.0,58.7
First Bank of the Lake,Osage Beach,MO,669,ARKANSAS DISTRICT OFFICE,4,3637400,2728050,909350.0,75.0
"TD Bank, National Association",Wilmington,DE,248,SYRACUSE DISTRICT OFFICE,32,3632400,2203200,113512.5,60.65
"PNC Bank, National Association",Wilmington,DE,610,DALLAS / FT WORTH DISTRICT OFFICE,24,3627000,2382750,151125.0,65.69
Banc of California,Los Angeles,CA,593,COLUMBUS DISTRICT OFFICE,1,3626000,2719500,3626000.0,75.0
CDC Small Business Finance Corporation,San Diego,CA,988,ARIZONA DISTRICT OFFICE,17,3624400,2780240,213200.0,76.71
First Security Bank,Byron,MN,508,MINNESOTA DISTRICT OFFICE,2,3623700,2717775,1811850.0,75.0
First Internet Bank of Indiana,Fishers,IN,709,KANSAS CITY DISTRICT OFFICE,4,3622000,2664250,905500.0,73.56
"Lendistry SBLC, LLC",Los Angeles,CA,460,NORTH CAROLINA DISTRICT OFFICE,18,3620700,2922695,201150.0,80.72
Southwestern National Bank,Houston,TX,709,KANSAS CITY DISTRICT OFFICE,1,3610000,2707500,3610000.0,75.0
First IC Bank,Doraville,GA,508,MINNESOTA DISTRICT OFFICE,3,3610000,2707500,1203333.33,75.0
Dogwood State Bank,Raleigh,NC,920,SANTA ANA DISTRICT OFFICE,3,3609800,2682350,1203266.67,74.31
First Commonwealth Bank,Indiana,PA,296,BUFFALO DISTRICT OFFICE,1,3608000,2706000,3608000.0,75.0
The Park National Bank,Newark,OH,405,GEORGIA DISTRICT OFFICE,2,3603500,2577625,1801750.0,71.53
Cornhusker Bank,Lincoln,NE,766,NEBRASKA DISTRICT OFFICE,9,3601800,2288600,400200.0,63.54
"Amerant Bank, National Association",Coral Gables,FL,681,SAN ANTONIO DISTRICT OFFICE,1,3600000,2700000,3600000.0,75.0
"SouthState Bank, National Association",Winter Haven,FL,681,SAN ANTONIO DISTRICT OFFICE,15,3594000,2777400,239600.0,77.28
"UMB Bank, National Association",Kansas City,MO,811,COLORADO DISTRICT OFFICE,12,3594000,2457988,299500.0,68.39
Flushing Bank,Uniondale,NY,299,NEW JERSEY DISTRICT OFFICE,3,3592000,2650250,1197333.33,73.78
Manufacturers and Traders Trust Company,Buffalo,NY,189,NEW HAMPSHIRE DISTRICT OFFICE,35,3587200,2283250,102491.43,63.65
"Readycap Lending, LLC",Berkeley Heights,NJ,457,KENTUCKY DISTRICT OFFICE,23,3585400,2676850,155886.96,74.66
"Flagship Enterprise Center, Inc. (dba Bankable)",Anderson,IN,562,INDIANA DISTRICT OFFICE,21,3573000,2826050,170142.86,79.09
"Wells Fargo Bank, National Association",Sioux Falls,SD,101,MASSACHUSETTS DISTRICT OFFICE,2,3571200,2678400,1785600.0,75.0
"Wheaton Bank & Trust Company, National Association",Wheaton,IL,507,ILLINOIS DISTRICT OFFICE,9,3567500,2429375,396388.89,68.1
Northeast Bank,Lewiston,ME,944,NEVADA DISTRICT OFFICE,37,3565100,2855335,96354.05,80.09
"United Midwest Savings Bank, National Association",De Graff,OH,1086,PORTLAND DISTRICT OFFICE,11,3562000,2761500,323818.18,77.53
United Bank of Iowa,Ida Grove,IA,761,DES MOINES DISTRICT OFFICE,8,3561000,2699850,445125.0,75.82
Banner Bank,Walla Walla,WA,914,LOS ANGELES DISTRICT OFFICE,5,3560000,2395000,712000.0,67.28
St. Mary's CU,Marlborough,MA,101,MASSACHUSETTS DISTRICT OFFICE,46,3553100,2311925,77241.3,65.07
First Horizon Bank,Memphis,TN,455,SOUTH FLORIDA DISTRICT OFFICE,3,3553000,2664750,1184333.33,75.0
Ameris Bank,Atlanta,GA,491,NORTH FLORIDA DISTRICT OFFICE,3,3552600,2664450,1184200.0,75.0
Pinnacle Bank,Nashville,TN,405,GEORGIA DISTRICT OFFICE,8,3551000,2557000,443875.0,72.01
CASE CU,Lansing,MI,515,MICHIGAN DISTRICT OFFICE,9,3550000,2012500,394444.44,56.69
Mountain America FCU,Sandy,UT,885,MONTANA DISTRICT OFFICE,3,3548100,2636075,1182700.0,74.3
Byline Bank,Chicago,IL,761,DES MOINES DISTRICT OFFICE,4,3547000,2610250,886750.0,73.59
First Bank of the Lake,Osage Beach,MO,101,MASSACHUSETTS DISTRICT OFFICE,12,3545500,2740285,295458.33,77.29
United Community Bank,Greenville,SC,464,SOUTH CAROLINA DISTRICT OFFICE,4,3545000,2608750,886250.0,73.59
Peoples Bank & Trust,Pana,IL,507,ILLINOIS DISTRICT OFFICE,13,3525800,2698290,271215.38,76.53
First Bank of the Lake,Osage Beach,MO,1013,SEATTLE DISTRICT OFFICE,12,3523600,2707700,293633.33,76.84
Citizens Bank,Elizabethton,TN,1013,SEATTLE DISTRICT OFFICE,5,3515000,2636250,703000.0,75.0
"VelocitySBA, LLC",Costa Mesa,CA,682,NEW MEXICO DISTRICT OFFICE,1,3515000,2636250,3515000.0,75.0
HomeTrust Bank,Asheville,NC,914,LOS ANGELES DISTRICT OFFICE,1,3508000,2631000,3508000.0,75.0
Commonwealth Business Bank,Los Angeles,CA,681,SAN ANTONIO DISTRICT OFFICE,2,3505000,2628750,1752500.0,75.0
Regions Bank,Birmingham,AL,491,NORTH FLORIDA DISTRICT OFFICE,8,3504000,2598000,438000.0,74.14
"U.S. Bank, National Association",Cincinnati,OH,189,NEW HAMPSHIRE DISTRICT OFFICE,1,3503900,2627925,3503900.0,75.0
Small Business Bank,Lenexa,KS,709,KANSAS CITY DISTRICT OFFICE,14,3501900,2672775,250135.71,76.32
Northeast Bank,Lewiston,ME,679,LOUISIANA DISTRICT OFFICE,41,3500600,2878250,85380.49,82.22
1st Financial Bank USA,Dakota Dunes,SD,562,INDIANA DISTRICT OFFICE,2,3500000,2625000,1750000.0,75.0
Flushing Bank,Uniondale,NY,202,NEW YORK DISTRICT OFFICE,1,3500000,2275000,3500000.0,65.0
Mission Valley Bank,Sun Valley,CA,931,SACRAMENTO DISTRICT OFFICE,5,3497700,2623275,699540.0,75.0
"Lendistry SBLC, LLC",Los Angeles,CA,1013,SEATTLE DISTRICT OFFICE,16,3497600,2749420,218600.0,78.61
"Associated Bank, National Association",Green Bay,WI,508,MINNESOTA DISTRICT OFFICE,5,3497000,2572750,699400.0,73.57
Citizens Bank,Elizabethton,TN,920,SANTA ANA DISTRICT OFFICE,7,3495100,2621325,499300.0,75.0
Centennial Bank,Conway,AR,491,NORTH FLORIDA DISTRICT OFFICE,3,3492000,2624000,1164000.0,75.14
Mission Valley Bank,Sun Valley,CA,303,PHILADELPHIA DISTRICT OFFICE,1,3491300,2618475,3491300.0,75.0
Stone Bank,Mountain View,AR,768,ST. LOUIS DISTRICT OFFICE,1,3490000,2617500,3490000.0,75.0
"Southern AgCredit, FLCA",Hattiesburg,MS,470,MISSISSIPPI DISTRICT OFFICE,2,3484500,2613375,1742250.0,75.0
"PNC Bank, National Association",Wilmington,DE,671,HOUSTON DISTRICT OFFICE,16,3482700,2475775,217668.75,71.09
Meridian Bank,Malvern,PA,353,WASHINGTON DISTRICT OFFICE,2,3482000,2611500,1741000.0,75.0
"Readycap Lending, LLC",Berkeley Heights,NJ,682,NEW MEXICO DISTRICT OFFICE,17,3480300,2688255,204723.53,77.24
First Savings Bank,Jeffersonville,IN,678,LUBBOCK DISTRICT OFFICE,3,3478100,2608575,1159366.67,75.0
Premier Bank,Youngstown,OH,549,CLEVELAND DISTRICT OFFICE,16,3472500,2147875,217031.25,61.85
Hanover Community Bank,Mineola,NY,464,SOUTH CAROLINA DISTRICT OFFICE,2,3472000,2604000,1736000.0,75.0
First Financial Bank,El Dorado,AR,459,ALABAMA DISTRICT OFFICE,6,3470000,2606500,578333.33,75.12
FWBank,Chicago,IL,610,DALLAS / FT WORTH DISTRICT OFFICE,3,3461000,2595750,1153666.67,75.0
1st Financial Bank USA,Dakota Dunes,SD,455,SOUTH FLORIDA DISTRICT OFFICE,3,3460000,2595000,1153333.33,75.0
Western State Bank,Devils Lake,ND,1013,SEATTLE DISTRICT OFFICE,1,3454000,2590500,3454000.0,75.0
"Planters Bank, Inc.",Hopkinsville,KY,474,TENNESSEE DISTRICT OFFICE,1,3450000,2587500,3450000.0,75.0
"Harvest Small Business Finance, LLC",Laguna Hills,CA,303,PHILADELPHIA DISTRICT OFFICE,3,3448700,2586525,1149566.67,75.0
Exchange Bank,Milledgeville,GA,405,GEORGIA DISTRICT OFFICE,2,3438600,2449406,1719300.0,71.23
"Centerstone SBA Lending, Inc.",Los Angeles,CA,914,LOS ANGELES DISTRICT OFFICE,4,3434000,2590500,858500.0,75.44
"VelocitySBA, LLC",Costa Mesa,CA,373,BALTIMORE DISTRICT OFFICE,2,3433000,2574750,1716500.0,75.0
"U.S. Bank, National Association",Cincinnati,OH,875,NORTH DAKOTA DISTRICT OFFICE,11,3431000,2481000,311909.09,72.31
Bank Five Nine,Oconomowoc,WI,988,ARIZONA DISTRICT OFFICE,3,3431000,2573250,1143666.67,75.0
HomeTrust Bank,Asheville,NC,507,ILLINOIS DISTRICT OFFICE,3,3421000,2565750,1140333.33,75.0
Buckeye State Bank,Powell,OH,593,COLUMBUS DISTRICT OFFICE,11,3413500,2401425,310318.18,70.35
Unity Bank,Clinton,NJ,303,PHILADELPHIA DISTRICT OFFICE,2,3413000,2559750,1706500.0,75.0
IncredibleBank,Wausau,WI,671,HOUSTON DISTRICT OFFICE,2,3410000,682000,1705000.0,20.0
Southern Bank,Poplar Bluff,MO,709,KANSAS CITY DISTRICT OFFICE,11,3403000,2481080,309363.64,72.91
"PNC Bank, National Association",Wilmington,DE,303,PHILADELPHIA DISTRICT OFFICE,35,3402400,2250925,97211.43,66.16
MidFirst Bank,Oklahoma City,OK,681,SAN ANTONIO DISTRICT OFFICE,1,3400000,2550000,3400000.0,75.0
Exos Small Business Lending LLC,New York,NY,1086,PORTLAND DISTRICT OFFICE,1,3400000,2550000,3400000.0,75.0
"TransPecos Banks, SSB.",Pecos,TX,491,NORTH FLORIDA DISTRICT OFFICE,2,3400000,2550000,1700000.0,75.0
Celtic Bank Corporation,Salt Lake City,UT,252,PUERTO RICO AND USVI DISTRICT OFFICE,2,3393900,2560425,1696950.0,75.44
"Lake Forest Bank & Trust Company, National Association",Lake Forest,IL,679,LOUISIANA DISTRICT OFFICE,1,3385000,2538750,3385000.0,75.0
"Wells Fargo Bank, National Association",Sioux Falls,SD,353,WASHINGTON DISTRICT OFFICE,33,3382300,2386975,102493.94,70.57
The Fidelity Bank,Fuquay Varina,NC,507,ILLINOIS DISTRICT OFFICE,2,3380000,2510000,1690000.0,74.26
First Bank of the Lake,Osage Beach,MO,353,WASHINGTON DISTRICT OFFICE,12,3379900,2579975,281658.33,76.33
Dream First Bank National Association,Syracuse,KS,767,WICHITA DISTRICT OFFICE,10,3377800,2581850,337780.0,76.44
Bank Five Nine,Oconomowoc,WI,460,NORTH CAROLINA DISTRICT OFFICE,6,3375000,2531250,562500.0,75.0
First Internet Bank of Indiana,Fishers,IN,768,ST. LOUIS DISTRICT OFFICE,3,3372000,2479000,1124000.0,73.52
Northeast Bank,Lewiston,ME,562,INDIANA DISTRICT OFFICE,38,3370300,2762575,88692.11,81.97
"JPMorgan Chase Bank, National Association",Columbus,OH,549,CLEVELAND DISTRICT OFFICE,19,3367700,1683850,177247.37,50.0
First National Bank of Coffee County,Douglas,GA,491,NORTH FLORIDA DISTRICT OFFICE,3,3365000,2486250,1121666.67,73.89
Enterprise Bank & Trust,Clayton,MO,459,ALABAMA DISTRICT OFFICE,3,3363100,2522325,1121033.33,75.0
"AMPAC Tri-State CDC, Inc.",Ontario,CA,914,LOS ANGELES DISTRICT OFFICE,12,3363100,2522325,280258.33,75.0
First Chatham Bank,Savannah,GA,460,NORTH CAROLINA DISTRICT OFFICE,4,3351000,2513250,837750.0,75.0
Stone Bank,Mountain View,AR,610,DALLAS / FT WORTH DISTRICT OFFICE,2,3350000,2512500,1675000.0,75.0
CIBC Bank USA,Chicago,IL,988,ARIZONA DISTRICT OFFICE,4,3349000,2374250,837250.0,70.89
Mission Bank,Bakersfield,CA,988,ARIZONA DISTRICT OFFICE,1,3348700,2511525,3348700.0,75.0
First Foundation Bank,Irvine,CA,931,SACRAMENTO DISTRICT OFFICE,1,3340700,2505525,3340700.0,75.0
Numerica CU,Spokane Valley,WA,1013,SEATTLE DISTRICT OFFICE,9,3340500,2451275,371166.67,73.38
Cadence Bank,Tupelo,MS,353,WASHINGTON DISTRICT OFFICE,11,3335000,2524750,303181.82,75.7
American Momentum Bank,College Station,TX,988,ARIZONA DISTRICT OFFICE,5,3330600,2497950,666120.0,75.0
Grasshopper Bank National Association,New York,NY,562,INDIANA DISTRICT OFFICE,2,3328000,2496000,1664000.0,75.0
"Heritage Bank, Inc.",Burlington,KY,455,SOUTH FLORIDA DISTRICT OFFICE,20,3328000,2771600,166400.0,83.28
Veritex Community Bank,Dallas,TX,951,HAWAII DISTRICT OFFICE,2,3326400,2469800,1663200.0,74.25
Banner Bank,Walla Walla,WA,1087,BOISE DISTRICT OFFICE,14,3326100,2113050,237578.57,63.53
Truist Bank,Charlotte,NC,405,GEORGIA DISTRICT OFFICE,7,3324300,2455725,474900.0,73.87
"AMPAC Tri-State CDC, Inc.",Ontario,CA,920,SANTA ANA DISTRICT OFFICE,14,3322800,2507100,237342.86,75.45
The Huntington National Bank,Columbus,OH,341,DELAWARE DISTRICT OFFICE,8,3320500,2427875,415062.5,73.12
Old National Bank,Evansville,IN,202,NEW YORK DISTRICT OFFICE,2,3319500,2489625,1659750.0,75.0
Celtic Bank Corporation,Salt Lake City,UT,549,CLEVELAND DISTRICT OFFICE,11,3318300,2589425,301663.64,78.03
First-Citizens Bank & Trust Company,Raleigh,NC,491,NORTH FLORIDA DISTRICT OFFICE,3,3314000,2393500,1104666.67,72.22
CrossFirst Bank,Leawood,KS,709,KANSAS CITY DISTRICT OFFICE,2,3311000,2483250,1655500.0,75.0
22nd State Bank,Louisville,AL,459,ALABAMA DISTRICT OFFICE,2,3307500,2491775,1653750.0,75.34
First National Bank of Pennsylvania,Greenville,PA,202,NEW YORK DISTRICT OFFICE,2,3307300,2480475,1653650.0,75.0
First Chatham Bank,Savannah,GA,101,MASSACHUSETTS DISTRICT OFFICE,2,3307000,2913450,1653500.0,88.1
"First Western SBLC, Inc",Dallas,TX,875,NORTH DAKOTA DISTRICT OFFICE,3,3306000,2479500,1102000.0,75.0
Everwise Credit Union,South Bend,IN,507,ILLINOIS DISTRICT OFFICE,1,3305000,2478750,3305000.0,75.0
HomeTrust Bank,Asheville,NC,680,OKLAHOMA DISTRICT OFFICE,1,3300000,2475000,3300000.0,75.0
"Bank of America, National Association",Charlotte,NC,172,MAINE DISTRICT OFFICE,2,3300000,2425000,1650000.0,73.48
Woori America Bank,New York,NY,202,NEW YORK DISTRICT OFFICE,9,3298000,2398500,366444.44,72.73
"UMB Bank, National Association",Kansas City,MO,610,DALLAS / FT WORTH DISTRICT OFFICE,4,3297500,2423125,824375.0,73.48
"Bank of America, National Association",Charlotte,NC,1086,PORTLAND DISTRICT OFFICE,8,3291000,1969500,411375.0,59.85
Regions Bank,Birmingham,AL,669,ARKANSAS DISTRICT OFFICE,4,3290800,2405600,822700.0,73.1
Northeast Bank,Lewiston,ME,373,BALTIMORE DISTRICT OFFICE,31,3287300,2671185,106041.94,81.26
Byline Bank,Chicago,IL,1087,BOISE DISTRICT OFFICE,2,3287000,2439080,1643500.0,74.2
The First Bank,Hattiesburg,MS,491,NORTH FLORIDA DISTRICT OFFICE,3,3282900,2462175,1094300.0,75.0
Oostburg State Bank,Oostburg,WI,563,WISCONSIN DISTRICT OFFICE,9,3279000,2425500,364333.33,73.97
Celtic Bank Corporation,Salt Lake City,UT,457,KENTUCKY DISTRICT OFFICE,5,3278000,2493600,655600.0,76.07
First Bank of the Lake,Osage Beach,MO,156,CONNECTICUT DISTRICT OFFICE,10,3275400,2495300,327540.0,76.18
"United Midwest Savings Bank, National Association",De Graff,OH,920,SANTA ANA DISTRICT OFFICE,13,3273000,2584750,251769.23,78.97
Exos Small Business Lending LLC,New York,NY,549,CLEVELAND DISTRICT OFFICE,2,3265000,2448750,1632500.0,75.0
Truliant FCU,Winston Salem,NC,610,DALLAS / FT WORTH DISTRICT OFFICE,2,3265000,2448750,1632500.0,75.0
CrossFirst Bank,Leawood,KS,610,DALLAS / FT WORTH DISTRICT OFFICE,2,3265000,2448750,1632500.0,75.0
"United Midwest Savings Bank, National Association",De Graff,OH,549,CLEVELAND DISTRICT OFFICE,6,3262000,2461300,543666.67,75.45
Falcon National Bank,Foley,MN,680,OKLAHOMA DISTRICT OFFICE,4,3260800,2370600,815200.0,72.7
Colony Bank,Fitzgerald,GA,811,COLORADO DISTRICT OFFICE,13,3259000,2584250,250692.31,79.3
United Community Bank,Greenville,SC,1087,BOISE DISTRICT OFFICE,2,3255000,2403750,1627500.0,73.85
Everwise Credit Union,South Bend,IN,341,DELAWARE DISTRICT OFFICE,1,3250000,2437500,3250000.0,75.0
GBank,Las Vegas,NV,202,NEW YORK DISTRICT OFFICE,1,3250000,2437500,3250000.0,75.0
Live Oak Banking Company,Wilmington,NC,885,MONTANA DISTRICT OFFICE,2,3250000,2444500,1625000.0,75.22
"VelocitySBA, LLC",Costa Mesa,CA,405,GEORGIA DISTRICT OFFICE,4,3250000,2437500,812500.0,75.0
Navigant CU,Smithfield,RI,165,RHODE ISLAND DISTRICT OFFICE,11,3248000,2212250,295272.73,68.11
"SouthState Bank, National Association",Winter Haven,FL,373,BALTIMORE DISTRICT OFFICE,12,3243000,2472250,270250.0,76.23
Truist Bank,Charlotte,NC,549,CLEVELAND DISTRICT OFFICE,3,3242800,2407100,1080933.33,74.23
"TD Bank, National Association",Wilmington,DE,341,DELAWARE DISTRICT OFFICE,43,3241500,1829500,75383.72,56.44
Exos Small Business Lending LLC,New York,NY,920,SANTA ANA DISTRICT OFFICE,2,3240000,2430000,1620000.0,75.0
Truliant FCU,Winston Salem,NC,914,LOS ANGELES DISTRICT OFFICE,3,3235000,2426250,1078333.33,75.0
GBank,Las Vegas,NV,709,KANSAS CITY DISTRICT OFFICE,2,3231000,2423250,1615500.0,75.0
First Bank of the Lake,Osage Beach,MO,931,SACRAMENTO DISTRICT OFFICE,11,3225900,2479425,293263.64,76.86
Citizens Bank,Elizabethton,TN,669,ARKANSAS DISTRICT OFFICE,1,3225800,2419350,3225800.0,75.0
First Business Bank,Madison,WI,304,RICHMOND DISTRICT OFFICE,3,3224000,2418000,1074666.67,75.0
Peach State Federal Credit Union,Lawrenceville,GA,405,GEORGIA DISTRICT OFFICE,2,3221000,2415750,1610500.0,75.0
"JPMorgan Chase Bank, National Association",Columbus,OH,156,CONNECTICUT DISTRICT OFFICE,22,3220000,1757500,146363.64,54.58
BMO Bank National Association,Chicago,IL,681,SAN ANTONIO DISTRICT OFFICE,1,3220000,2415000,3220000.0,75.0
Pathward National Association,Sioux Falls,SD,1084,ALASKA DISTRICT OFFICE,4,3212000,2409000,803000.0,75.0
TBA CU,Traverse City,MI,515,MICHIGAN DISTRICT OFFICE,2,3211100,2421335,1605550.0,75.41
Paragon Bank,Memphis,TN,593,COLUMBUS DISTRICT OFFICE,3,3209500,2407125,1069833.33,75.0
Telhio Credit Union Inc,Columbus,OH,455,SOUTH FLORIDA DISTRICT OFFICE,3,3207200,2380400,1069066.67,74.22
GBank,Las Vegas,NV,303,PHILADELPHIA DISTRICT OFFICE,2,3207000,2405250,1603500.0,75.0
Seacoast National Bank,Stuart,FL,491,NORTH FLORIDA DISTRICT OFFICE,5,3200000,2400000,640000.0,75.0
PCB Bank,Los Angeles,CA,680,OKLAHOMA DISTRICT OFFICE,2,3200000,2400000,1600000.0,75.0
Cadence Bank,Tupelo,MS,954,SAN DIEGO DISTRICT OFFICE,11,3200000,2414500,290909.09,75.45
Pathward National Association,Sioux Falls,SD,491,NORTH FLORIDA DISTRICT OFFICE,4,3194000,2364250,798500.0,74.02
Pinnacle Bank,Nashville,TN,303,PHILADELPHIA DISTRICT OFFICE,1,3192000,2394000,3192000.0,75.0
Bristol County Savings Bank,Taunton,MA,101,MASSACHUSETTS DISTRICT OFFICE,36,3189500,1594750,88597.22,50.0
Peoples Bank,Mendenhall,MS,464,SOUTH CAROLINA DISTRICT OFFICE,2,3188000,2401260,1594000.0,75.32
First Internet Bank of Indiana,Fishers,IN,299,NEW JERSEY DISTRICT OFFICE,2,3184000,2818350,1592000.0,88.52
Webster Bank National Association,Waterbury,CT,165,RHODE ISLAND DISTRICT OFFICE,15,3179400,2027800,211960.0,63.78
First Financial Bank,El Dorado,AR,455,SOUTH FLORIDA DISTRICT OFFICE,2,3179000,2384250,1589500.0,75.0
Wallis Bank,Wallis,TX,875,NORTH DAKOTA DISTRICT OFFICE,3,3175000,2381250,1058333.33,75.0
Hanover Community Bank,Mineola,NY,474,TENNESSEE DISTRICT OFFICE,2,3175000,2381250,1587500.0,75.0
"Harvest Small Business Finance, LLC",Laguna Hills,CA,248,SYRACUSE DISTRICT OFFICE,3,3173500,2380125,1057833.33,75.0
Pioneer Bank,Mapleton,MN,508,MINNESOTA DISTRICT OFFICE,2,3170000,2377500,1585000.0,75.0
Meridian Bank,Malvern,PA,101,MASSACHUSETTS DISTRICT OFFICE,1,3170000,2377500,3170000.0,75.0
OptimumBank,Fort Lauderdale,FL,470,MISSISSIPPI DISTRICT OFFICE,1,3167000,2375250,3167000.0,75.0
CFBank National Association,Columbus,OH,593,COLUMBUS DISTRICT OFFICE,2,3165000,2311250,1582500.0,73.03
"Centerstone SBA Lending, Inc.",Los Angeles,CA,563,WISCONSIN DISTRICT OFFICE,2,3164000,2373000,1582000.0,75.0
Customers Bank,Malvern,PA,202,NEW YORK DISTRICT OFFICE,1,3163000,2372250,3163000.0,75.0
"Zions Bank, A Division of",Salt Lake City,UT,610,DALLAS / FT WORTH DISTRICT OFFICE,21,3156700,2526805,150319.05,80.05
Lake Elmo Bank,Lake Elmo,MN,507,ILLINOIS DISTRICT OFFICE,2,3156600,2342450,1578300.0,74.21
Adams Bank & Trust,Ogallala,NE,811,COLORADO DISTRICT OFFICE,4,3153000,2364750,788250.0,75.0
"Newtek Bank, National Association",Miami,FL,761,DES MOINES DISTRICT OFFICE,11,3153000,2411550,286636.36,76.48
Platinum Bank,Oakdale,MN,593,COLUMBUS DISTRICT OFFICE,1,3150000,2362500,3150000.0,75.0
Berkshire Bank,Pittsfield,MA,562,INDIANA DISTRICT OFFICE,1,3147000,2360250,3147000.0,75.0
"Newtek Bank, National Association",Miami,FL,296,BUFFALO DISTRICT OFFICE,12,3144000,2395450,262000.0,76.19
"Grow America Fund, Incorporated",New York,NY,455,SOUTH FLORIDA DISTRICT OFFICE,4,3143000,2372250,785750.0,75.48
Seacoast National Bank,Stuart,FL,766,NEBRASKA DISTRICT OFFICE,1,3143000,2357250,3143000.0,75.0
Stearns Bank National Association,Saint Cloud,MN,515,MICHIGAN DISTRICT OFFICE,1,3140000,2355000,3140000.0,75.0
First National Bank of Coffee County,Douglas,GA,455,SOUTH FLORIDA DISTRICT OFFICE,2,3140000,2355000,1570000.0,75.0
"Wells Fargo Bank, National Association",Sioux Falls,SD,248,SYRACUSE DISTRICT OFFICE,4,3139000,2300500,784750.0,73.29
BayFirst National Bank,Saint Petersburg,FL,457,KENTUCKY DISTRICT OFFICE,25,3135700,2642845,125428.0,84.28
Milestone Bank,Salt Lake City,UT,455,SOUTH FLORIDA DISTRICT OFFICE,2,3135000,2351250,1567500.0,75.0
"Lake Forest Bank & Trust Company, National Association",Lake Forest,IL,455,SOUTH FLORIDA DISTRICT OFFICE,2,3132500,2349375,1566250.0,75.0
The Community Bank,Zanesville,OH,593,COLUMBUS DISTRICT OFFICE,21,3130600,2021335,149076.19,64.57
Southwestern National Bank,Houston,TX,912,SAN FRANCISCO DISTRICT OFFICE,2,3130000,2347500,1565000.0,75.0
Community Bank & Trust-West Georgia,Lagrange,GA,296,BUFFALO DISTRICT OFFICE,1,3128000,2346000,3128000.0,75.0
First National Bank of Coffee County,Douglas,GA,248,SYRACUSE DISTRICT OFFICE,1,3120000,2340000,3120000.0,75.0
Hanover Community Bank,Mineola,NY,248,SYRACUSE DISTRICT OFFICE,4,3120000,2315000,780000.0,74.2
BayFirst National Bank,Saint Petersburg,FL,768,ST. LOUIS DISTRICT OFFICE,26,3117300,2649705,119896.15,85.0
The Bancorp Bank National Association,Sioux Falls,SD,405,GEORGIA DISTRICT OFFICE,3,3116500,2337375,1038833.33,75.0
First Bank of the Lake,Osage Beach,MO,944,NEVADA DISTRICT OFFICE,10,3111900,2408925,311190.0,77.41
Five Star Bank,Rancho Cordova,CA,931,SACRAMENTO DISTRICT OFFICE,7,3108000,2351000,444000.0,75.64
The Bank of Missouri,Perryville,MO,768,ST. LOUIS DISTRICT OFFICE,8,3105700,2306775,388212.5,74.28
PCB Bank,Los Angeles,CA,491,NORTH FLORIDA DISTRICT OFFICE,1,3105000,2328750,3105000.0,75.0
Mountain Pacific Bank,Everett,WA,1084,ALASKA DISTRICT OFFICE,3,3104600,2328450,1034866.67,75.0
Dogwood State Bank,Raleigh,NC,1013,SEATTLE DISTRICT OFFICE,2,3100000,2200000,1550000.0,70.97
Bank of Clarke,Berryville,VA,303,PHILADELPHIA DISTRICT OFFICE,1,3095000,2321250,3095000.0,75.0
American National Bank,Omaha,NE,766,NEBRASKA DISTRICT OFFICE,11,3095000,2015000,281363.64,65.11
InBank,Raton,NM,944,NEVADA DISTRICT OFFICE,1,3095000,2321250,3095000.0,75.0
"Harvest Small Business Finance, LLC",Laguna Hills,CA,156,CONNECTICUT DISTRICT OFFICE,3,3094700,2321025,1031566.67,75.0
Northwest Bank,Warren,PA,303,PHILADELPHIA DISTRICT OFFICE,18,3089000,2183000,171611.11,70.67
"T Bank, National Association",Dallas,TX,299,NEW JERSEY DISTRICT OFFICE,2,3085900,2314425,1542950.0,75.0
Regions Bank,Birmingham,AL,460,NORTH CAROLINA DISTRICT OFFICE,2,3085500,2314125,1542750.0,75.0
Pathward National Association,Sioux Falls,SD,593,COLUMBUS DISTRICT OFFICE,3,3085000,2232500,1028333.33,72.37
Emprise Bank,Wichita,KS,709,KANSAS CITY DISTRICT OFFICE,7,3084200,2200650,440600.0,71.35
Community Savings Bank,Edgewood,IA,761,DES MOINES DISTRICT OFFICE,1,3075000,2306250,3075000.0,75.0
American Continental Bank,City Of Industry,CA,610,DALLAS / FT WORTH DISTRICT OFFICE,6,3070000,2312500,511666.67,75.33
Pinnacle Bank,Nashville,TN,455,SOUTH FLORIDA DISTRICT OFFICE,3,3066000,2299500,1022000.0,75.0
"United Midwest Savings Bank, National Association",De Graff,OH,875,NORTH DAKOTA DISTRICT OFFICE,4,3063000,2324250,765750.0,75.88
Northwest Bank,Warren,PA,562,INDIANA DISTRICT OFFICE,15,3060000,2062500,204000.0,67.4
HarborOne Bank,Brockton,MA,165,RHODE ISLAND DISTRICT OFFICE,11,3055000,2040000,277727.27,66.78
Bank of Ann Arbor,Ann Arbor,MI,639,LOWER RIO GRANDE VALLEY DISTRICT OFFICE,1,3053200,2289900,3053200.0,75.0
BMO Bank National Association,Chicago,IL,954,SAN DIEGO DISTRICT OFFICE,3,3051400,2288550,1017133.33,75.0
"Lendistry SBLC, LLC",Los Angeles,CA,681,SAN ANTONIO DISTRICT OFFICE,17,3050600,2460600,179447.06,80.66
InBank,Raton,NM,202,NEW YORK DISTRICT OFFICE,1,3049000,2286750,3049000.0,75.0
Community West Bank,Fresno,CA,942,FRESNO DISTRICT OFFICE,5,3042500,2314675,608500.0,76.08
Merchants & Marine Bank,Pascagoula,MS,679,LOUISIANA DISTRICT OFFICE,1,3040000,2280000,3040000.0,75.0
"United Midwest Savings Bank, National Association",De Graff,OH,464,SOUTH CAROLINA DISTRICT OFFICE,15,3040000,2455500,202666.67,80.77
KeyBank National Association,Cleveland,OH,299,NEW JERSEY DISTRICT OFFICE,5,3039000,2261750,607800.0,74.42
Pinnacle Bank,Nashville,TN,470,MISSISSIPPI DISTRICT OFFICE,1,3034500,2275875,3034500.0,75.0
Summit CU,Cottage Grove,WI,563,WISCONSIN DISTRICT OFFICE,19,3021100,2011595,159005.26,66.58
First Port City Bank,Bainbridge,GA,405,GEORGIA DISTRICT OFFICE,5,3018600,2263950,603720.0,75.0
Gulf Coast Bank and Trust Company,New Orleans,LA,920,SANTA ANA DISTRICT OFFICE,4,3017100,2262825,754275.0,75.0
Pacific Premier Bank,Irvine,CA,920,SANTA ANA DISTRICT OFFICE,2,3015000,2261250,1507500.0,75.0
First Bank,Southern Pines,NC,811,COLORADO DISTRICT OFFICE,5,3012500,2184375,602500.0,72.51
Bank Five Nine,Oconomowoc,WI,470,MISSISSIPPI DISTRICT OFFICE,2,3012000,2259000,1506000.0,75.0
DFCU Financial,Dearborn,MI,491,NORTH FLORIDA DISTRICT OFFICE,2,3009500,2257125,1504750.0,75.0
BMO Bank National Association,Chicago,IL,811,COLORADO DISTRICT OFFICE,5,3008700,2256525,601740.0,75.0
First Financial Bank,El Dorado,AR,682,NEW MEXICO DISTRICT OFFICE,2,3006000,2254500,1503000.0,75.0
Ameris Bank,Atlanta,GA,460,NORTH CAROLINA DISTRICT OFFICE,2,3005000,743450,1502500.0,24.74
Wallis Bank,Wallis,TX,679,LOUISIANA DISTRICT OFFICE,1,3005000,2253750,3005000.0,75.0
Fifth Third Bank,Cincinnati,OH,563,WISCONSIN DISTRICT OFFICE,1,3002200,2251650,3002200.0,75.0
"First Western SBLC, Inc",Dallas,TX,549,CLEVELAND DISTRICT OFFICE,2,3002000,2251500,1501000.0,75.0
GBC International Bank,Los Angeles,CA,876,SOUTH DAKOTA DISTRICT OFFICE,1,3000000,2700000,3000000.0,90.0
West Town Bank & Trust,North Riverside,IL,610,DALLAS / FT WORTH DISTRICT OFFICE,5,3000000,2250000,600000.0,75.0
First Resource Bank,Lino Lakes,MN,920,SANTA ANA DISTRICT OFFICE,1,3000000,2250000,3000000.0,75.0
1st Financial Bank USA,Dakota Dunes,SD,491,NORTH FLORIDA DISTRICT OFFICE,2,3000000,2250000,1500000.0,75.0
Quaint Oak Bank,Southampton,PA,299,NEW JERSEY DISTRICT OFFICE,1,3000000,2250000,3000000.0,75.0
First Service Bank,Greenbrier,AR,709,KANSAS CITY DISTRICT OFFICE,1,3000000,2250000,3000000.0,75.0
Millennial Bank,Leeds,AL,491,NORTH FLORIDA DISTRICT OFFICE,1,3000000,2250000,3000000.0,75.0
Berkshire Bank,Pittsfield,MA,373,BALTIMORE DISTRICT OFFICE,3,2999600,2162200,999866.67,72.08
Northeast Bank,Lewiston,ME,459,ALABAMA DISTRICT OFFICE,28,2999600,2382170,107128.57,79.42
22nd State Bank,Louisville,AL,304,RICHMOND DISTRICT OFFICE,1,2999500,2249625,2999500.0,75.0
22nd State Bank,Louisville,AL,508,MINNESOTA DISTRICT OFFICE,1,2995000,2246250,2995000.0,75.0
"Heritage Bank, Inc.",Burlington,KY,491,NORTH FLORIDA DISTRICT OFFICE,8,2993000,2323250,374125.0,77.62
"T Bank, National Association",Dallas,TX,914,LOS ANGELES DISTRICT OFFICE,1,2992400,2244300,2992400.0,75.0
First Commonwealth Bank,Indiana,PA,515,MICHIGAN DISTRICT OFFICE,2,2990300,2242725,1495150.0,75.0
Sandy Spring Bank,Olney,MD,202,NEW YORK DISTRICT OFFICE,1,2989600,2242200,2989600.0,75.0
"Heritage Bank, Inc.",Burlington,KY,912,SAN FRANCISCO DISTRICT OFFICE,6,2985000,2291950,497500.0,76.78
"Centerstone SBA Lending, Inc.",Los Angeles,CA,593,COLUMBUS DISTRICT OFFICE,3,2982500,2236875,994166.67,75.0
Berkshire Bank,Pittsfield,MA,914,LOS ANGELES DISTRICT OFFICE,1,2980000,2235000,2980000.0,75.0
City National Bank,Los Angeles,CA,202,NEW YORK DISTRICT OFFICE,2,2980000,2122500,1490000.0,71.22
US Metro Bank,Garden Grove,CA,912,SAN FRANCISCO DISTRICT OFFICE,1,2979000,2234250,2979000.0,75.0
"PNC Bank, National Association",Wilmington,DE,304,RICHMOND DISTRICT OFFICE,7,2978400,2212550,425485.71,74.29
Comerica Bank,Dallas,TX,954,SAN DIEGO DISTRICT OFFICE,3,2978000,2146000,992666.67,72.06
Lone Star National Bank,Pharr,TX,639,LOWER RIO GRANDE VALLEY DISTRICT OFFICE,13,2977000,2267150,229000.0,76.16
"Newtek Bank, National Association",Miami,FL,766,NEBRASKA DISTRICT OFFICE,8,2975000,2258750,371875.0,75.92
The Huntington National Bank,Columbus,OH,669,ARKANSAS DISTRICT OFFICE,12,2974000,2146250,247833.33,72.17
Sunflower Bank National Association,Dallas,TX,677,EL PASO DISTRICT OFFICE,4,2973600,2155200,743400.0,72.48
First Commonwealth Bank,Indiana,PA,491,NORTH FLORIDA DISTRICT OFFICE,2,2970000,2227500,1485000.0,75.0
Minnwest Bank,Redwood Falls,MN,508,MINNESOTA DISTRICT OFFICE,9,2967900,2080750,329766.67,70.11
American Momentum Bank,College Station,TX,460,NORTH CAROLINA DISTRICT OFFICE,5,2966500,2224875,593300.0,75.0
"T Bank, National Association",Dallas,TX,1086,PORTLAND DISTRICT OFFICE,2,2965600,2224200,1482800.0,75.0
Bank Five Nine,Oconomowoc,WI,491,NORTH FLORIDA DISTRICT OFFICE,3,2964000,2223000,988000.0,75.0
First-Citizens Bank & Trust Company,Raleigh,NC,931,SACRAMENTO DISTRICT OFFICE,5,2964000,2063250,592800.0,69.61
CDC Small Business Finance Corporation,San Diego,CA,455,SOUTH FLORIDA DISTRICT OFFICE,22,2960000,2369500,134545.45,80.05
Enterprise Bank & Trust,Clayton,MO,507,ILLINOIS DISTRICT OFFICE,2,2955000,2216250,1477500.0,75.0
Ent CU,Colorado Springs,CO,811,COLORADO DISTRICT OFFICE,5,2954600,2230950,590920.0,75.51
Gulf Coast Bank and Trust Company,New Orleans,LA,811,COLORADO DISTRICT OFFICE,2,2954300,2215725,1477150.0,75.0
Pathward National Association,Sioux Falls,SD,202,NEW YORK DISTRICT OFFICE,2,2953000,2214750,1476500.0,75.0
Bank of Franklin County,Washington,MO,768,ST. LOUIS DISTRICT OFFICE,4,2951100,1895375,737775.0,64.23
Enterprise Bank & Trust,Clayton,MO,681,SAN ANTONIO DISTRICT OFFICE,3,2950600,2227950,983533.33,75.51
Cadence Bank,Tupelo,MS,341,DELAWARE DISTRICT OFFICE,6,2949400,2239550,491566.67,75.93
Lake Trust CU,Brighton,MI,515,MICHIGAN DISTRICT OFFICE,6,2949100,2186825,491516.67,74.15
First American Bank,Elk Grove Village,IL,455,SOUTH FLORIDA DISTRICT OFFICE,3,2949000,2451750,983000.0,83.14
First Business Bank,Madison,WI,709,KANSAS CITY DISTRICT OFFICE,4,2948000,2211000,737000.0,75.0
Merchants & Marine Bank,Pascagoula,MS,671,HOUSTON DISTRICT OFFICE,8,2945800,2103100,368225.0,71.39
First Bank of Central Ohio,Worthington,OH,883,UTAH DISTRICT OFFICE,1,2943000,2207250,2943000.0,75.0
PS Bank,Wyalusing,PA,303,PHILADELPHIA DISTRICT OFFICE,27,2942200,1973120,108970.37,67.06
Mountain Pacific Bank,Everett,WA,1086,PORTLAND DISTRICT OFFICE,5,2940000,2205000,588000.0,75.0
North State Bank,Raleigh,NC,988,ARIZONA DISTRICT OFFICE,3,2935300,2201475,978433.33,75.0
Shinhan Bank America,New York,NY,920,SANTA ANA DISTRICT OFFICE,3,2930000,2197500,976666.67,75.0
Studio Bank,Nashville,TN,491,NORTH FLORIDA DISTRICT OFFICE,2,2927000,2195250,1463500.0,75.0
Platinum Bank,Oakdale,MN,507,ILLINOIS DISTRICT OFFICE,7,2926200,2144650,418028.57,73.29
"Fund-Ex Solutions Group, LLC",Davie,FL,353,WASHINGTON DISTRICT OFFICE,1,2926000,2194500,2926000.0,75.0
"CenTrust Bank, National Association",Northbrook,IL,563,WISCONSIN DISTRICT OFFICE,1,2924000,2193000,2924000.0,75.0
National Bank of Commerce,Superior,WI,508,MINNESOTA DISTRICT OFFICE,9,2915100,2191935,323900.0,75.19
FWBank,Chicago,IL,460,NORTH CAROLINA DISTRICT OFFICE,2,2913500,2185125,1456750.0,75.0
The Huntington National Bank,Columbus,OH,150,VERMONT DISTRICT OFFICE,2,2912000,2121500,1456000.0,72.85
Stearns Bank National Association,Saint Cloud,MN,460,NORTH CAROLINA DISTRICT OFFICE,6,2910000,2206500,485000.0,75.82
Stone Bank,Mountain View,AR,405,GEORGIA DISTRICT OFFICE,1,2905000,2178750,2905000.0,75.0
Colony Bank,Fitzgerald,GA,920,SANTA ANA DISTRICT OFFICE,21,2904600,2433910,138314.29,83.8
"JPMorgan Chase Bank, National Association",Columbus,OH,563,WISCONSIN DISTRICT OFFICE,16,2903600,1725200,181475.0,59.42
Northeast Bank,Lewiston,ME,464,SOUTH CAROLINA DISTRICT OFFICE,26,2902500,2324485,111634.62,80.09
Arvest Bank,Fayetteville,AR,709,KANSAS CITY DISTRICT OFFICE,19,2901900,1872300,152731.58,64.52
Truliant FCU,Winston Salem,NC,767,WICHITA DISTRICT OFFICE,1,2900000,2175000,2900000.0,75.0
First Service Credit Union,Houston,TX,671,HOUSTON DISTRICT OFFICE,2,2900000,2175000,1450000.0,75.0
Mission Valley Bank,Sun Valley,CA,678,LUBBOCK DISTRICT OFFICE,1,2898300,2173725,2898300.0,75.0
CIBC Bank USA,Chicago,IL,507,ILLINOIS DISTRICT OFFICE,4,2897500,2066875,724375.0,71.33
"Crystal Lake Bank & Trust Company, National Association",Crystal Lake,IL,507,ILLINOIS DISTRICT OFFICE,4,2890300,2130225,722575.0,73.7
Exos Small Business Lending LLC,New York,NY,405,GEORGIA DISTRICT OFFICE,4,2890000,2167500,722500.0,75.0
First Savings Bank,Jeffersonville,IN,768,ST. LOUIS DISTRICT OFFICE,4,2890000,2197500,722500.0,76.04
"Heritage Bank, Inc.",Burlington,KY,353,WASHINGTON DISTRICT OFFICE,8,2878500,2248875,359812.5,78.13
MidWestOne Bank,Iowa City,IA,508,MINNESOTA DISTRICT OFFICE,5,2877700,1811405,575540.0,62.95
Citizens Bank & Trust Company,Plaquemine,LA,679,LOUISIANA DISTRICT OFFICE,2,2875000,2156250,1437500.0,75.0
Eaton Community Bank,Charlotte,MI,515,MICHIGAN DISTRICT OFFICE,5,2874000,2088900,574800.0,72.68
Heartland Bank,Whitehall,OH,593,COLUMBUS DISTRICT OFFICE,7,2870700,2128025,410100.0,74.13
"Newtek Bank, National Association",Miami,FL,172,MAINE DISTRICT OFFICE,5,2870000,2152500,574000.0,75.0
Seacoast National Bank,Stuart,FL,610,DALLAS / FT WORTH DISTRICT OFFICE,2,2868000,2151000,1434000.0,75.0
German American Bank,Jasper,IN,562,INDIANA DISTRICT OFFICE,3,2861600,2161200,953866.67,75.52
Bank of Idaho,Idaho Falls,ID,1013,SEATTLE DISTRICT OFFICE,5,2860000,2052500,572000.0,71.77
Seacoast National Bank,Stuart,FL,1086,PORTLAND DISTRICT OFFICE,1,2847000,2135250,2847000.0,75.0
Celtic Bank Corporation,Salt Lake City,UT,303,PHILADELPHIA DISTRICT OFFICE,16,2847000,2302250,177937.5,80.87
Pathward National Association,Sioux Falls,SD,931,SACRAMENTO DISTRICT OFFICE,1,2840000,2130000,2840000.0,75.0
"WesBanco Bank, Inc.",Wheeling,WV,373,BALTIMORE DISTRICT OFFICE,4,2838900,2124175,709725.0,74.82
The Bancorp Bank National Association,Sioux Falls,SD,202,NEW YORK DISTRICT OFFICE,3,2838100,2113455,946033.33,74.47
Bank Five Nine,Oconomowoc,WI,709,KANSAS CITY DISTRICT OFFICE,2,2838000,2128500,1419000.0,75.0
"U.S. Bank, National Association",Cincinnati,OH,681,SAN ANTONIO DISTRICT OFFICE,7,2836300,2087325,405185.71,73.59
Gulf Coast Business Bank,Fort Myers,FL,455,SOUTH FLORIDA DISTRICT OFFICE,2,2834000,2125500,1417000.0,75.0
Arkansas Capital Corporation,Little Rock,AR,474,TENNESSEE DISTRICT OFFICE,3,2834000,2125500,944666.67,75.0
Peoples Bank of Alabama,Cullman,AL,459,ALABAMA DISTRICT OFFICE,7,2833700,2153195,404814.29,75.99
22nd State Bank,Louisville,AL,951,HAWAII DISTRICT OFFICE,1,2830000,2122500,2830000.0,75.0
Midwest Regional Bank,Festus,MO,681,SAN ANTONIO DISTRICT OFFICE,4,2829000,2121750,707250.0,75.0
Cadence Bank,Tupelo,MS,563,WISCONSIN DISTRICT OFFICE,8,2825500,2139125,353187.5,75.71
CDC Small Business Finance Corporation,San Diego,CA,912,SAN FRANCISCO DISTRICT OFFICE,13,2825000,2209500,217307.69,78.21
Inova FCU,Elkhart,IN,562,INDIANA DISTRICT OFFICE,3,2823500,2124825,941166.67,75.26
FWBank,Chicago,IL,455,SOUTH FLORIDA DISTRICT OFFICE,2,2823000,2117250,1411500.0,75.0
Newtown Savings Bank,Newtown,CT,156,CONNECTICUT DISTRICT OFFICE,10,2822900,1970625,282290.0,69.81
First Chatham Bank,Savannah,GA,491,NORTH FLORIDA DISTRICT OFFICE,2,2822500,2116875,1411250.0,75.0
Customers Bank,Malvern,PA,931,SACRAMENTO DISTRICT OFFICE,2,2815000,2048750,1407500.0,72.78
Valley National Bank,Passaic,NJ,491,NORTH FLORIDA DISTRICT OFFICE,4,2815000,2111250,703750.0,75.0
Heritage Bank of Commerce,San Jose,CA,942,FRESNO DISTRICT OFFICE,2,2810000,2107500,1405000.0,75.0
Fifth Third Bank,Cincinnati,OH,474,TENNESSEE DISTRICT OFFICE,3,2807500,2036875,935833.33,72.55
"Heritage Bank, Inc.",Burlington,KY,202,NEW YORK DISTRICT OFFICE,15,2805500,2308975,187033.33,82.3
Community Bank & Trust-West Georgia,Lagrange,GA,931,SACRAMENTO DISTRICT OFFICE,1,2805000,2103750,2805000.0,75.0
First Commonwealth Bank,Indiana,PA,680,OKLAHOMA DISTRICT OFFICE,1,2804000,2103000,2804000.0,75.0
Global One Bank,Houston,TX,507,ILLINOIS DISTRICT OFFICE,1,2800000,2100000,2800000.0,75.0
First Financial Bank,El Dorado,AR,671,HOUSTON DISTRICT OFFICE,2,2800000,2100000,1400000.0,75.0
"LendingClub Bank, National Association",Lehi,UT,709,KANSAS CITY DISTRICT OFFICE,1,2793000,2094750,2793000.0,75.0
US Metro Bank,Garden Grove,CA,1086,PORTLAND DISTRICT OFFICE,1,2790000,2092500,2790000.0,75.0
BayCoast Bank,Swansea,MA,101,MASSACHUSETTS DISTRICT OFFICE,10,2788300,1748050,278830.0,62.69
Mission Valley Bank,Sun Valley,CA,373,BALTIMORE DISTRICT OFFICE,1,2787200,557440,2787200.0,20.0
BayFirst National Bank,Saint Petersburg,FL,679,LOUISIANA DISTRICT OFFICE,21,2787100,2369035,132719.05,85.0
The First Bank,Hattiesburg,MS,681,SAN ANTONIO DISTRICT OFFICE,1,2785000,2088750,2785000.0,75.0
Achieva CU,Dunedin,FL,455,SOUTH FLORIDA DISTRICT OFFICE,1,2783900,2087925,2783900.0,75.0
Sunwest Bank,Sandy,UT,912,SAN FRANCISCO DISTRICT OFFICE,3,2782500,2086875,927500.0,75.0
"Bank of America, National Association",Charlotte,NC,680,OKLAHOMA DISTRICT OFFICE,4,2781700,2086275,695425.0,75.0
Truist Bank,Charlotte,NC,303,PHILADELPHIA DISTRICT OFFICE,3,2781000,2085750,927000.0,75.0
"Readycap Lending, LLC",Berkeley Heights,NJ,767,WICHITA DISTRICT OFFICE,10,2778000,2111300,277800.0,76.0
Falcon National Bank,Foley,MN,303,PHILADELPHIA DISTRICT OFFICE,5,2777800,2033350,555560.0,73.2
Veritex Community Bank,Dallas,TX,678,LUBBOCK DISTRICT OFFICE,2,2777300,2020475,1388650.0,72.75
Commercial Bank of California,Irvine,CA,954,SAN DIEGO DISTRICT OFFICE,1,2775000,2081250,2775000.0,75.0
US Metro Bank,Garden Grove,CA,883,UTAH DISTRICT OFFICE,1,2775000,2081250,2775000.0,75.0
"Wells Fargo Bank, National Association",Sioux Falls,SD,639,LOWER RIO GRANDE VALLEY DISTRICT OFFICE,20,2774400,2035665,138720.0,73.37
Peoples Bank,Mendenhall,MS,679,LOUISIANA DISTRICT OFFICE,5,2769500,2090575,553900.0,75.49
"Lendistry SBLC, LLC",Los Angeles,CA,549,CLEVELAND DISTRICT OFFICE,9,2769300,2156115,307700.0,77.86
Bank 7,Oklahoma City,OK,680,OKLAHOMA DISTRICT OFFICE,5,2768900,2048500,553780.0,73.98
First Bank of the Lake,Osage Beach,MO,304,RICHMOND DISTRICT OFFICE,13,2768000,2140500,212923.08,77.33
Telhio Credit Union Inc,Columbus,OH,549,CLEVELAND DISTRICT OFFICE,11,2764500,1947575,251318.18,70.45
"Texas Republic Bank, National Association",Frisco,TX,610,DALLAS / FT WORTH DISTRICT OFFICE,1,2761000,2070750,2761000.0,75.0
East West Bank,Pasadena,CA,353,WASHINGTON DISTRICT OFFICE,2,2760000,2070000,1380000.0,75.0
InBank,Raton,NM,914,LOS ANGELES DISTRICT OFFICE,3,2756600,2067450,918866.67,75.0
Everwise Credit Union,South Bend,IN,679,LOUISIANA DISTRICT OFFICE,1,2750000,2062500,2750000.0,75.0
Byline Bank,Chicago,IL,954,SAN DIEGO DISTRICT OFFICE,3,2736900,2052675,912300.0,75.0
"Citizens Bank, National Association",Providence,RI,464,SOUTH CAROLINA DISTRICT OFFICE,1,2736000,2052000,2736000.0,75.0
"Centerstone SBA Lending, Inc.",Los Angeles,CA,464,SOUTH CAROLINA DISTRICT OFFICE,1,2735000,2051250,2735000.0,75.0
Field & Main Bank,Henderson,KY,562,INDIANA DISTRICT OFFICE,2,2735000,2051250,1367500.0,75.0
"PNC Bank, National Association",Wilmington,DE,353,WASHINGTON DISTRICT OFFICE,12,2733900,1990425,227825.0,72.81
First Internet Bank of Indiana,Fishers,IN,669,ARKANSAS DISTRICT OFFICE,2,2733000,2049750,1366500.0,75.0
The Bancorp Bank National Association,Sioux Falls,SD,460,NORTH CAROLINA DISTRICT OFFICE,3,2728400,2046300,909466.67,75.0
"JPMorgan Chase Bank, National Association",Columbus,OH,460,NORTH CAROLINA DISTRICT OFFICE,19,2725100,1493800,143426.32,54.82
Cadence Bank,Tupelo,MS,669,ARKANSAS DISTRICT OFFICE,5,2724600,2043450,544920.0,75.0
Growth Capital Corp.,Cleveland,OH,549,CLEVELAND DISTRICT OFFICE,14,2723500,2098925,194535.71,77.07
"U.S. Bank, National Association",Cincinnati,OH,761,DES MOINES DISTRICT OFFICE,65,2722500,1586975,41884.62,58.29
First National Bank of Pennsylvania,Greenville,PA,610,DALLAS / FT WORTH DISTRICT OFFICE,3,2716000,1949500,905333.33,71.78
The Central Trust Bank,Jefferson City,MO,709,KANSAS CITY DISTRICT OFFICE,12,2713900,2055675,226158.33,75.75
US Metro Bank,Garden Grove,CA,988,ARIZONA DISTRICT OFFICE,1,2710000,2032500,2710000.0,75.0
Cache Valley Bank,Logan,UT,1087,BOISE DISTRICT OFFICE,4,2708600,1941450,677150.0,71.68
Consumers National Bank,Minerva,OH,549,CLEVELAND DISTRICT OFFICE,17,2705100,1798230,159123.53,66.48
Peoples Bank,Mendenhall,MS,474,TENNESSEE DISTRICT OFFICE,2,2704000,2028000,1352000.0,75.0
Hanover Community Bank,Mineola,NY,101,MASSACHUSETTS DISTRICT OFFICE,3,2703300,2027475,901100.0,75.0
Merchants Bank of Indiana,Carmel,IN,610,DALLAS / FT WORTH DISTRICT OFFICE,3,2703200,2027400,901066.67,75.0
Merrimack County Savings Bank,Concord,NH,189,NEW HAMPSHIRE DISTRICT OFFICE,10,2702700,1839250,270270.0,68.05
Community First Capital Corp,Lancaster,PA,303,PHILADELPHIA DISTRICT OFFICE,17,2699000,1907950,158764.71,70.69
Pathward National Association,Sioux Falls,SD,464,SOUTH CAROLINA DISTRICT OFFICE,5,2698500,1986375,539700.0,73.61
"Readycap Lending, LLC",Berkeley Heights,NJ,639,LOWER RIO GRANDE VALLEY DISTRICT OFFICE,19,2696200,2089600,141905.26,77.5
Truist Bank,Charlotte,NC,610,DALLAS / FT WORTH DISTRICT OFFICE,2,2693600,2020200,1346800.0,75.0
The Bank of New Glarus,New Glarus,WI,563,WISCONSIN DISTRICT OFFICE,2,2693400,2020050,1346700.0,75.0
United Community Bank,Greenville,SC,459,ALABAMA DISTRICT OFFICE,3,2690000,1992500,896666.67,74.07
First National Bank of Pennsylvania,Greenville,PA,491,NORTH FLORIDA DISTRICT OFFICE,3,2689600,1992200,896533.33,74.07
FFB Bank,Fresno,CA,920,SANTA ANA DISTRICT OFFICE,8,2688200,1991150,336025.0,74.07
Integrity Bank & Trust,Monument,CO,811,COLORADO DISTRICT OFFICE,8,2686200,2024650,335775.0,75.37
Heritage Bank,Olympia,WA,1086,PORTLAND DISTRICT OFFICE,6,2681000,1960500,446833.33,73.13
Access Bank,Omaha,NE,455,SOUTH FLORIDA DISTRICT OFFICE,1,2675600,2006700,2675600.0,75.0
Northeast Bank,Lewiston,ME,508,MINNESOTA DISTRICT OFFICE,26,2674700,2143495,102873.08,80.14
Paragon Bank,Memphis,TN,460,NORTH CAROLINA DISTRICT OFFICE,3,2674300,2005725,891433.33,75.0
Buckeye State Bank,Powell,OH,549,CLEVELAND DISTRICT OFFICE,2,2673200,2004900,1336600.0,75.0
"T Bank, National Association",Dallas,TX,944,NEVADA DISTRICT OFFICE,2,2672000,2004000,1336000.0,75.0
Enterprise Bank & Trust,Clayton,MO,768,ST. LOUIS DISTRICT OFFICE,6,2672000,1951125,445333.33,73.02
Byline Bank,Chicago,IL,944,NEVADA DISTRICT OFFICE,6,2671000,2003250,445166.67,75.0
PromiseOne Bank,Duluth,GA,303,PHILADELPHIA DISTRICT OFFICE,5,2665000,1998750,533000.0,75.0
The Cooperative Bank of Cape Cod,Hyannis,MA,101,MASSACHUSETTS DISTRICT OFFICE,5,2665000,1926000,533000.0,72.27
Community National Bank & Trust,Chanute,KS,709,KANSAS CITY DISTRICT OFFICE,9,2664000,1906650,296000.0,71.57
Renasant Bank,Tupelo,MS,455,SOUTH FLORIDA DISTRICT OFFICE,2,2662000,2395800,1331000.0,90.0
Peoples Security Bank and Trust Company,Scranton,PA,303,PHILADELPHIA DISTRICT OFFICE,8,2661600,1828700,332700.0,68.71
The Park National Bank,Newark,OH,593,COLUMBUS DISTRICT OFFICE,7,2661000,1758250,380142.86,66.07
First-Citizens Bank & Trust Company,Raleigh,NC,455,SOUTH FLORIDA DISTRICT OFFICE,3,2661000,1995750,887000.0,75.0
Coastal States Bank,Hilton Head Island,SC,681,SAN ANTONIO DISTRICT OFFICE,2,2660000,1995000,1330000.0,75.0
First Savings Bank,Jeffersonville,IN,944,NEVADA DISTRICT OFFICE,3,2658000,1993500,886000.0,75.0
First Bank of the Lake,Osage Beach,MO,508,MINNESOTA DISTRICT OFFICE,7,2656500,2022375,379500.0,76.13
"Community Trust Bank, Inc.",Pikeville,KY,474,TENNESSEE DISTRICT OFFICE,1,2655000,1991250,2655000.0,75.0
Coulee Bank,La Crosse,WI,508,MINNESOTA DISTRICT OFFICE,5,2654500,2015775,530900.0,75.94
United Community Bank,Greenville,SC,304,RICHMOND DISTRICT OFFICE,2,2650000,1987500,1325000.0,75.0
"Grow America Fund, Incorporated",New York,NY,202,NEW YORK DISTRICT OFFICE,4,2650000,1987500,662500.0,75.0
Mortgage Capital Development Corporation,Oakland,CA,912,SAN FRANCISCO DISTRICT OFFICE,12,2650000,2067500,220833.33,78.02
"Capital One, National Association",Mclean,VA,920,SANTA ANA DISTRICT OFFICE,3,2649900,1874925,883300.0,70.75
"Bank of America, National Association",Charlotte,NC,677,EL PASO DISTRICT OFFICE,3,2648200,1923650,882733.33,72.64
"Harvest Small Business Finance, LLC",Laguna Hills,CA,474,TENNESSEE DISTRICT OFFICE,5,2642400,1981800,528480.0,75.0
Bank of Charles Town,Charles Town,WV,353,WASHINGTON DISTRICT OFFICE,8,2640600,1907950,330075.0,72.25
Meadows Bank,Las Vegas,NV,944,NEVADA DISTRICT OFFICE,5,2637000,1977750,527400.0,75.0
Sonata Bank,Brentwood,TN,474,TENNESSEE DISTRICT OFFICE,3,2636500,1952375,878833.33,74.05
Northeast Bank,Lewiston,ME,954,SAN DIEGO DISTRICT OFFICE,28,2635800,2144710,94135.71,81.37
St Cloud Financial Credit Union,Sartell,MN,508,MINNESOTA DISTRICT OFFICE,8,2634800,2012030,329350.0,76.36
Magnifi Financial CU,Melrose,MN,508,MINNESOTA DISTRICT OFFICE,9,2633800,1984480,292644.44,75.35
The Fidelity Bank,Fuquay Varina,NC,464,SOUTH CAROLINA DISTRICT OFFICE,4,2631500,1911125,657875.0,72.62
Mission Bank,Bakersfield,CA,912,SAN FRANCISCO DISTRICT OFFICE,4,2630000,1972500,657500.0,75.0
First United Bank,Dimmitt,TX,678,LUBBOCK DISTRICT OFFICE,5,2624600,1828075,524920.0,69.65
"BOKF, National Association",Tulsa,OK,680,OKLAHOMA DISTRICT OFFICE,4,2622300,1826725,655575.0,69.66
"TD Bank, National Association",Wilmington,DE,165,RHODE ISLAND DISTRICT OFFICE,30,2622000,1664000,87400.0,63.46
Bank of the Orient,San Francisco,CA,610,DALLAS / FT WORTH DISTRICT OFFICE,1,2620000,1965000,2620000.0,75.0
The Huntington National Bank,Columbus,OH,1087,BOISE DISTRICT OFFICE,14,2619000,1905500,187071.43,72.76
Century Bank,Santa Fe,NM,682,NEW MEXICO DISTRICT OFFICE,7,2618200,1806400,374028.57,68.99
Northeast Bank,Lewiston,ME,931,SACRAMENTO DISTRICT OFFICE,25,2618000,2101610,104720.0,80.28
First Foundation Bank,Irvine,CA,1086,PORTLAND DISTRICT OFFICE,1,2615000,1961250,2615000.0,75.0
Northeast Bank,Lewiston,ME,942,FRESNO DISTRICT OFFICE,22,2610300,2073275,118650.0,79.43
MidFirst Bank,Oklahoma City,OK,944,NEVADA DISTRICT OFFICE,2,2610000,1957500,1305000.0,75.0
Northwest Bank,Warren,PA,455,SOUTH FLORIDA DISTRICT OFFICE,9,2608500,1725125,289833.33,66.13
Northwest Bank,Spencer,IA,761,DES MOINES DISTRICT OFFICE,13,2606700,1935113,200515.38,74.24
Preferred Bank,Los Angeles,CA,1013,SEATTLE DISTRICT OFFICE,2,2603000,1952250,1301500.0,75.0
Dogwood State Bank,Raleigh,NC,914,LOS ANGELES DISTRICT OFFICE,3,2598200,1936150,866066.67,74.52
Stearns Bank National Association,Saint Cloud,MN,358,PITTSBURGH DISTRICT OFFICE,2,2598000,1948500,1299000.0,75.0
Northeast Bank,Lewiston,ME,358,PITTSBURGH DISTRICT OFFICE,22,2597600,2035800,118072.73,78.37
First Bank,Hamilton,NJ,303,PHILADELPHIA DISTRICT OFFICE,2,2595000,1946250,1297500.0,75.0
Western Commerce Bank,Carlsbad,NM,678,LUBBOCK DISTRICT OFFICE,2,2593000,1933500,1296500.0,74.57
Brighton Bank,Salt Lake City,UT,883,UTAH DISTRICT OFFICE,6,2592400,1744300,432066.67,67.29
"First Western SBLC, Inc",Dallas,TX,515,MICHIGAN DISTRICT OFFICE,1,2588000,1941000,2588000.0,75.0
Members Cooperative CU,Duluth,MN,508,MINNESOTA DISTRICT OFFICE,3,2587400,1943550,862466.67,75.12
American Momentum Bank,College Station,TX,678,LUBBOCK DISTRICT OFFICE,2,2587000,1940250,1293500.0,75.0
Plumas Bank,Quincy,CA,914,LOS ANGELES DISTRICT OFFICE,2,2586000,1939500,1293000.0,75.0
Bank Five Nine,Oconomowoc,WI,761,DES MOINES DISTRICT OFFICE,2,2585000,1938750,1292500.0,75.0
Mission Valley Bank,Sun Valley,CA,912,SAN FRANCISCO DISTRICT OFFICE,2,2582100,1936575,1291050.0,75.0
"Lendistry SBLC, LLC",Los Angeles,CA,610,DALLAS / FT WORTH DISTRICT OFFICE,17,2580100,2110545,151770.59,81.8
West Town Bank & Trust,North Riverside,IL,455,SOUTH FLORIDA DISTRICT OFFICE,8,2575000,1958750,321875.0,76.07
"Bank of America, National Association",Charlotte,NC,549,CLEVELAND DISTRICT OFFICE,3,2574300,1855725,858100.0,72.09
1st Colonial Community Bank,Collingswood,NJ,299,NEW JERSEY DISTRICT OFFICE,7,2573900,1852225,367700.0,71.96
Bank Five Nine,Oconomowoc,WI,464,SOUTH CAROLINA DISTRICT OFFICE,3,2572000,1944000,857333.33,75.58
Comerica Bank,Dallas,TX,912,SAN FRANCISCO DISTRICT OFFICE,14,2571300,1376900,183664.29,53.55
"T Bank, National Association",Dallas,TX,767,WICHITA DISTRICT OFFICE,1,2571100,1928325,2571100.0,75.0
Horizon Bank SSB,Austin,TX,610,DALLAS / FT WORTH DISTRICT OFFICE,2,2571000,1928250,1285500.0,75.0
Grasshopper Bank National Association,New York,NY,101,MASSACHUSETTS DISTRICT OFFICE,1,2565000,1923750,2565000.0,75.0
Third Coast Bank,Humble,TX,671,HOUSTON DISTRICT OFFICE,5,2565000,1823750,513000.0,71.1
Byline Bank,Chicago,IL,671,HOUSTON DISTRICT OFFICE,5,2564000,1923000,512800.0,75.0
HTLF Bank,Denver,CO,709,KANSAS CITY DISTRICT OFFICE,4,2562000,1796500,640500.0,70.12
"Valley Economic Development Partners, Inc.",Youngstown,OH,549,CLEVELAND DISTRICT OFFICE,17,2558300,2035495,150488.24,79.56
Grasshopper Bank National Association,New York,NY,811,COLORADO DISTRICT OFFICE,5,2558100,1918575,511620.0,75.0
First National Bank of Omaha,Omaha,NE,811,COLORADO DISTRICT OFFICE,7,2556100,1902075,365157.14,74.41
Byline Bank,Chicago,IL,464,SOUTH CAROLINA DISTRICT OFFICE,3,2555000,1891250,851666.67,74.02
City National Bank,Los Angeles,CA,671,HOUSTON DISTRICT OFFICE,1,2555000,1533000,2555000.0,60.0
BMO Bank National Association,Chicago,IL,988,ARIZONA DISTRICT OFFICE,2,2554200,1915650,1277100.0,75.0
Pathward National Association,Sioux Falls,SD,885,MONTANA DISTRICT OFFICE,1,2550000,1912500,2550000.0,75.0
"Connecticut Community Bank, National Association",Norwalk,CT,101,MASSACHUSETTS DISTRICT OFFICE,2,2549200,1911900,1274600.0,75.0
Idaho Trust Bank,Boise,ID,1087,BOISE DISTRICT OFFICE,3,2547400,1860550,849133.33,73.04
Falcon National Bank,Foley,MN,474,TENNESSEE DISTRICT OFFICE,1,2547100,1910325,2547100.0,75.0
"U.S. Bank, National Association",Cincinnati,OH,885,MONTANA DISTRICT OFFICE,20,2546900,1691875,127345.0,66.43
"Bank of America, National Association",Charlotte,NC,358,PITTSBURGH DISTRICT OFFICE,3,2546200,1909650,848733.33,75.0
Home Bank of California,San Diego,CA,954,SAN DIEGO DISTRICT OFFICE,1,2542000,1906500,2542000.0,75.0
"VelocitySBA, LLC",Costa Mesa,CA,156,CONNECTICUT DISTRICT OFFICE,2,2541000,1905750,1270500.0,75.0
Needham Bank,Needham,MA,101,MASSACHUSETTS DISTRICT OFFICE,21,2538500,1596210,120880.95,62.88
East West Bank,Pasadena,CA,562,INDIANA DISTRICT OFFICE,4,2536000,1902000,634000.0,75.0
Bank Five Nine,Oconomowoc,WI,679,LOUISIANA DISTRICT OFFICE,2,2533500,1900125,1266750.0,75.0
Mortgage Capital Development Corporation,Oakland,CA,914,LOS ANGELES DISTRICT OFFICE,11,2532000,1964000,230181.82,77.57
FWBank,Chicago,IL,341,DELAWARE DISTRICT OFFICE,1,2531000,1898250,2531000.0,75.0
Berkshire Bank,Pittsfield,MA,883,UTAH DISTRICT OFFICE,2,2531000,1823250,1265500.0,72.04
Byline Bank,Chicago,IL,156,CONNECTICUT DISTRICT OFFICE,2,2530000,1772500,1265000.0,70.06
Exos Small Business Lending LLC,New York,NY,464,SOUTH CAROLINA DISTRICT OFFICE,3,2530000,1897500,843333.33,75.0
Fortress Bank,Peoria,IL,507,ILLINOIS DISTRICT OFFICE,1,2528900,1896675,2528900.0,75.0
American Pride Bank,Macon,GA,507,ILLINOIS DISTRICT OFFICE,1,2525000,1893750,2525000.0,75.0
Northeast Bank,Lewiston,ME,563,WISCONSIN DISTRICT OFFICE,26,2523900,2030325,97073.08,80.44
"PNC Bank, National Association",Wilmington,DE,549,CLEVELAND DISTRICT OFFICE,22,2523000,1651000,114681.82,65.44
Northeast Bank,Lewiston,ME,680,OKLAHOMA DISTRICT OFFICE,15,2521800,1968530,168120.0,78.06
American Riviera Bank,Santa Barbara,CA,920,SANTA ANA DISTRICT OFFICE,1,2520000,1890000,2520000.0,75.0
Western State Bank,Devils Lake,ND,101,MASSACHUSETTS DISTRICT OFFICE,1,2520000,1209600,2520000.0,48.0
The Ephrata National Bank,Ephrata,PA,358,PITTSBURGH DISTRICT OFFICE,1,2520000,1890000,2520000.0,75.0
Truliant FCU,Winston Salem,NC,172,MAINE DISTRICT OFFICE,1,2520000,1890000,2520000.0,75.0
Truliant FCU,Winston Salem,NC,405,GEORGIA DISTRICT OFFICE,2,2520000,1890000,1260000.0,75.0
Fifth Third Bank,Cincinnati,OH,912,SAN FRANCISCO DISTRICT OFFICE,1,2519000,1889250,2519000.0,75.0
"Fund-Ex Solutions Group, LLC",Davie,FL,299,NEW JERSEY DISTRICT OFFICE,1,2518600,1888950,2518600.0,75.0
First National Community Bank,New Richmond,WI,563,WISCONSIN DISTRICT OFFICE,11,2518100,1760185,228918.18,69.9
Central National Bank,Junction City,KS,767,WICHITA DISTRICT OFFICE,2,2516500,1902375,1258250.0,75.6
Cadence Bank,Tupelo,MS,515,MICHIGAN DISTRICT OFFICE,11,2515100,1961835,228645.45,78.0
Regions Bank,Birmingham,AL,464,SOUTH CAROLINA DISTRICT OFFICE,2,2515000,1861250,1257500.0,74.01
Grasshopper Bank National Association,New York,NY,455,SOUTH FLORIDA DISTRICT OFFICE,3,2513900,1885425,837966.67,75.0
Customers Bank,Malvern,PA,299,NEW JERSEY DISTRICT OFFICE,4,2513000,1877250,628250.0,74.7
Bank of Oak Ridge,Oak Ridge,NC,464,SOUTH CAROLINA DISTRICT OFFICE,3,2510000,1882500,836666.67,75.0
"Readycap Lending, LLC",Berkeley Heights,NJ,768,ST. LOUIS DISTRICT OFFICE,18,2509400,1942600,139411.11,77.41
"CRF Small Business Loan Company, LLC",Minneapolis,MN,914,LOS ANGELES DISTRICT OFFICE,5,2508000,1895300,501600.0,75.57
Kennebunk Savings Bank,Kennebunk,ME,172,MAINE DISTRICT OFFICE,9,2507800,1768255,278644.44,70.51
"JPMorgan Chase Bank, National Association",Columbus,OH,373,BALTIMORE DISTRICT OFFICE,10,2501000,1543250,250100.0,61.71
GBC International Bank,Los Angeles,CA,474,TENNESSEE DISTRICT OFFICE,2,2500000,1950000,1250000.0,78.0
Meridian Bank,Malvern,PA,1086,PORTLAND DISTRICT OFFICE,2,2500000,1825000,1250000.0,73.0
Firstrust Savings Bank,Conshohocken,PA,373,BALTIMORE DISTRICT OFFICE,3,2500000,1837500,833333.33,73.5
Millennium Bank,Des Plaines,IL,709,KANSAS CITY DISTRICT OFFICE,1,2495000,1871250,2495000.0,75.0
"Capital Bank, National Association",Rockville,MD,405,GEORGIA DISTRICT OFFICE,3,2492500,1869375,830833.33,75.0
Customers Bank,Malvern,PA,682,NEW MEXICO DISTRICT OFFICE,3,2492000,1806500,830666.67,72.49
Veritex Community Bank,Dallas,TX,954,SAN DIEGO DISTRICT OFFICE,1,2492000,1869000,2492000.0,75.0
Dogwood State Bank,Raleigh,NC,988,ARIZONA DISTRICT OFFICE,3,2492000,1844000,830666.67,74.0
Tompkins Community Bank,Ithaca,NY,296,BUFFALO DISTRICT OFFICE,18,2491100,1479800,138394.44,59.4
Evolve Bank and Trust,West Memphis,AR,811,COLORADO DISTRICT OFFICE,2,2486700,1865025,1243350.0,75.0
4Front Credit Union,Traverse City,MI,515,MICHIGAN DISTRICT OFFICE,14,2482500,1940125,177321.43,78.15
Dogwood State Bank,Raleigh,NC,101,MASSACHUSETTS DISTRICT OFFICE,1,2482200,1861650,2482200.0,75.0
Brookline Bank,Brookline,MA,101,MASSACHUSETTS DISTRICT OFFICE,18,2479500,1364750,137750.0,55.04
Hyperion Bank,Philadelphia,PA,405,GEORGIA DISTRICT OFFICE,2,2469000,1851750,1234500.0,75.0
Simmons Bank,Pine Bluff,AR,671,HOUSTON DISTRICT OFFICE,1,2468000,1851000,2468000.0,75.0
The Adirondack Trust Company,Saratoga Springs,NY,248,SYRACUSE DISTRICT OFFICE,19,2466400,1665830,129810.53,67.54
First Chatham Bank,Savannah,GA,303,PHILADELPHIA DISTRICT OFFICE,4,2465000,1848750,616250.0,75.0
German American Bank,Jasper,IN,457,KENTUCKY DISTRICT OFFICE,5,2464100,1826825,492820.0,74.14
Pinnacle Bank,Nashville,TN,988,ARIZONA DISTRICT OFFICE,1,2463000,1847250,2463000.0,75.0
"Bank of America, National Association",Charlotte,NC,165,RHODE ISLAND DISTRICT OFFICE,9,2463000,1562250,273666.67,63.43
Northeast Bank,Lewiston,ME,593,COLUMBUS DISTRICT OFFICE,29,2462800,1996120,84924.14,81.05
Lake Ridge Bank,Cross Plains,WI,563,WISCONSIN DISTRICT OFFICE,16,2461100,1572575,153818.75,63.9
"Wintrust Bank, National Association",Chicago,IL,811,COLORADO DISTRICT OFFICE,2,2461000,1845750,1230500.0,75.0
"Readycap Lending, LLC",Berkeley Heights,NJ,1084,ALASKA DISTRICT OFFICE,5,2455000,1850100,491000.0,75.36
Falcon National Bank,Foley,MN,610,DALLAS / FT WORTH DISTRICT OFFICE,4,2452700,1764525,613175.0,71.94
First Savings Bank,Jeffersonville,IN,491,NORTH FLORIDA DISTRICT OFFICE,5,2450000,1846000,490000.0,75.35
"Centerstone SBA Lending, Inc.",Los Angeles,CA,202,NEW YORK DISTRICT OFFICE,3,2450000,1837500,816666.67,75.0
PromiseOne Bank,Duluth,GA,455,SOUTH FLORIDA DISTRICT OFFICE,2,2450000,1837500,1225000.0,75.0
The Bancorp Bank National Association,Sioux Falls,SD,455,SOUTH FLORIDA DISTRICT OFFICE,4,2449400,1837050,612350.0,75.0
"United Midwest Savings Bank, National Association",De Graff,OH,202,NEW YORK DISTRICT OFFICE,12,2449000,1969550,204083.33,80.42
Citizens Bank,Elizabethton,TN,373,BALTIMORE DISTRICT OFFICE,4,2441800,1831350,610450.0,75.0
Keystone Bank SSB,Bee Cave,TX,610,DALLAS / FT WORTH DISTRICT OFFICE,1,2440000,1830000,2440000.0,75.0
North State Bank,Raleigh,NC,914,LOS ANGELES DISTRICT OFFICE,4,2437200,1827900,609300.0,75.0
Northeast Bank,Lewiston,ME,709,KANSAS CITY DISTRICT OFFICE,27,2435500,1995175,90203.7,81.92
East West Bank,Pasadena,CA,101,MASSACHUSETTS DISTRICT OFFICE,2,2430700,1823025,1215350.0,75.0
The First Bank,Hattiesburg,MS,470,MISSISSIPPI DISTRICT OFFICE,2,2430500,1822875,1215250.0,75.0
Old National Bank,Evansville,IN,491,NORTH FLORIDA DISTRICT OFFICE,2,2430200,1822650,1215100.0,75.0
First Business Bank,Madison,WI,563,WISCONSIN DISTRICT OFFICE,3,2430000,1822500,810000.0,75.0
Mi Bank,Bloomfield Hills,MI,515,MICHIGAN DISTRICT OFFICE,3,2430000,1822500,810000.0,75.0
US Metro Bank,Garden Grove,CA,954,SAN DIEGO DISTRICT OFFICE,2,2430000,1822500,1215000.0,75.0
"American Bank & Trust Company, Inc.",Bowling Green,KY,457,KENTUCKY DISTRICT OFFICE,10,2429500,1844375,242950.0,75.92
"Readycap Lending, LLC",Berkeley Heights,NJ,248,SYRACUSE DISTRICT OFFICE,17,2425600,1872150,142682.35,77.18
"Zions Bank, A Division of",Salt Lake City,UT,681,SAN ANTONIO DISTRICT OFFICE,13,2425400,1845300,186569.23,76.08
Travis CU,Vacaville,CA,931,SACRAMENTO DISTRICT OFFICE,3,2425000,1826250,808333.33,75.31
"Newtek Bank, National Association",Miami,FL,150,VERMONT DISTRICT OFFICE,4,2425000,1818750,606250.0,75.0
Veritex Community Bank,Dallas,TX,563,WISCONSIN DISTRICT OFFICE,1,2418300,1813725,2418300.0,75.0
Banc of California,Los Angeles,CA,515,MICHIGAN DISTRICT OFFICE,3,2418000,1813500,806000.0,75.0
Seacoast National Bank,Stuart,FL,944,NEVADA DISTRICT OFFICE,1,2413000,1809750,2413000.0,75.0
"T Bank, National Association",Dallas,TX,883,UTAH DISTRICT OFFICE,5,2408900,1921575,481780.0,79.77
Santa Cruz County Bank,Santa Cruz,CA,942,FRESNO DISTRICT OFFICE,3,2407000,1805250,802333.33,75.0
First National Bank of Pennsylvania,Greenville,PA,101,MASSACHUSETTS DISTRICT OFFICE,3,2407000,1742750,802333.33,72.4
"Bank of America, National Association",Charlotte,NC,709,KANSAS CITY DISTRICT OFFICE,3,2402900,1727175,800966.67,71.88
"TransPecos Banks, SSB.",Pecos,TX,681,SAN ANTONIO DISTRICT OFFICE,3,2401000,1800750,800333.33,75.0
The Bank of Edison,Edison,GA,671,HOUSTON DISTRICT OFFICE,2,2400000,1800000,1200000.0,75.0
"Capital One, National Association",Mclean,VA,202,NEW YORK DISTRICT OFFICE,3,2400000,1675000,800000.0,69.79
"First Western SBLC, Inc",Dallas,TX,474,TENNESSEE DISTRICT OFFICE,1,2400000,1800000,2400000.0,75.0
West Town Bank & Trust,North Riverside,IL,202,NEW YORK DISTRICT OFFICE,6,2400000,1810000,400000.0,75.42
Platinum Bank,Oakdale,MN,358,PITTSBURGH DISTRICT OFFICE,2,2400000,1725000,1200000.0,71.88
"Wilmington Savings Fund Society, FSB",Wilmington,DE,671,HOUSTON DISTRICT OFFICE,2,2400000,1800000,1200000.0,75.0
First Heritage Bank,Centralia,KS,709,KANSAS CITY DISTRICT OFFICE,4,2395000,1796250,598750.0,75.0
Dogwood State Bank,Raleigh,NC,353,WASHINGTON DISTRICT OFFICE,2,2393600,1795200,1196800.0,75.0
"American Bank, National Association",Corpus Christi,TX,681,SAN ANTONIO DISTRICT OFFICE,3,2391100,1800435,797033.33,75.3
Exos Small Business Lending LLC,New York,NY,709,KANSAS CITY DISTRICT OFFICE,2,2390000,1792500,1195000.0,75.0
Southwest Heritage Bank,Scottsdale,AZ,988,ARIZONA DISTRICT OFFICE,3,2390000,1792500,796666.67,75.0
First Port City Bank,Bainbridge,GA,491,NORTH FLORIDA DISTRICT OFFICE,6,2388000,1792800,398000.0,75.08
First Financial Bank,El Dorado,AR,474,TENNESSEE DISTRICT OFFICE,2,2386000,1789500,1193000.0,75.0
BankNewport,Newport,RI,165,RHODE ISLAND DISTRICT OFFICE,31,2385400,1192700,76948.39,50.0
BayFirst National Bank,Saint Petersburg,FL,761,DES MOINES DISTRICT OFFICE,17,2383600,1986060,140211.76,83.32
Enterprise Bank & Trust,Clayton,MO,562,INDIANA DISTRICT OFFICE,1,2382000,1786500,2382000.0,75.0
First Savings Bank,Jeffersonville,IN,405,GEORGIA DISTRICT OFFICE,5,2381000,1800750,476200.0,75.63
CIBM Bank,Champaign,IL,507,ILLINOIS DISTRICT OFFICE,2,2376000,1769500,1188000.0,74.47
Colony Bank,Fitzgerald,GA,299,NEW JERSEY DISTRICT OFFICE,17,2373800,1982730,139635.29,83.53
"JPMorgan Chase Bank, National Association",Columbus,OH,457,KENTUCKY DISTRICT OFFICE,11,2370000,1412500,215454.55,59.6
"LendingClub Bank, National Association",Lehi,UT,610,DALLAS / FT WORTH DISTRICT OFFICE,1,2370000,1777500,2370000.0,75.0
US Eagle FCU,Albuquerque,NM,682,NEW MEXICO DISTRICT OFFICE,2,2370000,1777500,1185000.0,75.0
Endeavor Bank,San Diego,CA,885,MONTANA DISTRICT OFFICE,1,2367200,1775400,2367200.0,75.0
First-Citizens Bank & Trust Company,Raleigh,NC,1086,PORTLAND DISTRICT OFFICE,2,2366000,1774500,1183000.0,75.0
Bank of the Pacific,Aberdeen,WA,1013,SEATTLE DISTRICT OFFICE,2,2360000,1770000,1180000.0,75.0
First State Bank Nebraska,Lincoln,NE,457,KENTUCKY DISTRICT OFFICE,1,2360000,1770000,2360000.0,75.0
"T Bank, National Association",Dallas,TX,678,LUBBOCK DISTRICT OFFICE,1,2358500,1768875,2358500.0,75.0
"Harvest Small Business Finance, LLC",Laguna Hills,CA,464,SOUTH CAROLINA DISTRICT OFFICE,3,2355100,1766325,785033.33,75.0
Idaho First Bank,Mccall,ID,944,NEVADA DISTRICT OFFICE,1,2354300,1765725,2354300.0,75.0
Southwestern National Bank,Houston,TX,931,SACRAMENTO DISTRICT OFFICE,2,2354000,1765500,1177000.0,75.0
MidCountry Bank,Bloomington,MN,508,MINNESOTA DISTRICT OFFICE,2,2350000,1718750,1175000.0,73.14
BayFirst National Bank,Saint Petersburg,FL,951,HAWAII DISTRICT OFFICE,18,2348700,1996395,130483.33,85.0
"California Bank of Commerce, NA",San Diego,CA,914,LOS ANGELES DISTRICT OFFICE,3,2348000,1761000,782666.67,75.0
Dogwood State Bank,Raleigh,NC,457,KENTUCKY DISTRICT OFFICE,3,2345700,1759275,781900.0,75.0
"United Midwest Savings Bank, National Association",De Graff,OH,358,PITTSBURGH DISTRICT OFFICE,7,2345000,1818750,335000.0,77.56
"Community Banks of Colorado, A Division of",Greenwood Village,CO,920,SANTA ANA DISTRICT OFFICE,2,2341700,1878780,1170850.0,80.23
Genisys CU,Auburn Hills,MI,304,RICHMOND DISTRICT OFFICE,1,2340000,1755000,2340000.0,75.0
Webster Five Cents Savings Bank,Webster,MA,101,MASSACHUSETTS DISTRICT OFFICE,17,2337600,1343800,137505.88,57.49
Honor CU,Berrien Springs,MI,515,MICHIGAN DISTRICT OFFICE,6,2337200,1752900,389533.33,75.0
First State Bank,Waynesboro,MS,470,MISSISSIPPI DISTRICT OFFICE,5,2325600,1744200,465120.0,75.0
Bangor Savings Bank,Bangor,ME,189,NEW HAMPSHIRE DISTRICT OFFICE,12,2325200,1592150,193766.67,68.47
Meridian Bank,Malvern,PA,202,NEW YORK DISTRICT OFFICE,3,2325000,1731250,775000.0,74.46
Five Star Bank,Rancho Cordova,CA,299,NEW JERSEY DISTRICT OFFICE,3,2325000,1743750,775000.0,75.0
Choice Financial Group,Fargo,ND,875,NORTH DAKOTA DISTRICT OFFICE,7,2324500,1693375,332071.43,72.85
Gulf Coast Bank and Trust Company,New Orleans,LA,296,BUFFALO DISTRICT OFFICE,1,2324000,1743000,2324000.0,75.0
Shoreham Bank,Warwick,RI,682,NEW MEXICO DISTRICT OFFICE,1,2320000,1740000,2320000.0,75.0
Truliant FCU,Winston Salem,NC,811,COLORADO DISTRICT OFFICE,1,2320000,2088000,2320000.0,90.0
Stock Yards Bank & Trust Company,Louisville,KY,562,INDIANA DISTRICT OFFICE,8,2317200,1457600,289650.0,62.9
"Centerstone SBA Lending, Inc.",Los Angeles,CA,405,GEORGIA DISTRICT OFFICE,3,2316000,1737000,772000.0,75.0
Timberline Bank,Grand Junction,CO,811,COLORADO DISTRICT OFFICE,3,2315000,1707000,771666.67,73.74
First Bank,Southern Pines,NC,883,UTAH DISTRICT OFFICE,4,2312000,1634000,578000.0,70.67
Meridian Bank,Malvern,PA,920,SANTA ANA DISTRICT OFFICE,1,2311000,1733250,2311000.0,75.0
"LendingClub Bank, National Association",Lehi,UT,459,ALABAMA DISTRICT OFFICE,1,2309500,1732125,2309500.0,75.0
Northeast Bank,Lewiston,ME,549,CLEVELAND DISTRICT OFFICE,25,2309100,1908335,92364.0,82.64
Redwood Capital Bank,Eureka,CA,912,SAN FRANCISCO DISTRICT OFFICE,5,2302700,1714525,460540.0,74.46
"Readycap Lending, LLC",Berkeley Heights,NJ,885,MONTANA DISTRICT OFFICE,12,2301500,1760075,191791.67,76.48
East West Bank,Pasadena,CA,944,NEVADA DISTRICT OFFICE,3,2300000,1712500,766666.67,74.46
Citizens Community Federal National Association,Altoona,WI,876,SOUTH DAKOTA DISTRICT OFFICE,1,2300000,1725000,2300000.0,75.0
CFBank National Association,Columbus,OH,549,CLEVELAND DISTRICT OFFICE,2,2299000,1724250,1149500.0,75.0
Union Bank,Grand Rapids,MI,515,MICHIGAN DISTRICT OFFICE,2,2296000,1722000,1148000.0,75.0
BayFirst National Bank,Saint Petersburg,FL,358,PITTSBURGH DISTRICT OFFICE,18,2296000,1951600,127555.56,85.0
Commonwealth Business Bank,Los Angeles,CA,931,SACRAMENTO DISTRICT OFFICE,2,2295000,1721250,1147500.0,75.0
American Momentum Bank,College Station,TX,610,DALLAS / FT WORTH DISTRICT OFFICE,4,2287400,1715550,571850.0,75.0
Seacoast National Bank,Stuart,FL,455,SOUTH FLORIDA DISTRICT OFFICE,6,2287000,1715250,381166.67,75.0
"Wells Fargo Bank, National Association",Sioux Falls,SD,459,ALABAMA DISTRICT OFFICE,20,2285500,1655375,114275.0,72.43
First Chatham Bank,Savannah,GA,464,SOUTH CAROLINA DISTRICT OFFICE,1,2285000,1713750,2285000.0,75.0
Live Oak Banking Company,Wilmington,NC,165,RHODE ISLAND DISTRICT OFFICE,2,2284000,1713000,1142000.0,75.0
Cadence Bank,Tupelo,MS,549,CLEVELAND DISTRICT OFFICE,8,2283500,1742625,285437.5,76.31
SpiritBank,Tulsa,OK,680,OKLAHOMA DISTRICT OFFICE,2,2283400,1712550,1141700.0,75.0
Old National Bank,Evansville,IN,299,NEW JERSEY DISTRICT OFFICE,2,2274000,1705500,1137000.0,75.0
Integro Bank,Phoenix,AZ,1086,PORTLAND DISTRICT OFFICE,2,2273000,1704750,1136500.0,75.0
First National Bank of Pennsylvania,Greenville,PA,549,CLEVELAND DISTRICT OFFICE,2,2270000,1640000,1135000.0,72.25
First Enterprise Bank,Oklahoma City,OK,680,OKLAHOMA DISTRICT OFFICE,3,2269100,1601825,756366.67,70.59
The Huntington National Bank,Columbus,OH,296,BUFFALO DISTRICT OFFICE,6,2265500,1672875,377583.33,73.84
Farmers and Merchants Bank,Lakeland,GA,405,GEORGIA DISTRICT OFFICE,2,2265000,1698750,1132500.0,75.0
"Lendistry SBLC, LLC",Los Angeles,CA,515,MICHIGAN DISTRICT OFFICE,10,2260000,1741730,226000.0,77.07
Gulf Coast Bank and Trust Company,New Orleans,LA,883,UTAH DISTRICT OFFICE,2,2260000,1695000,1130000.0,75.0
Merchants Bank of Indiana,Carmel,IN,515,MICHIGAN DISTRICT OFFICE,2,2255200,1691400,1127600.0,75.0
CS Bank,Eureka Springs,AR,669,ARKANSAS DISTRICT OFFICE,5,2255100,1408825,451020.0,62.47
Firstrust Savings Bank,Conshohocken,PA,202,NEW YORK DISTRICT OFFICE,3,2255000,1566250,751666.67,69.46
First Bank,Southern Pines,NC,299,NEW JERSEY DISTRICT OFFICE,2,2253000,1907700,1126500.0,84.67
Merchants Bank of Indiana,Carmel,IN,681,SAN ANTONIO DISTRICT OFFICE,2,2252100,1689075,1126050.0,75.0
Horizon Bank SSB,Austin,TX,681,SAN ANTONIO DISTRICT OFFICE,2,2250000,1687500,1125000.0,75.0
"Centerstone SBA Lending, Inc.",Los Angeles,CA,931,SACRAMENTO DISTRICT OFFICE,1,2248000,1686000,2248000.0,75.0
Avidia Bank,Hudson,MA,101,MASSACHUSETTS DISTRICT OFFICE,7,2246000,1509500,320857.14,67.21
Umpqua Bank,Roseburg,OR,610,DALLAS / FT WORTH DISTRICT OFFICE,3,2245700,1559275,748566.67,69.43
Merchants & Marine Bank,Pascagoula,MS,459,ALABAMA DISTRICT OFFICE,4,2244500,1589625,561125.0,70.82
Royal Business Bank,Los Angeles,CA,299,NEW JERSEY DISTRICT OFFICE,1,2243000,1682250,2243000.0,75.0
The Bank of Houston,Houston,MO,507,ILLINOIS DISTRICT OFFICE,3,2242000,1681500,747333.33,75.0
Merchants & Marine Bank,Pascagoula,MS,470,MISSISSIPPI DISTRICT OFFICE,9,2240100,1636325,248900.0,73.05
"United Midwest Savings Bank, National Association",De Graff,OH,942,FRESNO DISTRICT OFFICE,6,2240000,1737500,373333.33,77.57
"Bank of America, National Association",Charlotte,NC,562,INDIANA DISTRICT OFFICE,3,2237200,1677900,745733.33,75.0
Mega Bank,San Gabriel,CA,912,SAN FRANCISCO DISTRICT OFFICE,2,2235000,1676250,1117500.0,75.0
American Continental Bank,City Of Industry,CA,1013,SEATTLE DISTRICT OFFICE,3,2235000,1676250,745000.0,75.0
Valley National Bank,Passaic,NJ,202,NEW YORK DISTRICT OFFICE,3,2230500,1672875,743500.0,75.0
Metro City Bank,Doraville,GA,761,DES MOINES DISTRICT OFFICE,2,2230000,1672500,1115000.0,75.0
Colony Bank,Fitzgerald,GA,460,NORTH CAROLINA DISTRICT OFFICE,15,2228400,1819690,148560.0,81.66
OptimumBank,Fort Lauderdale,FL,491,NORTH FLORIDA DISTRICT OFFICE,3,2226800,1670100,742266.67,75.0
Texas First Bank,Texas City,TX,671,HOUSTON DISTRICT OFFICE,2,2226400,1669800,1113200.0,75.0
Isabella Bank,Mount Pleasant,MI,515,MICHIGAN DISTRICT OFFICE,3,2226400,1614800,742133.33,72.53
Byline Bank,Chicago,IL,549,CLEVELAND DISTRICT OFFICE,2,2225000,1668750,1112500.0,75.0
Midwest Bank,Pierce,NE,766,NEBRASKA DISTRICT OFFICE,5,2225000,1511625,445000.0,67.94
Cedar Rapids Bank and Trust Company,Cedar Rapids,IA,761,DES MOINES DISTRICT OFFICE,9,2219500,1658425,246611.11,74.72
Hanover Community Bank,Mineola,NY,507,ILLINOIS DISTRICT OFFICE,3,2219000,1664250,739666.67,75.0
Gulf Coast Bank and Trust Company,New Orleans,LA,1084,ALASKA DISTRICT OFFICE,1,2216000,1662000,2216000.0,75.0
United Community Bank,Greenville,SC,610,DALLAS / FT WORTH DISTRICT OFFICE,4,2215000,1661250,553750.0,75.0
First Financial Bank,Abilene,TX,610,DALLAS / FT WORTH DISTRICT OFFICE,6,2214500,1686145,369083.33,76.14
First Savings Bank,Jeffersonville,IN,988,ARIZONA DISTRICT OFFICE,5,2213500,1675125,442700.0,75.68
Meadows Bank,Las Vegas,NV,883,UTAH DISTRICT OFFICE,3,2212300,1659225,737433.33,75.0
BayFirst National Bank,Saint Petersburg,FL,766,NEBRASKA DISTRICT OFFICE,18,2207900,1876715,122661.11,85.0
Merchants Bank of Indiana,Carmel,IN,455,SOUTH FLORIDA DISTRICT OFFICE,2,2204800,1653600,1102400.0,75.0
Platinum Bank,Oakdale,MN,912,SAN FRANCISCO DISTRICT OFFICE,6,2204700,1634775,367450.0,74.15
InBank,Raton,NM,988,ARIZONA DISTRICT OFFICE,3,2204400,1653300,734800.0,75.0
Northeast Bank,Lewiston,ME,189,NEW HAMPSHIRE DISTRICT OFFICE,15,2202800,1747380,146853.33,79.33
American Momentum Bank,College Station,TX,491,NORTH FLORIDA DISTRICT OFFICE,2,2202000,1651500,1101000.0,75.0
Peoples Security Bank and Trust Company,Scranton,PA,920,SANTA ANA DISTRICT OFFICE,1,2200000,1650000,2200000.0,75.0
"Farmers State Bank of Alto Pass, Illinois",Alto Pass,IL,1013,SEATTLE DISTRICT OFFICE,1,2200000,1650000,2200000.0,75.0
Veritex Community Bank,Dallas,TX,299,NEW JERSEY DISTRICT OFFICE,2,2197800,1609525,1098900.0,73.23
Scale Bank,Edina,MN,508,MINNESOTA DISTRICT OFFICE,5,2195900,1615675,439180.0,73.58
FWBank,Chicago,IL,299,NEW JERSEY DISTRICT OFFICE,1,2194000,1645500,2194000.0,75.0
First Security Bank and Trust Company,Oklahoma City,OK,680,OKLAHOMA DISTRICT OFFICE,8,2193100,1553200,274137.5,70.82
Millennium Bank,Des Plaines,IL,474,TENNESSEE DISTRICT OFFICE,1,2192000,1644000,2192000.0,75.0
Oconee State Bank,Watkinsville,GA,455,SOUTH FLORIDA DISTRICT OFFICE,2,2191600,1643700,1095800.0,75.0
Stellar Bank,Houston,TX,610,DALLAS / FT WORTH DISTRICT OFFICE,1,2187600,1640700,2187600.0,75.0
Clear Lake Bank & Trust Company,Clear Lake,IA,761,DES MOINES DISTRICT OFFICE,6,2186500,1594875,364416.67,72.94
Alliance Catholic CU,Farmington Hills,MI,515,MICHIGAN DISTRICT OFFICE,2,2186000,1639500,1093000.0,75.0
Security Federal Bank,Aiken,SC,464,SOUTH CAROLINA DISTRICT OFFICE,8,2183600,1643340,272950.0,75.26
"PNC Bank, National Association",Wilmington,DE,341,DELAWARE DISTRICT OFFICE,11,2183000,1464750,198454.55,67.1
"PNC Bank, National Association",Wilmington,DE,405,GEORGIA DISTRICT OFFICE,13,2182700,1542025,167900.0,70.65
Northrim Bank,Anchorage,AK,1084,ALASKA DISTRICT OFFICE,9,2182500,1553925,242500.0,71.2
First Interstate Bank,Billings,MT,768,ST. LOUIS DISTRICT OFFICE,2,2179400,1634550,1089700.0,75.0
Exos Small Business Lending LLC,New York,NY,988,ARIZONA DISTRICT OFFICE,2,2175000,1631250,1087500.0,75.0
Univest Bank and Trust Co,Souderton,PA,299,NEW JERSEY DISTRICT OFFICE,4,2175000,1625000,543750.0,74.71
"Lendistry SBLC, LLC",Los Angeles,CA,299,NEW JERSEY DISTRICT OFFICE,17,2172500,1796625,127794.12,82.7
"Citibank, N.A.",Sioux Falls,SD,914,LOS ANGELES DISTRICT OFFICE,10,2172200,1393150,217220.0,64.14
Community Bank & Trust-West Georgia,Lagrange,GA,252,PUERTO RICO AND USVI DISTRICT OFFICE,1,2171000,1628250,2171000.0,75.0
CTBC Bank Corp. (USA).,Los Angeles,CA,912,SAN FRANCISCO DISTRICT OFFICE,2,2170500,1627875,1085250.0,75.0
InBank,Raton,NM,766,NEBRASKA DISTRICT OFFICE,1,2170000,1627500,2170000.0,75.0
Southwestern National Bank,Houston,TX,358,PITTSBURGH DISTRICT OFFICE,1,2170000,1627500,2170000.0,75.0
"Heritage Bank, Inc.",Burlington,KY,593,COLUMBUS DISTRICT OFFICE,7,2170000,1617500,310000.0,74.54
Flagstar Bank National Association,Hicksville,NY,515,MICHIGAN DISTRICT OFFICE,8,2168000,1427250,271000.0,65.83
"Readycap Lending, LLC",Berkeley Heights,NJ,341,DELAWARE DISTRICT OFFICE,6,2161500,1639125,360250.0,75.83
"JPMorgan Chase Bank, National Association",Columbus,OH,353,WASHINGTON DISTRICT OFFICE,14,2160000,1080000,154285.71,50.0
First Commonwealth Bank,Indiana,PA,460,NORTH CAROLINA DISTRICT OFFICE,3,2159600,1619700,719866.67,75.0
First Bank of Central Ohio,Worthington,OH,405,GEORGIA DISTRICT OFFICE,1,2157000,1617750,2157000.0,75.0
D. L. Evans Bank,Burley,ID,1087,BOISE DISTRICT OFFICE,20,2156000,1204500,107800.0,55.87
"Wilmington Savings Fund Society, FSB",Wilmington,DE,304,RICHMOND DISTRICT OFFICE,3,2156000,1617000,718666.67,75.0
"U.S. Bank, National Association",Cincinnati,OH,353,WASHINGTON DISTRICT OFFICE,5,2149300,1568700,429860.0,72.99
"U.S. Bank, National Association",Cincinnati,OH,515,MICHIGAN DISTRICT OFFICE,6,2146800,1580100,357800.0,73.6
Evolve Bank and Trust,West Memphis,AR,299,NEW JERSEY DISTRICT OFFICE,2,2143500,1607625,1071750.0,75.0
PlainsCapital Bank,Dallas,TX,678,LUBBOCK DISTRICT OFFICE,7,2136500,1517375,305214.29,71.02
Sandy Spring Bank,Olney,MD,1013,SEATTLE DISTRICT OFFICE,1,2133900,1600425,2133900.0,75.0
Truliant FCU,Winston Salem,NC,202,NEW YORK DISTRICT OFFICE,3,2133500,1600125,711166.67,75.0
City National Bank,Los Angeles,CA,610,DALLAS / FT WORTH DISTRICT OFFICE,1,2129000,1596750,2129000.0,75.0
PCB Bank,Los Angeles,CA,1086,PORTLAND DISTRICT OFFICE,1,2128000,1596000,2128000.0,75.0
Colony Bank,Fitzgerald,GA,681,SAN ANTONIO DISTRICT OFFICE,8,2127200,1655020,265900.0,77.8
Mission Valley Bank,Sun Valley,CA,563,WISCONSIN DISTRICT OFFICE,2,2126500,1594875,1063250.0,75.0
Bank Five Nine,Oconomowoc,WI,515,MICHIGAN DISTRICT OFFICE,4,2125000,1619750,531250.0,76.22
"VelocitySBA, LLC",Costa Mesa,CA,768,ST. LOUIS DISTRICT OFFICE,2,2124000,1593000,1062000.0,75.0
Enterprise Bank & Trust,Clayton,MO,767,WICHITA DISTRICT OFFICE,1,2121200,1590900,2121200.0,75.0
American Riviera Bank,Santa Barbara,CA,914,LOS ANGELES DISTRICT OFFICE,6,2121000,1548250,353500.0,73.0
22nd State Bank,Louisville,AL,610,DALLAS / FT WORTH DISTRICT OFFICE,2,2120000,1590000,1060000.0,75.0
Cadence Bank,Tupelo,MS,931,SACRAMENTO DISTRICT OFFICE,8,2120000,1620000,265000.0,76.42
"BOKF, National Association",Tulsa,OK,671,HOUSTON DISTRICT OFFICE,3,2118400,1588800,706133.33,75.0
City National Bank,Los Angeles,CA,944,NEVADA DISTRICT OFFICE,2,2117500,1588125,1058750.0,75.0
RiverHills Bank,Milford,OH,593,COLUMBUS DISTRICT OFFICE,9,2117100,1619255,235233.33,76.48
Security Financial Bank,Durand,WI,563,WISCONSIN DISTRICT OFFICE,4,2115000,1556000,528750.0,73.57
Simmons Bank,Pine Bluff,AR,680,OKLAHOMA DISTRICT OFFICE,3,2114600,1548450,704866.67,73.23
Pathward National Association,Sioux Falls,SD,681,SAN ANTONIO DISTRICT OFFICE,4,2110000,1582500,527500.0,75.0
First IC Bank,Doraville,GA,767,WICHITA DISTRICT OFFICE,2,2110000,1582500,1055000.0,75.0
Belgrade State Bank,Belgrade,MO,768,ST. LOUIS DISTRICT OFFICE,6,2109700,1606995,351616.67,76.17
Bank of Hope,Los Angeles,CA,296,BUFFALO DISTRICT OFFICE,1,2105000,1578750,2105000.0,75.0
"Harvest Small Business Finance, LLC",Laguna Hills,CA,457,KENTUCKY DISTRICT OFFICE,1,2105000,1578750,2105000.0,75.0
"Wilmington Savings Fund Society, FSB",Wilmington,DE,373,BALTIMORE DISTRICT OFFICE,3,2105000,1560000,701666.67,74.11
Gibsland Bank & Trust Company,Gibsland,LA,679,LOUISIANA DISTRICT OFFICE,6,2101200,1424990,350200.0,67.82
United Community Bank,Greenville,SC,671,HOUSTON DISTRICT OFFICE,1,2100000,1575000,2100000.0,75.0
"United Midwest Savings Bank, National Association",De Graff,OH,390,WEST VIRGINIA DISTRICT OFFICE,3,2100000,1575000,700000.0,75.0
Frontier Bank of Texas,Elgin,TX,681,SAN ANTONIO DISTRICT OFFICE,7,2097800,1358130,299685.71,64.74
The Andover Bank,Andover,OH,549,CLEVELAND DISTRICT OFFICE,2,2094900,1507675,1047450.0,71.97
Texas Champion Bank,Corpus Christi,TX,681,SAN ANTONIO DISTRICT OFFICE,5,2093000,1599750,418600.0,76.43
University Bank,Ann Arbor,MI,515,MICHIGAN DISTRICT OFFICE,4,2091000,1568250,522750.0,75.0
Merchants Bank of Indiana,Carmel,IN,549,CLEVELAND DISTRICT OFFICE,2,2090900,1518175,1045450.0,72.61
HTLF Bank,Denver,CO,811,COLORADO DISTRICT OFFICE,6,2090000,1467500,348333.33,70.22
"United Midwest Savings Bank, National Association",De Graff,OH,768,ST. LOUIS DISTRICT OFFICE,7,2086000,1617000,298000.0,77.52
IncredibleBank,Wausau,WI,610,DALLAS / FT WORTH DISTRICT OFFICE,2,2085300,1563975,1042650.0,75.0
Western State Bank,Devils Lake,ND,491,NORTH FLORIDA DISTRICT OFFICE,1,2084000,1563000,2084000.0,75.0
"BOKF, National Association",Tulsa,OK,610,DALLAS / FT WORTH DISTRICT OFFICE,2,2080000,1540000,1040000.0,74.04
Manufacturers and Traders Trust Company,Buffalo,NY,172,MAINE DISTRICT OFFICE,10,2080000,1528400,208000.0,73.48
First Commonwealth Bank,Indiana,PA,768,ST. LOUIS DISTRICT OFFICE,1,2080000,1560000,2080000.0,75.0
Royal Business Bank,Los Angeles,CA,920,SANTA ANA DISTRICT OFFICE,5,2073000,1554750,414600.0,75.0
"Libertyville Bank & Trust Company, National Association",Libertyville,IL,507,ILLINOIS DISTRICT OFFICE,6,2068000,1034000,344666.67,50.0
Integro Bank,Phoenix,AZ,491,NORTH FLORIDA DISTRICT OFFICE,1,2068000,1551000,2068000.0,75.0
Customers Bank,Malvern,PA,914,LOS ANGELES DISTRICT OFFICE,2,2066000,1499500,1033000.0,72.58
Mission Valley Bank,Sun Valley,CA,455,SOUTH FLORIDA DISTRICT OFFICE,3,2065100,1548825,688366.67,75.0
North State Bank,Raleigh,NC,883,UTAH DISTRICT OFFICE,3,2065000,1548750,688333.33,75.0
"United Midwest Savings Bank, National Association",De Graff,OH,944,NEVADA DISTRICT OFFICE,9,2062000,1648200,229111.11,79.93
Evolve Bank and Trust,West Memphis,AR,507,ILLINOIS DISTRICT OFFICE,2,2057000,1542750,1028500.0,75.0
First Financial Bank,El Dorado,AR,515,MICHIGAN DISTRICT OFFICE,2,2054100,1540575,1027050.0,75.0
Bank of Hope,Los Angeles,CA,954,SAN DIEGO DISTRICT OFFICE,6,2052500,1506875,342083.33,73.42
Metro City Bank,Doraville,GA,299,NEW JERSEY DISTRICT OFFICE,2,2052500,1539375,1026250.0,75.0
"Lendistry SBLC, LLC",Los Angeles,CA,373,BALTIMORE DISTRICT OFFICE,9,2051700,1590305,227966.67,77.51
CIBC Bank USA,Chicago,IL,405,GEORGIA DISTRICT OFFICE,6,2051200,1425900,341866.67,69.52
PromiseOne Bank,Duluth,GA,671,HOUSTON DISTRICT OFFICE,2,2050000,1537500,1025000.0,75.0
Truliant FCU,Winston Salem,NC,156,CONNECTICUT DISTRICT OFFICE,1,2050000,1537500,2050000.0,75.0
Plumas Bank,Quincy,CA,920,SANTA ANA DISTRICT OFFICE,3,2049000,1536750,683000.0,75.0
"Wells Fargo Bank, National Association",Sioux Falls,SD,1087,BOISE DISTRICT OFFICE,12,2048500,1492625,170708.33,72.86
"Community Banks of Colorado, A Division of",Greenwood Village,CO,1087,BOISE DISTRICT OFFICE,3,2048300,1523305,682766.67,74.37
First Bank of Central Ohio,Worthington,OH,1013,SEATTLE DISTRICT OFFICE,1,2048000,1536000,2048000.0,75.0
1st Capital Bank,Salinas,CA,912,SAN FRANCISCO DISTRICT OFFICE,2,2045000,1533750,1022500.0,75.0
Exos Small Business Lending LLC,New York,NY,101,MASSACHUSETTS DISTRICT OFFICE,3,2041000,1545750,680333.33,75.73
IncredibleBank,Wausau,WI,562,INDIANA DISTRICT OFFICE,2,2040000,1517500,1020000.0,74.39
BankVista,Sartell,MN,563,WISCONSIN DISTRICT OFFICE,4,2033100,1487325,508275.0,73.16
Ameris Bank,Atlanta,GA,671,HOUSTON DISTRICT OFFICE,1,2033100,1524825,2033100.0,75.0
CDC Small Business Finance Corporation,San Diego,CA,931,SACRAMENTO DISTRICT OFFICE,11,2033000,1578050,184818.18,77.62
Republic Bank & Trust Company,Louisville,KY,455,SOUTH FLORIDA DISTRICT OFFICE,5,2031300,1310975,406260.0,64.54
The Honesdale National Bank,Honesdale,PA,303,PHILADELPHIA DISTRICT OFFICE,5,2027200,1539520,405440.0,75.94
BMO Bank National Association,Chicago,IL,507,ILLINOIS DISTRICT OFFICE,2,2025000,1518750,1012500.0,75.0
"United Midwest Savings Bank, National Association",De Graff,OH,1084,ALASKA DISTRICT OFFICE,4,2022000,1531500,505500.0,75.74
Cadence Bank,Tupelo,MS,709,KANSAS CITY DISTRICT OFFICE,7,2020000,1525000,288571.43,75.5
Main Street Launch,Oakland,CA,931,SACRAMENTO DISTRICT OFFICE,9,2020000,1555000,224444.44,76.98
Wayne Bank,Honesdale,PA,303,PHILADELPHIA DISTRICT OFFICE,7,2017500,1566625,288214.29,77.65
"JPMorgan Chase Bank, National Association",Columbus,OH,303,PHILADELPHIA DISTRICT OFFICE,11,2015000,1007500,183181.82,50.0
Arkansas FCU,Little Rock,AR,669,ARKANSAS DISTRICT OFFICE,6,2015000,1511250,335833.33,75.0
DreamSpring,Albuquerque,NM,682,NEW MEXICO DISTRICT OFFICE,11,2014500,1541275,183136.36,76.51
Merchants Bank of Indiana,Carmel,IN,563,WISCONSIN DISTRICT OFFICE,2,2010000,1507500,1005000.0,75.0
First Command Bank,Fort Worth,TX,491,NORTH FLORIDA DISTRICT OFFICE,2,2008000,1511000,1004000.0,75.25
KeyBank National Association,Cleveland,OH,303,PHILADELPHIA DISTRICT OFFICE,28,2007500,1282225,71696.43,63.87
Economic and Community Development Institute,Columbus,OH,593,COLUMBUS DISTRICT OFFICE,10,2007500,1542515,200750.0,76.84
Central Bank,Tampa,FL,491,NORTH FLORIDA DISTRICT OFFICE,5,2007000,1517750,401400.0,75.62
Fifth Third Bank,Cincinnati,OH,202,NEW YORK DISTRICT OFFICE,2,2005700,1504275,1002850.0,75.0
American Momentum Bank,College Station,TX,373,BALTIMORE DISTRICT OFFICE,2,2004500,1503375,1002250.0,75.0
BHCU D/B/A Propell Credit Union,Ridley Park,PA,303,PHILADELPHIA DISTRICT OFFICE,3,2003000,1502250,667666.67,75.0
"Capital One, National Association",Mclean,VA,811,COLORADO DISTRICT OFFICE,4,2003000,1276500,500750.0,63.73
"South Central Bank, Inc.",Glasgow,KY,457,KENTUCKY DISTRICT OFFICE,6,2001500,1426125,333583.33,71.25
Southwestern National Bank,Houston,TX,988,ARIZONA DISTRICT OFFICE,1,2000000,1500000,2000000.0,75.0
Bank of Hope,Los Angeles,CA,457,KENTUCKY DISTRICT OFFICE,1,2000000,1500000,2000000.0,75.0
Regions Bank,Birmingham,AL,304,RICHMOND DISTRICT OFFICE,1,2000000,1800000,2000000.0,90.0
"Community Trust Bank, Inc.",Pikeville,KY,593,COLUMBUS DISTRICT OFFICE,1,2000000,1500000,2000000.0,75.0
American Federal Bank,Fargo,ND,508,MINNESOTA DISTRICT OFFICE,1,2000000,1500000,2000000.0,75.0
Shinhan Bank America,New York,NY,405,GEORGIA DISTRICT OFFICE,1,2000000,1500000,2000000.0,75.0
Woori America Bank,New York,NY,610,DALLAS / FT WORTH DISTRICT OFFICE,1,2000000,1500000,2000000.0,75.0
"Wells Fargo Bank, National Association",Sioux Falls,SD,549,CLEVELAND DISTRICT OFFICE,1,2000000,1500000,2000000.0,75.0
Byline Bank,Chicago,IL,768,ST. LOUIS DISTRICT OFFICE,1,2000000,1500000,2000000.0,75.0
Wings Financial CU,Apple Valley,MN,459,ALABAMA DISTRICT OFFICE,1,2000000,1500000,2000000.0,75.0
MidFirst Bank,Oklahoma City,OK,883,UTAH DISTRICT OFFICE,1,2000000,1500000,2000000.0,75.0
Genisys CU,Auburn Hills,MI,954,SAN DIEGO DISTRICT OFFICE,1,2000000,1500000,2000000.0,75.0
Hanmi Bank,Los Angeles,CA,679,LOUISIANA DISTRICT OFFICE,2,2000000,1500000,1000000.0,75.0
Bank of Clarke,Berryville,VA,156,CONNECTICUT DISTRICT OFFICE,1,2000000,1800000,2000000.0,90.0
GBC International Bank,Los Angeles,CA,954,SAN DIEGO DISTRICT OFFICE,1,2000000,1800000,2000000.0,90.0
1st Financial Bank USA,Dakota Dunes,SD,464,SOUTH CAROLINA DISTRICT OFFICE,1,2000000,1500000,2000000.0,75.0
1st Financial Bank USA,Dakota Dunes,SD,593,COLUMBUS DISTRICT OFFICE,1,2000000,1500000,2000000.0,75.0
1st Financial Bank USA,Dakota Dunes,SD,709,KANSAS CITY DISTRICT OFFICE,1,2000000,1500000,2000000.0,75.0
"First Western SBLC, Inc",Dallas,TX,912,SAN FRANCISCO DISTRICT OFFICE,1,2000000,1500000,2000000.0,75.0
1st Financial Bank USA,Dakota Dunes,SD,610,DALLAS / FT WORTH DISTRICT OFFICE,2,2000000,1500000,1000000.0,75.0
Bank of Hays,Hays,KS,455,SOUTH FLORIDA DISTRICT OFFICE,1,2000000,1500000,2000000.0,75.0
Summit State Bank,Santa Rosa,CA,464,SOUTH CAROLINA DISTRICT OFFICE,1,2000000,1500000,2000000.0,75.0
Busey Bank,Champaign,IL,768,ST. LOUIS DISTRICT OFFICE,1,2000000,1500000,2000000.0,75.0
1st Financial Bank USA,Dakota Dunes,SD,304,RICHMOND DISTRICT OFFICE,1,2000000,1500000,2000000.0,75.0
KeyBank National Association,Cleveland,OH,464,SOUTH CAROLINA DISTRICT OFFICE,1,2000000,1500000,2000000.0,75.0
Citizens Alliance Bank,Clara City,MN,563,WISCONSIN DISTRICT OFFICE,2,2000000,1450000,1000000.0,72.5
Hancock Whitney Bank,Gulfport,MS,508,MINNESOTA DISTRICT OFFICE,1,2000000,1500000,2000000.0,75.0
Community Bank & Trust-West Georgia,Lagrange,GA,405,GEORGIA DISTRICT OFFICE,1,2000000,1500000,2000000.0,75.0
"Community Banks of Colorado, A Division of",Greenwood Village,CO,681,SAN ANTONIO DISTRICT OFFICE,2,1998900,1499175,999450.0,75.0
The Fisher National Bank,Fisher,IL,507,ILLINOIS DISTRICT OFFICE,8,1998800,1518100,249850.0,75.95
"JPMorgan Chase Bank, National Association",Columbus,OH,768,ST. LOUIS DISTRICT OFFICE,6,1997600,1444450,332933.33,72.31
"Lendistry SBLC, LLC",Los Angeles,CA,464,SOUTH CAROLINA DISTRICT OFFICE,9,1993500,1523165,221500.0,76.41
Decatur County Bank,Decaturville,TN,474,TENNESSEE DISTRICT OFFICE,4,1990000,1492500,497500.0,75.0
Bravera Bank,Dickinson,ND,508,MINNESOTA DISTRICT OFFICE,8,1987500,1401725,248437.5,70.53
Grasshopper Bank National Association,New York,NY,944,NEVADA DISTRICT OFFICE,1,1985100,1488825,1985100.0,75.0
Coastal States Bank,Hilton Head Island,SC,709,KANSAS CITY DISTRICT OFFICE,1,1985000,1488750,1985000.0,75.0
HomeTrust Bank,Asheville,NC,358,PITTSBURGH DISTRICT OFFICE,1,1985000,1488750,1985000.0,75.0
"T Bank, National Association",Dallas,TX,920,SANTA ANA DISTRICT OFFICE,1,1984900,1488675,1984900.0,75.0
Flint Community Bank,Albany,GA,405,GEORGIA DISTRICT OFFICE,2,1984600,1488450,992300.0,75.0
Byline Bank,Chicago,IL,358,PITTSBURGH DISTRICT OFFICE,2,1983000,1487250,991500.0,75.0
InBank,Raton,NM,679,LOUISIANA DISTRICT OFFICE,1,1983000,1487250,1983000.0,75.0
Cogent Bank,Orlando,FL,299,NEW JERSEY DISTRICT OFFICE,1,1980000,1485000,1980000.0,75.0
Mission Valley Bank,Sun Valley,CA,593,COLUMBUS DISTRICT OFFICE,1,1980000,1485000,1980000.0,75.0
Pathward National Association,Sioux Falls,SD,811,COLORADO DISTRICT OFFICE,4,1980000,1472500,495000.0,74.37
First Interstate Bank,Billings,MT,766,NEBRASKA DISTRICT OFFICE,1,1978600,1483950,1978600.0,75.0
Hills Bank and Trust Company,Hills,IA,761,DES MOINES DISTRICT OFFICE,16,1975100,1310085,123443.75,66.33
Colony Bank,Fitzgerald,GA,189,NEW HAMPSHIRE DISTRICT OFFICE,2,1975000,1496250,987500.0,75.76
"First Western SBLC, Inc",Dallas,TX,885,MONTANA DISTRICT OFFICE,1,1975000,1481250,1975000.0,75.0
ConnectOne Bank,Englewood Cliffs,NJ,914,LOS ANGELES DISTRICT OFFICE,2,1975000,1481250,987500.0,75.0
"PNC Bank, National Association",Wilmington,DE,457,KENTUCKY DISTRICT OFFICE,10,1973300,1383600,197330.0,70.12
First Bank and Trust Co,Duncan,OK,680,OKLAHOMA DISTRICT OFFICE,1,1972400,1479300,1972400.0,75.0
Grasshopper Bank National Association,New York,NY,299,NEW JERSEY DISTRICT OFFICE,2,1968900,1476675,984450.0,75.0
PeopleFund,Austin,TX,610,DALLAS / FT WORTH DISTRICT OFFICE,14,1968400,1579490,140600.0,80.24
Byline Bank,Chicago,IL,304,RICHMOND DISTRICT OFFICE,2,1968000,1476000,984000.0,75.0
Umpqua Bank,Roseburg,OR,942,FRESNO DISTRICT OFFICE,7,1966500,1427250,280928.57,72.58
Woori America Bank,New York,NY,507,ILLINOIS DISTRICT OFFICE,5,1965000,1319750,393000.0,67.16
FFB Bank,Fresno,CA,897,WYOMING DISTRICT OFFICE,2,1962000,1396500,981000.0,71.18
Pinnacle Bank,Nashville,TN,457,KENTUCKY DISTRICT OFFICE,1,1961000,1470750,1961000.0,75.0
"Wells Fargo Bank, National Association",Sioux Falls,SD,470,MISSISSIPPI DISTRICT OFFICE,12,1961000,1437000,163416.67,73.28
American Continental Bank,City Of Industry,CA,920,SANTA ANA DISTRICT OFFICE,6,1960000,1497000,326666.67,76.38
ConnectOne Bank,Englewood Cliffs,NJ,405,GEORGIA DISTRICT OFFICE,3,1960000,1470000,653333.33,75.0
Old National Bank,Evansville,IN,679,LOUISIANA DISTRICT OFFICE,1,1959300,1469475,1959300.0,75.0
Citizens Bank,Elizabethton,TN,563,WISCONSIN DISTRICT OFFICE,4,1958200,1468650,489550.0,75.0
22nd State Bank,Louisville,AL,942,FRESNO DISTRICT OFFICE,1,1958000,1468500,1958000.0,75.0
Dogwood State Bank,Raleigh,NC,563,WISCONSIN DISTRICT OFFICE,3,1957100,1467825,652366.67,75.0
First Bank of the Lake,Osage Beach,MO,464,SOUTH CAROLINA DISTRICT OFFICE,7,1953300,1473725,279042.86,75.45
Cadence Bank,Tupelo,MS,373,BALTIMORE DISTRICT OFFICE,6,1950000,1462500,325000.0,75.0
Celtic Bank Corporation,Salt Lake City,UT,165,RHODE ISLAND DISTRICT OFFICE,2,1950000,1462500,975000.0,75.0
First-Citizens Bank & Trust Company,Raleigh,NC,1013,SEATTLE DISTRICT OFFICE,1,1950000,1462500,1950000.0,75.0
Busey Bank,Champaign,IL,455,SOUTH FLORIDA DISTRICT OFFICE,1,1950000,1462500,1950000.0,75.0
GBank,Las Vegas,NV,678,LUBBOCK DISTRICT OFFICE,1,1950000,1462500,1950000.0,75.0
Sovereign Bank,Shawnee,OK,680,OKLAHOMA DISTRICT OFFICE,1,1947900,1460925,1947900.0,75.0
National Exchange Bank and Trust,Fond Du Lac,WI,563,WISCONSIN DISTRICT OFFICE,1,1944000,1458000,1944000.0,75.0
United Community Bank,Greenville,SC,156,CONNECTICUT DISTRICT OFFICE,2,1940000,1367500,970000.0,70.49
Millennium Bank,Des Plaines,IL,508,MINNESOTA DISTRICT OFFICE,2,1938200,1453650,969100.0,75.0
"Beverly Bank & Trust Company, National Association",Chicago,IL,507,ILLINOIS DISTRICT OFFICE,7,1938000,1190500,276857.14,61.43
Hanover Community Bank,Mineola,NY,669,ARKANSAS DISTRICT OFFICE,1,1937000,1452750,1937000.0,75.0
"Lendistry SBLC, LLC",Los Angeles,CA,811,COLORADO DISTRICT OFFICE,18,1935500,1595175,107527.78,82.42
Coastal Heritage Bank,East Weymouth,MA,101,MASSACHUSETTS DISTRICT OFFICE,7,1935000,1398000,276428.57,72.25
Milestone Bank,Salt Lake City,UT,677,EL PASO DISTRICT OFFICE,1,1935000,1451250,1935000.0,75.0
First Bank of Central Ohio,Worthington,OH,507,ILLINOIS DISTRICT OFFICE,2,1934500,1450875,967250.0,75.0
OptimumBank,Fort Lauderdale,FL,671,HOUSTON DISTRICT OFFICE,2,1932000,1449000,966000.0,75.0
Bristol County Savings Bank,Taunton,MA,165,RHODE ISLAND DISTRICT OFFICE,10,1930000,1215000,193000.0,62.95
Paragon Bank,Memphis,TN,811,COLORADO DISTRICT OFFICE,2,1930000,1447500,965000.0,75.0
HomeTrust Bank,Asheville,NC,709,KANSAS CITY DISTRICT OFFICE,1,1929000,1446750,1929000.0,75.0
"Heritage Bank, Inc.",Burlington,KY,470,MISSISSIPPI DISTRICT OFFICE,3,1924000,1458000,641333.33,75.78
St. Louis Bank,St. Louis,MO,507,ILLINOIS DISTRICT OFFICE,3,1923000,1442250,641000.0,75.0
Northeast Bank,Lewiston,ME,248,SYRACUSE DISTRICT OFFICE,16,1922100,1533785,120131.25,79.8
Ascent Bank,Helena,MT,885,MONTANA DISTRICT OFFICE,2,1921000,1415750,960500.0,73.7
First Financial Bank,Cincinnati,OH,457,KENTUCKY DISTRICT OFFICE,4,1919900,1302425,479975.0,67.84
Paragon Bank,Memphis,TN,101,MASSACHUSETTS DISTRICT OFFICE,1,1919500,1439625,1919500.0,75.0
Orrstown Bank,Shippensburg,PA,303,PHILADELPHIA DISTRICT OFFICE,4,1919500,1339625,479875.0,69.79
"Leader Bank, National Association",Arlington,MA,304,RICHMOND DISTRICT OFFICE,1,1919000,1439250,1919000.0,75.0
Bank OZK,Little Rock,AR,455,SOUTH FLORIDA DISTRICT OFFICE,9,1918900,1410705,213211.11,73.52
Select Bank,Forest,VA,304,RICHMOND DISTRICT OFFICE,12,1917200,1409900,159766.67,73.54
Susser Bank,Dallas,TX,671,HOUSTON DISTRICT OFFICE,2,1917000,1437750,958500.0,75.0
FFB Bank,Fresno,CA,988,ARIZONA DISTRICT OFFICE,2,1916000,1312000,958000.0,68.48
The First Bank,Hattiesburg,MS,459,ALABAMA DISTRICT OFFICE,1,1915000,1436250,1915000.0,75.0
Colony Bank,Fitzgerald,GA,593,COLUMBUS DISTRICT OFFICE,9,1909300,1537005,212144.44,80.5
Bank of Hope,Los Angeles,CA,507,ILLINOIS DISTRICT OFFICE,7,1909000,1224500,272714.29,64.14
American Momentum Bank,College Station,TX,304,RICHMOND DISTRICT OFFICE,1,1909000,1431750,1909000.0,75.0
The Bancorp Bank National Association,Sioux Falls,SD,563,WISCONSIN DISTRICT OFFICE,3,1905000,1428750,635000.0,75.0
Grasshopper Bank National Association,New York,NY,671,HOUSTON DISTRICT OFFICE,2,1905000,1428750,952500.0,75.0
"Centerstone SBA Lending, Inc.",Los Angeles,CA,299,NEW JERSEY DISTRICT OFFICE,2,1905000,1428750,952500.0,75.0
Stearns Bank National Association,Saint Cloud,MN,811,COLORADO DISTRICT OFFICE,7,1905000,1373750,272142.86,72.11
Ponce Bank,New York City,NY,202,NEW YORK DISTRICT OFFICE,2,1902800,1427100,951400.0,75.0
Two Rivers Bank & Trust,Burlington,IA,761,DES MOINES DISTRICT OFFICE,6,1901000,1425750,316833.33,75.0
First American Bank,Elk Grove Village,IL,563,WISCONSIN DISTRICT OFFICE,4,1900000,1425000,475000.0,75.0
First American Bank,Elk Grove Village,IL,549,CLEVELAND DISTRICT OFFICE,1,1900000,1425000,1900000.0,75.0
Commercial Bank of California,Irvine,CA,942,FRESNO DISTRICT OFFICE,1,1900000,1425000,1900000.0,75.0
Shoreham Bank,Warwick,RI,460,NORTH CAROLINA DISTRICT OFFICE,1,1900000,1425000,1900000.0,75.0
Old National Bank,Evansville,IN,593,COLUMBUS DISTRICT OFFICE,1,1900000,1425000,1900000.0,75.0
Capitol National Bank,Lansing,MI,515,MICHIGAN DISTRICT OFFICE,1,1900000,1425000,1900000.0,75.0
Landmark National Bank,Manhattan,KS,709,KANSAS CITY DISTRICT OFFICE,4,1899000,1386750,474750.0,73.03
Northeast Bank,Lewiston,ME,883,UTAH DISTRICT OFFICE,20,1898000,1538300,94900.0,81.05
PeopleFund,Austin,TX,671,HOUSTON DISTRICT OFFICE,14,1896200,1515780,135442.86,79.94
United Business Bank,Walnut Creek,CA,920,SANTA ANA DISTRICT OFFICE,3,1895000,1421250,631666.67,75.0
Commercial Bank of California,Irvine,CA,988,ARIZONA DISTRICT OFFICE,2,1893000,1419750,946500.0,75.0
Opportunity Bank of Montana,Helena,MT,885,MONTANA DISTRICT OFFICE,5,1892000,1431000,378400.0,75.63
CrossFirst Bank,Leawood,KS,988,ARIZONA DISTRICT OFFICE,2,1891200,1418400,945600.0,75.0
"Lendistry SBLC, LLC",Los Angeles,CA,491,NORTH FLORIDA DISTRICT OFFICE,12,1890800,1506670,157566.67,79.68
Stearns Bank National Association,Saint Cloud,MN,1086,PORTLAND DISTRICT OFFICE,5,1890200,1429650,378040.0,75.63
Peoples Bank,Mendenhall,MS,455,SOUTH FLORIDA DISTRICT OFFICE,3,1889600,1417200,629866.67,75.0
Independent Bank,Grand Rapids,MI,680,OKLAHOMA DISTRICT OFFICE,1,1889000,1416750,1889000.0,75.0
"Bank of America, National Association",Charlotte,NC,296,BUFFALO DISTRICT OFFICE,4,1888700,1160900,472175.0,61.47
Town and Country CU,Minot,ND,875,NORTH DAKOTA DISTRICT OFFICE,10,1886600,1191200,188660.0,63.14
"LendingClub Bank, National Association",Lehi,UT,507,ILLINOIS DISTRICT OFFICE,2,1883000,1412250,941500.0,75.0
First Bank of the Lake,Osage Beach,MO,883,UTAH DISTRICT OFFICE,6,1881300,1425975,313550.0,75.8
Countybank,Greenwood,SC,460,NORTH CAROLINA DISTRICT OFFICE,3,1881000,1410750,627000.0,75.0
MidFirst Bank,Oklahoma City,OK,811,COLORADO DISTRICT OFFICE,3,1881000,1410750,627000.0,75.0
Somerset Trust Company,Somerset,PA,358,PITTSBURGH DISTRICT OFFICE,9,1880700,1140350,208966.67,60.63
American Continental Bank,City Of Industry,CA,944,NEVADA DISTRICT OFFICE,2,1880000,1410000,940000.0,75.0
First-Citizens Bank & Trust Company,Raleigh,NC,920,SANTA ANA DISTRICT OFFICE,5,1880000,1083750,376000.0,57.65
Gulf Coast Bank and Trust Company,New Orleans,LA,304,RICHMOND DISTRICT OFFICE,2,1877400,1408050,938700.0,75.0
"Capital Bank, National Association",Rockville,MD,671,HOUSTON DISTRICT OFFICE,2,1876600,1407450,938300.0,75.0
Enterprise Bank & Trust,Clayton,MO,373,BALTIMORE DISTRICT OFFICE,1,1872100,1404075,1872100.0,75.0
CIBC Bank USA,Chicago,IL,353,WASHINGTON DISTRICT OFFICE,2,1871500,1353625,935750.0,72.33
Kellogg Community CU,Battle Creek,MI,515,MICHIGAN DISTRICT OFFICE,7,1869000,1430000,267000.0,76.51
Fifth Third Bank,Cincinnati,OH,248,SYRACUSE DISTRICT OFFICE,1,1867000,1400250,1867000.0,75.0
Umpqua Bank,Roseburg,OR,1087,BOISE DISTRICT OFFICE,46,1865900,932950,40563.04,50.0
Community National Bank & Trust,Chanute,KS,767,WICHITA DISTRICT OFFICE,3,1865000,1377800,621666.67,73.88
1st Capital Bank,Salinas,CA,942,FRESNO DISTRICT OFFICE,4,1864500,1427775,466125.0,76.58
Citizens Bank,Elizabethton,TN,942,FRESNO DISTRICT OFFICE,4,1864500,1398375,466125.0,75.0
First Financial Bank,Abilene,TX,671,HOUSTON DISTRICT OFFICE,4,1862300,1396725,465575.0,75.0
Truliant FCU,Winston Salem,NC,101,MASSACHUSETTS DISTRICT OFFICE,1,1860700,1395525,1860700.0,75.0
New York Business Development Corporation,Albany,NY,296,BUFFALO DISTRICT OFFICE,3,1860000,1395000,620000.0,75.0
The First National Bank of Absecon,Absecon,NJ,299,NEW JERSEY DISTRICT OFFICE,1,1859000,1394250,1859000.0,75.0
Citizens Bank,Elizabethton,TN,768,ST. LOUIS DISTRICT OFFICE,3,1856400,1392300,618800.0,75.0
Open Bank,Los Angeles,CA,682,NEW MEXICO DISTRICT OFFICE,2,1856000,1163335,928000.0,62.68
Security State Bank & Trust,Fredericksburg,TX,610,DALLAS / FT WORTH DISTRICT OFFICE,3,1856000,1392000,618666.67,75.0
Sunflower Bank National Association,Dallas,TX,811,COLORADO DISTRICT OFFICE,1,1855100,1391325,1855100.0,75.0
KeyBank National Association,Cleveland,OH,455,SOUTH FLORIDA DISTRICT OFFICE,2,1854000,1390500,927000.0,75.0
First Financial Bank,El Dorado,AR,681,SAN ANTONIO DISTRICT OFFICE,2,1852000,1389000,926000.0,75.0
Community Bank Delaware,Lewes,DE,341,DELAWARE DISTRICT OFFICE,1,1850000,1387500,1850000.0,75.0
Hanmi Bank,Los Angeles,CA,296,BUFFALO DISTRICT OFFICE,1,1850000,1387500,1850000.0,75.0
The MINT National Bank,Kingwood,TX,610,DALLAS / FT WORTH DISTRICT OFFICE,1,1850000,1387500,1850000.0,75.0
Rayne State Bank & Trust Company,Rayne,LA,679,LOUISIANA DISTRICT OFFICE,2,1850000,1392500,925000.0,75.27
Republic Bank & Trust Company,Louisville,KY,593,COLUMBUS DISTRICT OFFICE,4,1849000,1311750,462250.0,70.94
Busey Bank,Champaign,IL,988,ARIZONA DISTRICT OFFICE,2,1845000,1383750,922500.0,75.0
FFB Bank,Fresno,CA,1013,SEATTLE DISTRICT OFFICE,2,1844000,1283000,922000.0,69.58
"VelocitySBA, LLC",Costa Mesa,CA,669,ARKANSAS DISTRICT OFFICE,2,1842400,1381800,921200.0,75.0
Bankwell Bank,New Canaan,CT,610,DALLAS / FT WORTH DISTRICT OFFICE,1,1840000,1380000,1840000.0,75.0
Hanover Community Bank,Mineola,NY,811,COLORADO DISTRICT OFFICE,3,1833900,1390425,611300.0,75.82
All Capital Bank,Locust Grove,OK,897,WYOMING DISTRICT OFFICE,1,1833000,1374750,1833000.0,75.0
First Merchants Bank,Indianapolis,IN,515,MICHIGAN DISTRICT OFFICE,23,1830400,1093590,79582.61,59.75
First Business Bank,Madison,WI,944,NEVADA DISTRICT OFFICE,1,1830000,1372500,1830000.0,75.0
Gulf Coast Bank and Trust Company,New Orleans,LA,202,NEW YORK DISTRICT OFFICE,4,1829700,1322275,457425.0,72.27
HomeTrust Bank,Asheville,NC,296,BUFFALO DISTRICT OFFICE,1,1827000,1370250,1827000.0,75.0
"PNC Bank, National Association",Wilmington,DE,491,NORTH FLORIDA DISTRICT OFFICE,22,1826000,1220750,83000.0,66.85
First State Bank Nebraska,Lincoln,NE,593,COLUMBUS DISTRICT OFFICE,5,1826000,1334500,365200.0,73.08
Enterprise Bank & Trust,Clayton,MO,460,NORTH CAROLINA DISTRICT OFFICE,2,1824000,1368000,912000.0,75.0
Seacoast National Bank,Stuart,FL,299,NEW JERSEY DISTRICT OFFICE,2,1823000,1367250,911500.0,75.0
CDC Small Business Finance Corporation,San Diego,CA,610,DALLAS / FT WORTH DISTRICT OFFICE,16,1822200,1503170,113887.5,82.49
"American Bank, National Association",Dallas,TX,610,DALLAS / FT WORTH DISTRICT OFFICE,2,1821000,1365750,910500.0,75.0
Northeast Bank,Lewiston,ME,470,MISSISSIPPI DISTRICT OFFICE,20,1815800,1518430,90790.0,83.62
Trenton Business Assistance Corporation,Princeton,NJ,299,NEW JERSEY DISTRICT OFFICE,15,1813500,1461475,120900.0,80.59
Cross River Bank,Teaneck,NJ,202,NEW YORK DISTRICT OFFICE,3,1813000,1359750,604333.33,75.0
Umpqua Bank,Roseburg,OR,912,SAN FRANCISCO DISTRICT OFFICE,33,1811700,1030850,54900.0,56.9
Banc of California,Los Angeles,CA,944,NEVADA DISTRICT OFFICE,2,1810800,1358100,905400.0,75.0
Bell Bank,Fargo,ND,875,NORTH DAKOTA DISTRICT OFFICE,4,1810400,1320300,452600.0,72.93
United Community Bank,Chatham,IL,507,ILLINOIS DISTRICT OFFICE,3,1807500,1261875,602500.0,69.81
"United Midwest Savings Bank, National Association",De Graff,OH,373,BALTIMORE DISTRICT OFFICE,8,1807000,1432750,225875.0,79.29
BMO Bank National Association,Chicago,IL,1087,BOISE DISTRICT OFFICE,2,1805500,1354125,902750.0,75.0
Cadence Bank,Tupelo,MS,942,FRESNO DISTRICT OFFICE,8,1805000,1373250,225625.0,76.08
Commonwealth Business Bank,Los Angeles,CA,680,OKLAHOMA DISTRICT OFFICE,1,1800000,1350000,1800000.0,75.0
Paragon Bank,Memphis,TN,885,MONTANA DISTRICT OFFICE,1,1800000,1350000,1800000.0,75.0
PCB Bank,Los Angeles,CA,671,HOUSTON DISTRICT OFFICE,2,1800000,1350000,900000.0,75.0
"Wilmington Savings Fund Society, FSB",Wilmington,DE,920,SANTA ANA DISTRICT OFFICE,1,1800000,1350000,1800000.0,75.0
Berkshire Bank,Pittsfield,MA,457,KENTUCKY DISTRICT OFFICE,1,1800000,1350000,1800000.0,75.0
"Citizens Bank, National Association",Providence,RI,549,CLEVELAND DISTRICT OFFICE,5,1800000,1174650,360000.0,65.26
Dominion Bank,Dallas,TX,610,DALLAS / FT WORTH DISTRICT OFFICE,2,1800000,1350000,900000.0,75.0
Hanover Community Bank,Mineola,NY,304,RICHMOND DISTRICT OFFICE,1,1800000,1350000,1800000.0,75.0
BayFirst National Bank,Saint Petersburg,FL,639,LOWER RIO GRANDE VALLEY DISTRICT OFFICE,12,1800000,1530000,150000.0,85.0
Valley Bank of Ronan,Ronan,MT,954,SAN DIEGO DISTRICT OFFICE,1,1800000,1350000,1800000.0,75.0
Everwise Credit Union,South Bend,IN,680,OKLAHOMA DISTRICT OFFICE,1,1798000,1348500,1798000.0,75.0
Truliant FCU,Winston Salem,NC,942,FRESNO DISTRICT OFFICE,1,1796300,1347225,1796300.0,75.0
Gainey Business Bank,Scottsdale,AZ,988,ARIZONA DISTRICT OFFICE,2,1795000,1346250,897500.0,75.0
Northeast Bank,Lewiston,ME,951,HAWAII DISTRICT OFFICE,20,1791900,1440955,89595.0,80.41
Mission Valley Bank,Sun Valley,CA,507,ILLINOIS DISTRICT OFFICE,1,1791500,1343625,1791500.0,75.0
Armstrong Bank,Muskogee,OK,680,OKLAHOMA DISTRICT OFFICE,4,1790000,1332500,447500.0,74.44
"Grow America Fund, Incorporated",New York,NY,1013,SEATTLE DISTRICT OFFICE,3,1790000,1357500,596666.67,75.84
The Fidelity Bank,Fuquay Varina,NC,671,HOUSTON DISTRICT OFFICE,1,1789800,1342350,1789800.0,75.0
Time Bank,Park Ridge,IL,507,ILLINOIS DISTRICT OFFICE,6,1789000,1359250,298166.67,75.98
Citizens Bank,Elizabethton,TN,101,MASSACHUSETTS DISTRICT OFFICE,3,1788900,1341675,596300.0,75.0
First Horizon Bank,Memphis,TN,679,LOUISIANA DISTRICT OFFICE,4,1786400,1314800,446600.0,73.6
"Bank of Bridger, National Association",Bridger,MT,897,WYOMING DISTRICT OFFICE,6,1785100,1341825,297516.67,75.17
Dogwood State Bank,Raleigh,NC,464,SOUTH CAROLINA DISTRICT OFFICE,6,1783500,1339275,297250.0,75.09
American Momentum Bank,College Station,TX,593,COLUMBUS DISTRICT OFFICE,1,1781000,1335750,1781000.0,75.0
City Bank & Trust Co.,Lincoln,NE,766,NEBRASKA DISTRICT OFFICE,2,1780000,1335000,890000.0,75.0
Merchants Bank of Indiana,Carmel,IN,671,HOUSTON DISTRICT OFFICE,5,1779800,1334850,355960.0,75.0
Hanover Community Bank,Mineola,NY,373,BALTIMORE DISTRICT OFFICE,2,1778000,1333500,889000.0,75.0
"Readycap Lending, LLC",Berkeley Heights,NJ,189,NEW HAMPSHIRE DISTRICT OFFICE,10,1778000,1345000,177800.0,75.65
First Savings Bank,Jeffersonville,IN,639,LOWER RIO GRANDE VALLEY DISTRICT OFFICE,1,1776000,1332000,1776000.0,75.0
First-Citizens Bank & Trust Company,Raleigh,NC,811,COLORADO DISTRICT OFFICE,2,1776000,1234750,888000.0,69.52
First Fed Bank,Port Angeles,WA,1013,SEATTLE DISTRICT OFFICE,3,1775000,1331250,591666.67,75.0
Security State Bank & Trust,Fredericksburg,TX,671,HOUSTON DISTRICT OFFICE,3,1774000,1355500,591333.33,76.41
BayFirst National Bank,Saint Petersburg,FL,296,BUFFALO DISTRICT OFFICE,11,1773300,1468305,161209.09,82.8
Bank Five Nine,Oconomowoc,WI,101,MASSACHUSETTS DISTRICT OFFICE,2,1770000,1327500,885000.0,75.0
Seacoast National Bank,Stuart,FL,680,OKLAHOMA DISTRICT OFFICE,1,1768100,1326075,1768100.0,75.0
"Capital One, National Association",Mclean,VA,914,LOS ANGELES DISTRICT OFFICE,5,1767300,950725,353460.0,53.8
Community Bank & Trust-West Georgia,Lagrange,GA,459,ALABAMA DISTRICT OFFICE,3,1767000,1325250,589000.0,75.0
Freedom Financial Bank,West Des Moines,IA,761,DES MOINES DISTRICT OFFICE,1,1766000,1324500,1766000.0,75.0
Eclipse Bank Inc,Louisville,KY,457,KENTUCKY DISTRICT OFFICE,1,1760000,1320000,1760000.0,75.0
American Bank,Covington,LA,459,ALABAMA DISTRICT OFFICE,1,1758500,1318875,1758500.0,75.0
First Community Bank,Bluefield,VA,390,WEST VIRGINIA DISTRICT OFFICE,14,1757400,1021675,125528.57,58.14
Celtic Bank Corporation,Salt Lake City,UT,1087,BOISE DISTRICT OFFICE,5,1756100,1362075,351220.0,77.56
Renasant Bank,Tupelo,MS,457,KENTUCKY DISTRICT OFFICE,1,1755000,1316250,1755000.0,75.0
American Bank of Commerce,Wolfforth,TX,681,SAN ANTONIO DISTRICT OFFICE,4,1753900,1282925,438475.0,73.15
Old National Bank,Evansville,IN,549,CLEVELAND DISTRICT OFFICE,2,1751500,1238625,875750.0,70.72
Live Oak Banking Company,Wilmington,NC,341,DELAWARE DISTRICT OFFICE,3,1750000,1327500,583333.33,75.86
Regent Bank,Tulsa,OK,681,SAN ANTONIO DISTRICT OFFICE,1,1750000,1312500,1750000.0,75.0
HTLF Bank,Denver,CO,682,NEW MEXICO DISTRICT OFFICE,5,1750000,1262500,350000.0,72.14
Encore Bank,Little Rock,AR,474,TENNESSEE DISTRICT OFFICE,4,1749900,1274925,437475.0,72.86
Valley First CU,Modesto,CA,942,FRESNO DISTRICT OFFICE,6,1749800,1338850,291633.33,76.51
Banc of California,Los Angeles,CA,811,COLORADO DISTRICT OFFICE,1,1746000,1309500,1746000.0,75.0
"Lendistry SBLC, LLC",Los Angeles,CA,1086,PORTLAND DISTRICT OFFICE,12,1745700,1433845,145475.0,82.14
"Leader Bank, National Association",Arlington,MA,455,SOUTH FLORIDA DISTRICT OFFICE,2,1744200,1308150,872100.0,75.0
IncredibleBank,Wausau,WI,515,MICHIGAN DISTRICT OFFICE,2,1741000,1305750,870500.0,75.0
First Bank of the Lake,Osage Beach,MO,768,ST. LOUIS DISTRICT OFFICE,6,1740100,1350075,290016.67,77.59
Hometown Bank,Kent,OH,474,TENNESSEE DISTRICT OFFICE,1,1738300,1303725,1738300.0,75.0
Gulf Coast Bank and Trust Company,New Orleans,LA,679,LOUISIANA DISTRICT OFFICE,2,1738000,1303500,869000.0,75.0
First National Bank of Pennsylvania,Greenville,PA,405,GEORGIA DISTRICT OFFICE,3,1737000,1265250,579000.0,72.84
First National Bank of Omaha,Omaha,NE,610,DALLAS / FT WORTH DISTRICT OFFICE,3,1736000,1302000,578666.67,75.0
22nd State Bank,Louisville,AL,563,WISCONSIN DISTRICT OFFICE,2,1735400,1301550,867700.0,75.0
Merchants Bank of Indiana,Carmel,IN,101,MASSACHUSETTS DISTRICT OFFICE,2,1735000,1301250,867500.0,75.0
Open Bank,Los Angeles,CA,373,BALTIMORE DISTRICT OFFICE,1,1735000,1301250,1735000.0,75.0
Merchants Bank of Indiana,Carmel,IN,1013,SEATTLE DISTRICT OFFICE,3,1734500,1300875,578166.67,75.0
Merchants Commercial Bank,Charlotte Amalie,VI,252,PUERTO RICO AND USVI DISTRICT OFFICE,8,1734000,1106100,216750.0,63.79
First Savings Bank,Jeffersonville,IN,202,NEW YORK DISTRICT OFFICE,2,1730000,1305500,865000.0,75.46
Peoples Bank & Trust,Buford,GA,405,GEORGIA DISTRICT OFFICE,2,1729500,1312125,864750.0,75.87
Truliant FCU,Winston Salem,NC,709,KANSAS CITY DISTRICT OFFICE,1,1726000,1294500,1726000.0,75.0
Citizens Bank,Elizabethton,TN,562,INDIANA DISTRICT OFFICE,3,1726000,1309500,575333.33,75.87
"Grow America Fund, Incorporated",New York,NY,341,DELAWARE DISTRICT OFFICE,4,1726000,1304500,431500.0,75.58
Berkshire Bank,Pittsfield,MA,931,SACRAMENTO DISTRICT OFFICE,1,1725000,1293750,1725000.0,75.0
"Newtek Bank, National Association",Miami,FL,677,EL PASO DISTRICT OFFICE,5,1725000,1311250,345000.0,76.01
University Bank,Ann Arbor,MI,455,SOUTH FLORIDA DISTRICT OFFICE,2,1723400,1292550,861700.0,75.0
Kennebunk Savings Bank,Kennebunk,ME,189,NEW HAMPSHIRE DISTRICT OFFICE,9,1723200,1137350,191466.67,66.0
First Internet Bank of Indiana,Fishers,IN,761,DES MOINES DISTRICT OFFICE,2,1722000,1166500,861000.0,67.74
Seacoast National Bank,Stuart,FL,885,MONTANA DISTRICT OFFICE,1,1720000,1290000,1720000.0,75.0
First Command Bank,Fort Worth,TX,610,DALLAS / FT WORTH DISTRICT OFFICE,5,1720000,1279000,344000.0,74.36
Montana Community Development Corp.,Missoula,MT,1087,BOISE DISTRICT OFFICE,12,1719600,1293360,143300.0,75.21
Texas Capital Bank,Dallas,TX,681,SAN ANTONIO DISTRICT OFFICE,3,1719000,1226750,573000.0,71.36
"Readycap Lending, LLC",Berkeley Heights,NJ,709,KANSAS CITY DISTRICT OFFICE,23,1713700,1365525,74508.7,79.68
Oakworth Capital Bank,Birmingham,AL,459,ALABAMA DISTRICT OFFICE,2,1713500,1285125,856750.0,75.0
22nd State Bank,Louisville,AL,248,SYRACUSE DISTRICT OFFICE,1,1712900,1284675,1712900.0,75.0
FFB Bank,Fresno,CA,954,SAN DIEGO DISTRICT OFFICE,2,1712000,1234000,856000.0,72.08
Citizens State Bank of La Crosse,La Crosse,WI,563,WISCONSIN DISTRICT OFFICE,6,1711000,1270700,285166.67,74.27
Community State Bank,Galva,IL,507,ILLINOIS DISTRICT OFFICE,3,1710000,1290770,570000.0,75.48
"Heritage Bank, Inc.",Burlington,KY,876,SOUTH DAKOTA DISTRICT OFFICE,1,1710000,1282500,1710000.0,75.0
First United Bank and Trust Company,Durant,OK,681,SAN ANTONIO DISTRICT OFFICE,3,1707600,1280700,569200.0,75.0
"Wintrust Bank, National Association",Chicago,IL,507,ILLINOIS DISTRICT OFFICE,5,1705000,1028750,341000.0,60.34
Meridian Bank,Malvern,PA,460,NORTH CAROLINA DISTRICT OFFICE,4,1704800,1266100,426200.0,74.27
"United Midwest Savings Bank, National Association",De Graff,OH,248,SYRACUSE DISTRICT OFFICE,3,1704000,1293000,568000.0,75.88
KeyBank National Association,Cleveland,OH,491,NORTH FLORIDA DISTRICT OFFICE,2,1704000,1278000,852000.0,75.0
First Chatham Bank,Savannah,GA,373,BALTIMORE DISTRICT OFFICE,3,1702000,1276500,567333.33,75.0
Union Bank and Trust Company,Lincoln,NE,491,NORTH FLORIDA DISTRICT OFFICE,2,1702000,1276500,851000.0,75.0
"First Bankers Trust Company, National Association",Quincy,IL,507,ILLINOIS DISTRICT OFFICE,6,1701000,1242000,283500.0,73.02
GBC International Bank,Los Angeles,CA,920,SANTA ANA DISTRICT OFFICE,4,1700000,1455000,425000.0,85.59
Comerica Bank,Dallas,TX,920,SANTA ANA DISTRICT OFFICE,6,1700000,850000,283333.33,50.0
Truliant FCU,Winston Salem,NC,679,LOUISIANA DISTRICT OFFICE,1,1700000,1275000,1700000.0,75.0
BMO Bank National Association,Chicago,IL,515,MICHIGAN DISTRICT OFFICE,1,1700000,1275000,1700000.0,75.0
Royal Business Bank,Los Angeles,CA,202,NEW YORK DISTRICT OFFICE,1,1700000,1275000,1700000.0,75.0
Security Bank USA,Bemidji,MN,508,MINNESOTA DISTRICT OFFICE,13,1698900,849450,130684.62,50.0
Magnifi Financial CU,Melrose,MN,593,COLUMBUS DISTRICT OFFICE,3,1698500,1273875,566166.67,75.0
Five Star Bank,Warsaw,NY,248,SYRACUSE DISTRICT OFFICE,29,1695800,847900,58475.86,50.0
Northfield Savings Bank,Northfield,VT,150,VERMONT DISTRICT OFFICE,1,1695700,1271775,1695700.0,75.0
Riverside Bank of Dublin,Dublin,OH,593,COLUMBUS DISTRICT OFFICE,4,1694700,1277025,423675.0,75.35
"Heritage Bank, Inc.",Burlington,KY,761,DES MOINES DISTRICT OFFICE,5,1693300,1320705,338660.0,78.0
"Austin Bank, Texas National Association",Jacksonville,TX,610,DALLAS / FT WORTH DISTRICT OFFICE,4,1692000,1275300,423000.0,75.37
Union Bank and Trust Company,Minneapolis,MN,508,MINNESOTA DISTRICT OFFICE,2,1691500,1268625,845750.0,75.0
First-Citizens Bank & Trust Company,Raleigh,NC,988,ARIZONA DISTRICT OFFICE,3,1691000,1205750,563666.67,71.3
HomeTrust Bank,Asheville,NC,304,RICHMOND DISTRICT OFFICE,5,1691000,1255750,338200.0,74.26
BMO Bank National Association,Chicago,IL,942,FRESNO DISTRICT OFFICE,2,1690000,1267500,845000.0,75.0
Platinum Bank,Oakdale,MN,681,SAN ANTONIO DISTRICT OFFICE,4,1690000,1223750,422500.0,72.41
Veritex Community Bank,Dallas,TX,464,SOUTH CAROLINA DISTRICT OFFICE,1,1686600,1264950,1686600.0,75.0
Great Southern Bank,Springfield,MO,610,DALLAS / FT WORTH DISTRICT OFFICE,1,1682600,1261950,1682600.0,75.0
Bank of Colorado,Fort Collins,CO,811,COLORADO DISTRICT OFFICE,2,1680000,1260000,840000.0,75.0
"PNC Bank, National Association",Wilmington,DE,768,ST. LOUIS DISTRICT OFFICE,5,1679600,1237200,335920.0,73.66
"PNC Bank, National Association",Wilmington,DE,988,ARIZONA DISTRICT OFFICE,14,1678900,1107925,119921.43,65.99
Bank Five Nine,Oconomowoc,WI,304,RICHMOND DISTRICT OFFICE,3,1675900,1256925,558633.33,75.0
Bank OZK,Little Rock,AR,405,GEORGIA DISTRICT OFFICE,10,1675000,1316250,167500.0,78.58
"Wells Fargo Bank, National Association",Sioux Falls,SD,156,CONNECTICUT DISTRICT OFFICE,8,1672000,1224000,209000.0,73.21
Farmers & Merchants Savings Bank,Manchester,IA,761,DES MOINES DISTRICT OFFICE,8,1671000,1218250,208875.0,72.91
First Federal Bank,Lake City,FL,464,SOUTH CAROLINA DISTRICT OFFICE,5,1670500,1263445,334100.0,75.63
"JPMorgan Chase Bank, National Association",Columbus,OH,248,SYRACUSE DISTRICT OFFICE,5,1670000,960000,334000.0,57.49
Northway Bank,Berlin,NH,189,NEW HAMPSHIRE DISTRICT OFFICE,37,1668000,1021950,45081.08,61.27
United Republic Bank,Elkhorn,NE,766,NEBRASKA DISTRICT OFFICE,1,1665800,1249350,1665800.0,75.0
GBank,Las Vegas,NV,931,SACRAMENTO DISTRICT OFFICE,1,1665000,1248750,1665000.0,75.0
First Western Trust Bank,Denver,CO,811,COLORADO DISTRICT OFFICE,1,1663000,1247250,1663000.0,75.0
Stock Yards Bank & Trust Company,Louisville,KY,593,COLUMBUS DISTRICT OFFICE,5,1660100,1027000,332020.0,61.86
Live Oak Banking Company,Wilmington,NC,951,HAWAII DISTRICT OFFICE,2,1660000,1245000,830000.0,75.0
Byline Bank,Chicago,IL,639,LOWER RIO GRANDE VALLEY DISTRICT OFFICE,2,1660000,1220000,830000.0,73.49
Fifth Third Bank,Cincinnati,OH,353,WASHINGTON DISTRICT OFFICE,1,1660000,1245000,1660000.0,75.0
Encore Bank,Little Rock,AR,671,HOUSTON DISTRICT OFFICE,2,1658000,1243500,829000.0,75.0
Platinum Bank,Oakdale,MN,464,SOUTH CAROLINA DISTRICT OFFICE,3,1657000,1224000,552333.33,73.87
Bank of Hays,Hays,KS,767,WICHITA DISTRICT OFFICE,14,1656100,1178335,118292.86,71.15
Santa Cruz County Bank,Santa Cruz,CA,931,SACRAMENTO DISTRICT OFFICE,2,1656000,1242000,828000.0,75.0
EagleBank,Bethesda,MD,353,WASHINGTON DISTRICT OFFICE,6,1655000,1049075,275833.33,63.39
HomeTrust Bank,Asheville,NC,202,NEW YORK DISTRICT OFFICE,1,1655000,1241250,1655000.0,75.0
"PNC Bank, National Association",Wilmington,DE,373,BALTIMORE DISTRICT OFFICE,23,1653800,1070350,71904.35,64.72
Banc of California,Los Angeles,CA,563,WISCONSIN DISTRICT OFFICE,1,1652000,1239000,1652000.0,75.0
FinWise Bank,Sandy,UT,914,LOS ANGELES DISTRICT OFFICE,2,1650000,1477500,825000.0,89.55
Hanmi Bank,Los Angeles,CA,470,MISSISSIPPI DISTRICT OFFICE,1,1650000,1237500,1650000.0,75.0
Commonwealth Business Bank,Los Angeles,CA,460,NORTH CAROLINA DISTRICT OFFICE,2,1650000,1237500,825000.0,75.0
Woori America Bank,New York,NY,671,HOUSTON DISTRICT OFFICE,2,1650000,1237500,825000.0,75.0
"PyraMax Bank, FSB",Greenfield,WI,563,WISCONSIN DISTRICT OFFICE,7,1650000,1148150,235714.29,69.58
Five Star Bank,Rancho Cordova,CA,610,DALLAS / FT WORTH DISTRICT OFFICE,4,1650000,1237500,412500.0,75.0
Morris Bank,Dublin,GA,405,GEORGIA DISTRICT OFFICE,1,1645100,1233825,1645100.0,75.0
The Hocking Valley Bank,Athens,OH,593,COLUMBUS DISTRICT OFFICE,1,1645000,1233750,1645000.0,75.0
Glacier Bank,Kalispell,MT,811,COLORADO DISTRICT OFFICE,3,1644500,1195875,548166.67,72.72
Shoreham Bank,Warwick,RI,768,ST. LOUIS DISTRICT OFFICE,2,1643000,1232250,821500.0,75.0
Cadence Bank,Tupelo,MS,165,RHODE ISLAND DISTRICT OFFICE,4,1640000,1230000,410000.0,75.0
"Harvest Small Business Finance, LLC",Laguna Hills,CA,885,MONTANA DISTRICT OFFICE,2,1640000,1230000,820000.0,75.0
Exos Small Business Lending LLC,New York,NY,593,COLUMBUS DISTRICT OFFICE,1,1640000,1230000,1640000.0,75.0
Evolve Bank and Trust,West Memphis,AR,914,LOS ANGELES DISTRICT OFFICE,3,1637000,1227750,545666.67,75.0
"Heritage Bank, Inc.",Burlington,KY,405,GEORGIA DISTRICT OFFICE,7,1636000,1317000,233714.29,80.5
FWBank,Chicago,IL,671,HOUSTON DISTRICT OFFICE,1,1635400,1226550,1635400.0,75.0
IncredibleBank,Wausau,WI,491,NORTH FLORIDA DISTRICT OFFICE,2,1630000,1172500,815000.0,71.93
"Santander Bank, National Association",Wilmington,DE,299,NEW JERSEY DISTRICT OFFICE,19,1630000,815000,85789.47,50.0
Woori America Bank,New York,NY,460,NORTH CAROLINA DISTRICT OFFICE,1,1630000,1222500,1630000.0,75.0
"VelocitySBA, LLC",Costa Mesa,CA,101,MASSACHUSETTS DISTRICT OFFICE,1,1629000,1221750,1629000.0,75.0
East West Bank,Pasadena,CA,202,NEW YORK DISTRICT OFFICE,3,1627000,1206500,542333.33,74.15
GBank,Las Vegas,NV,299,NEW JERSEY DISTRICT OFFICE,1,1625000,1218750,1625000.0,75.0
"JPMorgan Chase Bank, National Association",Columbus,OH,474,TENNESSEE DISTRICT OFFICE,9,1625000,812500,180555.56,50.0
Bank of St. Francisville,Saint Francisville,LA,679,LOUISIANA DISTRICT OFFICE,1,1623400,1217550,1623400.0,75.0
The Bancorp Bank National Association,Sioux Falls,SD,681,SAN ANTONIO DISTRICT OFFICE,1,1622900,1217175,1622900.0,75.0
Byline Bank,Chicago,IL,885,MONTANA DISTRICT OFFICE,1,1620000,1215000,1620000.0,75.0
FinWise Bank,Sandy,UT,358,PITTSBURGH DISTRICT OFFICE,1,1620000,1215000,1620000.0,75.0
Armstrong Bank,Muskogee,OK,669,ARKANSAS DISTRICT OFFICE,1,1620000,1215000,1620000.0,75.0
"WesBanco Bank, Inc.",Wheeling,WV,353,WASHINGTON DISTRICT OFFICE,2,1619900,1214925,809950.0,75.0
Merchants Bank of Indiana,Carmel,IN,508,MINNESOTA DISTRICT OFFICE,2,1619800,1214850,809900.0,75.0
Barwick Banking Company,Barwick,GA,491,NORTH FLORIDA DISTRICT OFFICE,5,1618400,1213800,323680.0,75.0
"Harvest Small Business Finance, LLC",Laguna Hills,CA,897,WYOMING DISTRICT OFFICE,1,1615000,1211250,1615000.0,75.0
1st Colonial Community Bank,Collingswood,NJ,303,PHILADELPHIA DISTRICT OFFICE,2,1615000,1211250,807500.0,75.0
East West Bank,Pasadena,CA,1013,SEATTLE DISTRICT OFFICE,1,1615000,1211250,1615000.0,75.0
FNBC Bank,Ash Flat,AR,474,TENNESSEE DISTRICT OFFICE,1,1612200,1209150,1612200.0,75.0
Royal Business Bank,Los Angeles,CA,944,NEVADA DISTRICT OFFICE,1,1610000,1207500,1610000.0,75.0
"LiftFund, Inc.",San Antonio,TX,639,LOWER RIO GRANDE VALLEY DISTRICT OFFICE,8,1610000,1248500,201250.0,77.55
Berkshire Bank,Pittsfield,MA,202,NEW YORK DISTRICT OFFICE,2,1609000,1183000,804500.0,73.52
Hancock Whitney Bank,Gulfport,MS,507,ILLINOIS DISTRICT OFFICE,1,1605600,1204200,1605600.0,75.0
The State Bank and Trust Company,Defiance,OH,593,COLUMBUS DISTRICT OFFICE,6,1602000,1165250,267000.0,72.74
Hanover Community Bank,Mineola,NY,920,SANTA ANA DISTRICT OFFICE,3,1601000,1200750,533666.67,75.0
Academy Bank National Association,Kansas City,MO,954,SAN DIEGO DISTRICT OFFICE,2,1600000,1200000,800000.0,75.0
United Community Bank,Greenville,SC,766,NEBRASKA DISTRICT OFFICE,1,1600000,1200000,1600000.0,75.0
Commercial Bank of California,Irvine,CA,912,SAN FRANCISCO DISTRICT OFFICE,1,1600000,1200000,1600000.0,75.0
PCB Bank,Los Angeles,CA,951,HAWAII DISTRICT OFFICE,1,1600000,1200000,1600000.0,75.0
Pathward National Association,Sioux Falls,SD,914,LOS ANGELES DISTRICT OFFICE,2,1597000,1197750,798500.0,75.0
Peoples Bank of Commerce,Medford,OR,1086,PORTLAND DISTRICT OFFICE,4,1596800,1223180,399200.0,76.6
Bar Harbor Bank & Trust,Bar Harbor,ME,172,MAINE DISTRICT OFFICE,17,1595900,1235840,93876.47,77.44
The Cape Cod Five Cents Savings Bank,Hyannis,MA,101,MASSACHUSETTS DISTRICT OFFICE,15,1595900,1053010,106393.33,65.98
Stone Bank,Mountain View,AR,202,NEW YORK DISTRICT OFFICE,1,1595000,1196250,1595000.0,75.0
"SouthState Bank, National Association",Winter Haven,FL,562,INDIANA DISTRICT OFFICE,1,1595000,1196250,1595000.0,75.0
North State Bank,Raleigh,NC,1013,SEATTLE DISTRICT OFFICE,2,1594400,1195800,797200.0,75.0
Union Savings Bank,Danbury,CT,156,CONNECTICUT DISTRICT OFFICE,8,1590000,845000,198750.0,53.14
United Business Bank,Walnut Creek,CA,914,LOS ANGELES DISTRICT OFFICE,3,1590000,1192500,530000.0,75.0
Platte Valley Bank,Torrington,WY,897,WYOMING DISTRICT OFFICE,6,1590000,795000,265000.0,50.0
The Commercial Bank,De Kalb,MS,470,MISSISSIPPI DISTRICT OFFICE,3,1588200,1200910,529400.0,75.61
Arcadian Bank,Hartland,MN,508,MINNESOTA DISTRICT OFFICE,4,1585000,1042500,396250.0,65.77
Tompkins Community Bank,Ithaca,NY,202,NEW YORK DISTRICT OFFICE,7,1579000,977000,225571.43,61.87
Fidelity Bank,Mandeville,LA,679,LOUISIANA DISTRICT OFFICE,4,1578300,1088600,394575.0,68.97
Byline Bank,Chicago,IL,248,SYRACUSE DISTRICT OFFICE,2,1578000,1183500,789000.0,75.0
Sandy Spring Bank,Olney,MD,671,HOUSTON DISTRICT OFFICE,2,1577700,1183275,788850.0,75.0
Stone Bank,Mountain View,AR,1086,PORTLAND DISTRICT OFFICE,1,1575000,1181250,1575000.0,75.0
Peapack-Gladstone Bank,Bedminster,NJ,681,SAN ANTONIO DISTRICT OFFICE,1,1575000,1181250,1575000.0,75.0
Colony Bank,Fitzgerald,GA,682,NEW MEXICO DISTRICT OFFICE,3,1572300,1387050,524100.0,88.22
East West Bank,Pasadena,CA,761,DES MOINES DISTRICT OFFICE,1,1572000,1179000,1572000.0,75.0
Seacoast National Bank,Stuart,FL,639,LOWER RIO GRANDE VALLEY DISTRICT OFFICE,1,1570000,1177500,1570000.0,75.0
Bank of Travelers Rest,Travelers Rest,SC,464,SOUTH CAROLINA DISTRICT OFFICE,5,1568600,1101450,313720.0,70.22
"T Bank, National Association",Dallas,TX,563,WISCONSIN DISTRICT OFFICE,1,1568000,1176000,1568000.0,75.0
"SouthState Bank, National Association",Winter Haven,FL,457,KENTUCKY DISTRICT OFFICE,7,1568000,1218800,224000.0,77.73
Northeast Bank,Lewiston,ME,457,KENTUCKY DISTRICT OFFICE,25,1565900,1306015,62636.0,83.4
First National Bank of Coffee County,Douglas,GA,464,SOUTH CAROLINA DISTRICT OFFICE,1,1565000,1173750,1565000.0,75.0
Glacier Bank,Kalispell,MT,885,MONTANA DISTRICT OFFICE,8,1563700,1119775,195462.5,71.61
"Lendistry SBLC, LLC",Los Angeles,CA,593,COLUMBUS DISTRICT OFFICE,6,1562700,1228295,260450.0,78.6
Citizens Bank,Elizabethton,TN,680,OKLAHOMA DISTRICT OFFICE,3,1561000,1170750,520333.33,75.0
First Heritage Federal Credit Union,Corning,NY,248,SYRACUSE DISTRICT OFFICE,8,1558000,1177500,194750.0,75.58
"Centerstone SBA Lending, Inc.",Los Angeles,CA,508,MINNESOTA DISTRICT OFFICE,1,1557000,1167750,1557000.0,75.0
First Business Bank,Madison,WI,1086,PORTLAND DISTRICT OFFICE,2,1557000,1167750,778500.0,75.0
Seacoast National Bank,Stuart,FL,920,SANTA ANA DISTRICT OFFICE,2,1556000,1167000,778000.0,75.0
Colony Bank,Fitzgerald,GA,464,SOUTH CAROLINA DISTRICT OFFICE,5,1554000,1220900,310800.0,78.56
CrossFirst Bank,Leawood,KS,474,TENNESSEE DISTRICT OFFICE,1,1552600,1164450,1552600.0,75.0
First Savings Bank,Jeffersonville,IN,303,PHILADELPHIA DISTRICT OFFICE,7,1550100,1167275,221442.86,75.3
Rockland Trust Company,Rockland,MA,189,NEW HAMPSHIRE DISTRICT OFFICE,5,1550000,1107500,310000.0,71.45
Stearns Bank National Association,Saint Cloud,MN,563,WISCONSIN DISTRICT OFFICE,1,1550000,1162500,1550000.0,75.0
"Village Bank and Trust, National Association",Arlington Heights,IL,353,WASHINGTON DISTRICT OFFICE,1,1549000,1161750,1549000.0,75.0
1st State Bank,Saginaw,MI,515,MICHIGAN DISTRICT OFFICE,4,1548000,1153500,387000.0,74.52
"TD Bank, National Association",Wilmington,DE,304,RICHMOND DISTRICT OFFICE,14,1546800,909975,110485.71,58.83
First Bank,Southern Pines,NC,455,SOUTH FLORIDA DISTRICT OFFICE,3,1545300,1158975,515100.0,75.0
GBank,Las Vegas,NV,761,DES MOINES DISTRICT OFFICE,1,1545000,1158750,1545000.0,75.0
Bravera Bank,Dickinson,ND,885,MONTANA DISTRICT OFFICE,5,1543700,1180145,308740.0,76.45
Dogwood State Bank,Raleigh,NC,303,PHILADELPHIA DISTRICT OFFICE,2,1543200,1157400,771600.0,75.0
First Bank of the Lake,Osage Beach,MO,682,NEW MEXICO DISTRICT OFFICE,4,1540800,1170600,385200.0,75.97
Meridian Bank,Malvern,PA,464,SOUTH CAROLINA DISTRICT OFFICE,1,1539000,1154250,1539000.0,75.0
Bank Five Nine,Oconomowoc,WI,920,SANTA ANA DISTRICT OFFICE,3,1538000,1168500,512666.67,75.98
Frost Bank,San Antonio,TX,639,LOWER RIO GRANDE VALLEY DISTRICT OFFICE,3,1536100,1136575,512033.33,73.99
First Savings Bank,Jeffersonville,IN,1087,BOISE DISTRICT OFFICE,1,1535200,1151400,1535200.0,75.0
Bonvenu Bank NA,Bossier City,LA,679,LOUISIANA DISTRICT OFFICE,5,1531200,1088075,306240.0,71.06
Hiawatha National Bank,Hager City,WI,885,MONTANA DISTRICT OFFICE,1,1530000,1147500,1530000.0,75.0
The Bank of Edison,Edison,GA,610,DALLAS / FT WORTH DISTRICT OFFICE,1,1530000,1147500,1530000.0,75.0
City Bank & Trust Co.,Lincoln,NE,101,MASSACHUSETTS DISTRICT OFFICE,1,1530000,1147500,1530000.0,75.0
Wildfire CU,Saginaw,MI,515,MICHIGAN DISTRICT OFFICE,5,1528700,1146525,305740.0,75.0
Berkshire Bank,Pittsfield,MA,680,OKLAHOMA DISTRICT OFFICE,1,1528000,1146000,1528000.0,75.0
CalPrivate Bank,La Jolla,CA,405,GEORGIA DISTRICT OFFICE,1,1528000,1146000,1528000.0,75.0
"VelocitySBA, LLC",Costa Mesa,CA,912,SAN FRANCISCO DISTRICT OFFICE,2,1527000,1145250,763500.0,75.0
Old National Bank,Evansville,IN,681,SAN ANTONIO DISTRICT OFFICE,2,1526900,1145175,763450.0,75.0
Enterprise Bank & Trust,Clayton,MO,1087,BOISE DISTRICT OFFICE,2,1523900,1142925,761950.0,75.0
Umpqua Bank,Roseburg,OR,931,SACRAMENTO DISTRICT OFFICE,31,1523200,887275,49135.48,58.25
Provident Bank,Jersey City,NJ,202,NEW YORK DISTRICT OFFICE,3,1523000,1157250,507666.67,75.98
R Bank,Round Rock,TX,671,HOUSTON DISTRICT OFFICE,1,1520500,1140375,1520500.0,75.0
"U.S. Bank, National Association",Cincinnati,OH,682,NEW MEXICO DISTRICT OFFICE,18,1520000,942000,84444.44,61.97
FWBank,Chicago,IL,761,DES MOINES DISTRICT OFFICE,2,1518400,1138800,759200.0,75.0
First Bank of Central Ohio,Worthington,OH,189,NEW HAMPSHIRE DISTRICT OFFICE,1,1518000,1138500,1518000.0,75.0
Gulf Coast Bank and Trust Company,New Orleans,LA,507,ILLINOIS DISTRICT OFFICE,2,1517600,1138200,758800.0,75.0
Bank of Clarke,Berryville,VA,405,GEORGIA DISTRICT OFFICE,2,1513000,1134750,756500.0,75.0
Bank Five Nine,Oconomowoc,WI,150,VERMONT DISTRICT OFFICE,1,1510000,1132500,1510000.0,75.0
"Citizens Bank, National Association",Providence,RI,358,PITTSBURGH DISTRICT OFFICE,4,1509800,863600,377450.0,57.2
Bank of Hope,Los Angeles,CA,353,WASHINGTON DISTRICT OFFICE,5,1509000,1081250,301800.0,71.65
"Community Bank, National Association",Canton,NY,248,SYRACUSE DISTRICT OFFICE,6,1508500,956750,251416.67,63.42
Pinnacle Bank,Elberton,GA,460,NORTH CAROLINA DISTRICT OFFICE,2,1507000,1130250,753500.0,75.0
Bank of Idaho,Idaho Falls,ID,811,COLORADO DISTRICT OFFICE,2,1506000,1110750,753000.0,73.75
"T Bank, National Association",Dallas,TX,679,LOUISIANA DISTRICT OFFICE,1,1505600,1129200,1505600.0,75.0
Hancock Whitney Bank,Gulfport,MS,988,ARIZONA DISTRICT OFFICE,1,1503500,1127625,1503500.0,75.0
BayFirst National Bank,Saint Petersburg,FL,1087,BOISE DISTRICT OFFICE,12,1501400,1276190,125116.67,85.0
Paragon Bank,Memphis,TN,508,MINNESOTA DISTRICT OFFICE,1,1500000,1125000,1500000.0,75.0
Southwestern National Bank,Houston,TX,811,COLORADO DISTRICT OFFICE,1,1500000,1125000,1500000.0,75.0
United Business Bank,Walnut Creek,CA,942,FRESNO DISTRICT OFFICE,1,1500000,1125000,1500000.0,75.0
Stearns Bank National Association,Saint Cloud,MN,931,SACRAMENTO DISTRICT OFFICE,1,1500000,1125000,1500000.0,75.0
GBank,Las Vegas,NV,1087,BOISE DISTRICT OFFICE,1,1500000,1125000,1500000.0,75.0
"CenTrust Bank, National Association",Northbrook,IL,811,COLORADO DISTRICT OFFICE,1,1498000,1123500,1498000.0,75.0
Sunflower Bank National Association,Dallas,TX,767,WICHITA DISTRICT OFFICE,2,1493800,1120350,746900.0,75.0
Northwest Bank,Warren,PA,563,WISCONSIN DISTRICT OFFICE,2,1490000,1105000,745000.0,74.16
Berkshire Bank,Pittsfield,MA,358,PITTSBURGH DISTRICT OFFICE,2,1490000,1117500,745000.0,75.0
Platinum Bank,Oakdale,MN,405,GEORGIA DISTRICT OFFICE,5,1489000,1091750,297800.0,73.32
City & County CU,Saint Paul,MN,508,MINNESOTA DISTRICT OFFICE,2,1487500,1115625,743750.0,75.0
City National Bank,Los Angeles,CA,954,SAN DIEGO DISTRICT OFFICE,2,1487000,1115250,743500.0,75.0
Southwestern National Bank,Houston,TX,455,SOUTH FLORIDA DISTRICT OFFICE,1,1485000,1113750,1485000.0,75.0
First Bank,Southern Pines,NC,681,SAN ANTONIO DISTRICT OFFICE,1,1484000,1113000,1484000.0,75.0
The Bank of Edison,Edison,GA,405,GEORGIA DISTRICT OFFICE,1,1484000,1113000,1484000.0,75.0
Capital Certified Development Corporation,Austin,TX,681,SAN ANTONIO DISTRICT OFFICE,6,1483000,1131600,247166.67,76.3
"Harvest Small Business Finance, LLC",Laguna Hills,CA,549,CLEVELAND DISTRICT OFFICE,3,1481000,1110750,493666.67,75.0
CIBC Bank USA,Chicago,IL,639,LOWER RIO GRANDE VALLEY DISTRICT OFFICE,2,1480700,1073025,740350.0,72.47
First Bank of Central Ohio,Worthington,OH,508,MINNESOTA DISTRICT OFFICE,1,1480700,1110525,1480700.0,75.0
Old National Bank,Evansville,IN,680,OKLAHOMA DISTRICT OFFICE,1,1480400,1110300,1480400.0,75.0
First IC Bank,Doraville,GA,460,NORTH CAROLINA DISTRICT OFFICE,2,1480000,1110000,740000.0,75.0
The Huntington National Bank,Columbus,OH,885,MONTANA DISTRICT OFFICE,2,1480000,1053750,740000.0,71.2
Dogwood State Bank,Raleigh,NC,474,TENNESSEE DISTRICT OFFICE,1,1480000,1110000,1480000.0,75.0
The Huntington National Bank,Columbus,OH,766,NEBRASKA DISTRICT OFFICE,8,1479000,1064250,184875.0,71.96
North Georgia National Bank,Calhoun,GA,474,TENNESSEE DISTRICT OFFICE,2,1478100,1108575,739050.0,75.0
Chemung Canal Trust Company,Elmira,NY,248,SYRACUSE DISTRICT OFFICE,14,1477700,738850,105550.0,50.0
Royal Business Bank,Los Angeles,CA,912,SAN FRANCISCO DISTRICT OFFICE,2,1477000,1107750,738500.0,75.0
Pentucket Bank,Haverhill,MA,101,MASSACHUSETTS DISTRICT OFFICE,4,1476000,994500,369000.0,67.38
"Lendistry SBLC, LLC",Los Angeles,CA,474,TENNESSEE DISTRICT OFFICE,14,1476000,1234600,105428.57,83.64
Trustmark National Bank,Jackson,MS,671,HOUSTON DISTRICT OFFICE,6,1475000,1031250,245833.33,69.92
American Bank,Allentown,PA,303,PHILADELPHIA DISTRICT OFFICE,5,1475000,1068250,295000.0,72.42
"Capital Bank, National Association",Rockville,MD,460,NORTH CAROLINA DISTRICT OFFICE,4,1475000,993750,368750.0,67.37
First Chatham Bank,Savannah,GA,515,MICHIGAN DISTRICT OFFICE,2,1472500,1104375,736250.0,75.0
HTLF Bank,Denver,CO,678,LUBBOCK DISTRICT OFFICE,3,1471100,1111725,490366.67,75.57
"Leader Bank, National Association",Arlington,MA,299,NEW JERSEY DISTRICT OFFICE,1,1469000,1101750,1469000.0,75.0
Monterey County Bank,Monterey,CA,942,FRESNO DISTRICT OFFICE,5,1468000,1101000,293600.0,75.0
Citizens Bank,Elizabethton,TN,156,CONNECTICUT DISTRICT OFFICE,2,1466500,1099875,733250.0,75.0
BayFirst National Bank,Saint Petersburg,FL,341,DELAWARE DISTRICT OFFICE,10,1463200,1243720,146320.0,85.0
First Financial Bank,El Dorado,AR,1086,PORTLAND DISTRICT OFFICE,1,1462000,1096500,1462000.0,75.0
Magnifi Financial CU,Melrose,MN,610,DALLAS / FT WORTH DISTRICT OFFICE,6,1461500,1139425,243583.33,77.96
Olympia Federal Savings & Loan Association,Olympia,WA,1013,SEATTLE DISTRICT OFFICE,4,1461400,1109350,365350.0,75.91
Woodsville Guaranty Savings Bank,Woodsville,NH,189,NEW HAMPSHIRE DISTRICT OFFICE,8,1461000,730500,182625.0,50.0
American National Bank,Omaha,NE,912,SAN FRANCISCO DISTRICT OFFICE,2,1461000,1045750,730500.0,71.58
"BOKF, National Association",Tulsa,OK,682,NEW MEXICO DISTRICT OFFICE,2,1460000,1095000,730000.0,75.0
Fidelity Co-Operative Bank,Leominster,MA,101,MASSACHUSETTS DISTRICT OFFICE,1,1460000,1095000,1460000.0,75.0
Genisys CU,Auburn Hills,MI,931,SACRAMENTO DISTRICT OFFICE,1,1460000,1095000,1460000.0,75.0
Simmons Bank,Pine Bluff,AR,767,WICHITA DISTRICT OFFICE,3,1459000,1069250,486333.33,73.29
First Chatham Bank,Savannah,GA,457,KENTUCKY DISTRICT OFFICE,2,1456800,1092600,728400.0,75.0
Seacoast National Bank,Stuart,FL,156,CONNECTICUT DISTRICT OFFICE,1,1456000,1092000,1456000.0,75.0
"PNC Bank, National Association",Wilmington,DE,682,NEW MEXICO DISTRICT OFFICE,3,1455000,961250,485000.0,66.07
Omni Community CU,Battle Creek,MI,515,MICHIGAN DISTRICT OFFICE,3,1454900,1105455,484966.67,75.98
Enterprise Bank & Trust,Clayton,MO,593,COLUMBUS DISTRICT OFFICE,3,1454600,1090950,484866.67,75.0
Webster Bank National Association,Waterbury,CT,189,NEW HAMPSHIRE DISTRICT OFFICE,2,1453400,1040050,726700.0,71.56
Southwestern National Bank,Houston,TX,681,SAN ANTONIO DISTRICT OFFICE,2,1453000,1089750,726500.0,75.0
Crews Bank and Trust,Wauchula,FL,455,SOUTH FLORIDA DISTRICT OFFICE,2,1452500,1101125,726250.0,75.81
"SouthState Bank, National Association",Winter Haven,FL,507,ILLINOIS DISTRICT OFFICE,2,1451500,1088625,725750.0,75.0
Quaint Oak Bank,Southampton,PA,464,SOUTH CAROLINA DISTRICT OFFICE,2,1450000,1062500,725000.0,73.28
Ambler Savings Bank,Ambler,PA,303,PHILADELPHIA DISTRICT OFFICE,2,1450000,1062500,725000.0,73.28
Everwise Credit Union,South Bend,IN,912,SAN FRANCISCO DISTRICT OFFICE,1,1450000,1087500,1450000.0,75.0
"American Bank, National Association",Corpus Christi,TX,639,LOWER RIO GRANDE VALLEY DISTRICT OFFICE,2,1447500,1085625,723750.0,75.0
Covington County Bank,Collins,MS,470,MISSISSIPPI DISTRICT OFFICE,11,1445500,787000,131409.09,54.44
Veritex Community Bank,Dallas,TX,474,TENNESSEE DISTRICT OFFICE,2,1445400,1225860,722700.0,84.81
Stone Bank,Mountain View,AR,474,TENNESSEE DISTRICT OFFICE,1,1445000,1083750,1445000.0,75.0
Meridian Bank,Malvern,PA,405,GEORGIA DISTRICT OFFICE,1,1444500,1083375,1444500.0,75.0
Platinum Bank,Oakdale,MN,491,NORTH FLORIDA DISTRICT OFFICE,4,1444000,1051750,361000.0,72.84
Bank of Charles Town,Charles Town,WV,304,RICHMOND DISTRICT OFFICE,5,1442500,1026875,288500.0,71.19
"First Western SBLC, Inc",Dallas,TX,610,DALLAS / FT WORTH DISTRICT OFFICE,1,1442000,1081500,1442000.0,75.0
"LendingClub Bank, National Association",Lehi,UT,460,NORTH CAROLINA DISTRICT OFFICE,2,1442000,1081500,721000.0,75.0
"United Midwest Savings Bank, National Association",De Graff,OH,680,OKLAHOMA DISTRICT OFFICE,8,1441500,1171125,180187.5,81.24
Midland States Bank,Effingham,IL,768,ST. LOUIS DISTRICT OFFICE,3,1441200,1050900,480400.0,72.92
United Community Bank,Greenville,SC,562,INDIANA DISTRICT OFFICE,2,1440000,1067500,720000.0,74.13
Exos Small Business Lending LLC,New York,NY,515,MICHIGAN DISTRICT OFFICE,2,1440000,1080000,720000.0,75.0
First Commonwealth Bank,Indiana,PA,944,NEVADA DISTRICT OFFICE,2,1439100,1079325,719550.0,75.0
Manufacturers and Traders Trust Company,Buffalo,NY,150,VERMONT DISTRICT OFFICE,20,1437400,911890,71870.0,63.44
22nd State Bank,Louisville,AL,156,CONNECTICUT DISTRICT OFFICE,1,1437000,1077750,1437000.0,75.0
Exos Small Business Lending LLC,New York,NY,507,ILLINOIS DISTRICT OFFICE,1,1435000,1076250,1435000.0,75.0
Milestone Bank,Salt Lake City,UT,678,LUBBOCK DISTRICT OFFICE,1,1435000,1076250,1435000.0,75.0
"LiftFund, Inc.",San Antonio,TX,610,DALLAS / FT WORTH DISTRICT OFFICE,10,1435000,1125750,143500.0,78.45
Preferred Bank,Los Angeles,CA,920,SANTA ANA DISTRICT OFFICE,3,1434000,1075500,478000.0,75.0
North State Bank,Raleigh,NC,464,SOUTH CAROLINA DISTRICT OFFICE,1,1434000,1075500,1434000.0,75.0
East West Bank,Pasadena,CA,681,SAN ANTONIO DISTRICT OFFICE,3,1433000,1074750,477666.67,75.0
"T Bank, National Association",Dallas,TX,912,SAN FRANCISCO DISTRICT OFFICE,1,1428800,1071600,1428800.0,75.0
First Citizens State Bank,Whitewater,WI,563,WISCONSIN DISTRICT OFFICE,2,1428700,1074395,714350.0,75.2
Stearns Bank National Association,Saint Cloud,MN,507,ILLINOIS DISTRICT OFFICE,6,1428000,1060800,238000.0,74.29
"BOKF, National Association",Tulsa,OK,988,ARIZONA DISTRICT OFFICE,2,1426500,1019875,713250.0,71.49
Grasshopper Bank National Association,New York,NY,680,OKLAHOMA DISTRICT OFFICE,1,1425000,1068750,1425000.0,75.0
"TransPecos Banks, SSB.",Pecos,TX,474,TENNESSEE DISTRICT OFFICE,1,1425000,1068750,1425000.0,75.0
Capital Community Bank,Provo,UT,593,COLUMBUS DISTRICT OFFICE,1,1424000,1068000,1424000.0,75.0
CenterBank,Milford,OH,593,COLUMBUS DISTRICT OFFICE,5,1423900,903550,284780.0,63.46
Mission Bank,Bakersfield,CA,954,SAN DIEGO DISTRICT OFFICE,3,1422400,1016800,474133.33,71.48
Farmers State Bank,Marion,IA,761,DES MOINES DISTRICT OFFICE,5,1421300,1093475,284260.0,76.93
"Centerstone SBA Lending, Inc.",Los Angeles,CA,358,PITTSBURGH DISTRICT OFFICE,1,1420000,1065000,1420000.0,75.0
"Lendistry SBLC, LLC",Los Angeles,CA,101,MASSACHUSETTS DISTRICT OFFICE,9,1419100,1156235,157677.78,81.48
Montana Community Development Corp.,Missoula,MT,885,MONTANA DISTRICT OFFICE,13,1418200,1052665,109092.31,74.23
Five Star Bank,Rancho Cordova,CA,455,SOUTH FLORIDA DISTRICT OFFICE,4,1418000,1063500,354500.0,75.0
The Freedom Bank of Virginia,Fairfax,VA,353,WASHINGTON DISTRICT OFFICE,3,1416000,1062000,472000.0,75.0
CBI Bank & Trust,Muscatine,IA,507,ILLINOIS DISTRICT OFFICE,2,1415000,936250,707500.0,66.17
Truliant FCU,Winston Salem,NC,563,WISCONSIN DISTRICT OFFICE,1,1415000,1061250,1415000.0,75.0
Ledyard National Bank,Norwich,VT,189,NEW HAMPSHIRE DISTRICT OFFICE,1,1415000,1061250,1415000.0,75.0
"CRF Small Business Loan Company, LLC",Minneapolis,MN,920,SANTA ANA DISTRICT OFFICE,3,1415000,1061250,471666.67,75.0
"Wells Fargo Bank, National Association",Sioux Falls,SD,341,DELAWARE DISTRICT OFFICE,5,1414400,1045800,282880.0,73.94
"Lendistry SBLC, LLC",Los Angeles,CA,459,ALABAMA DISTRICT OFFICE,6,1413100,1103095,235516.67,78.06
Union Bank and Trust Company,Lincoln,NE,761,DES MOINES DISTRICT OFFICE,3,1413000,1034750,471000.0,73.23
North State Bank,Raleigh,NC,515,MICHIGAN DISTRICT OFFICE,1,1412000,1059000,1412000.0,75.0
Grasshopper Bank National Association,New York,NY,920,SANTA ANA DISTRICT OFFICE,1,1410000,1057500,1410000.0,75.0
Shinhan Bank America,New York,NY,914,LOS ANGELES DISTRICT OFFICE,2,1410000,568297,705000.0,40.3
Citizens Bank,Elizabethton,TN,709,KANSAS CITY DISTRICT OFFICE,3,1404300,1053225,468100.0,75.0
BayFirst National Bank,Saint Petersburg,FL,678,LUBBOCK DISTRICT OFFICE,11,1404200,1193570,127654.55,85.0
"Harvest Small Business Finance, LLC",Laguna Hills,CA,681,SAN ANTONIO DISTRICT OFFICE,3,1404000,1053000,468000.0,75.0
First Business Bank,Madison,WI,988,ARIZONA DISTRICT OFFICE,2,1403000,1052250,701500.0,75.0
First Financial Bank,El Dorado,AR,457,KENTUCKY DISTRICT OFFICE,1,1402000,1051500,1402000.0,75.0
"Citizens Bank, National Association",Providence,RI,303,PHILADELPHIA DISTRICT OFFICE,4,1401500,888625,350375.0,63.41
Peoples Security Bank and Trust Company,Scranton,PA,455,SOUTH FLORIDA DISTRICT OFFICE,1,1400000,1050000,1400000.0,75.0
City National Bank of Florida,Miami,FL,610,DALLAS / FT WORTH DISTRICT OFFICE,3,1400000,1050000,466666.67,75.0
First Commerce Bank,Lakewood,NJ,299,NEW JERSEY DISTRICT OFFICE,1,1400000,1050000,1400000.0,75.0
"Readycap Lending, LLC",Berkeley Heights,NJ,951,HAWAII DISTRICT OFFICE,14,1399500,1097575,99964.29,78.43
"Capital One, National Association",Mclean,VA,507,ILLINOIS DISTRICT OFFICE,1,1399500,1049625,1399500.0,75.0
Customers Bank,Malvern,PA,549,CLEVELAND DISTRICT OFFICE,1,1399000,1049250,1399000.0,75.0
22nd State Bank,Louisville,AL,373,BALTIMORE DISTRICT OFFICE,1,1398800,1049100,1398800.0,75.0
Citizens Bank,Elizabethton,TN,931,SACRAMENTO DISTRICT OFFICE,3,1397400,1048050,465800.0,75.0
Guaranty Bank & Trust Company,Belzoni,MS,470,MISSISSIPPI DISTRICT OFFICE,2,1390100,1042575,695050.0,75.0
Firstrust Savings Bank,Conshohocken,PA,296,BUFFALO DISTRICT OFFICE,1,1390000,1042500,1390000.0,75.0
East West Bank,Pasadena,CA,669,ARKANSAS DISTRICT OFFICE,1,1390000,1042500,1390000.0,75.0
Bankwell Bank,New Canaan,CT,455,SOUTH FLORIDA DISTRICT OFFICE,1,1390000,1042500,1390000.0,75.0
First Internet Bank of Indiana,Fishers,IN,101,MASSACHUSETTS DISTRICT OFFICE,2,1389000,1041750,694500.0,75.0
Texell CU,Temple,TX,681,SAN ANTONIO DISTRICT OFFICE,5,1386600,1049450,277320.0,75.69
Truist Bank,Charlotte,NC,299,NEW JERSEY DISTRICT OFFICE,1,1385000,1038750,1385000.0,75.0
Old National Bank,Evansville,IN,914,LOS ANGELES DISTRICT OFFICE,1,1384200,1038150,1384200.0,75.0
First American Bank,Artesia,NM,677,EL PASO DISTRICT OFFICE,1,1383400,1037550,1383400.0,75.0
i3 Bank,Bennington,NE,766,NEBRASKA DISTRICT OFFICE,2,1382400,1036800,691200.0,75.0
Dogwood State Bank,Raleigh,NC,507,ILLINOIS DISTRICT OFFICE,2,1381600,1036200,690800.0,75.0
Platinum Bank,Oakdale,MN,671,HOUSTON DISTRICT OFFICE,3,1381000,1017000,460333.33,73.64
City National Bank of Florida,Miami,FL,303,PHILADELPHIA DISTRICT OFFICE,4,1375000,1031250,343750.0,75.0
Silver Lake Bank,Topeka,KS,709,KANSAS CITY DISTRICT OFFICE,6,1370000,685000,228333.33,50.0
Primis Bank,Tappahannock,VA,304,RICHMOND DISTRICT OFFICE,2,1369300,1026975,684650.0,75.0
Old National Bank,Evansville,IN,610,DALLAS / FT WORTH DISTRICT OFFICE,2,1368400,1026300,684200.0,75.0
St. Mary's Bank,Manchester,NH,189,NEW HAMPSHIRE DISTRICT OFFICE,13,1366500,683250,105115.38,50.0
CommerceWest Bank,Irvine,CA,920,SANTA ANA DISTRICT OFFICE,3,1365000,1006250,455000.0,73.72
Cadence Bank,Tupelo,MS,562,INDIANA DISTRICT OFFICE,5,1365000,1029750,273000.0,75.44
"Bank of America, National Association",Charlotte,NC,593,COLUMBUS DISTRICT OFFICE,1,1364600,1023450,1364600.0,75.0
Gulf Coast Bank and Trust Company,New Orleans,LA,373,BALTIMORE DISTRICT OFFICE,1,1364500,1023375,1364500.0,75.0
First Interstate Bank,Billings,MT,1087,BOISE DISTRICT OFFICE,10,1363800,886600,136380.0,65.01
Magnifi Financial CU,Melrose,MN,460,NORTH CAROLINA DISTRICT OFFICE,2,1362000,1021500,681000.0,75.0
The Cooperative Bank of Cape Cod,Hyannis,MA,405,GEORGIA DISTRICT OFFICE,1,1360500,1020375,1360500.0,75.0
"Community Banks of Colorado, A Division of",Greenwood Village,CO,988,ARIZONA DISTRICT OFFICE,2,1360400,1020300,680200.0,75.0
First Savings Bank,Jeffersonville,IN,457,KENTUCKY DISTRICT OFFICE,1,1360000,1020000,1360000.0,75.0
Saratoga National Bank and Trust Company,Saratoga Springs,NY,248,SYRACUSE DISTRICT OFFICE,10,1360000,805000,136000.0,59.19
Simmons Bank,Pine Bluff,AR,768,ST. LOUIS DISTRICT OFFICE,4,1359400,1019550,339850.0,75.0
Northeast Bank,Lewiston,ME,768,ST. LOUIS DISTRICT OFFICE,13,1359400,1080490,104569.23,79.48
Simmons Bank,Pine Bluff,AR,610,DALLAS / FT WORTH DISTRICT OFFICE,3,1355700,1016775,451900.0,75.0
"VeraBank, National Association",Henderson,TX,681,SAN ANTONIO DISTRICT OFFICE,2,1355600,1016700,677800.0,75.0
Dogwood State Bank,Raleigh,NC,1084,ALASKA DISTRICT OFFICE,1,1355200,1016400,1355200.0,75.0
Rhinebeck Bank,Poughkeepsie,NY,202,NEW YORK DISTRICT OFFICE,8,1355000,838999,169375.0,61.92
Rockland Trust Company,Rockland,MA,156,CONNECTICUT DISTRICT OFFICE,3,1355000,1016250,451666.67,75.0
Economic Development Bank for Puerto Rico,N Juan                      Pr,0,252,PUERTO RICO AND USVI DISTRICT OFFICE,15,1353300,1120235,90220.0,82.78
Berkshire Bank,Pittsfield,MA,610,DALLAS / FT WORTH DISTRICT OFFICE,1,1350000,1012500,1350000.0,75.0
First General Bank,Rowland Heights,CA,914,LOS ANGELES DISTRICT OFFICE,3,1350000,1017500,450000.0,75.37
New Millennium Bank,Fort Lee,NJ,405,GEORGIA DISTRICT OFFICE,2,1350000,1012500,675000.0,75.0
Ocean Bank,Miami,FL,682,NEW MEXICO DISTRICT OFFICE,1,1350000,1012500,1350000.0,75.0
"Mountain Bizcapital, Inc.",Asheville,NC,460,NORTH CAROLINA DISTRICT OFFICE,7,1350000,1110000,192857.14,82.22
New Valley Bank & Trust,Springfield,MA,101,MASSACHUSETTS DISTRICT OFFICE,7,1349600,957700,192800.0,70.96
"Clear Mountain Bank, Inc.",Bruceton Mills,WV,390,WEST VIRGINIA DISTRICT OFFICE,12,1349500,674750,112458.33,50.0
First National Bank of Oklahoma,Oklahoma City,OK,767,WICHITA DISTRICT OFFICE,1,1349200,1011900,1349200.0,75.0
Peoples Bank,Mendenhall,MS,491,NORTH FLORIDA DISTRICT OFFICE,3,1349000,1011750,449666.67,75.0
The Hicksville Bank,Hicksville,OH,562,INDIANA DISTRICT OFFICE,3,1349000,1026750,449666.67,76.11
Sandy Spring Bank,Olney,MD,353,WASHINGTON DISTRICT OFFICE,4,1348000,779000,337000.0,57.79
"St. Charles Bank & Trust Company, National Association",Saint Charles,IL,563,WISCONSIN DISTRICT OFFICE,3,1347200,860400,449066.67,63.87
"LendingClub Bank, National Association",Lehi,UT,914,LOS ANGELES DISTRICT OFFICE,1,1347000,1010250,1347000.0,75.0
"TD Bank, National Association",Wilmington,DE,931,SACRAMENTO DISTRICT OFFICE,2,1346000,1009500,673000.0,75.0
Citizens Bank,Elizabethton,TN,303,PHILADELPHIA DISTRICT OFFICE,3,1346000,1009500,448666.67,75.0
Aspire Bank,Fargo,ND,875,NORTH DAKOTA DISTRICT OFFICE,6,1345000,863750,224166.67,64.22
"Triad Bank, National Association",Tulsa,OK,680,OKLAHOMA DISTRICT OFFICE,3,1342200,1006650,447400.0,75.0
"LiftFund, Inc.",San Antonio,TX,681,SAN ANTONIO DISTRICT OFFICE,10,1342000,1063700,134200.0,79.26
BayFirst National Bank,Saint Petersburg,FL,470,MISSISSIPPI DISTRICT OFFICE,10,1340100,1139085,134010.0,85.0
Evolve Bank and Trust,West Memphis,AR,954,SAN DIEGO DISTRICT OFFICE,2,1340000,1005000,670000.0,75.0
Mission Valley Bank,Sun Valley,CA,405,GEORGIA DISTRICT OFFICE,1,1338900,1004175,1338900.0,75.0
Mountain West Small Business Finance,Salt Lake City,UT,883,UTAH DISTRICT OFFICE,7,1335000,1015750,190714.29,76.09
Customers Bank,Malvern,PA,189,NEW HAMPSHIRE DISTRICT OFFICE,1,1331000,998250,1331000.0,75.0
Colony Bank,Fitzgerald,GA,988,ARIZONA DISTRICT OFFICE,12,1330500,1130925,110875.0,85.0
Home Federal Savings Bank,Rochester,MN,563,WISCONSIN DISTRICT OFFICE,1,1330000,997500,1330000.0,75.0
Evolve Bank and Trust,West Memphis,AR,460,NORTH CAROLINA DISTRICT OFFICE,1,1329900,997425,1329900.0,75.0
Farmers State Bank,Victor,MT,885,MONTANA DISTRICT OFFICE,3,1328100,983575,442700.0,74.06
Dogwood State Bank,Raleigh,NC,944,NEVADA DISTRICT OFFICE,2,1327500,964375,663750.0,72.65
Hiawatha National Bank,Hager City,WI,768,ST. LOUIS DISTRICT OFFICE,1,1326000,994500,1326000.0,75.0
"Citizens Bank, National Association",Providence,RI,202,NEW YORK DISTRICT OFFICE,5,1325000,662500,265000.0,50.0
Northwest Bank,Warren,PA,811,COLORADO DISTRICT OFFICE,4,1325000,966250,331250.0,72.92
1st Financial Bank USA,Dakota Dunes,SD,172,MAINE DISTRICT OFFICE,2,1325000,993750,662500.0,75.0
"WesBanco Bank, Inc.",Wheeling,WV,562,INDIANA DISTRICT OFFICE,1,1324700,900796,1324700.0,68.0
First Security Bank,Searcy,AR,669,ARKANSAS DISTRICT OFFICE,6,1324400,870600,220733.33,65.74
22nd State Bank,Louisville,AL,353,WASHINGTON DISTRICT OFFICE,1,1323900,992925,1323900.0,75.0
Southern Bancorp Bank,Arkadelphia,AR,709,KANSAS CITY DISTRICT OFFICE,1,1323000,992250,1323000.0,75.0
"California International Bank, A National Banking Associatio",Westminster,CA,914,LOS ANGELES DISTRICT OFFICE,2,1323000,992250,661500.0,75.0
UniBank for Savings,Whitinsville,MA,101,MASSACHUSETTS DISTRICT OFFICE,24,1321600,660800,55066.67,50.0
The Bancorp Bank National Association,Sioux Falls,SD,515,MICHIGAN DISTRICT OFFICE,3,1320900,928175,440300.0,70.27
Citizens Business Bank,Ontario,CA,914,LOS ANGELES DISTRICT OFFICE,2,1320100,990075,660050.0,75.0
"Heritage Bank, Inc.",Burlington,KY,914,LOS ANGELES DISTRICT OFFICE,9,1318400,1120640,146488.89,85.0
Texas Security Bank,Dallas,TX,671,HOUSTON DISTRICT OFFICE,1,1318000,988500,1318000.0,75.0
Bank of Hope,Los Angeles,CA,248,SYRACUSE DISTRICT OFFICE,1,1315000,986250,1315000.0,75.0
First Chatham Bank,Savannah,GA,202,NEW YORK DISTRICT OFFICE,4,1310500,982875,327625.0,75.0
1st Financial Bank USA,Dakota Dunes,SD,515,MICHIGAN DISTRICT OFFICE,2,1310000,982500,655000.0,75.0
First Chatham Bank,Savannah,GA,897,WYOMING DISTRICT OFFICE,1,1310000,982500,1310000.0,75.0
Community Capital Resources,Elmsford,NY,202,NEW YORK DISTRICT OFFICE,11,1310000,1096500,119090.91,83.7
Colony Bank,Fitzgerald,GA,549,CLEVELAND DISTRICT OFFICE,8,1309900,1078415,163737.5,82.33
"Alerus Financial, National Association",Grand Forks,ND,883,UTAH DISTRICT OFFICE,1,1308300,981225,1308300.0,75.0
Hancock Whitney Bank,Gulfport,MS,405,GEORGIA DISTRICT OFFICE,2,1306800,988100,653400.0,75.61
First Savings Bank,Jeffersonville,IN,460,NORTH CAROLINA DISTRICT OFFICE,2,1306300,979725,653150.0,75.0
Byline Bank,Chicago,IL,920,SANTA ANA DISTRICT OFFICE,2,1305000,978750,652500.0,75.0
Citizens Bank,Elizabethton,TN,988,ARIZONA DISTRICT OFFICE,3,1304200,978150,434733.33,75.0
KeyBank National Association,Cleveland,OH,768,ST. LOUIS DISTRICT OFFICE,1,1303000,977250,1303000.0,75.0
Central State Bank,Calera,AL,459,ALABAMA DISTRICT OFFICE,3,1302000,976500,434000.0,75.0
"Santander Bank, National Association",Wilmington,DE,101,MASSACHUSETTS DISTRICT OFFICE,24,1301000,650500,54208.33,50.0
Mission Bank,Bakersfield,CA,914,LOS ANGELES DISTRICT OFFICE,3,1300000,950000,433333.33,73.08
Metro City Bank,Doraville,GA,455,SOUTH FLORIDA DISTRICT OFFICE,1,1300000,975000,1300000.0,75.0
"Community Trust Bank, Inc.",Pikeville,KY,390,WEST VIRGINIA DISTRICT OFFICE,7,1300000,770000,185714.29,59.23
Cambridge Savings Bank,Cambridge,MA,189,NEW HAMPSHIRE DISTRICT OFFICE,1,1300000,975000,1300000.0,75.0
"CRF Small Business Loan Company, LLC",Minneapolis,MN,515,MICHIGAN DISTRICT OFFICE,3,1300000,850000,433333.33,65.38
Stearns Bank National Association,Saint Cloud,MN,920,SANTA ANA DISTRICT OFFICE,3,1293000,974750,431000.0,75.39
North State Bank,Raleigh,NC,405,GEORGIA DISTRICT OFFICE,2,1292000,969000,646000.0,75.0
First-Citizens Bank & Trust Company,Raleigh,NC,681,SAN ANTONIO DISTRICT OFFICE,2,1291300,968475,645650.0,75.0
First Financial Bank,El Dorado,AR,811,COLORADO DISTRICT OFFICE,1,1291200,968400,1291200.0,75.0
First Financial Bank,El Dorado,AR,202,NEW YORK DISTRICT OFFICE,2,1290400,967800,645200.0,75.0
Montana Community Development Corp.,Missoula,MT,883,UTAH DISTRICT OFFICE,9,1289600,1002780,143288.89,77.76
Watertown Savings Bank,Watertown,NY,248,SYRACUSE DISTRICT OFFICE,7,1288000,846375,184000.0,65.71
The Bancorp Bank National Association,Sioux Falls,SD,709,KANSAS CITY DISTRICT OFFICE,1,1287100,965325,1287100.0,75.0
Arizona Financial Credit Union,Phoenix,AZ,988,ARIZONA DISTRICT OFFICE,8,1286000,920600,160750.0,71.59
CDC Small Business Finance Corporation,San Diego,CA,353,WASHINGTON DISTRICT OFFICE,9,1285000,1021250,142777.78,79.47
NBKC Bank,Leawood,KS,709,KANSAS CITY DISTRICT OFFICE,6,1282500,976125,213750.0,76.11
Commonwealth Business Bank,Los Angeles,CA,954,SAN DIEGO DISTRICT OFFICE,2,1280000,960000,640000.0,75.0
New Millennium Bank,Fort Lee,NJ,358,PITTSBURGH DISTRICT OFFICE,1,1280000,960000,1280000.0,75.0
Dogwood State Bank,Raleigh,NC,562,INDIANA DISTRICT OFFICE,2,1280000,935000,640000.0,73.05
First Bank of the Lake,Osage Beach,MO,593,COLUMBUS DISTRICT OFFICE,5,1279500,989625,255900.0,77.34
Enterprise Bank & Trust,Clayton,MO,563,WISCONSIN DISTRICT OFFICE,3,1277500,958125,425833.33,75.0
Legacy State Bank,Loganville,GA,405,GEORGIA DISTRICT OFFICE,1,1277000,957750,1277000.0,75.0
First Bank of the Lake,Osage Beach,MO,680,OKLAHOMA DISTRICT OFFICE,5,1276600,972450,255320.0,76.17
Northeast Bank,Lewiston,ME,678,LUBBOCK DISTRICT OFFICE,10,1275300,981605,127530.0,76.97
InBank,Raton,NM,464,SOUTH CAROLINA DISTRICT OFFICE,1,1275300,956475,1275300.0,75.0
Dream First Bank National Association,Syracuse,KS,811,COLORADO DISTRICT OFFICE,1,1275000,956250,1275000.0,75.0
BMO Bank National Association,Chicago,IL,766,NEBRASKA DISTRICT OFFICE,1,1274000,955500,1274000.0,75.0
"T Bank, National Association",Dallas,TX,761,DES MOINES DISTRICT OFFICE,1,1274000,955500,1274000.0,75.0
Enterprise Bank & Trust,Clayton,MO,358,PITTSBURGH DISTRICT OFFICE,1,1273800,955350,1273800.0,75.0
Community First Bank,Kennewick,WA,1013,SEATTLE DISTRICT OFFICE,11,1272500,645000,115681.82,50.69
Banc of California,Los Angeles,CA,942,FRESNO DISTRICT OFFICE,1,1272000,954000,1272000.0,75.0
Bank of Clarke,Berryville,VA,681,SAN ANTONIO DISTRICT OFFICE,2,1271000,890750,635500.0,70.08
The Huntington National Bank,Columbus,OH,677,EL PASO DISTRICT OFFICE,2,1269000,933000,634500.0,73.52
Veritex Community Bank,Dallas,TX,303,PHILADELPHIA DISTRICT OFFICE,4,1267200,948720,316800.0,74.87
"Heritage Bank, Inc.",Burlington,KY,954,SAN DIEGO DISTRICT OFFICE,6,1267000,1025250,211166.67,80.92
City National Bank of Florida,Miami,FL,507,ILLINOIS DISTRICT OFFICE,3,1265000,948750,421666.67,75.0
Metro City Bank,Doraville,GA,202,NEW YORK DISTRICT OFFICE,2,1264500,948375,632250.0,75.0
"LendingClub Bank, National Association",Lehi,UT,954,SAN DIEGO DISTRICT OFFICE,2,1264000,948000,632000.0,75.0
Regent Bank,Tulsa,OK,1087,BOISE DISTRICT OFFICE,1,1262900,947175,1262900.0,75.0
First Savings Bank,Jeffersonville,IN,515,MICHIGAN DISTRICT OFFICE,4,1262000,946500,315500.0,75.0
Customers Bank,Malvern,PA,680,OKLAHOMA DISTRICT OFFICE,2,1260000,925000,630000.0,73.41
GBank,Las Vegas,NV,681,SAN ANTONIO DISTRICT OFFICE,1,1259000,944250,1259000.0,75.0
"Bank of America, National Association",Charlotte,NC,768,ST. LOUIS DISTRICT OFFICE,2,1258000,943500,629000.0,75.0
FinWise Bank,Sandy,UT,671,HOUSTON DISTRICT OFFICE,1,1255800,941850,1255800.0,75.0
American Momentum Bank,College Station,TX,680,OKLAHOMA DISTRICT OFFICE,1,1255500,941625,1255500.0,75.0
Mountain America FCU,Sandy,UT,811,COLORADO DISTRICT OFFICE,2,1255200,941400,627600.0,75.0
Mortgage Capital Development Corporation,Oakland,CA,944,NEVADA DISTRICT OFFICE,7,1255000,986750,179285.71,78.63
First Business Bank,Madison,WI,1013,SEATTLE DISTRICT OFFICE,2,1253000,939750,626500.0,75.0
HomeTrust Bank,Asheville,NC,811,COLORADO DISTRICT OFFICE,2,1253000,939750,626500.0,75.0
"Citizens Bank of West Virginia, Inc",Elkins,WV,390,WEST VIRGINIA DISTRICT OFFICE,4,1253000,626500,313250.0,50.0
bankHometown,Oxford,MA,101,MASSACHUSETTS DISTRICT OFFICE,2,1252900,913950,626450.0,72.95
First Bank,Southern Pines,NC,491,NORTH FLORIDA DISTRICT OFFICE,1,1251500,938625,1251500.0,75.0
West Town Bank & Trust,North Riverside,IL,474,TENNESSEE DISTRICT OFFICE,4,1250000,937500,312500.0,75.0
OnPoint Community Credit Union,Portland,OR,1086,PORTLAND DISTRICT OFFICE,3,1250000,625000,416666.67,50.0
Cadence Bank,Tupelo,MS,1087,BOISE DISTRICT OFFICE,4,1250000,942500,312500.0,75.4
FinWise Bank,Sandy,UT,507,ILLINOIS DISTRICT OFFICE,2,1250000,937500,625000.0,75.0
The Ohio Valley Bank Company,Gallipolis,OH,390,WEST VIRGINIA DISTRICT OFFICE,1,1250000,937500,1250000.0,75.0
Firstrust Savings Bank,Conshohocken,PA,549,CLEVELAND DISTRICT OFFICE,1,1250000,937500,1250000.0,75.0
"First Western SBLC, Inc",Dallas,TX,811,COLORADO DISTRICT OFFICE,1,1250000,937500,1250000.0,75.0
Bank OZK,Little Rock,AR,610,DALLAS / FT WORTH DISTRICT OFFICE,5,1248600,937220,249720.0,75.06
"Wilmington Savings Fund Society, FSB",Wilmington,DE,464,SOUTH CAROLINA DISTRICT OFFICE,2,1248500,873875,624250.0,69.99
Northern State Bank of Virginia,Virginia,MN,508,MINNESOTA DISTRICT OFFICE,2,1247900,935925,623950.0,75.0
"Readycap Lending, LLC",Berkeley Heights,NJ,296,BUFFALO DISTRICT OFFICE,8,1246000,959100,155750.0,76.97
Colony Bank,Fitzgerald,GA,304,RICHMOND DISTRICT OFFICE,6,1244700,991695,207450.0,79.67
Umpqua Bank,Roseburg,OR,811,COLORADO DISTRICT OFFICE,1,1243000,932250,1243000.0,75.0
GBank,Las Vegas,NV,101,MASSACHUSETTS DISTRICT OFFICE,1,1241000,930750,1241000.0,75.0
First Bank of Central Ohio,Worthington,OH,610,DALLAS / FT WORTH DISTRICT OFFICE,1,1241000,930750,1241000.0,75.0
Colony Bank,Fitzgerald,GA,954,SAN DIEGO DISTRICT OFFICE,9,1240100,1054085,137788.89,85.0
"Grow America Fund, Incorporated",New York,NY,912,SAN FRANCISCO DISTRICT OFFICE,3,1240000,945000,413333.33,76.21
Live Oak Banking Company,Wilmington,NC,296,BUFFALO DISTRICT OFFICE,2,1240000,930000,620000.0,75.0
Metro City Bank,Doraville,GA,303,PHILADELPHIA DISTRICT OFFICE,1,1240000,930000,1240000.0,75.0
Plains State Bank,Humble,TX,681,SAN ANTONIO DISTRICT OFFICE,1,1240000,930000,1240000.0,75.0
Citizens Bank,Elizabethton,TN,1086,PORTLAND DISTRICT OFFICE,3,1239300,929475,413100.0,75.0
"Readycap Lending, LLC",Berkeley Heights,NJ,358,PITTSBURGH DISTRICT OFFICE,16,1239000,974250,77437.5,78.63
"Bank of America, National Association",Charlotte,NC,669,ARKANSAS DISTRICT OFFICE,1,1237500,928125,1237500.0,75.0
First Internet Bank of Indiana,Fishers,IN,680,OKLAHOMA DISTRICT OFFICE,1,1237000,927750,1237000.0,75.0
Sunshine State Economic Development Corporation,Clearwater,FL,455,SOUTH FLORIDA DISTRICT OFFICE,7,1235800,983930,176542.86,79.62
Capital Certified Development Corporation,Austin,TX,671,HOUSTON DISTRICT OFFICE,6,1232500,961365,205416.67,78.0
First Foundation Bank,Irvine,CA,455,SOUTH FLORIDA DISTRICT OFFICE,2,1232100,924075,616050.0,75.0
The Park National Bank,Newark,OH,460,NORTH CAROLINA DISTRICT OFFICE,4,1231900,718325,307975.0,58.31
FFB Bank,Fresno,CA,931,SACRAMENTO DISTRICT OFFICE,2,1230000,872500,615000.0,70.93
"LendingClub Bank, National Association",Lehi,UT,508,MINNESOTA DISTRICT OFFICE,1,1230000,922500,1230000.0,75.0
Truist Bank,Charlotte,NC,681,SAN ANTONIO DISTRICT OFFICE,1,1229500,922125,1229500.0,75.0
First Federal Bank,Lake City,FL,455,SOUTH FLORIDA DISTRICT OFFICE,3,1228900,928965,409633.33,75.59
Bar Harbor Bank & Trust,Bar Harbor,ME,189,NEW HAMPSHIRE DISTRICT OFFICE,9,1228600,837800,136511.11,68.19
Heritage FCU,Newburgh,IN,457,KENTUCKY DISTRICT OFFICE,2,1226700,913350,613350.0,74.46
Tompkins Community Bank,Ithaca,NY,248,SYRACUSE DISTRICT OFFICE,8,1226600,613300,153325.0,50.0
"Connecticut Community Bank, National Association",Norwalk,CT,405,GEORGIA DISTRICT OFFICE,1,1225900,919425,1225900.0,75.0
Community Bank of the Bay,Oakland,CA,912,SAN FRANCISCO DISTRICT OFFICE,1,1225000,918750,1225000.0,75.0
Five Star Bank,Rancho Cordova,CA,508,MINNESOTA DISTRICT OFFICE,3,1225000,875000,408333.33,71.43
"Peoples National Bank, National Association",Mcleansboro,IL,507,ILLINOIS DISTRICT OFFICE,3,1225000,837500,408333.33,68.37
Berkshire Bank,Pittsfield,MA,912,SAN FRANCISCO DISTRICT OFFICE,1,1225000,918750,1225000.0,75.0
Worthington Bank,Arlington,TX,610,DALLAS / FT WORTH DISTRICT OFFICE,2,1225000,918750,612500.0,75.0
First National Bank of Pennsylvania,Greenville,PA,459,ALABAMA DISTRICT OFFICE,1,1220000,915000,1220000.0,75.0
Summit State Bank,Santa Rosa,CA,679,LOUISIANA DISTRICT OFFICE,1,1220000,915000,1220000.0,75.0
Frandsen Bank & Trust,Lonsdale,MN,563,WISCONSIN DISTRICT OFFICE,3,1219400,827050,406466.67,67.82
Gulf Coast Bank and Trust Company,New Orleans,LA,248,SYRACUSE DISTRICT OFFICE,2,1218500,913875,609250.0,75.0
GBank,Las Vegas,NV,669,ARKANSAS DISTRICT OFFICE,1,1218000,913500,1218000.0,75.0
KeyBank National Association,Cleveland,OH,931,SACRAMENTO DISTRICT OFFICE,1,1217000,912750,1217000.0,75.0
First National Bank of Pennsylvania,Greenville,PA,299,NEW JERSEY DISTRICT OFFICE,1,1215000,911250,1215000.0,75.0
"Lendistry SBLC, LLC",Los Angeles,CA,562,INDIANA DISTRICT OFFICE,7,1214700,992225,173528.57,81.68
Asian Bank,Philadelphia,PA,303,PHILADELPHIA DISTRICT OFFICE,9,1214500,912625,134944.44,75.14
Unity National Bank of Houston,Houston,TX,671,HOUSTON DISTRICT OFFICE,3,1214000,910500,404666.67,75.0
"Lendistry SBLC, LLC",Los Angeles,CA,680,OKLAHOMA DISTRICT OFFICE,3,1212700,934795,404233.33,77.08
Northwest Bank,Warren,PA,156,CONNECTICUT DISTRICT OFFICE,2,1212000,884000,606000.0,72.94
"Capital Bank, National Association",Rockville,MD,304,RICHMOND DISTRICT OFFICE,2,1212000,871500,606000.0,71.91
American Momentum Bank,College Station,TX,811,COLORADO DISTRICT OFFICE,2,1212000,909000,606000.0,75.0
Northeast Bank,Lewiston,ME,669,ARKANSAS DISTRICT OFFICE,10,1211700,1004945,121170.0,82.94
First Bank of Central Ohio,Worthington,OH,549,CLEVELAND DISTRICT OFFICE,2,1211000,923250,605500.0,76.24
"Florida Capital Bank, National Association",Jacksonville,FL,491,NORTH FLORIDA DISTRICT OFFICE,1,1208000,906000,1208000.0,75.0
The Croghan Colonial Bank,Fremont,OH,549,CLEVELAND DISTRICT OFFICE,2,1207600,905700,603800.0,75.0
Banner Bank,Walla Walla,WA,920,SANTA ANA DISTRICT OFFICE,12,1207300,603650,100608.33,50.0
Community State Bank,Union Grove,WI,563,WISCONSIN DISTRICT OFFICE,5,1206800,852630,241360.0,70.65
"Citizens Bank, National Association",Providence,RI,248,SYRACUSE DISTRICT OFFICE,2,1206500,904875,603250.0,75.0
22nd State Bank,Louisville,AL,549,CLEVELAND DISTRICT OFFICE,1,1206000,904500,1206000.0,75.0
Community Investment Corporation,Hamden,CT,165,RHODE ISLAND DISTRICT OFFICE,6,1205000,936750,200833.33,77.74
"Heritage Bank, Inc.",Burlington,KY,549,CLEVELAND DISTRICT OFFICE,3,1204600,924150,401533.33,76.72
Coastal States Bank,Hilton Head Island,SC,988,ARIZONA DISTRICT OFFICE,2,1201000,900750,600500.0,75.0
BayFirst National Bank,Saint Petersburg,FL,390,WEST VIRGINIA DISTRICT OFFICE,8,1200000,1020000,150000.0,85.0
Northwest Bank,Warren,PA,390,WEST VIRGINIA DISTRICT OFFICE,2,1200000,862500,600000.0,71.88
"WesBanco Bank, Inc.",Wheeling,WV,390,WEST VIRGINIA DISTRICT OFFICE,1,1200000,900000,1200000.0,75.0
Commercial Bank of California,Irvine,CA,709,KANSAS CITY DISTRICT OFFICE,1,1200000,900000,1200000.0,75.0
"Wells Fargo Bank, National Association",Sioux Falls,SD,593,COLUMBUS DISTRICT OFFICE,1,1200000,900000,1200000.0,75.0
Security National Bank of Omaha,Omaha,NE,671,HOUSTON DISTRICT OFFICE,2,1199000,849250,599500.0,70.83
First Bank,Southern Pines,NC,920,SANTA ANA DISTRICT OFFICE,3,1198000,836000,399333.33,69.78
"Heritage Bank, Inc.",Burlington,KY,681,SAN ANTONIO DISTRICT OFFICE,8,1197500,1017875,149687.5,85.0
Simmons Bank,Pine Bluff,AR,681,SAN ANTONIO DISTRICT OFFICE,1,1197100,897825,1197100.0,75.0
CDC Small Business Finance Corporation,San Diego,CA,681,SAN ANTONIO DISTRICT OFFICE,7,1196300,921395,170900.0,77.02
Colony Bank,Fitzgerald,GA,373,BALTIMORE DISTRICT OFFICE,3,1195300,924745,398433.33,77.37
First State Bank of Middlebury,Middlebury,IN,562,INDIANA DISTRICT OFFICE,4,1195000,888750,298750.0,74.37
Citizens National Bank of Texas,Waxahachie,TX,610,DALLAS / FT WORTH DISTRICT OFFICE,1,1193900,895425,1193900.0,75.0
Service FCU,Portsmouth,NH,189,NEW HAMPSHIRE DISTRICT OFFICE,21,1192700,596350,56795.24,50.0
Customers Bank,Malvern,PA,610,DALLAS / FT WORTH DISTRICT OFFICE,2,1192000,869000,596000.0,72.9
First Bank of Central Ohio,Worthington,OH,341,DELAWARE DISTRICT OFFICE,1,1191600,893700,1191600.0,75.0
Colony Bank,Fitzgerald,GA,679,LOUISIANA DISTRICT OFFICE,9,1191500,998345,132388.89,83.79
Civista Bank,Sandusky,OH,549,CLEVELAND DISTRICT OFFICE,2,1191100,893325,595550.0,75.0
"Harvest Small Business Finance, LLC",Laguna Hills,CA,341,DELAWARE DISTRICT OFFICE,1,1190000,892500,1190000.0,75.0
Bank of Clarke,Berryville,VA,491,NORTH FLORIDA DISTRICT OFFICE,2,1190000,892500,595000.0,75.0
City National Bank,Los Angeles,CA,455,SOUTH FLORIDA DISTRICT OFFICE,2,1190000,767500,595000.0,64.5
"Harvest Small Business Finance, LLC",Laguna Hills,CA,680,OKLAHOMA DISTRICT OFFICE,1,1190000,892500,1190000.0,75.0
Meridian Bank,Malvern,PA,491,NORTH FLORIDA DISTRICT OFFICE,2,1190000,892500,595000.0,75.0
Exos Small Business Lending LLC,New York,NY,460,NORTH CAROLINA DISTRICT OFFICE,1,1190000,892500,1190000.0,75.0
"Lendistry SBLC, LLC",Los Angeles,CA,563,WISCONSIN DISTRICT OFFICE,5,1187000,909910,237400.0,76.66
The Callaway Bank,Fulton,MO,768,ST. LOUIS DISTRICT OFFICE,8,1186700,752525,148337.5,63.41
First Interstate Bank,Billings,MT,811,COLORADO DISTRICT OFFICE,1,1185800,889350,1185800.0,75.0
First Savings Bank,Jeffersonville,IN,353,WASHINGTON DISTRICT OFFICE,1,1185000,1066500,1185000.0,90.0
Pacific Premier Bank,Irvine,CA,914,LOS ANGELES DISTRICT OFFICE,2,1185000,888750,592500.0,75.0
Cadence Bank,Tupelo,MS,944,NEVADA DISTRICT OFFICE,5,1185000,905250,237000.0,76.39
"Capital One, National Association",Mclean,VA,491,NORTH FLORIDA DISTRICT OFFICE,2,1184500,763375,592250.0,64.45
"LendingClub Bank, National Association",Lehi,UT,680,OKLAHOMA DISTRICT OFFICE,1,1184000,888000,1184000.0,75.0
Craft Bank,Atlanta,GA,459,ALABAMA DISTRICT OFFICE,1,1182000,886500,1182000.0,75.0
Meadows Bank,Las Vegas,NV,515,MICHIGAN DISTRICT OFFICE,2,1177000,882750,588500.0,75.0
IncredibleBank,Wausau,WI,459,ALABAMA DISTRICT OFFICE,1,1175000,881250,1175000.0,75.0
Coasthills Federal Credit Union,Santa Maria,CA,942,FRESNO DISTRICT OFFICE,5,1175000,605000,235000.0,51.49
"Wells Fargo Bank, National Association",Sioux Falls,SD,678,LUBBOCK DISTRICT OFFICE,14,1175000,828750,83928.57,70.53
HOMEBANK,Palmyra,MO,507,ILLINOIS DISTRICT OFFICE,3,1174900,881175,391633.33,75.0
Wallis Bank,Wallis,TX,920,SANTA ANA DISTRICT OFFICE,5,1174000,919900,234800.0,78.36
The Bancorp Bank National Association,Sioux Falls,SD,768,ST. LOUIS DISTRICT OFFICE,2,1171700,878775,585850.0,75.0
"Bank of America, National Association",Charlotte,NC,563,WISCONSIN DISTRICT OFFICE,1,1171500,878625,1171500.0,75.0
"Wilmington Savings Fund Society, FSB",Wilmington,DE,455,SOUTH FLORIDA DISTRICT OFFICE,2,1170000,877500,585000.0,75.0
Westside State Bank,Westside,IA,766,NEBRASKA DISTRICT OFFICE,4,1170000,860500,292500.0,73.55
"The First National Bank and Trust Co, Chickasha, Oklahoma",Chickasha,OK,680,OKLAHOMA DISTRICT OFFICE,1,1170000,877500,1170000.0,75.0
Exchange Bank,Santa Rosa,CA,912,SAN FRANCISCO DISTRICT OFFICE,4,1170000,727500,292500.0,62.18
Educators CU,Mount Pleasant,WI,563,WISCONSIN DISTRICT OFFICE,3,1168000,871800,389333.33,74.64
Quaint Oak Bank,Southampton,PA,460,NORTH CAROLINA DISTRICT OFFICE,2,1168000,801000,584000.0,68.58
The Bancorp Bank National Association,Sioux Falls,SD,920,SANTA ANA DISTRICT OFFICE,2,1167500,875625,583750.0,75.0
"T Bank, National Association",Dallas,TX,681,SAN ANTONIO DISTRICT OFFICE,2,1167000,875250,583500.0,75.0
GBank,Las Vegas,NV,474,TENNESSEE DISTRICT OFFICE,1,1166000,874500,1166000.0,75.0
First Harrison Bank,Corydon,IN,562,INDIANA DISTRICT OFFICE,7,1165900,870775,166557.14,74.69
Hyperion Bank,Philadelphia,PA,491,NORTH FLORIDA DISTRICT OFFICE,2,1165700,874275,582850.0,75.0
Stone Bank,Mountain View,AR,491,NORTH FLORIDA DISTRICT OFFICE,1,1165000,873750,1165000.0,75.0
"SouthState Bank, National Association",Winter Haven,FL,678,LUBBOCK DISTRICT OFFICE,1,1161400,871050,1161400.0,75.0
Dacotah Bank,Aberdeen,SD,876,SOUTH DAKOTA DISTRICT OFFICE,3,1161000,808875,387000.0,69.67
Berkshire Bank,Pittsfield,MA,470,MISSISSIPPI DISTRICT OFFICE,1,1161000,870750,1161000.0,75.0
Comerica Bank,Dallas,TX,988,ARIZONA DISTRICT OFFICE,4,1160000,580000,290000.0,50.0
Busey Bank,Champaign,IL,405,GEORGIA DISTRICT OFFICE,2,1159300,838225,579650.0,72.3
Texell CU,Temple,TX,610,DALLAS / FT WORTH DISTRICT OFFICE,9,1158700,931575,128744.44,80.4
Old National Bank,Evansville,IN,954,SAN DIEGO DISTRICT OFFICE,2,1154100,865575,577050.0,75.0
Bank of Utah,Ogden,UT,470,MISSISSIPPI DISTRICT OFFICE,1,1154000,865500,1154000.0,75.0
Northeast Bank,Lewiston,ME,677,EL PASO DISTRICT OFFICE,6,1153000,897200,192166.67,77.81
Gulf Coast Bank and Trust Company,New Orleans,LA,767,WICHITA DISTRICT OFFICE,1,1153000,864750,1153000.0,75.0
First Bank,Southern Pines,NC,304,RICHMOND DISTRICT OFFICE,2,1152000,864000,576000.0,75.0
"United Midwest Savings Bank, National Association",De Graff,OH,508,MINNESOTA DISTRICT OFFICE,7,1150000,952500,164285.71,82.83
Exos Small Business Lending LLC,New York,NY,358,PITTSBURGH DISTRICT OFFICE,2,1150000,877500,575000.0,76.3
Flagship Bank,Clearwater,FL,455,SOUTH FLORIDA DISTRICT OFFICE,3,1150000,862500,383333.33,75.0
Cadence Bank,Tupelo,MS,767,WICHITA DISTRICT OFFICE,3,1150000,862500,383333.33,75.0
The Lyon County State Bank,Emporia,KS,767,WICHITA DISTRICT OFFICE,1,1150000,862500,1150000.0,75.0
Truliant FCU,Winston Salem,NC,681,SAN ANTONIO DISTRICT OFFICE,1,1150000,862500,1150000.0,75.0
"United Midwest Savings Bank, National Association",De Graff,OH,761,DES MOINES DISTRICT OFFICE,6,1150000,935000,191666.67,81.3
Berkshire Bank,Pittsfield,MA,507,ILLINOIS DISTRICT OFFICE,2,1150000,762500,575000.0,66.3
Renasant Bank,Tupelo,MS,459,ALABAMA DISTRICT OFFICE,2,1148000,876000,574000.0,76.31
"Readycap Lending, LLC",Berkeley Heights,NJ,172,MAINE DISTRICT OFFICE,6,1147900,873425,191316.67,76.09
East West Bank,Pasadena,CA,942,FRESNO DISTRICT OFFICE,3,1147000,860250,382333.33,75.0
Heritage Bank of the Ozarks,Lebanon,MO,709,KANSAS CITY DISTRICT OFFICE,4,1146200,835900,286550.0,72.93
United Minnesota Bank,New London,MN,508,MINNESOTA DISTRICT OFFICE,5,1146000,573000,229200.0,50.0
Citizens Bank,Elizabethton,TN,678,LUBBOCK DISTRICT OFFICE,3,1144900,858675,381633.33,75.0
Southern Bancorp Bank,Arkadelphia,AR,610,DALLAS / FT WORTH DISTRICT OFFICE,1,1144800,858600,1144800.0,75.0
First National Bank of Pennsylvania,Greenville,PA,944,NEVADA DISTRICT OFFICE,1,1143000,857250,1143000.0,75.0
Bank of Hope,Los Angeles,CA,897,WYOMING DISTRICT OFFICE,1,1143000,857250,1143000.0,75.0
"LendingClub Bank, National Association",Lehi,UT,671,HOUSTON DISTRICT OFFICE,1,1141900,856425,1141900.0,75.0
"Lendistry SBLC, LLC",Los Angeles,CA,883,UTAH DISTRICT OFFICE,6,1140400,919340,190066.67,80.62
Meridian Bank,Malvern,PA,951,HAWAII DISTRICT OFFICE,2,1140000,830000,570000.0,72.81
Banc of California,Los Angeles,CA,954,SAN DIEGO DISTRICT OFFICE,1,1139000,854250,1139000.0,75.0
American United FCU,West Jordan,UT,883,UTAH DISTRICT OFFICE,5,1138800,826700,227760.0,72.59
Lyons Federal Bank,Lyons,KS,767,WICHITA DISTRICT OFFICE,1,1135500,851625,1135500.0,75.0
Bankwell Bank,New Canaan,CT,299,NEW JERSEY DISTRICT OFFICE,1,1135000,851250,1135000.0,75.0
The State Bank and Trust Company,Defiance,OH,549,CLEVELAND DISTRICT OFFICE,3,1134000,833000,378000.0,73.46
Bank of Oak Ridge,Oak Ridge,NC,353,WASHINGTON DISTRICT OFFICE,1,1134000,850500,1134000.0,75.0
First-Citizens Bank & Trust Company,Raleigh,NC,912,SAN FRANCISCO DISTRICT OFFICE,2,1134000,763000,567000.0,67.28
PlainsCapital Bank,Dallas,TX,639,LOWER RIO GRANDE VALLEY DISTRICT OFFICE,14,1132100,566050,80864.29,50.0
Heritage Bank of Commerce,San Jose,CA,920,SANTA ANA DISTRICT OFFICE,2,1130000,735000,565000.0,65.04
First Savings Bank,Jeffersonville,IN,296,BUFFALO DISTRICT OFFICE,1,1128600,846450,1128600.0,75.0
"U.S. Bank, National Association",Cincinnati,OH,669,ARKANSAS DISTRICT OFFICE,22,1127400,620400,51245.45,55.03
Pathward National Association,Sioux Falls,SD,101,MASSACHUSETTS DISTRICT OFFICE,1,1125000,843750,1125000.0,75.0
City State Bank,Norwalk,IA,761,DES MOINES DISTRICT OFFICE,4,1125000,843750,281250.0,75.0
Cadence Bank,Tupelo,MS,248,SYRACUSE DISTRICT OFFICE,4,1125000,850250,281250.0,75.58
Tandem Bank,Tucker,GA,353,WASHINGTON DISTRICT OFFICE,1,1124000,843000,1124000.0,75.0
The Callaway Bank,Fulton,MO,709,KANSAS CITY DISTRICT OFFICE,3,1121100,810550,373700.0,72.3
"Community Banks of Colorado, A Division of",Greenwood Village,CO,897,WYOMING DISTRICT OFFICE,4,1121000,825050,280250.0,73.6
Hanmi Bank,Los Angeles,CA,299,NEW JERSEY DISTRICT OFFICE,2,1120000,840000,560000.0,75.0
Colony Bank,Fitzgerald,GA,1013,SEATTLE DISTRICT OFFICE,8,1120000,952000,140000.0,85.0
Banc of California,Los Angeles,CA,1013,SEATTLE DISTRICT OFFICE,1,1119000,839250,1119000.0,75.0
"Bank of America, National Association",Charlotte,NC,639,LOWER RIO GRANDE VALLEY DISTRICT OFFICE,2,1116800,712600,558400.0,63.81
DreamSpring,Albuquerque,NM,811,COLORADO DISTRICT OFFICE,10,1115500,896125,111550.0,80.33
Merchants Bank of Indiana,Carmel,IN,811,COLORADO DISTRICT OFFICE,1,1111900,833925,1111900.0,75.0
Cogent Bank,Orlando,FL,464,SOUTH CAROLINA DISTRICT OFFICE,1,1111000,833250,1111000.0,75.0
Customers Bank,Malvern,PA,876,SOUTH DAKOTA DISTRICT OFFICE,1,1110000,832500,1110000.0,75.0
Summit State Bank,Santa Rosa,CA,671,HOUSTON DISTRICT OFFICE,2,1110000,832500,555000.0,75.0
Pathward National Association,Sioux Falls,SD,150,VERMONT DISTRICT OFFICE,1,1110000,832500,1110000.0,75.0
Regions Bank,Birmingham,AL,562,INDIANA DISTRICT OFFICE,2,1108500,831375,554250.0,75.0
Stock Yards Bank & Trust Company,Louisville,KY,455,SOUTH FLORIDA DISTRICT OFFICE,1,1108500,831375,1108500.0,75.0
Atlantic Union Bank,Richmond,VA,353,WASHINGTON DISTRICT OFFICE,2,1107000,792750,553500.0,71.61
The Fidelity Bank,Fuquay Varina,NC,1087,BOISE DISTRICT OFFICE,1,1105000,828750,1105000.0,75.0
Pineland Bank,Alma,GA,464,SOUTH CAROLINA DISTRICT OFFICE,1,1104400,828300,1104400.0,75.0
"CRF Small Business Loan Company, LLC",Minneapolis,MN,507,ILLINOIS DISTRICT OFFICE,2,1103000,827250,551500.0,75.0
"Newtek Bank, National Association",Miami,FL,390,WEST VIRGINIA DISTRICT OFFICE,4,1102500,829375,275625.0,75.23
1st Security Bank of Washington,Mountlake Terrace,WA,1086,PORTLAND DISTRICT OFFICE,11,1102500,755625,100227.27,68.54
Seacoast National Bank,Stuart,FL,464,SOUTH CAROLINA DISTRICT OFFICE,1,1102000,826500,1102000.0,75.0
Coastal States Bank,Hilton Head Island,SC,610,DALLAS / FT WORTH DISTRICT OFFICE,3,1101500,826125,367166.67,75.0
"Grow America Fund, Incorporated",New York,NY,951,HAWAII DISTRICT OFFICE,3,1101000,825750,367000.0,75.0
Citizens Bank,Elizabethton,TN,515,MICHIGAN DISTRICT OFFICE,2,1100200,825150,550100.0,75.0
First Financial Bank,El Dorado,AR,549,CLEVELAND DISTRICT OFFICE,1,1100000,825000,1100000.0,75.0
Security National Bank of Omaha,Omaha,NE,761,DES MOINES DISTRICT OFFICE,1,1100000,825000,1100000.0,75.0
Metro City Bank,Doraville,GA,304,RICHMOND DISTRICT OFFICE,1,1100000,825000,1100000.0,75.0
Blue Foundry Bank,Parsippany,NJ,299,NEW JERSEY DISTRICT OFFICE,2,1100000,825000,550000.0,75.0
GBank,Las Vegas,NV,189,NEW HAMPSHIRE DISTRICT OFFICE,1,1100000,825000,1100000.0,75.0
FinWise Bank,Sandy,UT,920,SANTA ANA DISTRICT OFFICE,1,1100000,825000,1100000.0,75.0
Tandem Bank,Tucker,GA,459,ALABAMA DISTRICT OFFICE,1,1100000,825000,1100000.0,75.0
HomeTrust Bank,Asheville,NC,491,NORTH FLORIDA DISTRICT OFFICE,1,1100000,825000,1100000.0,75.0
The Shelby State Bank,Shelby,MI,515,MICHIGAN DISTRICT OFFICE,1,1098200,823650,1098200.0,75.0
The First Security Bank,Beaver,OK,680,OKLAHOMA DISTRICT OFFICE,4,1096700,548350,274175.0,50.0
iTHINK Financial CU,Delray Beach,FL,944,NEVADA DISTRICT OFFICE,1,1095000,821250,1095000.0,75.0
Arbor Bank,Nebraska City,NE,766,NEBRASKA DISTRICT OFFICE,5,1095000,697500,219000.0,63.7
Owen County State Bank,Spencer,IN,562,INDIANA DISTRICT OFFICE,3,1095000,838750,365000.0,76.6
Newburyport Five Cents Savings Bank,Newburyport,MA,101,MASSACHUSETTS DISTRICT OFFICE,11,1095000,617500,99545.45,56.39
Pinnacle Bank,Lincoln,NE,766,NEBRASKA DISTRICT OFFICE,3,1095000,811250,365000.0,74.09
North State Bank,Raleigh,NC,593,COLUMBUS DISTRICT OFFICE,1,1093000,819750,1093000.0,75.0
Dogwood State Bank,Raleigh,NC,954,SAN DIEGO DISTRICT OFFICE,1,1092300,819225,1092300.0,75.0
Ameris Bank,Atlanta,GA,474,TENNESSEE DISTRICT OFFICE,2,1091000,818250,545500.0,75.0
Pathfinder Bank,Oswego,NY,248,SYRACUSE DISTRICT OFFICE,5,1088900,544450,217780.0,50.0
BayFirst National Bank,Saint Petersburg,FL,875,NORTH DAKOTA DISTRICT OFFICE,8,1088200,924970,136025.0,85.0
First Chatham Bank,Savannah,GA,671,HOUSTON DISTRICT OFFICE,1,1086600,977940,1086600.0,90.0
"T Bank, National Association",Dallas,TX,248,SYRACUSE DISTRICT OFFICE,2,1085100,813825,542550.0,75.0
Pathward National Association,Sioux Falls,SD,508,MINNESOTA DISTRICT OFFICE,1,1085000,813750,1085000.0,75.0
The Huntington National Bank,Columbus,OH,876,SOUTH DAKOTA DISTRICT OFFICE,4,1083600,793950,270900.0,73.27
Peoples Bank,Marietta,OH,457,KENTUCKY DISTRICT OFFICE,6,1082300,746225,180383.33,68.95
"VelocitySBA, LLC",Costa Mesa,CA,353,WASHINGTON DISTRICT OFFICE,1,1082000,811500,1082000.0,75.0
22nd State Bank,Louisville,AL,681,SAN ANTONIO DISTRICT OFFICE,1,1080000,810000,1080000.0,75.0
Regions Bank,Birmingham,AL,470,MISSISSIPPI DISTRICT OFFICE,3,1080000,785000,360000.0,72.69
Shinhan Bank America,New York,NY,912,SAN FRANCISCO DISTRICT OFFICE,3,1079500,824625,359833.33,76.39
Citizens Bank,Elizabethton,TN,954,SAN DIEGO DISTRICT OFFICE,3,1076500,807375,358833.33,75.0
Dogwood State Bank,Raleigh,NC,156,CONNECTICUT DISTRICT OFFICE,3,1075900,769425,358633.33,71.51
Busey Bank,Champaign,IL,303,PHILADELPHIA DISTRICT OFFICE,1,1075000,806250,1075000.0,75.0
The Bank of Missouri,Perryville,MO,709,KANSAS CITY DISTRICT OFFICE,6,1072400,789050,178733.33,73.58
The Genoa Banking Company,Genoa,OH,549,CLEVELAND DISTRICT OFFICE,2,1072000,704000,536000.0,65.67
Celtic Bank Corporation,Salt Lake City,UT,709,KANSAS CITY DISTRICT OFFICE,10,1070200,909670,107020.0,85.0
Pathward National Association,Sioux Falls,SD,304,RICHMOND DISTRICT OFFICE,1,1070000,802500,1070000.0,75.0
First Business Bank,Madison,WI,610,DALLAS / FT WORTH DISTRICT OFFICE,2,1070000,802500,535000.0,75.0
"United Midwest Savings Bank, National Association",De Graff,OH,563,WISCONSIN DISTRICT OFFICE,6,1070000,872500,178333.33,81.54
Hanover Community Bank,Mineola,NY,508,MINNESOTA DISTRICT OFFICE,1,1068000,801000,1068000.0,75.0
Northeast Bank,Lewiston,ME,761,DES MOINES DISTRICT OFFICE,12,1065800,855930,88816.67,80.31
First Commonwealth Bank,Indiana,PA,681,SAN ANTONIO DISTRICT OFFICE,4,1065500,813025,266375.0,76.3
The Bancorp Bank National Association,Sioux Falls,SD,373,BALTIMORE DISTRICT OFFICE,2,1063100,797325,531550.0,75.0
Hyperion Bank,Philadelphia,PA,303,PHILADELPHIA DISTRICT OFFICE,1,1063000,797250,1063000.0,75.0
Pioneer Bank,Stanley,VA,304,RICHMOND DISTRICT OFFICE,3,1063000,594000,354333.33,55.88
First National Bank of Pennsylvania,Greenville,PA,353,WASHINGTON DISTRICT OFFICE,2,1063000,778500,531500.0,73.24
Pinnacle Bank,Morgan Hill,CA,920,SANTA ANA DISTRICT OFFICE,1,1063000,797250,1063000.0,75.0
FirstBank Puerto Rico,Santurce,PR,455,SOUTH FLORIDA DISTRICT OFFICE,1,1062500,796875,1062500.0,75.0
BayFirst National Bank,Saint Petersburg,FL,189,NEW HAMPSHIRE DISTRICT OFFICE,8,1062100,902785,132762.5,85.0
Mission Valley Bank,Sun Valley,CA,491,NORTH FLORIDA DISTRICT OFFICE,1,1062000,796500,1062000.0,75.0
"Lendistry SBLC, LLC",Los Angeles,CA,304,RICHMOND DISTRICT OFFICE,9,1061000,876580,117888.89,82.62
Bank OZK,Little Rock,AR,460,NORTH CAROLINA DISTRICT OFFICE,5,1054100,773075,210820.0,73.34
Community Bank & Trust-West Georgia,Lagrange,GA,491,NORTH FLORIDA DISTRICT OFFICE,2,1054000,790500,527000.0,75.0
Pinnacle Bank,Nashville,TN,491,NORTH FLORIDA DISTRICT OFFICE,2,1052500,789375,526250.0,75.0
"United Midwest Savings Bank, National Association",De Graff,OH,885,MONTANA DISTRICT OFFICE,2,1052000,789000,526000.0,75.0
Main Street Launch,Oakland,CA,920,SANTA ANA DISTRICT OFFICE,3,1050000,787500,350000.0,75.0
US Metro Bank,Garden Grove,CA,549,CLEVELAND DISTRICT OFFICE,1,1050000,787500,1050000.0,75.0
"Leader Bank, National Association",Arlington,MA,920,SANTA ANA DISTRICT OFFICE,1,1045300,783975,1045300.0,75.0
"Blue Ridge Bank, National Association",Martinsville,VA,811,COLORADO DISTRICT OFFICE,2,1045000,771250,522500.0,73.8
Pathward National Association,Sioux Falls,SD,988,ARIZONA DISTRICT OFFICE,2,1045000,797750,522500.0,76.34
Common Capital Inc.,Springfield,MA,101,MASSACHUSETTS DISTRICT OFFICE,9,1042000,841200,115777.78,80.73
FWBank,Chicago,IL,491,NORTH FLORIDA DISTRICT OFFICE,1,1041500,781125,1041500.0,75.0
East West Bank,Pasadena,CA,811,COLORADO DISTRICT OFFICE,1,1041000,780750,1041000.0,75.0
Access Bank,Omaha,NE,766,NEBRASKA DISTRICT OFFICE,2,1039000,793250,519500.0,76.35
Stearns Bank National Association,Saint Cloud,MN,897,WYOMING DISTRICT OFFICE,2,1039000,794250,519500.0,76.44
Stearns Bank National Association,Saint Cloud,MN,766,NEBRASKA DISTRICT OFFICE,2,1038900,784175,519450.0,75.48
"T Bank, National Association",Dallas,TX,172,MAINE DISTRICT OFFICE,1,1037800,778350,1037800.0,75.0
Northwest Bank of Rockford,Rockford,IL,507,ILLINOIS DISTRICT OFFICE,5,1034500,775875,206900.0,75.0
First Savings Bank,Jeffersonville,IN,914,LOS ANGELES DISTRICT OFFICE,1,1034000,775500,1034000.0,75.0
Hanover Community Bank,Mineola,NY,549,CLEVELAND DISTRICT OFFICE,2,1032500,774375,516250.0,75.0
First Farmers and Merchants Bank,Columbia,TN,474,TENNESSEE DISTRICT OFFICE,6,1032200,684250,172033.33,66.29
"JPMorgan Chase Bank, National Association",Columbus,OH,709,KANSAS CITY DISTRICT OFFICE,3,1030500,681625,343500.0,66.15
Montecito Bank & Trust,Santa Barbara,CA,914,LOS ANGELES DISTRICT OFFICE,2,1030000,772500,515000.0,75.0
"Heritage Bank, Inc.",Burlington,KY,299,NEW JERSEY DISTRICT OFFICE,7,1029000,874650,147000.0,85.0
New Valley Bank & Trust,Springfield,MA,156,CONNECTICUT DISTRICT OFFICE,4,1027900,752175,256975.0,73.18
BayFirst National Bank,Saint Petersburg,FL,897,WYOMING DISTRICT OFFICE,3,1027700,793545,342566.67,77.22
Veritex Community Bank,Dallas,TX,507,ILLINOIS DISTRICT OFFICE,1,1027000,770250,1027000.0,75.0
Stearns Bank National Association,Saint Cloud,MN,405,GEORGIA DISTRICT OFFICE,5,1025000,798750,205000.0,77.93
FinWise Bank,Sandy,UT,549,CLEVELAND DISTRICT OFFICE,2,1025000,768750,512500.0,75.0
First Internet Bank of Indiana,Fishers,IN,474,TENNESSEE DISTRICT OFFICE,1,1024000,768000,1024000.0,75.0
"Heritage Bank, Inc.",Burlington,KY,931,SACRAMENTO DISTRICT OFFICE,3,1020000,795000,340000.0,77.94
"Wells Fargo Bank, National Association",Sioux Falls,SD,761,DES MOINES DISTRICT OFFICE,10,1020000,722500,102000.0,70.83
"Lendistry SBLC, LLC",Los Angeles,CA,508,MINNESOTA DISTRICT OFFICE,6,1019600,793150,169933.33,77.79
IncredibleBank,Wausau,WI,405,GEORGIA DISTRICT OFFICE,2,1019100,764325,509550.0,75.0
Newburyport Five Cents Savings Bank,Newburyport,MA,189,NEW HAMPSHIRE DISTRICT OFFICE,4,1018700,551350,254675.0,54.12
Columbia Community CU,Vancouver,WA,1086,PORTLAND DISTRICT OFFICE,2,1017500,763125,508750.0,75.0
"U.S. Bank, National Association",Cincinnati,OH,405,GEORGIA DISTRICT OFFICE,6,1016400,741525,169400.0,72.96
Old National Bank,Evansville,IN,920,SANTA ANA DISTRICT OFFICE,2,1016000,762000,508000.0,75.0
Cathay Bank,Los Angeles,CA,914,LOS ANGELES DISTRICT OFFICE,3,1014000,760500,338000.0,75.0
"Heritage Bank, Inc.",Burlington,KY,610,DALLAS / FT WORTH DISTRICT OFFICE,7,1011000,859350,144428.57,85.0
"JPMorgan Chase Bank, National Association",Columbus,OH,165,RHODE ISLAND DISTRICT OFFICE,5,1010000,655000,202000.0,64.85
"Village Bank and Trust, National Association",Arlington Heights,IL,563,WISCONSIN DISTRICT OFFICE,3,1009500,634625,336500.0,62.87
Community First National Bank,Manhattan,KS,767,WICHITA DISTRICT OFFICE,2,1007000,703500,503500.0,69.86
Stearns Bank National Association,Saint Cloud,MN,885,MONTANA DISTRICT OFFICE,2,1006700,730025,503350.0,72.52
Citizens Bank,Elizabethton,TN,299,NEW JERSEY DISTRICT OFFICE,3,1005800,754350,335266.67,75.0
EverTrust Bank,City Of Industry,CA,920,SANTA ANA DISTRICT OFFICE,2,1005000,753750,502500.0,75.0
Hendricks County Bank and Trust Company,Brownsburg,IN,562,INDIANA DISTRICT OFFICE,2,1003700,709025,501850.0,70.64
Royal Banks of Missouri,University City,MO,768,ST. LOUIS DISTRICT OFFICE,7,1002500,710250,143214.29,70.85
Celtic Bank Corporation,Salt Lake City,UT,1084,ALASKA DISTRICT OFFICE,2,1001200,750900,500600.0,75.0
First Bank,Southern Pines,NC,1086,PORTLAND DISTRICT OFFICE,1,1000000,750000,1000000.0,75.0
Bankwell Bank,New Canaan,CT,303,PHILADELPHIA DISTRICT OFFICE,1,1000000,750000,1000000.0,75.0
Twin Cedars Bank,Bussey,IA,761,DES MOINES DISTRICT OFFICE,1,1000000,750000,1000000.0,75.0
Peapack-Gladstone Bank,Bedminster,NJ,248,SYRACUSE DISTRICT OFFICE,1,1000000,750000,1000000.0,75.0
Choice Financial Group,Fargo,ND,876,SOUTH DAKOTA DISTRICT OFFICE,1,1000000,750000,1000000.0,75.0
North Shore Bank,Brookfield,WI,563,WISCONSIN DISTRICT OFFICE,1,1000000,750000,1000000.0,75.0
"JPMorgan Chase Bank, National Association",Columbus,OH,639,LOWER RIO GRANDE VALLEY DISTRICT OFFICE,3,1000000,500000,333333.33,50.0
1st Financial Bank USA,Dakota Dunes,SD,883,UTAH DISTRICT OFFICE,1,1000000,750000,1000000.0,75.0
Quaint Oak Bank,Southampton,PA,248,SYRACUSE DISTRICT OFFICE,2,1000000,625000,500000.0,62.5
GBC International Bank,Los Angeles,CA,165,RHODE ISLAND DISTRICT OFFICE,1,1000000,900000,1000000.0,90.0
1st Financial Bank USA,Dakota Dunes,SD,988,ARIZONA DISTRICT OFFICE,1,1000000,750000,1000000.0,75.0
22nd State Bank,Louisville,AL,562,INDIANA DISTRICT OFFICE,1,1000000,750000,1000000.0,75.0
HomeTrust Bank,Asheville,NC,252,PUERTO RICO AND USVI DISTRICT OFFICE,1,1000000,750000,1000000.0,75.0
Byline Bank,Chicago,IL,459,ALABAMA DISTRICT OFFICE,1,1000000,750000,1000000.0,75.0
"Schaumburg Bank & Trust Company, National Association",Schaumburg,IL,507,ILLINOIS DISTRICT OFFICE,1,1000000,750000,1000000.0,75.0
Genesee Regional Bank,Rochester,NY,303,PHILADELPHIA DISTRICT OFFICE,1,1000000,750000,1000000.0,75.0
Millennium Bank,Des Plaines,IL,593,COLUMBUS DISTRICT OFFICE,1,1000000,750000,1000000.0,75.0
VisionBank,Saint Louis Park,MN,563,WISCONSIN DISTRICT OFFICE,1,1000000,750000,1000000.0,75.0
Caldwell Bank & Trust Company,Columbia,LA,679,LOUISIANA DISTRICT OFFICE,1,1000000,750000,1000000.0,75.0
Milestone Bank,Salt Lake City,UT,150,VERMONT DISTRICT OFFICE,1,1000000,750000,1000000.0,75.0
Citizens Bank Minnesota,New Ulm,MN,508,MINNESOTA DISTRICT OFFICE,1,1000000,900000,1000000.0,90.0
Independent Bank d/b/a Independent Financial,Mckinney,TX,460,NORTH CAROLINA DISTRICT OFFICE,1,1000000,750000,1000000.0,75.0
GBC International Bank,Los Angeles,CA,671,HOUSTON DISTRICT OFFICE,1,1000000,900000,1000000.0,90.0
"Golden Bank, National Association",Houston,TX,914,LOS ANGELES DISTRICT OFFICE,1,1000000,900000,1000000.0,90.0
PromiseOne Bank,Duluth,GA,304,RICHMOND DISTRICT OFFICE,1,1000000,750000,1000000.0,75.0
Kinecta FCU,Manhattan Beach,CA,920,SANTA ANA DISTRICT OFFICE,2,1000000,625000,500000.0,62.5
Byline Bank,Chicago,IL,678,LUBBOCK DISTRICT OFFICE,1,1000000,750000,1000000.0,75.0
PCB Bank,Los Angeles,CA,682,NEW MEXICO DISTRICT OFFICE,1,1000000,750000,1000000.0,75.0
MainStreet Bank,Fairfax,VA,353,WASHINGTON DISTRICT OFFICE,1,1000000,750000,1000000.0,75.0
First Southern Bank,Waycross,GA,455,SOUTH FLORIDA DISTRICT OFFICE,1,1000000,750000,1000000.0,75.0
Fifth Third Bank,Cincinnati,OH,304,RICHMOND DISTRICT OFFICE,1,1000000,750000,1000000.0,75.0
United Pacific Bank,City Of Industry,CA,914,LOS ANGELES DISTRICT OFFICE,2,1000000,750000,500000.0,75.0
1st Financial Bank USA,Dakota Dunes,SD,373,BALTIMORE DISTRICT OFFICE,1,1000000,750000,1000000.0,75.0
PCB Bank,Los Angeles,CA,942,FRESNO DISTRICT OFFICE,1,1000000,750000,1000000.0,75.0
InterBank,Oklahoma City,OK,610,DALLAS / FT WORTH DISTRICT OFFICE,1,1000000,750000,1000000.0,75.0
IncredibleBank,Wausau,WI,811,COLORADO DISTRICT OFFICE,1,1000000,750000,1000000.0,75.0
First American Bank,Elk Grove Village,IL,610,DALLAS / FT WORTH DISTRICT OFFICE,1,1000000,750000,1000000.0,75.0
Fusion Bank,Larned,KS,709,KANSAS CITY DISTRICT OFFICE,1,1000000,900000,1000000.0,90.0
Grand River Bank,Grandville,MI,515,MICHIGAN DISTRICT OFFICE,1,1000000,750000,1000000.0,75.0
Security Financial Bank,Durand,WI,508,MINNESOTA DISTRICT OFFICE,1,1000000,900000,1000000.0,90.0
"Harvest Small Business Finance, LLC",Laguna Hills,CA,459,ALABAMA DISTRICT OFFICE,2,999000,749250,499500.0,75.0
Home Loan State Bank,Grand Junction,CO,811,COLORADO DISTRICT OFFICE,1,999000,749250,999000.0,75.0
"Shore United Bank, National Association",Easton,MD,373,BALTIMORE DISTRICT OFFICE,3,998000,748500,332666.67,75.0
"T Bank, National Association",Dallas,TX,353,WASHINGTON DISTRICT OFFICE,1,997300,747975,997300.0,75.0
Ameris Bank,Atlanta,GA,508,MINNESOTA DISTRICT OFFICE,1,997000,747750,997000.0,75.0
Dogwood State Bank,Raleigh,NC,679,LOUISIANA DISTRICT OFFICE,1,997000,747750,997000.0,75.0
Northwest Bank,Warren,PA,189,NEW HAMPSHIRE DISTRICT OFFICE,2,997000,735250,498500.0,73.75
First Savings Bank,Jeffersonville,IN,680,OKLAHOMA DISTRICT OFFICE,1,996600,747450,996600.0,75.0
Iowa State Bank,Algona,IA,761,DES MOINES DISTRICT OFFICE,1,995000,746250,995000.0,75.0
Quaint Oak Bank,Southampton,PA,549,CLEVELAND DISTRICT OFFICE,2,995000,621250,497500.0,62.44
Pathward National Association,Sioux Falls,SD,303,PHILADELPHIA DISTRICT OFFICE,1,995000,746250,995000.0,75.0
Bank Five Nine,Oconomowoc,WI,358,PITTSBURGH DISTRICT OFFICE,1,995000,746250,995000.0,75.0
"California International Bank, A National Banking Associatio",Westminster,CA,942,FRESNO DISTRICT OFFICE,1,995000,746250,995000.0,75.0
Community State Bank,Bradley,AR,610,DALLAS / FT WORTH DISTRICT OFFICE,1,995000,746250,995000.0,75.0
InBank,Raton,NM,299,NEW JERSEY DISTRICT OFFICE,1,995000,746250,995000.0,75.0
Colony Bank,Fitzgerald,GA,101,MASSACHUSETTS DISTRICT OFFICE,8,994100,815655,124262.5,82.05
Northeast Bank,Lewiston,ME,341,DELAWARE DISTRICT OFFICE,11,993800,819730,90345.45,82.48
Community Bank & Trust-West Georgia,Lagrange,GA,101,MASSACHUSETTS DISTRICT OFFICE,2,993000,744750,496500.0,75.0
First Commonwealth Bank,Indiana,PA,464,SOUTH CAROLINA DISTRICT OFFICE,1,992800,744600,992800.0,75.0
FWBank,Chicago,IL,515,MICHIGAN DISTRICT OFFICE,1,991900,743925,991900.0,75.0
GBank,Las Vegas,NV,353,WASHINGTON DISTRICT OFFICE,2,991800,743850,495900.0,75.0
First National Bank of Pennsylvania,Greenville,PA,457,KENTUCKY DISTRICT OFFICE,2,991000,730750,495500.0,73.74
22nd State Bank,Louisville,AL,885,MONTANA DISTRICT OFFICE,1,990000,742500,990000.0,75.0
Denver Savings Bank,Denver,IA,761,DES MOINES DISTRICT OFFICE,1,990000,742500,990000.0,75.0
Unified Bank,Martins Ferry,OH,593,COLUMBUS DISTRICT OFFICE,1,990000,742500,990000.0,75.0
Cadence Bank,Tupelo,MS,508,MINNESOTA DISTRICT OFFICE,5,990000,768000,198000.0,77.58
"LendingClub Bank, National Association",Lehi,UT,766,NEBRASKA DISTRICT OFFICE,1,990000,742500,990000.0,75.0
HTLF Bank,Denver,CO,768,ST. LOUIS DISTRICT OFFICE,1,990000,742500,990000.0,75.0
Loyal Trust Bank,Johns Creek,GA,460,NORTH CAROLINA DISTRICT OFFICE,1,990000,742500,990000.0,75.0
Flagstar Bank National Association,Hicksville,NY,912,SAN FRANCISCO DISTRICT OFFICE,1,989600,742200,989600.0,75.0
GTE FCU d/b/a GTE Financial,Tampa,FL,455,SOUTH FLORIDA DISTRICT OFFICE,1,989100,741825,989100.0,75.0
The Fidelity Bank,Fuquay Varina,NC,304,RICHMOND DISTRICT OFFICE,1,987000,740250,987000.0,75.0
KeyBank National Association,Cleveland,OH,460,NORTH CAROLINA DISTRICT OFFICE,2,985700,726775,492850.0,73.73
Loyal Trust Bank,Johns Creek,GA,491,NORTH FLORIDA DISTRICT OFFICE,1,985000,738750,985000.0,75.0
"Golden Bank, National Association",Houston,TX,920,SANTA ANA DISTRICT OFFICE,1,985000,738750,985000.0,75.0
BMO Bank National Association,Chicago,IL,1086,PORTLAND DISTRICT OFFICE,1,985000,738750,985000.0,75.0
Oconee State Bank,Watkinsville,GA,944,NEVADA DISTRICT OFFICE,2,984700,738525,492350.0,75.0
Montana Community Development Corp.,Missoula,MT,1013,SEATTLE DISTRICT OFFICE,5,984400,758110,196880.0,77.01
"Amerant Bank, National Association",Coral Gables,FL,491,NORTH FLORIDA DISTRICT OFFICE,1,984400,738300,984400.0,75.0
Celtic Bank Corporation,Salt Lake City,UT,682,NEW MEXICO DISTRICT OFFICE,1,983000,737250,983000.0,75.0
First U.S. Community CU,Sacramento,CA,931,SACRAMENTO DISTRICT OFFICE,4,982000,739900,245500.0,75.35
FinWise Bank,Sandy,UT,303,PHILADELPHIA DISTRICT OFFICE,2,982000,736500,491000.0,75.0
Scale Bank,Edina,MN,563,WISCONSIN DISTRICT OFFICE,1,981500,736125,981500.0,75.0
1st Source Bank,South Bend,IN,515,MICHIGAN DISTRICT OFFICE,6,981200,641350,163533.33,65.36
KeyPoint CU,San Jose,CA,811,COLORADO DISTRICT OFFICE,1,981000,735750,981000.0,75.0
"Connecticut Community Bank, National Association",Norwalk,CT,883,UTAH DISTRICT OFFICE,1,980700,735525,980700.0,75.0
First Savings Bank,Jeffersonville,IN,931,SACRAMENTO DISTRICT OFFICE,2,980000,750000,490000.0,76.53
"Wilmington Savings Fund Society, FSB",Wilmington,DE,988,ARIZONA DISTRICT OFFICE,1,980000,735000,980000.0,75.0
Hometown Bank,Kent,OH,931,SACRAMENTO DISTRICT OFFICE,1,978000,733500,978000.0,75.0
Stearns Bank National Association,Saint Cloud,MN,353,WASHINGTON DISTRICT OFFICE,3,977500,695625,325833.33,71.16
Celtic Bank Corporation,Salt Lake City,UT,248,SYRACUSE DISTRICT OFFICE,5,977000,782250,195400.0,80.07
"Brightbridge, Inc.",Chattanooga,TN,474,TENNESSEE DISTRICT OFFICE,4,975200,745490,243800.0,76.44
Cogent Bank,Orlando,FL,811,COLORADO DISTRICT OFFICE,1,975000,731250,975000.0,75.0
North State Bank,Raleigh,NC,457,KENTUCKY DISTRICT OFFICE,1,975000,731250,975000.0,75.0
Stone Bank,Mountain View,AR,455,SOUTH FLORIDA DISTRICT OFFICE,1,975000,731250,975000.0,75.0
VISIONBank,Fargo,ND,875,NORTH DAKOTA DISTRICT OFFICE,11,975000,487500,88636.36,50.0
PromiseOne Bank,Duluth,GA,373,BALTIMORE DISTRICT OFFICE,1,975000,731250,975000.0,75.0
Platte Valley Bank,Scottsbluff,NE,766,NEBRASKA DISTRICT OFFICE,5,972800,663350,194560.0,68.19
First Commonwealth Bank,Indiana,PA,1086,PORTLAND DISTRICT OFFICE,2,971100,728325,485550.0,75.0
HomeTrust Bank,Asheville,NC,1013,SEATTLE DISTRICT OFFICE,3,971000,728250,323666.67,75.0
"JPMorgan Chase Bank, National Association",Columbus,OH,680,OKLAHOMA DISTRICT OFFICE,9,970300,485150,107811.11,50.0
"Lake Forest Bank & Trust Company, National Association",Lake Forest,IL,669,ARKANSAS DISTRICT OFFICE,1,970000,727500,970000.0,75.0
Byline Bank,Chicago,IL,766,NEBRASKA DISTRICT OFFICE,2,970000,605000,485000.0,62.37
"PNC Bank, National Association",Wilmington,DE,681,SAN ANTONIO DISTRICT OFFICE,11,970000,585000,88181.82,60.31
"Lake Forest Bank & Trust Company, National Association",Lake Forest,IL,610,DALLAS / FT WORTH DISTRICT OFFICE,1,969000,726750,969000.0,75.0
Michigan Certified Development Corporation,East Lansing,MI,515,MICHIGAN DISTRICT OFFICE,5,967000,746750,193400.0,77.22
22nd State Bank,Louisville,AL,914,LOS ANGELES DISTRICT OFFICE,1,966000,724500,966000.0,75.0
First Bank of Central Ohio,Worthington,OH,202,NEW YORK DISTRICT OFFICE,1,965000,723750,965000.0,75.0
American Momentum Bank,College Station,TX,474,TENNESSEE DISTRICT OFFICE,1,963800,722850,963800.0,75.0
Neighborhood National Bank,El Cajon,CA,920,SANTA ANA DISTRICT OFFICE,1,963000,722250,963000.0,75.0
First Bank of Central Ohio,Worthington,OH,912,SAN FRANCISCO DISTRICT OFFICE,1,960000,720000,960000.0,75.0
Mission Bank,Bakersfield,CA,931,SACRAMENTO DISTRICT OFFICE,1,959000,719250,959000.0,75.0
First Financial Bank,El Dorado,AR,460,NORTH CAROLINA DISTRICT OFFICE,4,958000,752700,239500.0,78.57
Customers Bank,Malvern,PA,709,KANSAS CITY DISTRICT OFFICE,2,957300,692975,478650.0,72.39
Manufacturers and Traders Trust Company,Buffalo,NY,358,PITTSBURGH DISTRICT OFFICE,15,956500,681850,63766.67,71.29
Security First Bank of North Dakota,New Salem,ND,875,NORTH DAKOTA DISTRICT OFFICE,4,956000,478000,239000.0,50.0
"First Montana Bank, Inc.",Missoula,MT,885,MONTANA DISTRICT OFFICE,1,955800,716850,955800.0,75.0
First National Bank of Coffee County,Douglas,GA,405,GEORGIA DISTRICT OFFICE,1,955000,716250,955000.0,75.0
Falcon National Bank,Foley,MN,681,SAN ANTONIO DISTRICT OFFICE,2,955000,691250,477500.0,72.38
United Community Bank,Greenville,SC,303,PHILADELPHIA DISTRICT OFFICE,2,955000,716250,477500.0,75.0
Bank of New Hampshire,Laconia,NH,189,NEW HAMPSHIRE DISTRICT OFFICE,7,954500,623125,136357.14,65.28
Michigan Schools and Government Credit Union,Clinton Township,MI,515,MICHIGAN DISTRICT OFFICE,5,954300,689725,190860.0,72.28
Banc of California,Los Angeles,CA,464,SOUTH CAROLINA DISTRICT OFFICE,2,954300,715725,477150.0,75.0
Stearns Bank National Association,Saint Cloud,MN,681,SAN ANTONIO DISTRICT OFFICE,2,953100,714825,476550.0,75.0
"NBT Bank, National Association",Norwich,NY,202,NEW YORK DISTRICT OFFICE,3,952500,635625,317500.0,66.73
Quaint Oak Bank,Southampton,PA,341,DELAWARE DISTRICT OFFICE,2,952000,589000,476000.0,61.87
Citizens Bank & Trust Co,Hutchinson,MN,508,MINNESOTA DISTRICT OFFICE,8,952000,476000,119000.0,50.0
"Fund-Ex Solutions Group, LLC",Davie,FL,165,RHODE ISLAND DISTRICT OFFICE,1,950000,712500,950000.0,75.0
Stockman Bank of Montana,Miles City,MT,885,MONTANA DISTRICT OFFICE,2,950000,712500,475000.0,75.0
"Native American Bank, National Association",Denver,CO,1086,PORTLAND DISTRICT OFFICE,1,950000,712500,950000.0,75.0
OakStar Bank,Springfield,MO,914,LOS ANGELES DISTRICT OFFICE,1,950000,855000,950000.0,90.0
National Bank of Commerce,Superior,WI,373,BALTIMORE DISTRICT OFFICE,2,949000,711750,474500.0,75.0
Evolve Bank and Trust,West Memphis,AR,165,RHODE ISLAND DISTRICT OFFICE,1,948000,711000,948000.0,75.0
1st Security Bank of Washington,Mountlake Terrace,WA,1013,SEATTLE DISTRICT OFFICE,9,947700,627345,105300.0,66.2
Rocky Mountain Bank and Trust,Florence,CO,811,COLORADO DISTRICT OFFICE,1,945600,709200,945600.0,75.0
First Federal Savings Bank,Huntington,IN,457,KENTUCKY DISTRICT OFFICE,1,945000,708750,945000.0,75.0
PromiseOne Bank,Duluth,GA,459,ALABAMA DISTRICT OFFICE,1,945000,708750,945000.0,75.0
GBank,Las Vegas,NV,1086,PORTLAND DISTRICT OFFICE,1,944700,708525,944700.0,75.0
"U.S. Bank, National Association",Cincinnati,OH,897,WYOMING DISTRICT OFFICE,3,944000,653000,314666.67,69.17
First Business Bank,Madison,WI,766,NEBRASKA DISTRICT OFFICE,1,943000,707250,943000.0,75.0
BayFirst National Bank,Saint Petersburg,FL,682,NEW MEXICO DISTRICT OFFICE,7,943000,801550,134714.29,85.0
South Eastern Economic Development Corporation,Taunton,MA,101,MASSACHUSETTS DISTRICT OFFICE,6,940000,749000,156666.67,79.68
East West Bank,Pasadena,CA,455,SOUTH FLORIDA DISTRICT OFFICE,1,940000,705000,940000.0,75.0
First National Bank of Pennsylvania,Greenville,PA,671,HOUSTON DISTRICT OFFICE,1,940000,705000,940000.0,75.0
"PNC Bank, National Association",Wilmington,DE,202,NEW YORK DISTRICT OFFICE,10,940000,595000,94000.0,63.3
City National Bank of Florida,Miami,FL,920,SANTA ANA DISTRICT OFFICE,2,940000,705000,470000.0,75.0
The First National Bank Bellevue,Bellevue,OH,549,CLEVELAND DISTRICT OFFICE,3,938200,675350,312733.33,71.98
"Santander Bank, National Association",Wilmington,DE,202,NEW YORK DISTRICT OFFICE,13,938200,469100,72169.23,50.0
IncredibleBank,Wausau,WI,165,RHODE ISLAND DISTRICT OFFICE,1,938000,703500,938000.0,75.0
Northeast Bank,Lewiston,ME,875,NORTH DAKOTA DISTRICT OFFICE,6,936500,774515,156083.33,82.7
Midwest BankCentre,Saint Louis,MO,373,BALTIMORE DISTRICT OFFICE,1,936000,702000,936000.0,75.0
Capital Certified Development Corporation,Austin,TX,610,DALLAS / FT WORTH DISTRICT OFFICE,4,935000,710250,233750.0,75.96
CDC Small Business Finance Corporation,San Diego,CA,304,RICHMOND DISTRICT OFFICE,5,935000,723750,187000.0,77.41
Grasshopper Bank National Association,New York,NY,610,DALLAS / FT WORTH DISTRICT OFFICE,2,933000,699750,466500.0,75.0
"United Midwest Savings Bank, National Association",De Graff,OH,296,BUFFALO DISTRICT OFFICE,3,933000,729750,311000.0,78.22
First Internet Bank of Indiana,Fishers,IN,678,LUBBOCK DISTRICT OFFICE,1,933000,699750,933000.0,75.0
Business Development Corporation of South Carolina,Columbia,SC,464,SOUTH CAROLINA DISTRICT OFFICE,2,931500,698625,465750.0,75.0
Michigan State University FCU,East Lansing,MI,515,MICHIGAN DISTRICT OFFICE,4,931300,724075,232825.0,77.75
Colony Bank,Fitzgerald,GA,912,SAN FRANCISCO DISTRICT OFFICE,7,930800,756180,132971.43,81.24
22nd State Bank,Louisville,AL,296,BUFFALO DISTRICT OFFICE,1,930300,697725,930300.0,75.0
Hanover Community Bank,Mineola,NY,156,CONNECTICUT DISTRICT OFFICE,1,930000,697500,930000.0,75.0
Wasatch Peaks FCU,Ogden,UT,883,UTAH DISTRICT OFFICE,3,930000,685000,310000.0,73.66
Bankers Trust Company,Des Moines,IA,761,DES MOINES DISTRICT OFFICE,4,929500,659625,232375.0,70.97
West Bank,West Des Moines,IA,761,DES MOINES DISTRICT OFFICE,1,929000,696750,929000.0,75.0
"Heritage Bank, Inc.",Burlington,KY,457,KENTUCKY DISTRICT OFFICE,5,927800,698150,185560.0,75.25
O Bee CU,Lacey,WA,1013,SEATTLE DISTRICT OFFICE,2,927200,706900,463600.0,76.24
Civista Bank,Sandusky,OH,593,COLUMBUS DISTRICT OFFICE,2,927000,695250,463500.0,75.0
Central Bank & Trust Co.,Lexington,KY,457,KENTUCKY DISTRICT OFFICE,1,925000,693750,925000.0,75.0
Main Street Bank,Marlborough,MA,101,MASSACHUSETTS DISTRICT OFFICE,2,925000,693750,462500.0,75.0
Valley Bank of Ronan,Ronan,MT,885,MONTANA DISTRICT OFFICE,4,924000,462000,231000.0,50.0
First Community Bank,Batesville,AR,669,ARKANSAS DISTRICT OFFICE,3,923100,674075,307700.0,73.02
Lincoln Savings Bank,Reinbeck,IA,671,HOUSTON DISTRICT OFFICE,1,923000,692250,923000.0,75.0
Beach Cities Commercial Bank,Irvine,CA,202,NEW YORK DISTRICT OFFICE,1,922500,691875,922500.0,75.0
American National Bank,Omaha,NE,883,UTAH DISTRICT OFFICE,2,922500,666875,461250.0,72.29
Kendall Bank,Overland Park,KS,811,COLORADO DISTRICT OFFICE,2,922500,616875,461250.0,66.87
The Fahey Banking Company,Marion,OH,593,COLUMBUS DISTRICT OFFICE,2,921000,690750,460500.0,75.0
Northeast Bank,Lewiston,ME,767,WICHITA DISTRICT OFFICE,5,920800,698200,184160.0,75.83
Magnifi Financial CU,Melrose,MN,491,NORTH FLORIDA DISTRICT OFFICE,4,920200,705150,230050.0,76.63
Stearns Bank National Association,Saint Cloud,MN,156,CONNECTICUT DISTRICT OFFICE,2,920000,693000,460000.0,75.33
"Centerstone SBA Lending, Inc.",Los Angeles,CA,562,INDIANA DISTRICT OFFICE,2,920000,690000,460000.0,75.0
Falcon National Bank,Foley,MN,101,MASSACHUSETTS DISTRICT OFFICE,3,919500,677125,306500.0,73.64
Bank of Bartlett,Bartlett,TN,474,TENNESSEE DISTRICT OFFICE,2,919500,689625,459750.0,75.0
BayFirst National Bank,Saint Petersburg,FL,172,MAINE DISTRICT OFFICE,7,917000,779450,131000.0,85.0
Evolve Bank and Trust,West Memphis,AR,912,SAN FRANCISCO DISTRICT OFFICE,3,914000,695100,304666.67,76.05
Stearns Bank National Association,Saint Cloud,MN,304,RICHMOND DISTRICT OFFICE,4,914000,711900,228500.0,77.89
Paragon Bank,Memphis,TN,303,PHILADELPHIA DISTRICT OFFICE,1,912000,684000,912000.0,75.0
CIBC Bank USA,Chicago,IL,549,CLEVELAND DISTRICT OFFICE,2,911500,658625,455750.0,72.26
Mission Valley Bank,Sun Valley,CA,883,UTAH DISTRICT OFFICE,1,911400,683550,911400.0,75.0
Encore Bank,Little Rock,AR,669,ARKANSAS DISTRICT OFFICE,1,910000,682500,910000.0,75.0
First Command Bank,Fort Worth,TX,811,COLORADO DISTRICT OFFICE,2,910000,682500,455000.0,75.0
"JPMorgan Chase Bank, National Association",Columbus,OH,296,BUFFALO DISTRICT OFFICE,7,910000,455000,130000.0,50.0
"Readycap Lending, LLC",Berkeley Heights,NJ,897,WYOMING DISTRICT OFFICE,4,910000,684500,227500.0,75.22
"Heritage Bank, Inc.",Burlington,KY,373,BALTIMORE DISTRICT OFFICE,4,908000,726000,227000.0,79.96
"U.S. Bank, National Association",Cincinnati,OH,766,NEBRASKA DISTRICT OFFICE,26,907600,511625,34907.69,56.37
Glens Falls National Bank and Trust Company,Glens Falls,NY,248,SYRACUSE DISTRICT OFFICE,12,907000,520000,75583.33,57.33
All Capital Bank,Locust Grove,OK,680,OKLAHOMA DISTRICT OFFICE,4,906600,692240,226650.0,76.36
Sunwest Bank,Sandy,UT,944,NEVADA DISTRICT OFFICE,1,906000,679500,906000.0,75.0
Trustmark National Bank,Jackson,MS,491,NORTH FLORIDA DISTRICT OFFICE,2,905800,689000,452900.0,76.07
BankFirst Financial Services,Columbus,MS,679,LOUISIANA DISTRICT OFFICE,2,905400,684320,452700.0,75.58
Central Bank,Storm Lake,IA,761,DES MOINES DISTRICT OFFICE,4,905200,692400,226300.0,76.49
O Bee CU,Lacey,WA,549,CLEVELAND DISTRICT OFFICE,1,904700,814230,904700.0,90.0
Main Street Launch,Oakland,CA,914,LOS ANGELES DISTRICT OFFICE,3,900000,675000,300000.0,75.0
Hawthorn Bank,Jefferson City,MO,709,KANSAS CITY DISTRICT OFFICE,4,900000,450000,225000.0,50.0
BayFirst National Bank,Saint Petersburg,FL,876,SOUTH DAKOTA DISTRICT OFFICE,5,900000,730000,180000.0,81.11
Mountain West Small Business Finance,Salt Lake City,UT,811,COLORADO DISTRICT OFFICE,5,900000,705000,180000.0,78.33
Sunnyside Federal Savings and Loan Association of Irvington,Irvington,NY,202,NEW YORK DISTRICT OFFICE,2,900000,675000,450000.0,75.0
CalPrivate Bank,La Jolla,CA,942,FRESNO DISTRICT OFFICE,1,900000,675000,900000.0,75.0
"JPMorgan Chase Bank, National Association",Columbus,OH,304,RICHMOND DISTRICT OFFICE,4,900000,575000,225000.0,63.89
Coastal States Bank,Hilton Head Island,SC,358,PITTSBURGH DISTRICT OFFICE,1,900000,675000,900000.0,75.0
Pathward National Association,Sioux Falls,SD,709,KANSAS CITY DISTRICT OFFICE,1,900000,675000,900000.0,75.0
The Millyard Bank,Nashua,NH,101,MASSACHUSETTS DISTRICT OFFICE,2,900000,682500,450000.0,75.83
Northwest Bank,Warren,PA,202,NEW YORK DISTRICT OFFICE,2,900000,550000,450000.0,61.11
"Wilmington Savings Fund Society, FSB",Wilmington,DE,358,PITTSBURGH DISTRICT OFFICE,1,900000,675000,900000.0,75.0
"Home Bank, National Association",Lafayette,LA,671,HOUSTON DISTRICT OFFICE,3,899700,684095,299900.0,76.04
BankProv,Amesbury,MA,101,MASSACHUSETTS DISTRICT OFFICE,1,899200,674400,899200.0,75.0
Capital Certified Development Corporation,Austin,TX,682,NEW MEXICO DISTRICT OFFICE,4,899100,687825,224775.0,76.5
"LendingClub Bank, National Association",Lehi,UT,1086,PORTLAND DISTRICT OFFICE,3,898500,648875,299500.0,72.22
Mountain America FCU,Sandy,UT,944,NEVADA DISTRICT OFFICE,5,898500,653875,179700.0,72.77
Mountain America FCU,Sandy,UT,897,WYOMING DISTRICT OFFICE,3,898400,665050,299466.67,74.03
Excelsior Growth Fund is the CDFI affilitiate of NYBDC Local,Albany,NY,202,NEW YORK DISTRICT OFFICE,4,898000,698300,224500.0,77.76
BankPlus,Belzoni,MS,459,ALABAMA DISTRICT OFFICE,4,896200,701270,224050.0,78.25
Summit State Bank,Santa Rosa,CA,914,LOS ANGELES DISTRICT OFFICE,1,895000,671250,895000.0,75.0
Five Star Bank,Rancho Cordova,CA,681,SAN ANTONIO DISTRICT OFFICE,2,895000,671250,447500.0,75.0
Mortgage Capital Development Corporation,Oakland,CA,988,ARIZONA DISTRICT OFFICE,4,895000,677250,223750.0,75.67
HomeTrust Bank,Asheville,NC,885,MONTANA DISTRICT OFFICE,1,895000,671250,895000.0,75.0
Grasshopper Bank National Association,New York,NY,954,SAN DIEGO DISTRICT OFFICE,1,893700,670275,893700.0,75.0
"Carolina Community Impact, Inc.",Raleigh,NC,460,NORTH CAROLINA DISTRICT OFFICE,6,893000,711850,148833.33,79.71
"Heritage Bank, Inc.",Burlington,KY,358,PITTSBURGH DISTRICT OFFICE,6,892900,758965,148816.67,85.0
Coastal States Bank,Hilton Head Island,SC,299,NEW JERSEY DISTRICT OFFICE,1,892500,669375,892500.0,75.0
Encore Bank,Little Rock,AR,709,KANSAS CITY DISTRICT OFFICE,1,892500,669375,892500.0,75.0
"CRF Small Business Loan Company, LLC",Minneapolis,MN,491,NORTH FLORIDA DISTRICT OFFICE,3,891000,681250,297000.0,76.46
Stearns Bank National Association,Saint Cloud,MN,491,NORTH FLORIDA DISTRICT OFFICE,2,891000,682550,445500.0,76.6
North State Bank,Raleigh,NC,610,DALLAS / FT WORTH DISTRICT OFFICE,2,890600,667950,445300.0,75.0
First Commonwealth Bank,Indiana,PA,678,LUBBOCK DISTRICT OFFICE,1,890500,667875,890500.0,75.0
"Citizens Bank, National Association",Providence,RI,156,CONNECTICUT DISTRICT OFFICE,4,890000,505000,222500.0,56.74
"LendingClub Bank, National Association",Lehi,UT,299,NEW JERSEY DISTRICT OFFICE,1,890000,667500,890000.0,75.0
First Internet Bank of Indiana,Fishers,IN,549,CLEVELAND DISTRICT OFFICE,2,890000,667500,445000.0,75.0
Southern Bank,Poplar Bluff,MO,768,ST. LOUIS DISTRICT OFFICE,5,888700,634025,177740.0,71.34
The First Bank,Hattiesburg,MS,455,SOUTH FLORIDA DISTRICT OFFICE,1,888000,666000,888000.0,75.0
BankFirst Financial Services,Columbus,MS,474,TENNESSEE DISTRICT OFFICE,7,887800,734360,126828.57,82.72
Highmark FCU,Rapid City,SD,897,WYOMING DISTRICT OFFICE,2,887000,659000,443500.0,74.3
Shoreham Bank,Warwick,RI,165,RHODE ISLAND DISTRICT OFFICE,3,885000,679750,295000.0,76.81
Craft Bank,Atlanta,GA,549,CLEVELAND DISTRICT OFFICE,2,885000,663750,442500.0,75.0
EagleBank,Bethesda,MD,373,BALTIMORE DISTRICT OFFICE,2,885000,663750,442500.0,75.0
Platinum Bank,Oakdale,MN,549,CLEVELAND DISTRICT OFFICE,2,884000,644250,442000.0,72.88
Cadence Bank,Tupelo,MS,678,LUBBOCK DISTRICT OFFICE,1,884000,663000,884000.0,75.0
First Chatham Bank,Savannah,GA,299,NEW JERSEY DISTRICT OFFICE,2,884000,663000,442000.0,75.0
ConnectOne Bank,Englewood Cliffs,NJ,464,SOUTH CAROLINA DISTRICT OFFICE,1,883000,662250,883000.0,75.0
Farmers & Merchants Bank of Long Beach,Long Beach,CA,914,LOS ANGELES DISTRICT OFFICE,2,882500,661875,441250.0,75.0
Elevate Bank National Association,Sedan,KS,767,WICHITA DISTRICT OFFICE,1,882400,661800,882400.0,75.0
First Bank of Owasso,Owasso,OK,680,OKLAHOMA DISTRICT OFFICE,3,882000,664200,294000.0,75.31
Magnifi Financial CU,Melrose,MN,455,SOUTH FLORIDA DISTRICT OFFICE,3,880000,672400,293333.33,76.41
Academy Bank National Association,Kansas City,MO,811,COLORADO DISTRICT OFFICE,2,880000,660000,440000.0,75.0
United Community Bank,Greenville,SC,299,NEW JERSEY DISTRICT OFFICE,3,880000,647500,293333.33,73.58
Hanover Community Bank,Mineola,NY,515,MICHIGAN DISTRICT OFFICE,2,880000,660000,440000.0,75.0
Cowboy Bank,Kremlin,OK,680,OKLAHOMA DISTRICT OFFICE,3,878000,534000,292666.67,60.82
OptimumBank,Fort Lauderdale,FL,202,NEW YORK DISTRICT OFFICE,1,877000,657750,877000.0,75.0
"Heritage Bank, Inc.",Burlington,KY,678,LUBBOCK DISTRICT OFFICE,2,877000,672750,438500.0,76.71
PCB Bank,Los Angeles,CA,299,NEW JERSEY DISTRICT OFFICE,2,876000,657000,438000.0,75.0
The Huntington National Bank,Columbus,OH,470,MISSISSIPPI DISTRICT OFFICE,6,875500,624125,145916.67,71.29
Freedom Bank,Columbia Falls,MT,885,MONTANA DISTRICT OFFICE,8,875400,437700,109425.0,50.0
Manhattan Bank,Manhattan,MT,885,MONTANA DISTRICT OFFICE,2,875000,437500,437500.0,50.0
City National Bank of Florida,Miami,FL,914,LOS ANGELES DISTRICT OFFICE,2,875000,656250,437500.0,75.0
Business Initiative Corporation of New York,Bronx,NY,202,NEW YORK DISTRICT OFFICE,5,875000,673750,175000.0,77.0
First Savings Bank,Jeffersonville,IN,562,INDIANA DISTRICT OFFICE,4,875000,676250,218750.0,77.29
ServisFirst Bank,Birmingham,AL,459,ALABAMA DISTRICT OFFICE,1,873000,654750,873000.0,75.0
"PNC Bank, National Association",Wilmington,DE,920,SANTA ANA DISTRICT OFFICE,6,873000,609750,145500.0,69.85
First Fidelity Bank,Oklahoma City,OK,680,OKLAHOMA DISTRICT OFFICE,5,873000,599750,174600.0,68.7
"First Financial Bank, National Association",Terre Haute,IN,562,INDIANA DISTRICT OFFICE,2,872200,436100,436100.0,50.0
Hyperion Bank,Philadelphia,PA,455,SOUTH FLORIDA DISTRICT OFFICE,1,872000,654000,872000.0,75.0
River City Bank,Rome,GA,460,NORTH CAROLINA DISTRICT OFFICE,3,872000,667500,290666.67,76.55
Texas Bank,Henderson,TX,610,DALLAS / FT WORTH DISTRICT OFFICE,6,871000,685650,145166.67,78.72
Community Bank of Mississippi,Flowood,MS,491,NORTH FLORIDA DISTRICT OFFICE,6,870900,654375,145150.0,75.14
Busey Bank,Champaign,IL,1086,PORTLAND DISTRICT OFFICE,1,870000,652500,870000.0,75.0
First Financial Bank,El Dorado,AR,897,WYOMING DISTRICT OFFICE,1,870000,652500,870000.0,75.0
"Heritage Bank, Inc.",Burlington,KY,920,SANTA ANA DISTRICT OFFICE,6,870000,739500,145000.0,85.0
Bank of Belleville,Belleville,IL,507,ILLINOIS DISTRICT OFFICE,2,870000,547500,435000.0,62.93
Micro Enterprise Services of Oregon (Pedagogy Institute),Portland,OR,1086,PORTLAND DISTRICT OFFICE,6,869000,678650,144833.33,78.1
Old Second National Bank,Aurora,IL,507,ILLINOIS DISTRICT OFFICE,2,868500,651375,434250.0,75.0
Centier Bank,Whiting,IN,507,ILLINOIS DISTRICT OFFICE,2,867200,650400,433600.0,75.0
Colony Bank,Fitzgerald,GA,303,PHILADELPHIA DISTRICT OFFICE,7,867100,737035,123871.43,85.0
Shoreham Bank,Warwick,RI,299,NEW JERSEY DISTRICT OFFICE,2,866000,659500,433000.0,76.15
HomeTrust Bank,Asheville,NC,353,WASHINGTON DISTRICT OFFICE,1,866000,649500,866000.0,75.0
First Bank of the Lake,Osage Beach,MO,549,CLEVELAND DISTRICT OFFICE,3,865000,641250,288333.33,74.13
Cadence Bank,Tupelo,MS,593,COLUMBUS DISTRICT OFFICE,5,865000,671250,173000.0,77.6
bankcda,Coeur D'Alene,ID,1013,SEATTLE DISTRICT OFFICE,3,865000,548750,288333.33,63.44
"Grow America Fund, Incorporated",New York,NY,914,LOS ANGELES DISTRICT OFFICE,3,865000,656250,288333.33,75.87
"Harvest Small Business Finance, LLC",Laguna Hills,CA,101,MASSACHUSETTS DISTRICT OFFICE,2,864500,648375,432250.0,75.0
Banc of California,Los Angeles,CA,474,TENNESSEE DISTRICT OFFICE,1,864000,648000,864000.0,75.0
Fifth Third Bank,Cincinnati,OH,1087,BOISE DISTRICT OFFICE,1,862500,646875,862500.0,75.0
American Continental Bank,City Of Industry,CA,954,SAN DIEGO DISTRICT OFFICE,2,862500,646875,431250.0,75.0
American National Bank & Trust,Wichita Falls,TX,610,DALLAS / FT WORTH DISTRICT OFFICE,3,862000,661500,287333.33,76.74
First Citizens Community Bank,Mansfield,PA,303,PHILADELPHIA DISTRICT OFFICE,2,860000,645000,430000.0,75.0
"T Bank, National Association",Dallas,TX,491,NORTH FLORIDA DISTRICT OFFICE,1,860000,645000,860000.0,75.0
North State Bank,Raleigh,NC,507,ILLINOIS DISTRICT OFFICE,1,857500,643125,857500.0,75.0
"Amerant Bank, National Association",Coral Gables,FL,610,DALLAS / FT WORTH DISTRICT OFFICE,1,855000,641250,855000.0,75.0
Mid Penn Bank,Millersburg,PA,299,NEW JERSEY DISTRICT OFFICE,2,855000,541250,427500.0,63.3
IncredibleBank,Wausau,WI,931,SACRAMENTO DISTRICT OFFICE,1,854000,640500,854000.0,75.0
Black Business Investment Fund Inc.,Orlando,FL,491,NORTH FLORIDA DISTRICT OFFICE,4,850000,641250,212500.0,75.44
Commerce Bank,Kansas City,MO,491,NORTH FLORIDA DISTRICT OFFICE,1,850000,637500,850000.0,75.0
Busey Bank,Champaign,IL,811,COLORADO DISTRICT OFFICE,1,850000,637500,850000.0,75.0
"National Cooperative Bank, National Association",Hillsboro,OH,515,MICHIGAN DISTRICT OFFICE,1,850000,637500,850000.0,75.0
FinWise Bank,Sandy,UT,405,GEORGIA DISTRICT OFFICE,2,850000,637500,425000.0,75.0
"American Bank, National Association",Corpus Christi,TX,671,HOUSTON DISTRICT OFFICE,1,850000,637500,850000.0,75.0
Icon Business Bank,Riverside,CA,920,SANTA ANA DISTRICT OFFICE,1,850000,637500,850000.0,75.0
Five Star Bank,Rancho Cordova,CA,914,LOS ANGELES DISTRICT OFFICE,3,850000,652500,283333.33,76.76
Meridian Bank,Malvern,PA,156,CONNECTICUT DISTRICT OFFICE,1,850000,637500,850000.0,75.0
City National Bank of Florida,Miami,FL,593,COLUMBUS DISTRICT OFFICE,2,850000,637500,425000.0,75.0
Dogwood State Bank,Raleigh,NC,1086,PORTLAND DISTRICT OFFICE,2,847200,619150,423600.0,73.08
"Centerstone SBA Lending, Inc.",Los Angeles,CA,942,FRESNO DISTRICT OFFICE,2,847000,635250,423500.0,75.0
First Guaranty Bank,Hammond,LA,679,LOUISIANA DISTRICT OFFICE,3,846000,597000,282000.0,70.57
Core Bank,Omaha,NE,709,KANSAS CITY DISTRICT OFFICE,2,846000,634500,423000.0,75.0
HTLF Bank,Denver,CO,508,MINNESOTA DISTRICT OFFICE,2,844000,648000,422000.0,76.78
Celtic Bank Corporation,Salt Lake City,UT,639,LOWER RIO GRANDE VALLEY DISTRICT OFFICE,4,843800,665850,210950.0,78.91
BayFirst National Bank,Saint Petersburg,FL,165,RHODE ISLAND DISTRICT OFFICE,7,843000,716550,120428.57,85.0
Truliant FCU,Winston Salem,NC,353,WASHINGTON DISTRICT OFFICE,1,841500,631125,841500.0,75.0
CNB Bank,Clearfield,PA,358,PITTSBURGH DISTRICT OFFICE,3,840500,581000,280166.67,69.13
Forward Bank,Marshfield,WI,563,WISCONSIN DISTRICT OFFICE,6,840500,420250,140083.33,50.0
"JPMorgan Chase Bank, National Association",Columbus,OH,677,EL PASO DISTRICT OFFICE,5,840000,420000,168000.0,50.0
PromiseOne Bank,Duluth,GA,464,SOUTH CAROLINA DISTRICT OFFICE,1,840000,630000,840000.0,75.0
CTBC Bank Corp. (USA).,Los Angeles,CA,920,SANTA ANA DISTRICT OFFICE,1,840000,630000,840000.0,75.0
New Frontier Bank,Saint Charles,MO,768,ST. LOUIS DISTRICT OFFICE,2,840000,620000,420000.0,73.81
"JPMorgan Chase Bank, National Association",Columbus,OH,464,SOUTH CAROLINA DISTRICT OFFICE,6,840000,420000,140000.0,50.0
Five Star Bank,Rancho Cordova,CA,202,NEW YORK DISTRICT OFFICE,2,840000,630000,420000.0,75.0
Stearns Bank National Association,Saint Cloud,MN,912,SAN FRANCISCO DISTRICT OFFICE,3,839000,629250,279666.67,75.0
CIBC Bank USA,Chicago,IL,768,ST. LOUIS DISTRICT OFFICE,2,839000,604250,419500.0,72.02
First Guaranty Bank,Hammond,LA,610,DALLAS / FT WORTH DISTRICT OFFICE,4,836600,470660,209150.0,56.26
Peoples State Bank,Wausau,WI,248,SYRACUSE DISTRICT OFFICE,1,835000,626250,835000.0,75.0
"Heritage Bank, Inc.",Burlington,KY,507,ILLINOIS DISTRICT OFFICE,6,833500,708475,138916.67,85.0
"Readycap Lending, LLC",Berkeley Heights,NJ,876,SOUTH DAKOTA DISTRICT OFFICE,4,832500,636875,208125.0,76.5
Security Federal Bank,Aiken,SC,405,GEORGIA DISTRICT OFFICE,3,832000,634000,277333.33,76.2
Firstrust Savings Bank,Conshohocken,PA,920,SANTA ANA DISTRICT OFFICE,1,832000,624000,832000.0,75.0
Celtic Bank Corporation,Salt Lake City,UT,373,BALTIMORE DISTRICT OFFICE,6,831000,706350,138500.0,85.0
The First Bank and Trust Company,Lebanon,VA,304,RICHMOND DISTRICT OFFICE,3,830900,443765,276966.67,53.41
Ridgewood Savings Bank,New York City,NY,202,NEW YORK DISTRICT OFFICE,8,830000,705500,103750.0,85.0
"Blue Ridge Bank, National Association",Martinsville,VA,304,RICHMOND DISTRICT OFFICE,3,830000,560000,276666.67,67.47
Affinity Plus FCU,Saint Paul,MN,508,MINNESOTA DISTRICT OFFICE,4,829500,609625,207375.0,73.49
United Cumberland Bank,Whitley City,KY,474,TENNESSEE DISTRICT OFFICE,2,829000,414500,414500.0,50.0
FWBank,Chicago,IL,988,ARIZONA DISTRICT OFFICE,2,828200,621150,414100.0,75.0
First Bank of Central Ohio,Worthington,OH,304,RICHMOND DISTRICT OFFICE,2,828000,621000,414000.0,75.0
North Valley Bank,Zanesville,OH,593,COLUMBUS DISTRICT OFFICE,3,827500,620625,275833.33,75.0
West Town Bank & Trust,North Riverside,IL,353,WASHINGTON DISTRICT OFFICE,3,825000,618750,275000.0,75.0
The Union State Bank of Everest,Everest,KS,709,KANSAS CITY DISTRICT OFFICE,2,825000,593750,412500.0,71.97
"United Midwest Savings Bank, National Association",De Graff,OH,709,KANSAS CITY DISTRICT OFFICE,7,825000,674750,117857.14,81.79
The Bippus State Bank,Huntington,IN,562,INDIANA DISTRICT OFFICE,1,825000,618750,825000.0,75.0
Bank of Springfield,Springfield,IL,988,ARIZONA DISTRICT OFFICE,1,825000,618750,825000.0,75.0
First Business Bank,Madison,WI,954,SAN DIEGO DISTRICT OFFICE,1,823000,617250,823000.0,75.0
Milwaukee Economic Development Corporation,Milwaukee,WI,563,WISCONSIN DISTRICT OFFICE,4,823000,632250,205750.0,76.82
CDC Small Business Finance Corporation,San Diego,CA,944,NEVADA DISTRICT OFFICE,6,821600,626700,136933.33,76.28
Wright Patt CU Inc,Beavercreek,OH,593,COLUMBUS DISTRICT OFFICE,1,821000,615750,821000.0,75.0
22nd State Bank,Louisville,AL,464,SOUTH CAROLINA DISTRICT OFFICE,1,821000,615750,821000.0,75.0
"United Midwest Savings Bank, National Association",De Graff,OH,766,NEBRASKA DISTRICT OFFICE,4,820000,642000,205000.0,78.29
MidFirst Bank,Oklahoma City,OK,680,OKLAHOMA DISTRICT OFFICE,1,820000,615000,820000.0,75.0
Excelsior Growth Fund is the CDFI affilitiate of NYBDC Local,Albany,NY,296,BUFFALO DISTRICT OFFICE,3,819000,627650,273000.0,76.64
Midwest Regional Bank,Festus,MO,678,LUBBOCK DISTRICT OFFICE,1,819000,614250,819000.0,75.0
Gulf Coast Bank and Trust Company,New Orleans,LA,464,SOUTH CAROLINA DISTRICT OFFICE,1,818400,613800,818400.0,75.0
Camden National Bank,Camden,ME,189,NEW HAMPSHIRE DISTRICT OFFICE,5,817800,408900,163560.0,50.0
First Foundation Bank,Irvine,CA,914,LOS ANGELES DISTRICT OFFICE,1,817300,612975,817300.0,75.0
Meadows Bank,Las Vegas,NV,811,COLORADO DISTRICT OFFICE,1,815000,611250,815000.0,75.0
Enterprise Bank & Trust,Clayton,MO,549,CLEVELAND DISTRICT OFFICE,1,814600,610950,814600.0,75.0
EntreBank,Bloomington,MN,563,WISCONSIN DISTRICT OFFICE,1,814000,610500,814000.0,75.0
Merchants Bank of Indiana,Carmel,IN,358,PITTSBURGH DISTRICT OFFICE,1,813300,609975,813300.0,75.0
"First Financial Bank, National Association",Terre Haute,IN,457,KENTUCKY DISTRICT OFFICE,6,811900,405950,135316.67,50.0
UnitedOne Credit Union,Manitowoc,WI,563,WISCONSIN DISTRICT OFFICE,5,811700,610445,162340.0,75.21
First Chatham Bank,Savannah,GA,563,WISCONSIN DISTRICT OFFICE,2,811400,608550,405700.0,75.0
Colony Bank,Fitzgerald,GA,353,WASHINGTON DISTRICT OFFICE,6,811000,689350,135166.67,85.0
Rockland Trust Company,Rockland,MA,172,MAINE DISTRICT OFFICE,1,810000,607500,810000.0,75.0
ConnectOne Bank,Englewood Cliffs,NJ,562,INDIANA DISTRICT OFFICE,1,810000,607500,810000.0,75.0
PromiseOne Bank,Duluth,GA,299,NEW JERSEY DISTRICT OFFICE,2,810000,607500,405000.0,75.0
Providence Bank & Trust,South Holland,IL,507,ILLINOIS DISTRICT OFFICE,1,809900,607425,809900.0,75.0
Sullivan Bank,Sullivan,MO,768,ST. LOUIS DISTRICT OFFICE,3,807600,403800,269200.0,50.0
BMO Bank National Association,Chicago,IL,1013,SEATTLE DISTRICT OFFICE,1,807500,605625,807500.0,75.0
HomeTrust Bank,Asheville,NC,671,HOUSTON DISTRICT OFFICE,1,807000,605250,807000.0,75.0
HTLF Bank,Denver,CO,507,ILLINOIS DISTRICT OFFICE,3,805500,554125,268500.0,68.79
Milestone Bank,Salt Lake City,UT,988,ARIZONA DISTRICT OFFICE,1,805000,603750,805000.0,75.0
HomeTrust Bank,Asheville,NC,920,SANTA ANA DISTRICT OFFICE,1,805000,603750,805000.0,75.0
Evolve Bank and Trust,West Memphis,AR,610,DALLAS / FT WORTH DISTRICT OFFICE,1,805000,603750,805000.0,75.0
West Town Bank & Trust,North Riverside,IL,460,NORTH CAROLINA DISTRICT OFFICE,3,805000,613750,268333.33,76.24
Grand Ridge National Bank,Wheaton,IL,507,ILLINOIS DISTRICT OFFICE,1,805000,603750,805000.0,75.0
Platinum Bank,Oakdale,MN,373,BALTIMORE DISTRICT OFFICE,2,805000,603750,402500.0,75.0
First Federal Bank,Lake City,FL,460,NORTH CAROLINA DISTRICT OFFICE,1,804600,603450,804600.0,75.0
BankPlus,Belzoni,MS,679,LOUISIANA DISTRICT OFFICE,1,804500,603375,804500.0,75.0
Capitol National Bank,Lansing,MI,562,INDIANA DISTRICT OFFICE,1,804000,603000,804000.0,75.0
Bank Five Nine,Oconomowoc,WI,189,NEW HAMPSHIRE DISTRICT OFFICE,3,802000,616500,267333.33,76.87
Southern Bank,Poplar Bluff,MO,669,ARKANSAS DISTRICT OFFICE,2,801400,601050,400700.0,75.0
Gulf Coast Bank and Trust Company,New Orleans,LA,1086,PORTLAND DISTRICT OFFICE,2,800000,600000,400000.0,75.0
NebraskaLand Bank,North Platte,NE,766,NEBRASKA DISTRICT OFFICE,1,800000,600000,800000.0,75.0
Open Bank,Los Angeles,CA,303,PHILADELPHIA DISTRICT OFFICE,1,800000,600000,800000.0,75.0
First Bank of the Lake,Osage Beach,MO,766,NEBRASKA DISTRICT OFFICE,3,800000,630000,266666.67,78.75
East West Bank,Pasadena,CA,248,SYRACUSE DISTRICT OFFICE,1,800000,600000,800000.0,75.0
US Metro Bank,Garden Grove,CA,682,NEW MEXICO DISTRICT OFFICE,1,800000,600000,800000.0,75.0
AmeriState Bank,Atoka,OK,680,OKLAHOMA DISTRICT OFFICE,2,800000,400000,400000.0,50.0
Colony Bank,Fitzgerald,GA,677,EL PASO DISTRICT OFFICE,2,800000,615000,400000.0,76.88
City National Bank of Florida,Miami,FL,101,MASSACHUSETTS DISTRICT OFFICE,2,800000,600000,400000.0,75.0
Peoples Bank,Munster,IN,562,INDIANA DISTRICT OFFICE,5,800000,400000,160000.0,50.0
Celtic Bank Corporation,Salt Lake City,UT,876,SOUTH DAKOTA DISTRICT OFFICE,2,799200,607400,399600.0,76.0
Enterprise Bank & Trust,Clayton,MO,671,HOUSTON DISTRICT OFFICE,2,799000,599250,399500.0,75.0
Sutton Bank,Attica,OH,549,CLEVELAND DISTRICT OFFICE,3,798100,399050,266033.33,50.0
BayFirst National Bank,Saint Petersburg,FL,669,ARKANSAS DISTRICT OFFICE,7,797700,678045,113957.14,85.0
Gulf Coast Bank and Trust Company,New Orleans,LA,358,PITTSBURGH DISTRICT OFFICE,2,797500,598125,398750.0,75.0
Oklahoma's Federal Credit Union,Oklahoma City,OK,680,OKLAHOMA DISTRICT OFFICE,5,797000,398500,159400.0,50.0
Cross Keys Bank,Saint Joseph,LA,679,LOUISIANA DISTRICT OFFICE,13,796800,398400,61292.31,50.0
"NBT Bank, National Association",Norwich,NY,101,MASSACHUSETTS DISTRICT OFFICE,2,796500,578875,398250.0,72.68
CNB Bank,Clearfield,PA,549,CLEVELAND DISTRICT OFFICE,2,796000,584000,398000.0,73.37
Great Southern Bank,Springfield,MO,768,ST. LOUIS DISTRICT OFFICE,1,796000,597000,796000.0,75.0
"CRF Small Business Loan Company, LLC",Minneapolis,MN,353,WASHINGTON DISTRICT OFFICE,2,795000,596250,397500.0,75.0
Stone Bank,Mountain View,AR,563,WISCONSIN DISTRICT OFFICE,1,795000,596250,795000.0,75.0
"United Midwest Savings Bank, National Association",De Graff,OH,639,LOWER RIO GRANDE VALLEY DISTRICT OFFICE,2,795000,611250,397500.0,76.89
Seacoast National Bank,Stuart,FL,671,HOUSTON DISTRICT OFFICE,1,793000,594750,793000.0,75.0
Western Alliance Bank,Phoenix,AZ,912,SAN FRANCISCO DISTRICT OFFICE,2,792600,544450,396300.0,68.69
Centris FCU,Omaha,NE,766,NEBRASKA DISTRICT OFFICE,3,792000,544250,264000.0,68.72
MidFirst Bank,Oklahoma City,OK,914,LOS ANGELES DISTRICT OFFICE,1,790000,592500,790000.0,75.0
"Wells Fargo Bank, National Association",Sioux Falls,SD,474,TENNESSEE DISTRICT OFFICE,13,789700,539775,60746.15,68.35
MY CU,Bloomington,MN,508,MINNESOTA DISTRICT OFFICE,10,788100,542310,78810.0,68.81
PS Bank,Wyalusing,PA,464,SOUTH CAROLINA DISTRICT OFFICE,1,785000,588750,785000.0,75.0
Comerica Bank,Dallas,TX,562,INDIANA DISTRICT OFFICE,2,785000,563750,392500.0,71.82
Beneficial State Bank,Oakland,CA,914,LOS ANGELES DISTRICT OFFICE,1,785000,588750,785000.0,75.0
DreamSpring,Albuquerque,NM,610,DALLAS / FT WORTH DISTRICT OFFICE,5,782500,614875,156500.0,78.58
Stearns Bank National Association,Saint Cloud,MN,680,OKLAHOMA DISTRICT OFFICE,1,782000,586500,782000.0,75.0
"Lendistry SBLC, LLC",Los Angeles,CA,353,WASHINGTON DISTRICT OFFICE,7,781800,664530,111685.71,85.0
First Bank & Trust,Brookings,SD,766,NEBRASKA DISTRICT OFFICE,2,781500,586125,390750.0,75.0
United Bank of Philadelphia,Philadelphia,PA,303,PHILADELPHIA DISTRICT OFFICE,2,780500,585375,390250.0,75.0
FirsTier Bank,Kimball,NE,897,WYOMING DISTRICT OFFICE,1,780000,585000,780000.0,75.0
First National Community Bank,Chatsworth,GA,405,GEORGIA DISTRICT OFFICE,1,780000,585000,780000.0,75.0
Androscoggin Savings Bank,Lewiston,ME,172,MAINE DISTRICT OFFICE,7,778400,515500,111200.0,66.23
FFB Bank,Fresno,CA,1086,PORTLAND DISTRICT OFFICE,2,777500,545625,388750.0,70.18
FWBank,Chicago,IL,709,KANSAS CITY DISTRICT OFFICE,1,776900,582675,776900.0,75.0
CDC Small Business Finance Corporation,San Diego,CA,515,MICHIGAN DISTRICT OFFICE,13,775000,658750,59615.38,85.0
"Capital One, National Association",Mclean,VA,373,BALTIMORE DISTRICT OFFICE,2,775000,387500,387500.0,50.0
Citizens Business Bank,Ontario,CA,988,ARIZONA DISTRICT OFFICE,1,775000,581250,775000.0,75.0
Choice Financial Group,Fargo,ND,563,WISCONSIN DISTRICT OFFICE,3,774000,568000,258000.0,73.39
"Lendistry SBLC, LLC",Los Angeles,CA,761,DES MOINES DISTRICT OFFICE,4,773700,608145,193425.0,78.6
"Sterling Federal Bank, F.S.B.",Sterling,IL,507,ILLINOIS DISTRICT OFFICE,2,773000,579750,386500.0,75.0
North State Bank,Raleigh,NC,202,NEW YORK DISTRICT OFFICE,1,771000,578250,771000.0,75.0
"Harvest Small Business Finance, LLC",Laguna Hills,CA,304,RICHMOND DISTRICT OFFICE,2,770300,577725,385150.0,75.0
Midwest BankCentre,Saint Louis,MO,610,DALLAS / FT WORTH DISTRICT OFFICE,1,770000,577500,770000.0,75.0
Bank of Wisconsin Dells,Wisconsin Dells,WI,563,WISCONSIN DISTRICT OFFICE,3,767800,588350,255933.33,76.63
"Wilmington Savings Fund Society, FSB",Wilmington,DE,562,INDIANA DISTRICT OFFICE,1,765000,573750,765000.0,75.0
Platinum Bank,Oakdale,MN,303,PHILADELPHIA DISTRICT OFFICE,2,765000,555000,382500.0,72.55
Byline Bank,Chicago,IL,172,MAINE DISTRICT OFFICE,1,765000,573750,765000.0,75.0
Coast360 FCU,Maite,GU,951,HAWAII DISTRICT OFFICE,10,764000,558500,76400.0,73.1
"Leader Bank, National Association",Arlington,MA,405,GEORGIA DISTRICT OFFICE,1,763000,572250,763000.0,75.0
Peoples Bank,Mendenhall,MS,549,CLEVELAND DISTRICT OFFICE,1,762300,571725,762300.0,75.0
BankSouth,Greensboro,GA,405,GEORGIA DISTRICT OFFICE,1,762300,571725,762300.0,75.0
Liberty National Bank,Sioux City,IA,876,SOUTH DAKOTA DISTRICT OFFICE,1,760500,570375,760500.0,75.0
KeyBank National Association,Cleveland,OH,373,BALTIMORE DISTRICT OFFICE,1,760500,570375,760500.0,75.0
"Centerstone SBA Lending, Inc.",Los Angeles,CA,671,HOUSTON DISTRICT OFFICE,1,760000,570000,760000.0,75.0
State Bank of Table Rock,Table Rock,NE,766,NEBRASKA DISTRICT OFFICE,4,760000,380000,190000.0,50.0
Hancock Whitney Bank,Gulfport,MS,639,LOWER RIO GRANDE VALLEY DISTRICT OFFICE,1,760000,570000,760000.0,75.0
"Heritage Bank, Inc.",Burlington,KY,515,MICHIGAN DISTRICT OFFICE,3,760000,600000,253333.33,78.95
"First Western SBLC, Inc",Dallas,TX,768,ST. LOUIS DISTRICT OFFICE,1,760000,570000,760000.0,75.0
BayFirst National Bank,Saint Petersburg,FL,885,MONTANA DISTRICT OFFICE,6,758900,645065,126483.33,85.0
Stearns Bank National Association,Saint Cloud,MN,671,HOUSTON DISTRICT OFFICE,3,758000,583500,252666.67,76.98
First-Citizens Bank & Trust Company,Raleigh,NC,679,LOUISIANA DISTRICT OFFICE,1,757600,568200,757600.0,75.0
Community Bank of Mississippi,Flowood,MS,459,ALABAMA DISTRICT OFFICE,4,757300,551850,189325.0,72.87
State Empl CU,Santa Fe,NM,682,NEW MEXICO DISTRICT OFFICE,1,757000,567750,757000.0,75.0
"INB, National Association",Springfield,IL,768,ST. LOUIS DISTRICT OFFICE,1,756300,567225,756300.0,75.0
American Momentum Bank,College Station,TX,507,ILLINOIS DISTRICT OFFICE,1,756200,567150,756200.0,75.0
"VelocitySBA, LLC",Costa Mesa,CA,474,TENNESSEE DISTRICT OFFICE,1,756000,567000,756000.0,75.0
Old National Bank,Evansville,IN,464,SOUTH CAROLINA DISTRICT OFFICE,1,752900,564675,752900.0,75.0
"Lendistry SBLC, LLC",Los Angeles,CA,885,MONTANA DISTRICT OFFICE,3,752700,589795,250900.0,78.36
"Lendistry SBLC, LLC",Los Angeles,CA,248,SYRACUSE DISTRICT OFFICE,3,752700,589795,250900.0,78.36
"United Midwest Savings Bank, National Association",De Graff,OH,954,SAN DIEGO DISTRICT OFFICE,3,751500,578625,250500.0,77.0
"SouthState Bank, National Association",Winter Haven,FL,679,LOUISIANA DISTRICT OFFICE,1,750100,562575,750100.0,75.0
Bank Five Nine,Oconomowoc,WI,562,INDIANA DISTRICT OFFICE,1,750000,562500,750000.0,75.0
American Momentum Bank,College Station,TX,464,SOUTH CAROLINA DISTRICT OFFICE,1,750000,562500,750000.0,75.0
Lincoln Savings Bank,Reinbeck,IA,944,NEVADA DISTRICT OFFICE,1,750000,562500,750000.0,75.0
West Town Bank & Trust,North Riverside,IL,491,NORTH FLORIDA DISTRICT OFFICE,3,750000,572500,250000.0,76.33
First Bank,Southern Pines,NC,353,WASHINGTON DISTRICT OFFICE,1,750000,562500,750000.0,75.0
"Heritage Bank, Inc.",Burlington,KY,101,MASSACHUSETTS DISTRICT OFFICE,5,750000,637500,150000.0,85.0
Civista Bank,Sandusky,OH,562,INDIANA DISTRICT OFFICE,1,750000,562500,750000.0,75.0
FFB Bank,Fresno,CA,455,SOUTH FLORIDA DISTRICT OFFICE,2,750000,500000,375000.0,66.67
"Heritage Bank, Inc.",Burlington,KY,460,NORTH CAROLINA DISTRICT OFFICE,5,750000,637500,150000.0,85.0
Security State Bank & Trust,Fredericksburg,TX,639,LOWER RIO GRANDE VALLEY DISTRICT OFFICE,1,750000,562500,750000.0,75.0
West Town Bank & Trust,North Riverside,IL,885,MONTANA DISTRICT OFFICE,2,750000,562500,375000.0,75.0
"Heritage Bank, Inc.",Burlington,KY,988,ARIZONA DISTRICT OFFICE,5,750000,637500,150000.0,85.0
Colony Bank,Fitzgerald,GA,457,KENTUCKY DISTRICT OFFICE,5,750000,637500,150000.0,85.0
Liberty Bank and Trust Company,New Orleans,LA,671,HOUSTON DISTRICT OFFICE,2,750000,512500,375000.0,68.33
Fairfax State Savings Bank,Fairfax,IA,761,DES MOINES DISTRICT OFFICE,5,748800,542900,149760.0,72.5
Lake Elmo Bank,Lake Elmo,MN,508,MINNESOTA DISTRICT OFFICE,3,748500,533075,249500.0,71.22
"TransPecos Banks, SSB.",Pecos,TX,677,EL PASO DISTRICT OFFICE,1,747000,560250,747000.0,75.0
First Savings Bank,Beresford,SD,682,NEW MEXICO DISTRICT OFFICE,5,744600,372300,148920.0,50.0
Veritex Community Bank,Dallas,TX,811,COLORADO DISTRICT OFFICE,1,744200,558150,744200.0,75.0
OMB Bank,Springfield,MO,680,OKLAHOMA DISTRICT OFFICE,2,744000,573000,372000.0,77.02
"Wells Fargo Bank, National Association",Sioux Falls,SD,679,LOUISIANA DISTRICT OFFICE,2,744000,558000,372000.0,75.0
"T Bank, National Association",Dallas,TX,593,COLUMBUS DISTRICT OFFICE,1,742900,557175,742900.0,75.0
Busey Bank,Champaign,IL,562,INDIANA DISTRICT OFFICE,1,742000,556500,742000.0,75.0
Pathward National Association,Sioux Falls,SD,474,TENNESSEE DISTRICT OFFICE,1,742000,556500,742000.0,75.0
Simmons Bank,Pine Bluff,AR,669,ARKANSAS DISTRICT OFFICE,5,741900,531925,148380.0,71.7
PeopleFund,Austin,TX,677,EL PASO DISTRICT OFFICE,5,741100,587725,148220.0,79.3
Northeast Bank,Lewiston,ME,172,MAINE DISTRICT OFFICE,10,740000,629000,74000.0,85.0
PeopleFund,Austin,TX,678,LUBBOCK DISTRICT OFFICE,6,739800,610830,123300.0,82.57
ConnectOne Bank,Englewood Cliffs,NJ,460,NORTH CAROLINA DISTRICT OFFICE,2,738000,553500,369000.0,75.0
Icon Business Bank,Riverside,CA,914,LOS ANGELES DISTRICT OFFICE,1,737800,553350,737800.0,75.0
First Bank of the Lake,Osage Beach,MO,373,BALTIMORE DISTRICT OFFICE,3,737500,583125,245833.33,79.07
Northeast Bank,Lewiston,ME,885,MONTANA DISTRICT OFFICE,6,736700,576195,122783.33,78.21
East West Bank,Pasadena,CA,931,SACRAMENTO DISTRICT OFFICE,3,736000,557100,245333.33,75.69
Legence Bank,Eldorado,IL,562,INDIANA DISTRICT OFFICE,4,735800,545850,183950.0,74.18
"Wells Fargo Bank, National Association",Sioux Falls,SD,767,WICHITA DISTRICT OFFICE,2,735000,547500,367500.0,74.49
Shinhan Bank America,New York,NY,954,SAN DIEGO DISTRICT OFFICE,2,732500,549375,366250.0,75.0
"CRF Small Business Loan Company, LLC",Minneapolis,MN,304,RICHMOND DISTRICT OFFICE,2,732000,549000,366000.0,75.0
"CRF Small Business Loan Company, LLC",Minneapolis,MN,508,MINNESOTA DISTRICT OFFICE,3,732000,549000,244000.0,75.0
Mt. McKinley Bank,Fairbanks,AK,1084,ALASKA DISTRICT OFFICE,6,731100,505800,121850.0,69.18
Oconee State Bank,Watkinsville,GA,610,DALLAS / FT WORTH DISTRICT OFFICE,1,730700,548025,730700.0,75.0
First Commonwealth Bank,Indiana,PA,474,TENNESSEE DISTRICT OFFICE,2,730700,548025,365350.0,75.0
"T Bank, National Association",Dallas,TX,677,EL PASO DISTRICT OFFICE,1,730200,657180,730200.0,90.0
Oconee State Bank,Watkinsville,GA,671,HOUSTON DISTRICT OFFICE,1,730000,547500,730000.0,75.0
Planters Bank & Trust Company,Indianola,MS,470,MISSISSIPPI DISTRICT OFFICE,1,730000,547500,730000.0,75.0
First Western Bank & Trust,Minot,ND,875,NORTH DAKOTA DISTRICT OFFICE,4,730000,365000,182500.0,50.0
"SouthStar Bank, S.S.B.",Moulton,TX,681,SAN ANTONIO DISTRICT OFFICE,3,729800,547350,243266.67,75.0
One Community Bank,Oregon,WI,563,WISCONSIN DISTRICT OFFICE,6,727800,565750,121300.0,77.73
Neighborhood National Bank,El Cajon,CA,954,SAN DIEGO DISTRICT OFFICE,1,727400,545550,727400.0,75.0
City National Bank,Los Angeles,CA,299,NEW JERSEY DISTRICT OFFICE,3,727000,545250,242333.33,75.0
CIBC Bank USA,Chicago,IL,491,NORTH FLORIDA DISTRICT OFFICE,3,725500,531625,241833.33,73.28
Land of Lincoln CU,Decatur,IL,507,ILLINOIS DISTRICT OFFICE,5,725100,513825,145020.0,70.86
Exos Small Business Lending LLC,New York,NY,353,WASHINGTON DISTRICT OFFICE,2,725000,543750,362500.0,75.0
"Citibank, N.A.",Sioux Falls,SD,912,SAN FRANCISCO DISTRICT OFFICE,4,725000,362500,181250.0,50.0
SouthernTrust Bank,Goreville,IL,507,ILLINOIS DISTRICT OFFICE,1,725000,543750,725000.0,75.0
United Cumberland Bank,Whitley City,KY,457,KENTUCKY DISTRICT OFFICE,2,725000,362500,362500.0,50.0
Torrington Savings Bank,Torrington,CT,156,CONNECTICUT DISTRICT OFFICE,4,721000,360500,180250.0,50.0
Ponce Bank,New York City,NY,299,NEW JERSEY DISTRICT OFFICE,2,721000,540750,360500.0,75.0
Veritex Community Bank,Dallas,TX,767,WICHITA DISTRICT OFFICE,1,720700,540525,720700.0,75.0
Citizens Bank,Elizabethton,TN,944,NEVADA DISTRICT OFFICE,2,720500,540375,360250.0,75.0
Colony Bank,Fitzgerald,GA,508,MINNESOTA DISTRICT OFFICE,3,720300,562255,240100.0,78.06
Diversified Members CU,Detroit,MI,610,DALLAS / FT WORTH DISTRICT OFFICE,1,720000,540000,720000.0,75.0
FWBank,Chicago,IL,1086,PORTLAND DISTRICT OFFICE,1,720000,540000,720000.0,75.0
Evolve Bank and Trust,West Memphis,AR,883,UTAH DISTRICT OFFICE,1,719000,539250,719000.0,75.0
Greater State Bank,Mcallen,TX,639,LOWER RIO GRANDE VALLEY DISTRICT OFFICE,6,719000,359500,119833.33,50.0
Midwest Regional Bank,Festus,MO,709,KANSAS CITY DISTRICT OFFICE,3,718000,538500,239333.33,75.0
The Commercial Bank,Crawford,GA,405,GEORGIA DISTRICT OFFICE,2,717000,552750,358500.0,77.09
Citizens Bank & Trust,Guntersville,AL,459,ALABAMA DISTRICT OFFICE,1,716000,537000,716000.0,75.0
Central Bank,Tampa,FL,455,SOUTH FLORIDA DISTRICT OFFICE,2,716000,537000,358000.0,75.0
Sunwest Bank,Sandy,UT,914,LOS ANGELES DISTRICT OFFICE,1,715500,536625,715500.0,75.0
Old National Bank,Evansville,IN,353,WASHINGTON DISTRICT OFFICE,1,715000,536250,715000.0,75.0
Stone Bank,Mountain View,AR,669,ARKANSAS DISTRICT OFFICE,1,715000,536250,715000.0,75.0
First Financial Bank,El Dorado,AR,464,SOUTH CAROLINA DISTRICT OFFICE,2,715000,538750,357500.0,75.35
"JPMorgan Chase Bank, National Association",Columbus,OH,678,LUBBOCK DISTRICT OFFICE,3,714500,480375,238166.67,67.23
Fortress Bank,Peoria,IL,761,DES MOINES DISTRICT OFFICE,2,713900,535425,356950.0,75.0
"Lendistry SBLC, LLC",Los Angeles,CA,669,ARKANSAS DISTRICT OFFICE,6,713000,580780,118833.33,81.46
"Harvest Small Business Finance, LLC",Laguna Hills,CA,768,ST. LOUIS DISTRICT OFFICE,1,712500,534375,712500.0,75.0
Citizens Bank,Elizabethton,TN,457,KENTUCKY DISTRICT OFFICE,2,712500,534375,356250.0,75.0
Western Alliance Bank,Phoenix,AZ,455,SOUTH FLORIDA DISTRICT OFFICE,1,712100,534075,712100.0,75.0
The Riddell National Bank,Brazil,IN,562,INDIANA DISTRICT OFFICE,3,710000,495000,236666.67,69.72
"First Western SBLC, Inc",Dallas,TX,491,NORTH FLORIDA DISTRICT OFFICE,1,709000,531750,709000.0,75.0
Trenton Business Assistance Corporation,Princeton,NJ,303,PHILADELPHIA DISTRICT OFFICE,4,709000,545650,177250.0,76.96
BankIowa,Cedar Rapids,IA,761,DES MOINES DISTRICT OFFICE,2,708000,531000,354000.0,75.0
United Bank,Zebulon,GA,405,GEORGIA DISTRICT OFFICE,3,708000,531000,236000.0,75.0
CDC Small Business Finance Corporation,San Diego,CA,299,NEW JERSEY DISTRICT OFFICE,4,707900,571925,176975.0,80.79
Seacoast National Bank,Stuart,FL,303,PHILADELPHIA DISTRICT OFFICE,1,706500,529875,706500.0,75.0
Seacoast National Bank,Stuart,FL,1087,BOISE DISTRICT OFFICE,1,706000,529500,706000.0,75.0
Bank of Springfield,Springfield,IL,709,KANSAS CITY DISTRICT OFFICE,1,706000,529500,706000.0,75.0
Veritex Community Bank,Dallas,TX,1084,ALASKA DISTRICT OFFICE,1,705800,529350,705800.0,75.0
"VelocitySBA, LLC",Costa Mesa,CA,508,MINNESOTA DISTRICT OFFICE,1,705000,528750,705000.0,75.0
Stearns Bank National Association,Saint Cloud,MN,1087,BOISE DISTRICT OFFICE,2,705000,536250,352500.0,76.06
The Park National Bank,Newark,OH,464,SOUTH CAROLINA DISTRICT OFFICE,5,705000,484250,141000.0,68.69
American Momentum Bank,College Station,TX,299,NEW JERSEY DISTRICT OFFICE,1,704000,528000,704000.0,75.0
RiverBank,Pocahontas,AR,669,ARKANSAS DISTRICT OFFICE,8,702000,351000,87750.0,50.0
Northeast Bank,Lewiston,ME,1087,BOISE DISTRICT OFFICE,4,701800,546530,175450.0,77.88
HomeTrust Bank,Asheville,NC,610,DALLAS / FT WORTH DISTRICT OFFICE,2,701000,525750,350500.0,75.0
BankNewport,Newport,RI,101,MASSACHUSETTS DISTRICT OFFICE,3,700000,350000,233333.33,50.0
Mortgage Capital Development Corporation,Oakland,CA,920,SANTA ANA DISTRICT OFFICE,5,700000,595000,140000.0,85.0
"Heritage Bank, Inc.",Burlington,KY,1013,SEATTLE DISTRICT OFFICE,5,700000,595000,140000.0,85.0
Cadence Bank,Tupelo,MS,296,BUFFALO DISTRICT OFFICE,2,700000,525000,350000.0,75.0
Peoples Bank,Lyons,GA,405,GEORGIA DISTRICT OFFICE,1,700000,525000,700000.0,75.0
First IC Bank,Doraville,GA,1013,SEATTLE DISTRICT OFFICE,3,700000,555000,233333.33,79.29
Bank Rhode Island,Providence,RI,202,NEW YORK DISTRICT OFFICE,2,700000,525000,350000.0,75.0
Main Street Launch,Oakland,CA,954,SAN DIEGO DISTRICT OFFICE,3,700000,535000,233333.33,76.43
First National Bank of Coffee County,Douglas,GA,304,RICHMOND DISTRICT OFFICE,1,700000,525000,700000.0,75.0
Time Bank,Park Ridge,IL,681,SAN ANTONIO DISTRICT OFFICE,1,700000,525000,700000.0,75.0
First Chatham Bank,Savannah,GA,455,SOUTH FLORIDA DISTRICT OFFICE,1,700000,525000,700000.0,75.0
CDC Small Business Finance Corporation,San Diego,CA,1086,PORTLAND DISTRICT OFFICE,2,700000,525000,350000.0,75.0
Bank3,Memphis,TN,474,TENNESSEE DISTRICT OFFICE,1,700000,525000,700000.0,75.0
First Bank Richmond,Richmond,IN,562,INDIANA DISTRICT OFFICE,2,700000,525000,350000.0,75.0
Hanover Community Bank,Mineola,NY,942,FRESNO DISTRICT OFFICE,1,700000,525000,700000.0,75.0
Shoreham Bank,Warwick,RI,202,NEW YORK DISTRICT OFFICE,1,700000,525000,700000.0,75.0
Bankwell Bank,New Canaan,CT,202,NEW YORK DISTRICT OFFICE,2,700000,525000,350000.0,75.0
Hawthorn Bank,Jefferson City,MO,768,ST. LOUIS DISTRICT OFFICE,6,698500,543225,116416.67,77.77
PeopleFund,Austin,TX,639,LOWER RIO GRANDE VALLEY DISTRICT OFFICE,5,697700,570775,139540.0,81.81
Northeast Bank,Lewiston,ME,296,BUFFALO DISTRICT OFFICE,10,697700,573045,69770.0,82.13
"LendingClub Bank, National Association",Lehi,UT,101,MASSACHUSETTS DISTRICT OFFICE,1,697000,522750,697000.0,75.0
"Wells Fargo Bank, National Association",Sioux Falls,SD,885,MONTANA DISTRICT OFFICE,16,693900,460425,43368.75,66.35
22nd State Bank,Louisville,AL,474,TENNESSEE DISTRICT OFFICE,2,693700,520275,346850.0,75.0
First Bank of the Lake,Osage Beach,MO,248,SYRACUSE DISTRICT OFFICE,2,693000,534750,346500.0,77.16
Stearns Bank National Association,Saint Cloud,MN,942,FRESNO DISTRICT OFFICE,2,693000,524750,346500.0,75.72
Riverstone Bank,Eagle,NE,897,WYOMING DISTRICT OFFICE,1,692000,519000,692000.0,75.0
First IC Bank,Doraville,GA,248,SYRACUSE DISTRICT OFFICE,1,690000,517500,690000.0,75.0
22nd State Bank,Louisville,AL,671,HOUSTON DISTRICT OFFICE,1,690000,517500,690000.0,75.0
"United Midwest Savings Bank, National Association",De Graff,OH,767,WICHITA DISTRICT OFFICE,5,690000,586500,138000.0,85.0
"First Western SBLC, Inc",Dallas,TX,299,NEW JERSEY DISTRICT OFFICE,1,690000,517500,690000.0,75.0
Citizens Business Bank,Ontario,CA,682,NEW MEXICO DISTRICT OFFICE,1,689000,516750,689000.0,75.0
Mission Valley Bank,Sun Valley,CA,202,NEW YORK DISTRICT OFFICE,1,688500,516375,688500.0,75.0
Credit Union One,Ferndale,MI,515,MICHIGAN DISTRICT OFFICE,2,686100,514575,343050.0,75.0
"LendingClub Bank, National Association",Lehi,UT,912,SAN FRANCISCO DISTRICT OFFICE,1,686000,514500,686000.0,75.0
"California International Bank, A National Banking Associatio",Westminster,CA,920,SANTA ANA DISTRICT OFFICE,1,685700,514275,685700.0,75.0
Flagstar Bank National Association,Hicksville,NY,455,SOUTH FLORIDA DISTRICT OFFICE,4,684000,359325,171000.0,52.53
Mission Valley Bank,Sun Valley,CA,358,PITTSBURGH DISTRICT OFFICE,1,684000,513000,684000.0,75.0
Citizens Bank,Elizabethton,TN,912,SAN FRANCISCO DISTRICT OFFICE,1,683500,512625,683500.0,75.0
KeyPoint CU,San Jose,CA,304,RICHMOND DISTRICT OFFICE,1,682700,512025,682700.0,75.0
Seacoast National Bank,Stuart,FL,405,GEORGIA DISTRICT OFFICE,1,681100,510825,681100.0,75.0
The Huntington National Bank,Columbus,OH,165,RHODE ISLAND DISTRICT OFFICE,4,681000,490750,170250.0,72.06
Commonwealth Business Bank,Los Angeles,CA,912,SAN FRANCISCO DISTRICT OFFICE,1,680000,510000,680000.0,75.0
Commonwealth Business Bank,Los Angeles,CA,563,WISCONSIN DISTRICT OFFICE,1,680000,510000,680000.0,75.0
Pinnacle Bank,Nashville,TN,920,SANTA ANA DISTRICT OFFICE,1,680000,510000,680000.0,75.0
Asian Bank,Philadelphia,PA,299,NEW JERSEY DISTRICT OFFICE,2,680000,510000,340000.0,75.0
"NBT Bank, National Association",Norwich,NY,150,VERMONT DISTRICT OFFICE,1,680000,510000,680000.0,75.0
Mission Valley Bank,Sun Valley,CA,459,ALABAMA DISTRICT OFFICE,1,679100,509325,679100.0,75.0
NewBank,Queens,NY,811,COLORADO DISTRICT OFFICE,1,679000,509250,679000.0,75.0
Hanover Community Bank,Mineola,NY,341,DELAWARE DISTRICT OFFICE,1,678000,508500,678000.0,75.0
Midwest BankCentre,Saint Louis,MO,912,SAN FRANCISCO DISTRICT OFFICE,1,678000,508500,678000.0,75.0
CDC Small Business Finance Corporation,San Diego,CA,671,HOUSTON DISTRICT OFFICE,5,676500,540025,135300.0,79.83
Heritage Family FCU,Rutland,VT,150,VERMONT DISTRICT OFFICE,6,674400,337200,112400.0,50.0
"NBT Bank, National Association",Norwich,NY,172,MAINE DISTRICT OFFICE,3,672400,416800,224133.33,61.99
First Commonwealth Bank,Indiana,PA,507,ILLINOIS DISTRICT OFFICE,3,671000,490750,223666.67,73.14
Wilson & Muir Bank & Trust Company,Bardstown,KY,457,KENTUCKY DISTRICT OFFICE,3,670700,460350,223566.67,68.64
The First National Bank of Aspermont,Aspermont,TX,678,LUBBOCK DISTRICT OFFICE,1,670000,502500,670000.0,75.0
First Chatham Bank,Savannah,GA,341,DELAWARE DISTRICT OFFICE,1,670000,502500,670000.0,75.0
"U.S. Bank, National Association",Cincinnati,OH,491,NORTH FLORIDA DISTRICT OFFICE,4,667500,477375,166875.0,71.52
First National Bank of Pana,Pana,IL,507,ILLINOIS DISTRICT OFFICE,3,667300,500475,222433.33,75.0
"Citibank, N.A.",Sioux Falls,SD,671,HOUSTON DISTRICT OFFICE,1,666000,499500,666000.0,75.0
22nd State Bank,Louisville,AL,682,NEW MEXICO DISTRICT OFFICE,1,665000,498750,665000.0,75.0
Peoples Bank,Lubbock,TX,610,DALLAS / FT WORTH DISTRICT OFFICE,2,664400,498300,332200.0,75.0
Oconee State Bank,Watkinsville,GA,811,COLORADO DISTRICT OFFICE,1,664400,498300,664400.0,75.0
Gulf Coast Bank and Trust Company,New Orleans,LA,988,ARIZONA DISTRICT OFFICE,1,664000,498000,664000.0,75.0
First Interstate Bank,Billings,MT,709,KANSAS CITY DISTRICT OFFICE,2,663800,491750,331900.0,74.08
Veritex Community Bank,Dallas,TX,914,LOS ANGELES DISTRICT OFFICE,1,663700,497775,663700.0,75.0
First IC Bank,Doraville,GA,671,HOUSTON DISTRICT OFFICE,1,662000,496500,662000.0,75.0
Commonwealth Business Bank,Los Angeles,CA,944,NEVADA DISTRICT OFFICE,1,662000,496500,662000.0,75.0
"Leader Bank, National Association",Arlington,MA,460,NORTH CAROLINA DISTRICT OFFICE,1,660000,495000,660000.0,75.0
Northeast Bank,Lewiston,ME,876,SOUTH DAKOTA DISTRICT OFFICE,5,659900,510915,131980.0,77.42
Citizens Bank,Elizabethton,TN,766,NEBRASKA DISTRICT OFFICE,1,658000,493500,658000.0,75.0
22nd State Bank,Louisville,AL,944,NEVADA DISTRICT OFFICE,1,658000,493500,658000.0,75.0
Triangle CU,Nashua,NH,189,NEW HAMPSHIRE DISTRICT OFFICE,4,657400,496200,164350.0,75.48
Vermont FCU,Burlington,VT,150,VERMONT DISTRICT OFFICE,8,657300,328650,82162.5,50.0
Citizens National Bank of Cheboygan,Cheboygan,MI,515,MICHIGAN DISTRICT OFFICE,3,657000,328500,219000.0,50.0
Ergo Bank,Markesan,WI,563,WISCONSIN DISTRICT OFFICE,2,656000,460750,328000.0,70.24
"CRF Small Business Loan Company, LLC",Minneapolis,MN,1013,SEATTLE DISTRICT OFFICE,2,655000,491250,327500.0,75.0
Cogent Bank,Orlando,FL,304,RICHMOND DISTRICT OFFICE,1,655000,491250,655000.0,75.0
"VelocitySBA, LLC",Costa Mesa,CA,457,KENTUCKY DISTRICT OFFICE,1,655000,491250,655000.0,75.0
The Huntington National Bank,Columbus,OH,172,MAINE DISTRICT OFFICE,2,654500,478375,327250.0,73.09
OneSouth Bank,Blakely,GA,405,GEORGIA DISTRICT OFFICE,2,654000,490500,327000.0,75.0
The Fidelity Bank,Fuquay Varina,NC,455,SOUTH FLORIDA DISTRICT OFFICE,1,653000,489750,653000.0,75.0
Meadows Bank,Las Vegas,NV,920,SANTA ANA DISTRICT OFFICE,1,652900,489675,652900.0,75.0
Premier Bank National Association,Omaha,NE,766,NEBRASKA DISTRICT OFFICE,1,652500,489375,652500.0,75.0
Dogwood State Bank,Raleigh,NC,373,BALTIMORE DISTRICT OFFICE,1,651800,488850,651800.0,75.0
Colony Bank,Fitzgerald,GA,563,WISCONSIN DISTRICT OFFICE,5,651800,535900,130360.0,82.22
Mountain Pacific Bank,Everett,WA,811,COLORADO DISTRICT OFFICE,1,650000,487500,650000.0,75.0
Honor Bank,Honor,MI,515,MICHIGAN DISTRICT OFFICE,2,650000,450000,325000.0,69.23
Coastal States Bank,Hilton Head Island,SC,920,SANTA ANA DISTRICT OFFICE,1,650000,487500,650000.0,75.0
Cadence Bank,Tupelo,MS,768,ST. LOUIS DISTRICT OFFICE,3,650000,492500,216666.67,75.77
Travis CU,Vacaville,CA,912,SAN FRANCISCO DISTRICT OFFICE,3,650000,512500,216666.67,78.85
First Bank of the Lake,Osage Beach,MO,189,NEW HAMPSHIRE DISTRICT OFFICE,2,650000,502500,325000.0,77.31
Texas Bank,Brownwood,TX,610,DALLAS / FT WORTH DISTRICT OFFICE,2,650000,377500,325000.0,58.08
"AMPAC Tri-State CDC, Inc.",Ontario,CA,954,SAN DIEGO DISTRICT OFFICE,2,650000,487500,325000.0,75.0
Great Plains State Bank,Petersburg,NE,766,NEBRASKA DISTRICT OFFICE,1,650000,487500,650000.0,75.0
Signature Bank,Rosemont,IL,563,WISCONSIN DISTRICT OFFICE,1,650000,487500,650000.0,75.0
Franklin Savings Bank,Farmington,ME,172,MAINE DISTRICT OFFICE,3,650000,325000,216666.67,50.0
PromiseOne Bank,Duluth,GA,202,NEW YORK DISTRICT OFFICE,1,650000,487500,650000.0,75.0
Town & Country Bank,Salem,MO,709,KANSAS CITY DISTRICT OFFICE,2,650000,487500,325000.0,75.0
Small Business Assistance Corporation,Savannah,GA,405,GEORGIA DISTRICT OFFICE,3,648900,501675,216300.0,77.31
InFirst Bank,Indiana,PA,358,PITTSBURGH DISTRICT OFFICE,9,648700,324350,72077.78,50.0
HomeTrust Bank,Asheville,NC,101,MASSACHUSETTS DISTRICT OFFICE,1,648000,486000,648000.0,75.0
Peru Federal Savings Bank,Peru,IL,507,ILLINOIS DISTRICT OFFICE,2,647700,485775,323850.0,75.0
Integro Bank,Phoenix,AZ,610,DALLAS / FT WORTH DISTRICT OFFICE,1,645500,484125,645500.0,75.0
"CRF Small Business Loan Company, LLC",Minneapolis,MN,988,ARIZONA DISTRICT OFFICE,1,645000,483750,645000.0,75.0
"Heritage Bank, Inc.",Burlington,KY,1086,PORTLAND DISTRICT OFFICE,2,645000,498750,322500.0,77.33
First Chatham Bank,Savannah,GA,1086,PORTLAND DISTRICT OFFICE,2,645000,471125,322500.0,73.04
Cadence Bank,Tupelo,MS,682,NEW MEXICO DISTRICT OFFICE,4,645000,493750,161250.0,76.55
Meadows Bank,Las Vegas,NV,474,TENNESSEE DISTRICT OFFICE,1,645000,483750,645000.0,75.0
CDC Small Business Finance Corporation,San Diego,CA,405,GEORGIA DISTRICT OFFICE,9,643000,546550,71444.44,85.0
Magnifi Financial CU,Melrose,MN,474,TENNESSEE DISTRICT OFFICE,2,642100,481575,321050.0,75.0
First Internet Bank of Indiana,Fishers,IN,156,CONNECTICUT DISTRICT OFFICE,1,641000,480750,641000.0,75.0
Prosperity Bank,El Campo,TX,639,LOWER RIO GRANDE VALLEY DISTRICT OFFICE,1,640600,480450,640600.0,75.0
CIBC Bank USA,Chicago,IL,954,SAN DIEGO DISTRICT OFFICE,2,640500,455375,320250.0,71.1
Commonwealth Business Bank,Los Angeles,CA,459,ALABAMA DISTRICT OFFICE,1,640000,480000,640000.0,75.0
Huron Community Bank,East Tawas,MI,515,MICHIGAN DISTRICT OFFICE,1,640000,480000,640000.0,75.0
First National Bank of Coffee County,Douglas,GA,671,HOUSTON DISTRICT OFFICE,1,640000,480000,640000.0,75.0
Partners Bank of California,Mission Viejo,CA,914,LOS ANGELES DISTRICT OFFICE,1,640000,480000,640000.0,75.0
Northwest Bank,Boise,ID,885,MONTANA DISTRICT OFFICE,2,640000,455000,320000.0,71.09
First Internet Bank of Indiana,Fishers,IN,303,PHILADELPHIA DISTRICT OFFICE,1,640000,480000,640000.0,75.0
Banc of California,Los Angeles,CA,988,ARIZONA DISTRICT OFFICE,1,639000,479250,639000.0,75.0
Five Star Bank,Rancho Cordova,CA,491,NORTH FLORIDA DISTRICT OFFICE,1,638000,478500,638000.0,75.0
Equity Bank,Andover,KS,610,DALLAS / FT WORTH DISTRICT OFFICE,1,637500,478125,637500.0,75.0
"Harvest Small Business Finance, LLC",Laguna Hills,CA,709,KANSAS CITY DISTRICT OFFICE,1,637500,478125,637500.0,75.0
Berkshire Bank,Pittsfield,MA,464,SOUTH CAROLINA DISTRICT OFFICE,1,637000,477750,637000.0,75.0
Washington Business Bank,Olympia,WA,1086,PORTLAND DISTRICT OFFICE,1,635000,476250,635000.0,75.0
Grand Ridge National Bank,Wheaton,IL,405,GEORGIA DISTRICT OFFICE,1,635000,476250,635000.0,75.0
Sonata Bank,Brentwood,TN,459,ALABAMA DISTRICT OFFICE,1,634500,475875,634500.0,75.0
KeyBank National Association,Cleveland,OH,508,MINNESOTA DISTRICT OFFICE,1,634000,475500,634000.0,75.0
Stearns Bank National Association,Saint Cloud,MN,299,NEW JERSEY DISTRICT OFFICE,4,633000,519750,158250.0,82.11
Gateway First Bank,Jenks,OK,680,OKLAHOMA DISTRICT OFFICE,2,631700,473775,315850.0,75.0
First National Community Bank,New Richmond,WI,508,MINNESOTA DISTRICT OFFICE,7,631500,400750,90214.29,63.46
Tompkins Community Bank,Ithaca,NY,156,CONNECTICUT DISTRICT OFFICE,3,631500,473625,210500.0,75.0
Collins Community Credit Union,Cedar Rapids,IA,761,DES MOINES DISTRICT OFFICE,1,630000,472500,630000.0,75.0
Johnson Bank,Racine,WI,563,WISCONSIN DISTRICT OFFICE,2,630000,367500,315000.0,58.33
Meadows Bank,Las Vegas,NV,304,RICHMOND DISTRICT OFFICE,1,630000,472500,630000.0,75.0
"T Bank, National Association",Dallas,TX,405,GEORGIA DISTRICT OFFICE,1,630000,472500,630000.0,75.0
KeyBank National Association,Cleveland,OH,944,NEVADA DISTRICT OFFICE,1,628000,471000,628000.0,75.0
"Blue Ridge Bank, National Association",Martinsville,VA,405,GEORGIA DISTRICT OFFICE,2,627500,458125,313750.0,73.01
Bank Five Nine,Oconomowoc,WI,202,NEW YORK DISTRICT OFFICE,2,627000,470250,313500.0,75.0
"Capital One, National Association",Mclean,VA,563,WISCONSIN DISTRICT OFFICE,1,626100,469575,626100.0,75.0
"Centerstone SBA Lending, Inc.",Los Angeles,CA,296,BUFFALO DISTRICT OFFICE,1,626000,469500,626000.0,75.0
First IC Bank,Doraville,GA,470,MISSISSIPPI DISTRICT OFFICE,1,625000,468750,625000.0,75.0
"Wells Fargo Bank, National Association",Sioux Falls,SD,951,HAWAII DISTRICT OFFICE,2,625000,463750,312500.0,74.2
"Centerstone SBA Lending, Inc.",Los Angeles,CA,515,MICHIGAN DISTRICT OFFICE,1,625000,468750,625000.0,75.0
Peoples Bank,Mendenhall,MS,709,KANSAS CITY DISTRICT OFFICE,1,625000,468750,625000.0,75.0
Colony Bank,Fitzgerald,GA,474,TENNESSEE DISTRICT OFFICE,3,624000,490400,208000.0,78.59
"VelocitySBA, LLC",Costa Mesa,CA,709,KANSAS CITY DISTRICT OFFICE,1,623000,467250,623000.0,75.0
Sawyer Savings Bank,Saugerties,NY,202,NEW YORK DISTRICT OFFICE,1,621000,465750,621000.0,75.0
Cogent Bank,Orlando,FL,460,NORTH CAROLINA DISTRICT OFFICE,1,620000,465000,620000.0,75.0
Summit State Bank,Santa Rosa,CA,988,ARIZONA DISTRICT OFFICE,1,620000,465000,620000.0,75.0
Seattle Economic Development Fund dba Community Ca,Seattle,WA,1013,SEATTLE DISTRICT OFFICE,3,620000,478500,206666.67,77.18
Skyline National Bank,Independence,VA,304,RICHMOND DISTRICT OFFICE,4,619300,470665,154825.0,76.0
Merchants Bank of Indiana,Carmel,IN,491,NORTH FLORIDA DISTRICT OFFICE,1,619000,464250,619000.0,75.0
Community Bank of Oelwein,Oelwein,IA,761,DES MOINES DISTRICT OFFICE,2,618700,455440,309350.0,73.61
North State Bank,Raleigh,NC,912,SAN FRANCISCO DISTRICT OFFICE,1,618300,463725,618300.0,75.0
"LendingClub Bank, National Association",Lehi,UT,457,KENTUCKY DISTRICT OFFICE,1,618000,463500,618000.0,75.0
First Chatham Bank,Savannah,GA,358,PITTSBURGH DISTRICT OFFICE,1,618000,463500,618000.0,75.0
The Bancorp Bank National Association,Sioux Falls,SD,1087,BOISE DISTRICT OFFICE,1,617800,463350,617800.0,75.0
Manufacturers and Traders Trust Company,Buffalo,NY,390,WEST VIRGINIA DISTRICT OFFICE,8,617500,321000,77187.5,51.98
Magnifi Financial CU,Melrose,MN,563,WISCONSIN DISTRICT OFFICE,1,617300,462975,617300.0,75.0
Pathward National Association,Sioux Falls,SD,460,NORTH CAROLINA DISTRICT OFFICE,1,617000,462750,617000.0,75.0
"Centerstone SBA Lending, Inc.",Los Angeles,CA,1013,SEATTLE DISTRICT OFFICE,1,617000,462750,617000.0,75.0
First State Bank,Junction,TX,671,HOUSTON DISTRICT OFFICE,1,615100,461325,615100.0,75.0
American Bank of Freedom,Wellsville,MO,562,INDIANA DISTRICT OFFICE,2,615000,461250,307500.0,75.0
Global One Bank,Houston,TX,470,MISSISSIPPI DISTRICT OFFICE,1,615000,461250,615000.0,75.0
Tandem Bank,Tucker,GA,680,OKLAHOMA DISTRICT OFFICE,2,615000,461250,307500.0,75.0
Enterprise Bank & Trust,Clayton,MO,304,RICHMOND DISTRICT OFFICE,1,614900,461175,614900.0,75.0
"Leader Bank, National Association",Arlington,MA,491,NORTH FLORIDA DISTRICT OFFICE,1,613700,460275,613700.0,75.0
First Commonwealth Bank,Indiana,PA,1087,BOISE DISTRICT OFFICE,1,613000,459750,613000.0,75.0
"Blue Ridge Bank, National Association",Martinsville,VA,912,SAN FRANCISCO DISTRICT OFFICE,1,612500,459375,612500.0,75.0
Bank Midwest,Spirit Lake,IA,508,MINNESOTA DISTRICT OFFICE,1,611000,458250,611000.0,75.0
Guaranty Bank,Springfield,MO,709,KANSAS CITY DISTRICT OFFICE,3,610500,308925,203500.0,50.6
Bath Savings Institution,Bath,ME,172,MAINE DISTRICT OFFICE,6,610000,305000,101666.67,50.0
Truliant FCU,Winston Salem,NC,761,DES MOINES DISTRICT OFFICE,1,610000,457500,610000.0,75.0
FWBank,Chicago,IL,459,ALABAMA DISTRICT OFFICE,1,609600,457200,609600.0,75.0
The Nodaway Valley Bank,Maryville,MO,709,KANSAS CITY DISTRICT OFFICE,1,608000,456000,608000.0,75.0
First Bank of Central Ohio,Worthington,OH,299,NEW JERSEY DISTRICT OFFICE,1,608000,456000,608000.0,75.0
Peoples Bank,Mendenhall,MS,515,MICHIGAN DISTRICT OFFICE,1,606000,454500,606000.0,75.0
HTLF Bank,Denver,CO,761,DES MOINES DISTRICT OFFICE,2,603500,446375,301750.0,73.96
First-Citizens Bank & Trust Company,Raleigh,NC,942,FRESNO DISTRICT OFFICE,1,603000,452250,603000.0,75.0
Enterprise Bank & Trust,Clayton,MO,508,MINNESOTA DISTRICT OFFICE,1,603000,452250,603000.0,75.0
Hometown Bank,Kent,OH,920,SANTA ANA DISTRICT OFFICE,1,600800,450600,600800.0,75.0
Exos Small Business Lending LLC,New York,NY,912,SAN FRANCISCO DISTRICT OFFICE,2,600000,450000,300000.0,75.0
Merchants & Marine Bank,Pascagoula,MS,353,WASHINGTON DISTRICT OFFICE,1,600000,450000,600000.0,75.0
Meadows Bank,Las Vegas,NV,1013,SEATTLE DISTRICT OFFICE,1,600000,450000,600000.0,75.0
ConnectOne Bank,Englewood Cliffs,NJ,353,WASHINGTON DISTRICT OFFICE,1,600000,450000,600000.0,75.0
Colony Bank,Fitzgerald,GA,1086,PORTLAND DISTRICT OFFICE,4,600000,510000,150000.0,85.0
IncredibleBank,Wausau,WI,912,SAN FRANCISCO DISTRICT OFFICE,1,600000,450000,600000.0,75.0
American Bank,Covington,LA,491,NORTH FLORIDA DISTRICT OFFICE,2,600000,425000,300000.0,70.83
"City First Bank, National Association",Washington,DC,304,RICHMOND DISTRICT OFFICE,2,600000,375000,300000.0,62.5
"Heritage Bank, Inc.",Burlington,KY,459,ALABAMA DISTRICT OFFICE,4,600000,510000,150000.0,85.0
Lighthouse Federal Credit Union,Portsmouth,NH,189,NEW HAMPSHIRE DISTRICT OFFICE,2,600000,300000,300000.0,50.0
Frontier Bank,Omaha,NE,766,NEBRASKA DISTRICT OFFICE,2,600000,425000,300000.0,70.83
Heritage Bank of Commerce,San Jose,CA,931,SACRAMENTO DISTRICT OFFICE,3,600000,375000,200000.0,62.5
Craft Bank,Atlanta,GA,1013,SEATTLE DISTRICT OFFICE,1,600000,450000,600000.0,75.0
The Bank of Houston,Houston,MO,457,KENTUCKY DISTRICT OFFICE,1,600000,450000,600000.0,75.0
City National Bank of Florida,Miami,FL,491,NORTH FLORIDA DISTRICT OFFICE,2,600000,460000,300000.0,76.67
BayFirst National Bank,Saint Petersburg,FL,767,WICHITA DISTRICT OFFICE,4,600000,510000,150000.0,85.0
Mortgage Capital Development Corporation,Oakland,CA,931,SACRAMENTO DISTRICT OFFICE,2,600000,450000,300000.0,75.0
"Heritage Bank, Inc.",Burlington,KY,464,SOUTH CAROLINA DISTRICT OFFICE,4,600000,510000,150000.0,85.0
KeyBank National Association,Cleveland,OH,457,KENTUCKY DISTRICT OFFICE,2,598500,439250,299250.0,73.39
Stone Bank,Mountain View,AR,470,MISSISSIPPI DISTRICT OFFICE,1,598000,448500,598000.0,75.0
Rockland Trust Company,Rockland,MA,165,RHODE ISLAND DISTRICT OFFICE,3,598000,455300,199333.33,76.14
Bank of Hope,Los Angeles,CA,460,NORTH CAROLINA DISTRICT OFFICE,1,595000,446250,595000.0,75.0
CDC Small Business Finance Corporation,San Diego,CA,942,FRESNO DISTRICT OFFICE,4,595000,470750,148750.0,79.12
The New Washington State Bank,New Washington,IN,562,INDIANA DISTRICT OFFICE,1,595000,446250,595000.0,75.0
ConnectOne Bank,Englewood Cliffs,NJ,681,SAN ANTONIO DISTRICT OFFICE,1,595000,446250,595000.0,75.0
Merchants Bank of Indiana,Carmel,IN,303,PHILADELPHIA DISTRICT OFFICE,2,594000,445500,297000.0,75.0
CIBC Bank USA,Chicago,IL,671,HOUSTON DISTRICT OFFICE,2,593500,432625,296750.0,72.89
BankVista,Sartell,MN,491,NORTH FLORIDA DISTRICT OFFICE,2,593200,444900,296600.0,75.0
Hanover Community Bank,Mineola,NY,679,LOUISIANA DISTRICT OFFICE,1,593000,444750,593000.0,75.0
Cyprus Federal Credit Union,West Jordan,UT,883,UTAH DISTRICT OFFICE,10,591600,295800,59160.0,50.0
OakStar Bank,Springfield,MO,768,ST. LOUIS DISTRICT OFFICE,3,591500,450925,197166.67,76.23
Meadows Bank,Las Vegas,NV,508,MINNESOTA DISTRICT OFFICE,1,590500,442875,590500.0,75.0
South Eastern Economic Development Corporation,Taunton,MA,165,RHODE ISLAND DISTRICT OFFICE,5,590000,479000,118000.0,81.19
KeyPoint CU,San Jose,CA,914,LOS ANGELES DISTRICT OFFICE,1,590000,442500,590000.0,75.0
Cadence Bank,Tupelo,MS,189,NEW HAMPSHIRE DISTRICT OFFICE,2,590000,442500,295000.0,75.0
Hanmi Bank,Los Angeles,CA,942,FRESNO DISTRICT OFFICE,1,590000,442500,590000.0,75.0
Community Investment Corporation,Hamden,CT,156,CONNECTICUT DISTRICT OFFICE,3,590000,466500,196666.67,79.07
Meadows Bank,Las Vegas,NV,549,CLEVELAND DISTRICT OFFICE,1,590000,442500,590000.0,75.0
"WesBanco Bank, Inc.",Wheeling,WV,457,KENTUCKY DISTRICT OFFICE,2,589000,398000,294500.0,67.57
First Commonwealth Bank,Indiana,PA,988,ARIZONA DISTRICT OFFICE,1,588000,441000,588000.0,75.0
Celtic Bank Corporation,Salt Lake City,UT,679,LOUISIANA DISTRICT OFFICE,6,588000,499800,98000.0,85.0
Preferred Bank,Los Angeles,CA,942,FRESNO DISTRICT OFFICE,1,587000,440250,587000.0,75.0
Gulf Coast Bank and Trust Company,New Orleans,LA,766,NEBRASKA DISTRICT OFFICE,1,587000,440250,587000.0,75.0
BankFirst,Norfolk,NE,766,NEBRASKA DISTRICT OFFICE,1,586000,439500,586000.0,75.0
Citizens Business Bank,Ontario,CA,942,FRESNO DISTRICT OFFICE,1,585000,438750,585000.0,75.0
Cadence Bank,Tupelo,MS,761,DES MOINES DISTRICT OFFICE,3,585000,453750,195000.0,77.56
CDC Small Business Finance Corporation,San Diego,CA,202,NEW YORK DISTRICT OFFICE,5,585000,462250,117000.0,79.02
Summit State Bank,Santa Rosa,CA,1086,PORTLAND DISTRICT OFFICE,1,585000,438750,585000.0,75.0
Pan American Bank & Trust,Melrose Park,IL,460,NORTH CAROLINA DISTRICT OFFICE,1,585000,438750,585000.0,75.0
Hawaii National Bank,Honolulu,HI,951,HAWAII DISTRICT OFFICE,1,584600,438450,584600.0,75.0
Dogwood State Bank,Raleigh,NC,341,DELAWARE DISTRICT OFFICE,1,582500,436875,582500.0,75.0
New Market Bank,Elko New Market,MN,508,MINNESOTA DISTRICT OFFICE,2,582400,430550,291200.0,73.93
Oak View National Bank,Warrenton,VA,304,RICHMOND DISTRICT OFFICE,2,580000,290000,290000.0,50.0
"Bank of America, National Association",Charlotte,NC,150,VERMONT DISTRICT OFFICE,2,579500,289750,289750.0,50.0
Red River Bank,Alexandria,LA,679,LOUISIANA DISTRICT OFFICE,3,579300,378225,193100.0,65.29
KeyBank National Association,Cleveland,OH,405,GEORGIA DISTRICT OFFICE,1,578200,433650,578200.0,75.0
First Bank of the Lake,Osage Beach,MO,1087,BOISE DISTRICT OFFICE,2,578000,433500,289000.0,75.0
"Centerstone SBA Lending, Inc.",Los Angeles,CA,1086,PORTLAND DISTRICT OFFICE,1,578000,433500,578000.0,75.0
City National Bank,Los Angeles,CA,303,PHILADELPHIA DISTRICT OFFICE,1,577000,432750,577000.0,75.0
American Community Bank & Trust,Woodstock,IL,507,ILLINOIS DISTRICT OFFICE,5,575000,337500,115000.0,58.7
Five Star Bank,Rancho Cordova,CA,405,GEORGIA DISTRICT OFFICE,1,575000,431250,575000.0,75.0
Cadence Bank,Tupelo,MS,156,CONNECTICUT DISTRICT OFFICE,4,575000,449250,143750.0,78.13
"Citizens Bank, National Association",Providence,RI,455,SOUTH FLORIDA DISTRICT OFFICE,2,575000,287500,287500.0,50.0
Live Oak Banking Company,Wilmington,NC,677,EL PASO DISTRICT OFFICE,2,575000,431250,287500.0,75.0
Coastal States Bank,Hilton Head Island,SC,1013,SEATTLE DISTRICT OFFICE,1,575000,431250,575000.0,75.0
"Coastal Area District Development Authority, Inc.",Brunswick,GA,405,GEORGIA DISTRICT OFFICE,3,574500,434875,191500.0,75.7
American Momentum Bank,College Station,TX,202,NEW YORK DISTRICT OFFICE,1,574100,430575,574100.0,75.0
Lincoln Savings Bank,Reinbeck,IA,563,WISCONSIN DISTRICT OFFICE,1,573500,430125,573500.0,75.0
Metro City Bank,Doraville,GA,669,ARKANSAS DISTRICT OFFICE,1,573000,429750,573000.0,75.0
"VelocitySBA, LLC",Costa Mesa,CA,459,ALABAMA DISTRICT OFFICE,1,573000,429750,573000.0,75.0
California Statewide Certified Development Corporation,Davis,CA,920,SANTA ANA DISTRICT OFFICE,2,573000,429750,286500.0,75.0
22nd State Bank,Louisville,AL,101,MASSACHUSETTS DISTRICT OFFICE,2,572700,429525,286350.0,75.0
Northwest Bank,Warren,PA,709,KANSAS CITY DISTRICT OFFICE,2,572000,416500,286000.0,72.81
Bank of Oak Ridge,Oak Ridge,NC,405,GEORGIA DISTRICT OFFICE,1,571000,428250,571000.0,75.0
FWBank,Chicago,IL,1087,BOISE DISTRICT OFFICE,1,571000,428250,571000.0,75.0
Magnifi Financial CU,Melrose,MN,507,ILLINOIS DISTRICT OFFICE,2,570400,441840,285200.0,77.46
"Wilmington Savings Fund Society, FSB",Wilmington,DE,491,NORTH FLORIDA DISTRICT OFFICE,1,570000,427500,570000.0,75.0
United Community Bank,Greenville,SC,680,OKLAHOMA DISTRICT OFFICE,1,570000,427500,570000.0,75.0
Legacy Bank,Murrieta,CA,914,LOS ANGELES DISTRICT OFFICE,2,570000,427500,285000.0,75.0
Premier Bank Minnesota,Hastings,MN,508,MINNESOTA DISTRICT OFFICE,5,570000,397500,114000.0,69.74
American Continental Bank,City Of Industry,CA,942,FRESNO DISTRICT OFFICE,1,570000,427500,570000.0,75.0
Beneficial State Bank,Oakland,CA,1086,PORTLAND DISTRICT OFFICE,2,567500,425625,283750.0,75.0
Sandy Spring Bank,Olney,MD,101,MASSACHUSETTS DISTRICT OFFICE,1,567000,425250,567000.0,75.0
Merchants & Marine Bank,Pascagoula,MS,610,DALLAS / FT WORTH DISTRICT OFFICE,2,566000,399500,283000.0,70.58
"JPMorgan Chase Bank, National Association",Columbus,OH,682,NEW MEXICO DISTRICT OFFICE,1,565000,423750,565000.0,75.0
First Internet Bank of Indiana,Fishers,IN,457,KENTUCKY DISTRICT OFFICE,2,564000,416750,282000.0,73.89
Dogwood State Bank,Raleigh,NC,593,COLUMBUS DISTRICT OFFICE,1,564000,423000,564000.0,75.0
Exos Small Business Lending LLC,New York,NY,811,COLORADO DISTRICT OFFICE,1,563000,422250,563000.0,75.0
Community National Bank & Trust,Chanute,KS,491,NORTH FLORIDA DISTRICT OFFICE,1,561000,420750,561000.0,75.0
Stone Bank,Mountain View,AR,515,MICHIGAN DISTRICT OFFICE,1,560000,420000,560000.0,75.0
Stone Bank,Mountain View,AR,1013,SEATTLE DISTRICT OFFICE,1,560000,420000,560000.0,75.0
Colony Bank,Fitzgerald,GA,358,PITTSBURGH DISTRICT OFFICE,4,560000,476000,140000.0,85.0
"JPMorgan Chase Bank, National Association",Columbus,OH,390,WEST VIRGINIA DISTRICT OFFICE,3,560000,280000,186666.67,50.0
Economic and Community Development Institute,Columbus,OH,549,CLEVELAND DISTRICT OFFICE,2,559300,419475,279650.0,75.0
Quaint Oak Bank,Southampton,PA,593,COLUMBUS DISTRICT OFFICE,1,559000,419250,559000.0,75.0
Sandy Spring Bank,Olney,MD,460,NORTH CAROLINA DISTRICT OFFICE,1,558500,418875,558500.0,75.0
Midland States Bank,Effingham,IL,455,SOUTH FLORIDA DISTRICT OFFICE,2,557600,393200,278800.0,70.52
West Central Development Corporation,Perrysburg,OH,593,COLUMBUS DISTRICT OFFICE,2,557600,418200,278800.0,75.0
First Interstate Bank,Billings,MT,761,DES MOINES DISTRICT OFFICE,4,557200,361300,139300.0,64.84
Fall River Five Cents Savings Bank d/b/a BankFive,Fall River,MA,101,MASSACHUSETTS DISTRICT OFFICE,3,557000,278500,185666.67,50.0
"Institute Capital, Inc.",Durham,NC,460,NORTH CAROLINA DISTRICT OFFICE,2,556100,417075,278050.0,75.0
Premier Bank,Maplewood,MN,508,MINNESOTA DISTRICT OFFICE,4,555000,277500,138750.0,50.0
"Fund-Ex Solutions Group, LLC",Davie,FL,563,WISCONSIN DISTRICT OFFICE,1,555000,416250,555000.0,75.0
Meadows Bank,Las Vegas,NV,914,LOS ANGELES DISTRICT OFFICE,2,554700,423525,277350.0,76.35
Community Bank & Trust-West Georgia,Lagrange,GA,549,CLEVELAND DISTRICT OFFICE,1,554000,415500,554000.0,75.0
Brooklyn Cooperative FCU,New York City,NY,202,NEW YORK DISTRICT OFFICE,17,553000,305250,32529.41,55.2
Peoples Bank,Mendenhall,MS,639,LOWER RIO GRANDE VALLEY DISTRICT OFFICE,1,552400,414300,552400.0,75.0
The First National Bank in Sioux Falls,Sioux Falls,SD,761,DES MOINES DISTRICT OFFICE,1,550000,412500,550000.0,75.0
Workers FCU,Littleton,MA,101,MASSACHUSETTS DISTRICT OFFICE,2,550000,275000,275000.0,50.0
First Chatham Bank,Savannah,GA,767,WICHITA DISTRICT OFFICE,1,550000,412500,550000.0,75.0
"United Midwest Savings Bank, National Association",De Graff,OH,1087,BOISE DISTRICT OFFICE,4,550000,467500,137500.0,85.0
First Federal Community Bank National Association,Dover,OH,549,CLEVELAND DISTRICT OFFICE,3,550000,275000,183333.33,50.0
Pinnacle Bank,Morgan Hill,CA,914,LOS ANGELES DISTRICT OFFICE,1,550000,412500,550000.0,75.0
The Pecos County State Bank,Fort Stockton,TX,677,EL PASO DISTRICT OFFICE,2,550000,275000,275000.0,50.0
"Centerstone SBA Lending, Inc.",Los Angeles,CA,988,ARIZONA DISTRICT OFFICE,1,550000,412500,550000.0,75.0
"SouthState Bank, National Association",Winter Haven,FL,639,LOWER RIO GRANDE VALLEY DISTRICT OFFICE,2,550000,422500,275000.0,76.82
Citizens Bank,Elizabethton,TN,248,SYRACUSE DISTRICT OFFICE,1,550000,412500,550000.0,75.0
"JPMorgan Chase Bank, National Association",Columbus,OH,897,WYOMING DISTRICT OFFICE,2,550000,275000,275000.0,50.0
Southern Bank and Trust Company,Mount Olive,NC,304,RICHMOND DISTRICT OFFICE,2,550000,275000,275000.0,50.0
Enterprise Bank & Trust,Clayton,MO,156,CONNECTICUT DISTRICT OFFICE,1,549700,412275,549700.0,75.0
The Huntington National Bank,Columbus,OH,767,WICHITA DISTRICT OFFICE,2,549300,399475,274650.0,72.72
"LiftFund, Inc.",San Antonio,TX,671,HOUSTON DISTRICT OFFICE,5,549000,449150,109800.0,81.81
Colony Bank,Fitzgerald,GA,156,CONNECTICUT DISTRICT OFFICE,4,547800,465630,136950.0,85.0
Five Star Bank,Rancho Cordova,CA,353,WASHINGTON DISTRICT OFFICE,2,545000,408750,272500.0,75.0
Byline Bank,Chicago,IL,341,DELAWARE DISTRICT OFFICE,2,545000,396250,272500.0,72.71
Cadence Bank,Tupelo,MS,680,OKLAHOMA DISTRICT OFFICE,3,545000,418750,181666.67,76.83
"VelocitySBA, LLC",Costa Mesa,CA,680,OKLAHOMA DISTRICT OFFICE,1,545000,408750,545000.0,75.0
Gather FCU,Lihue,HI,951,HAWAII DISTRICT OFFICE,1,544000,408000,544000.0,75.0
1st National Bank,Lebanon,OH,593,COLUMBUS DISTRICT OFFICE,1,542500,406875,542500.0,75.0
Northeast Bank,Lewiston,ME,766,NEBRASKA DISTRICT OFFICE,4,542300,437705,135575.0,80.71
"Santander Bank, National Association",Wilmington,DE,165,RHODE ISLAND DISTRICT OFFICE,10,542100,271050,54210.0,50.0
"Lendistry SBLC, LLC",Los Angeles,CA,165,RHODE ISLAND DISTRICT OFFICE,2,541400,410190,270700.0,75.76
"Community Bank, National Association",Canton,NY,296,BUFFALO DISTRICT OFFICE,3,541400,270700,180466.67,50.0
Maine State CU,Augusta,ME,172,MAINE DISTRICT OFFICE,1,540000,405000,540000.0,75.0
Beach Cities Commercial Bank,Irvine,CA,954,SAN DIEGO DISTRICT OFFICE,2,540000,420000,270000.0,77.78
American National Bank,Omaha,NE,373,BALTIMORE DISTRICT OFFICE,2,538000,341000,269000.0,63.38
Elevate Bank National Association,Sedan,KS,709,KANSAS CITY DISTRICT OFFICE,3,537600,418060,179200.0,77.76
First Internet Bank of Indiana,Fishers,IN,1087,BOISE DISTRICT OFFICE,1,537000,402750,537000.0,75.0
Waukesha State Bank,Waukesha,WI,549,CLEVELAND DISTRICT OFFICE,1,536600,402450,536600.0,75.0
The Harbor Bank of Maryland,Baltimore,MD,353,WASHINGTON DISTRICT OFFICE,1,535800,401850,535800.0,75.0
KeyBank National Association,Cleveland,OH,920,SANTA ANA DISTRICT OFFICE,1,534000,400500,534000.0,75.0
KeyBank National Association,Cleveland,OH,1087,BOISE DISTRICT OFFICE,10,532300,266150,53230.0,50.0
BayFirst National Bank,Saint Petersburg,FL,677,EL PASO DISTRICT OFFICE,5,531600,451860,106320.0,85.0
Grasshopper Bank National Association,New York,NY,373,BALTIMORE DISTRICT OFFICE,1,531000,398250,531000.0,75.0
United Community Bank,Greenville,SC,709,KANSAS CITY DISTRICT OFFICE,2,530000,391250,265000.0,73.82
Pathward National Association,Sioux Falls,SD,678,LUBBOCK DISTRICT OFFICE,1,530000,397500,530000.0,75.0
DreamSpring,Albuquerque,NM,671,HOUSTON DISTRICT OFFICE,3,530000,420500,176666.67,79.34
Capital Certified Development Corporation,Austin,TX,639,LOWER RIO GRANDE VALLEY DISTRICT OFFICE,3,529300,407495,176433.33,76.99
The Huntington National Bank,Columbus,OH,951,HAWAII DISTRICT OFFICE,1,529200,396900,529200.0,75.0
"First National Bank Ames, Iowa",Ames,IA,761,DES MOINES DISTRICT OFFICE,3,529000,412150,176333.33,77.91
Tinker FCU,Oklahoma City,OK,680,OKLAHOMA DISTRICT OFFICE,3,528000,406000,176000.0,76.89
"LiftFund, Inc.",San Antonio,TX,405,GEORGIA DISTRICT OFFICE,5,527000,425950,105400.0,80.83
Colony Bank,Fitzgerald,GA,883,UTAH DISTRICT OFFICE,4,526200,447270,131550.0,85.0
Pathward National Association,Sioux Falls,SD,549,CLEVELAND DISTRICT OFFICE,1,526000,394500,526000.0,75.0
Dacotah Bank,Aberdeen,SD,875,NORTH DAKOTA DISTRICT OFFICE,2,526000,263000,263000.0,50.0
First Bank of the Lake,Osage Beach,MO,761,DES MOINES DISTRICT OFFICE,2,525000,408750,262500.0,77.86
Gulf Coast Bank and Trust Company,New Orleans,LA,353,WASHINGTON DISTRICT OFFICE,1,525000,393750,525000.0,75.0
Stearns Bank National Association,Saint Cloud,MN,988,ARIZONA DISTRICT OFFICE,4,522500,426125,130625.0,81.56
Bridgewater Bank,Saint Louis Park,MN,507,ILLINOIS DISTRICT OFFICE,1,522100,391575,522100.0,75.0
Milestone Bank,Salt Lake City,UT,189,NEW HAMPSHIRE DISTRICT OFFICE,1,522000,391500,522000.0,75.0
Arkansas Capital Corporation,Little Rock,AR,405,GEORGIA DISTRICT OFFICE,2,521900,391425,260950.0,75.0
Meadows Bank,Las Vegas,NV,610,DALLAS / FT WORTH DISTRICT OFFICE,1,520500,390375,520500.0,75.0
Mission Valley Bank,Sun Valley,CA,189,NEW HAMPSHIRE DISTRICT OFFICE,1,519400,389550,519400.0,75.0
TruBank,Indianola,IA,761,DES MOINES DISTRICT OFFICE,7,518700,385245,74100.0,74.27
Ponce Bank,New York City,NY,341,DELAWARE DISTRICT OFFICE,1,518000,388500,518000.0,75.0
Farmers Bank & Trust,Great Bend,KS,767,WICHITA DISTRICT OFFICE,5,517400,258700,103480.0,50.0
Cornerstone Bank,Worcester,MA,101,MASSACHUSETTS DISTRICT OFFICE,3,516400,414100,172133.33,80.19
Raccoon Valley Bank,Perry,IA,761,DES MOINES DISTRICT OFFICE,2,516200,299650,258100.0,58.05
"TransPecos Banks, SSB.",Pecos,TX,639,LOWER RIO GRANDE VALLEY DISTRICT OFFICE,1,516000,387000,516000.0,75.0
First Savings Bank,Beresford,SD,671,HOUSTON DISTRICT OFFICE,1,516000,387000,516000.0,75.0
First Savings Bank,Jeffersonville,IN,671,HOUSTON DISTRICT OFFICE,2,515500,396625,257750.0,76.94
National Bank of Commerce,Superior,WI,563,WISCONSIN DISTRICT OFFICE,2,515000,386250,257500.0,75.0
"United Midwest Savings Bank, National Association",De Graff,OH,189,NEW HAMPSHIRE DISTRICT OFFICE,1,513000,384750,513000.0,75.0
"BankUnited, National Association",Miami Lakes,FL,491,NORTH FLORIDA DISTRICT OFFICE,1,513000,384750,513000.0,75.0
"Santander Bank, National Association",Wilmington,DE,303,PHILADELPHIA DISTRICT OFFICE,8,511000,255500,63875.0,50.0
Third Coast Bank,Humble,TX,639,LOWER RIO GRANDE VALLEY DISTRICT OFFICE,1,510000,382500,510000.0,75.0
"VelocitySBA, LLC",Costa Mesa,CA,303,PHILADELPHIA DISTRICT OFFICE,1,510000,382500,510000.0,75.0
Custer Federal State Bank,Broken Bow,NE,766,NEBRASKA DISTRICT OFFICE,4,510000,272500,127500.0,53.43
Fifth Third Bank,Cincinnati,OH,303,PHILADELPHIA DISTRICT OFFICE,1,509000,381750,509000.0,75.0
Northeast Bank,Lewiston,ME,639,LOWER RIO GRANDE VALLEY DISTRICT OFFICE,8,508300,432055,63537.5,85.0
City National Bank,Los Angeles,CA,897,WYOMING DISTRICT OFFICE,1,508000,381000,508000.0,75.0
"Evans Bank, National Association",Angola,NY,296,BUFFALO DISTRICT OFFICE,3,505000,346250,168333.33,68.56
City National Bank,Los Angeles,CA,101,MASSACHUSETTS DISTRICT OFFICE,2,504000,378000,252000.0,75.0
Stock Yards Bank & Trust Company,Louisville,KY,464,SOUTH CAROLINA DISTRICT OFFICE,2,501900,358925,250950.0,71.51
Time Bank,Park Ridge,IL,678,LUBBOCK DISTRICT OFFICE,1,500000,250000,500000.0,50.0
Byline Bank,Chicago,IL,457,KENTUCKY DISTRICT OFFICE,1,500000,250000,500000.0,50.0
The Bancorp Bank National Association,Sioux Falls,SD,156,CONNECTICUT DISTRICT OFFICE,1,500000,375000,500000.0,75.0
Banner Bank,Walla Walla,WA,942,FRESNO DISTRICT OFFICE,1,500000,375000,500000.0,75.0
Tompkins Community Bank,Ithaca,NY,303,PHILADELPHIA DISTRICT OFFICE,2,500000,375000,250000.0,75.0
"VelocitySBA, LLC",Costa Mesa,CA,1013,SEATTLE DISTRICT OFFICE,1,500000,375000,500000.0,75.0
Old National Bank,Evansville,IN,304,RICHMOND DISTRICT OFFICE,1,500000,375000,500000.0,75.0
"Connecticut Community Bank, National Association",Norwalk,CT,202,NEW YORK DISTRICT OFFICE,1,500000,375000,500000.0,75.0
Cadence Bank,Tupelo,MS,677,EL PASO DISTRICT OFFICE,1,500000,375000,500000.0,75.0
FinWise Bank,Sandy,UT,460,NORTH CAROLINA DISTRICT OFFICE,1,500000,375000,500000.0,75.0
Coulee Bank,La Crosse,WI,563,WISCONSIN DISTRICT OFFICE,1,500000,375000,500000.0,75.0
"Village Bank and Trust, National Association",Arlington Heights,IL,920,SANTA ANA DISTRICT OFFICE,1,500000,375000,500000.0,75.0
Bank Five Nine,Oconomowoc,WI,474,TENNESSEE DISTRICT OFFICE,1,500000,375000,500000.0,75.0
Prairie State Bank and Trust,Springfield,IL,507,ILLINOIS DISTRICT OFFICE,1,500000,375000,500000.0,75.0
The First National Bank in Sioux Falls,Sioux Falls,SD,766,NEBRASKA DISTRICT OFFICE,1,500000,375000,500000.0,75.0
Fortis Bank,Denver,CO,681,SAN ANTONIO DISTRICT OFFICE,1,500000,375000,500000.0,75.0
West Town Bank & Trust,North Riverside,IL,988,ARIZONA DISTRICT OFFICE,1,500000,375000,500000.0,75.0
City National Bank of Florida,Miami,FL,474,TENNESSEE DISTRICT OFFICE,1,500000,375000,500000.0,75.0
Peoples Security Bank and Trust Company,Scranton,PA,358,PITTSBURGH DISTRICT OFFICE,1,500000,250000,500000.0,50.0
Northwest Bank,Boise,ID,677,EL PASO DISTRICT OFFICE,1,500000,450000,500000.0,90.0
1st Financial Bank USA,Dakota Dunes,SD,405,GEORGIA DISTRICT OFFICE,1,500000,375000,500000.0,75.0
"BOKF, National Association",Tulsa,OK,460,NORTH CAROLINA DISTRICT OFFICE,1,500000,250000,500000.0,50.0
The Bank of Commerce,Idaho Falls,ID,883,UTAH DISTRICT OFFICE,1,500000,250000,500000.0,50.0
Holyoke CU,Holyoke,MA,101,MASSACHUSETTS DISTRICT OFFICE,1,500000,250000,500000.0,50.0
Wallis Bank,Wallis,TX,988,ARIZONA DISTRICT OFFICE,1,500000,375000,500000.0,75.0
Citizens Bank,Elizabethton,TN,1087,BOISE DISTRICT OFFICE,1,500000,375000,500000.0,75.0
First Commercial Bank (USA),Alhambra,CA,920,SANTA ANA DISTRICT OFFICE,1,500000,250000,500000.0,50.0
Milestone Bank,Salt Lake City,UT,681,SAN ANTONIO DISTRICT OFFICE,1,500000,375000,500000.0,75.0
Merchants Bank of Indiana,Carmel,IN,304,RICHMOND DISTRICT OFFICE,1,500000,375000,500000.0,75.0
"Bank First, N.A.",Manitowoc,WI,507,ILLINOIS DISTRICT OFFICE,1,500000,250000,500000.0,50.0
Cache Valley Bank,Logan,UT,876,SOUTH DAKOTA DISTRICT OFFICE,1,500000,375000,500000.0,75.0
Paradise Bank,Boca Raton,FL,507,ILLINOIS DISTRICT OFFICE,1,500000,375000,500000.0,75.0
City National Bank of Florida,Miami,FL,951,HAWAII DISTRICT OFFICE,1,500000,375000,500000.0,75.0
Bank Five Nine,Oconomowoc,WI,459,ALABAMA DISTRICT OFFICE,2,500000,390000,250000.0,78.0
"First Western SBLC, Inc",Dallas,TX,248,SYRACUSE DISTRICT OFFICE,1,500000,375000,500000.0,75.0
Univest Bank and Trust Co,Souderton,PA,353,WASHINGTON DISTRICT OFFICE,1,500000,375000,500000.0,75.0
Granite Bank,Cold Spring,MN,405,GEORGIA DISTRICT OFFICE,1,500000,375000,500000.0,75.0
Mascoma Bank,Lebanon,NH,150,VERMONT DISTRICT OFFICE,1,500000,375000,500000.0,75.0
Farmers & Merchants Bank of Long Beach,Long Beach,CA,920,SANTA ANA DISTRICT OFFICE,1,500000,375000,500000.0,75.0
Old Glory Bank,Elmore City,OK,507,ILLINOIS DISTRICT OFFICE,1,500000,375000,500000.0,75.0
First Federal Savings Bank,Evansville,IN,562,INDIANA DISTRICT OFFICE,1,500000,250000,500000.0,50.0
"Lendistry SBLC, LLC",Los Angeles,CA,677,EL PASO DISTRICT OFFICE,1,500000,375000,500000.0,75.0
Southwestern National Bank,Houston,TX,951,HAWAII DISTRICT OFFICE,1,500000,375000,500000.0,75.0
"First Western SBLC, Inc",Dallas,TX,459,ALABAMA DISTRICT OFFICE,1,500000,375000,500000.0,75.0
PCB Bank,Los Angeles,CA,681,SAN ANTONIO DISTRICT OFFICE,1,500000,375000,500000.0,75.0
Byline Bank,Chicago,IL,897,WYOMING DISTRICT OFFICE,1,500000,375000,500000.0,75.0
City National Bank of Florida,Miami,FL,304,RICHMOND DISTRICT OFFICE,1,500000,375000,500000.0,75.0
Plumas Bank,Quincy,CA,811,COLORADO DISTRICT OFFICE,1,500000,375000,500000.0,75.0
"BOKF, National Association",Tulsa,OK,474,TENNESSEE DISTRICT OFFICE,1,500000,250000,500000.0,50.0
Union Bank and Trust Company,Lincoln,NE,460,NORTH CAROLINA DISTRICT OFFICE,1,500000,250000,500000.0,50.0
Citizens Bank,Elizabethton,TN,682,NEW MEXICO DISTRICT OFFICE,1,500000,375000,500000.0,75.0
City National Bank of Florida,Miami,FL,299,NEW JERSEY DISTRICT OFFICE,1,500000,375000,500000.0,75.0
"Libertyville Bank & Trust Company, National Association",Libertyville,IL,562,INDIANA DISTRICT OFFICE,1,500000,375000,500000.0,75.0
Gulf Coast Bank and Trust Company,New Orleans,LA,944,NEVADA DISTRICT OFFICE,1,500000,375000,500000.0,75.0
"Libertyville Bank & Trust Company, National Association",Libertyville,IL,563,WISCONSIN DISTRICT OFFICE,1,500000,375000,500000.0,75.0
Pacific National Bank,Miami,FL,455,SOUTH FLORIDA DISTRICT OFFICE,1,500000,250000,500000.0,50.0
West Town Bank & Trust,North Riverside,IL,515,MICHIGAN DISTRICT OFFICE,1,500000,375000,500000.0,75.0
First Business Bank,Madison,WI,593,COLUMBUS DISTRICT OFFICE,1,500000,375000,500000.0,75.0
The Lowell Five Cent Savings Bank,Tewksbury,MA,101,MASSACHUSETTS DISTRICT OFFICE,1,500000,375000,500000.0,75.0
First Oklahoma Bank,Jenks,OK,455,SOUTH FLORIDA DISTRICT OFFICE,1,500000,375000,500000.0,75.0
Truliant FCU,Winston Salem,NC,944,NEVADA DISTRICT OFFICE,1,500000,375000,500000.0,75.0
City National Bank of Florida,Miami,FL,761,DES MOINES DISTRICT OFFICE,1,500000,375000,500000.0,75.0
Citizens Bank,Elizabethton,TN,189,NEW HAMPSHIRE DISTRICT OFFICE,1,500000,375000,500000.0,75.0
"Blue Ridge Bank, National Association",Martinsville,VA,460,NORTH CAROLINA DISTRICT OFFICE,1,500000,375000,500000.0,75.0
Sandy Spring Bank,Olney,MD,299,NEW JERSEY DISTRICT OFFICE,1,500000,375000,500000.0,75.0
Bank of Hydro,Hydro,OK,680,OKLAHOMA DISTRICT OFFICE,1,500000,375000,500000.0,75.0
West Town Bank & Trust,North Riverside,IL,679,LOUISIANA DISTRICT OFFICE,1,500000,375000,500000.0,75.0
Five Star Bank,Rancho Cordova,CA,920,SANTA ANA DISTRICT OFFICE,1,500000,375000,500000.0,75.0
"Clare Bank, National Association",Platteville,WI,885,MONTANA DISTRICT OFFICE,1,500000,375000,500000.0,75.0
Excelsior Growth Fund is the CDFI affilitiate of NYBDC Local,Albany,NY,299,NEW JERSEY DISTRICT OFFICE,2,500000,390000,250000.0,78.0
"Centerstone SBA Lending, Inc.",Los Angeles,CA,353,WASHINGTON DISTRICT OFFICE,1,500000,375000,500000.0,75.0
"PNC Bank, National Association",Wilmington,DE,944,NEVADA DISTRICT OFFICE,1,500000,250000,500000.0,50.0
"TransPecos Banks, SSB.",Pecos,TX,811,COLORADO DISTRICT OFFICE,1,500000,375000,500000.0,75.0
ConnectOne Bank,Englewood Cliffs,NJ,455,SOUTH FLORIDA DISTRICT OFFICE,1,500000,375000,500000.0,75.0
First-Citizens Bank & Trust Company,Raleigh,NC,671,HOUSTON DISTRICT OFFICE,1,500000,375000,500000.0,75.0
Bank3,Memphis,TN,669,ARKANSAS DISTRICT OFFICE,1,500000,375000,500000.0,75.0
Truliant FCU,Winston Salem,NC,303,PHILADELPHIA DISTRICT OFFICE,1,500000,375000,500000.0,75.0
First Seacoast Bank,Dover,NH,189,NEW HAMPSHIRE DISTRICT OFFICE,3,500000,250000,166666.67,50.0
City National Bank of Florida,Miami,FL,549,CLEVELAND DISTRICT OFFICE,1,500000,375000,500000.0,75.0
Fifth Third Bank,Cincinnati,OH,459,ALABAMA DISTRICT OFFICE,1,500000,375000,500000.0,75.0
Cache Valley Bank,Logan,UT,920,SANTA ANA DISTRICT OFFICE,1,500000,375000,500000.0,75.0
Navigant CU,Smithfield,RI,101,MASSACHUSETTS DISTRICT OFFICE,1,500000,250000,500000.0,50.0
Southwestern National Bank,Houston,TX,944,NEVADA DISTRICT OFFICE,1,500000,375000,500000.0,75.0
Bank of Hope,Los Angeles,CA,563,WISCONSIN DISTRICT OFFICE,1,500000,375000,500000.0,75.0
Five Star Bank,Rancho Cordova,CA,464,SOUTH CAROLINA DISTRICT OFFICE,1,500000,375000,500000.0,75.0
Shoreham Bank,Warwick,RI,610,DALLAS / FT WORTH DISTRICT OFFICE,1,500000,375000,500000.0,75.0
Five Star Bank,Rancho Cordova,CA,954,SAN DIEGO DISTRICT OFFICE,1,500000,375000,500000.0,75.0
First American Bank,Elk Grove Village,IL,988,ARIZONA DISTRICT OFFICE,1,500000,250000,500000.0,50.0
Magnifi Financial CU,Melrose,MN,405,GEORGIA DISTRICT OFFICE,1,500000,375000,500000.0,75.0
"Grow America Fund, Incorporated",New York,NY,593,COLUMBUS DISTRICT OFFICE,1,500000,375000,500000.0,75.0
Mountain View Bank of Commerce,Westminster,CO,811,COLORADO DISTRICT OFFICE,1,500000,250000,500000.0,50.0
Cadence Bank,Tupelo,MS,885,MONTANA DISTRICT OFFICE,1,500000,375000,500000.0,75.0
"Community Banks of Colorado, A Division of",Greenwood Village,CO,682,NEW MEXICO DISTRICT OFFICE,1,500000,250000,500000.0,50.0
City National Bank of Florida,Miami,FL,202,NEW YORK DISTRICT OFFICE,1,500000,375000,500000.0,75.0
City National Bank of Florida,Miami,FL,944,NEVADA DISTRICT OFFICE,1,500000,375000,500000.0,75.0
"First Financial Bank, National Association",Terre Haute,IN,507,ILLINOIS DISTRICT OFFICE,1,500000,250000,500000.0,50.0
"Village Bank and Trust, National Association",Arlington Heights,IL,671,HOUSTON DISTRICT OFFICE,1,500000,250000,500000.0,50.0
West Town Bank & Trust,North Riverside,IL,304,RICHMOND DISTRICT OFFICE,1,500000,375000,500000.0,75.0
Pathward National Association,Sioux Falls,SD,1013,SEATTLE DISTRICT OFFICE,1,500000,375000,500000.0,75.0
The Bancorp Bank National Association,Sioux Falls,SD,491,NORTH FLORIDA DISTRICT OFFICE,1,499900,374925,499900.0,75.0
Great Plains National Bank,Elk City,OK,470,MISSISSIPPI DISTRICT OFFICE,1,499500,374625,499500.0,75.0
"VelocitySBA, LLC",Costa Mesa,CA,464,SOUTH CAROLINA DISTRICT OFFICE,1,499000,374250,499000.0,75.0
HomeTrust Bank,Asheville,NC,682,NEW MEXICO DISTRICT OFFICE,1,499000,374250,499000.0,75.0
First Business Bank,Madison,WI,549,CLEVELAND DISTRICT OFFICE,1,499000,374250,499000.0,75.0
First Utah Bank,Salt Lake City,UT,709,KANSAS CITY DISTRICT OFFICE,1,499000,374250,499000.0,75.0
High Plains Bank,Flagler,CO,811,COLORADO DISTRICT OFFICE,2,498000,382000,249000.0,76.71
East West Bank,Pasadena,CA,464,SOUTH CAROLINA DISTRICT OFFICE,1,497000,372750,497000.0,75.0
Platinum Bank,Oakdale,MN,988,ARIZONA DISTRICT OFFICE,1,497000,372750,497000.0,75.0
"Golden Bank, National Association",Houston,TX,681,SAN ANTONIO DISTRICT OFFICE,1,496000,372000,496000.0,75.0
Prevail Bank,Medford,WI,563,WISCONSIN DISTRICT OFFICE,3,495800,380040,165266.67,76.65
Elgin State Bank,Elgin,IA,761,DES MOINES DISTRICT OFFICE,1,495000,247500,495000.0,50.0
CNB Bank,Clearfield,PA,296,BUFFALO DISTRICT OFFICE,3,495000,247500,165000.0,50.0
Columbia Bank,Fair Lawn,NJ,491,NORTH FLORIDA DISTRICT OFFICE,1,495000,371250,495000.0,75.0
Bank Midwest,Spirit Lake,IA,761,DES MOINES DISTRICT OFFICE,1,495000,371250,495000.0,75.0
CNB Bank,Clearfield,PA,593,COLUMBUS DISTRICT OFFICE,2,495000,295000,247500.0,59.6
HomeTrust Bank,Asheville,NC,988,ARIZONA DISTRICT OFFICE,1,495000,371250,495000.0,75.0
"United Midwest Savings Bank, National Association",De Graff,OH,897,WYOMING DISTRICT OFFICE,1,495000,371250,495000.0,75.0
Western State Bank,Devils Lake,ND,912,SAN FRANCISCO DISTRICT OFFICE,1,495000,371250,495000.0,75.0
American Momentum Bank,College Station,TX,768,ST. LOUIS DISTRICT OFFICE,1,494000,370500,494000.0,75.0
"Readycap Lending, LLC",Berkeley Heights,NJ,677,EL PASO DISTRICT OFFICE,8,493500,397425,61687.5,80.53
Exos Small Business Lending LLC,New York,NY,681,SAN ANTONIO DISTRICT OFFICE,1,490000,367500,490000.0,75.0
Woori America Bank,New York,NY,1013,SEATTLE DISTRICT OFFICE,2,490000,367500,245000.0,75.0
CIBC Bank USA,Chicago,IL,1013,SEATTLE DISTRICT OFFICE,2,489000,348000,244500.0,71.17
First Business Bank,Madison,WI,562,INDIANA DISTRICT OFFICE,1,489000,366750,489000.0,75.0
The Stephenson National Bank and Trust,Marinette,WI,563,WISCONSIN DISTRICT OFFICE,2,488000,372300,244000.0,76.29
First Independent Bank,Aurora,MO,709,KANSAS CITY DISTRICT OFFICE,3,487500,347625,162500.0,71.31
Citizens Bank,Elizabethton,TN,358,PITTSBURGH DISTRICT OFFICE,1,487500,365625,487500.0,75.0
Evolve Bank and Trust,West Memphis,AR,202,NEW YORK DISTRICT OFFICE,2,487000,365250,243500.0,75.0
Meadows Bank,Las Vegas,NV,671,HOUSTON DISTRICT OFFICE,1,486000,364500,486000.0,75.0
Excelsior Growth Fund is the CDFI affilitiate of NYBDC Local,Albany,NY,248,SYRACUSE DISTRICT OFFICE,3,486000,387000,162000.0,79.63
Corp. Financiamiento Empresarial del Comercio y Comunidades,San Juan,PR,252,PUERTO RICO AND USVI DISTRICT OFFICE,4,485300,412505,121325.0,85.0
"Wells Fargo Bank, National Association",Sioux Falls,SD,563,WISCONSIN DISTRICT OFFICE,8,485000,242500,60625.0,50.0
Quaint Oak Bank,Southampton,PA,474,TENNESSEE DISTRICT OFFICE,1,485000,363750,485000.0,75.0
Sunnyside Federal Savings and Loan Association of Irvington,Irvington,NY,299,NEW JERSEY DISTRICT OFFICE,1,485000,363750,485000.0,75.0
Five Star Bank,Rancho Cordova,CA,811,COLORADO DISTRICT OFFICE,1,485000,363750,485000.0,75.0
VisionBank,Saint Louis Park,MN,508,MINNESOTA DISTRICT OFFICE,3,482500,273625,160833.33,56.71
"Wells Fargo Bank, National Association",Sioux Falls,SD,296,BUFFALO DISTRICT OFFICE,1,482200,361650,482200.0,75.0
California Statewide Certified Development Corporation,Davis,CA,931,SACRAMENTO DISTRICT OFFICE,3,482000,391000,160666.67,81.12
Dogwood State Bank,Raleigh,NC,709,KANSAS CITY DISTRICT OFFICE,1,480500,360375,480500.0,75.0
John Marshall Bank,Reston,VA,304,RICHMOND DISTRICT OFFICE,1,480000,360000,480000.0,75.0
Veritex Community Bank,Dallas,TX,508,MINNESOTA DISTRICT OFFICE,1,480000,360000,480000.0,75.0
"American Bank & Trust Company, Inc.",Bowling Green,KY,474,TENNESSEE DISTRICT OFFICE,2,480000,366500,240000.0,76.35
Royal Banks of Missouri,University City,MO,709,KANSAS CITY DISTRICT OFFICE,1,480000,240000,480000.0,50.0
Citizens Bank,Mukwonago,WI,563,WISCONSIN DISTRICT OFFICE,3,480000,352500,160000.0,73.44
The Savings Bank,Wakefield,MA,101,MASSACHUSETTS DISTRICT OFFICE,3,480000,275000,160000.0,57.29
State Bank of Texas,Irving,TX,681,SAN ANTONIO DISTRICT OFFICE,1,480000,360000,480000.0,75.0
Paragon Bank,Memphis,TN,248,SYRACUSE DISTRICT OFFICE,1,479600,359700,479600.0,75.0
"Lendistry SBLC, LLC",Los Angeles,CA,951,HAWAII DISTRICT OFFICE,5,478800,406980,95760.0,85.0
"Harvest Small Business Finance, LLC",Laguna Hills,CA,562,INDIANA DISTRICT OFFICE,1,478500,358875,478500.0,75.0
Business Finance Capital,Los Angeles,CA,914,LOS ANGELES DISTRICT OFFICE,2,478400,358800,239200.0,75.0
FWBank,Chicago,IL,912,SAN FRANCISCO DISTRICT OFFICE,1,477800,358350,477800.0,75.0
CIBC Bank USA,Chicago,IL,681,SAN ANTONIO DISTRICT OFFICE,1,477500,358125,477500.0,75.0
Savings Bank of Walpole,Walpole,NH,189,NEW HAMPSHIRE DISTRICT OFFICE,5,477000,238500,95400.0,50.0
Quaint Oak Bank,Southampton,PA,610,DALLAS / FT WORTH DISTRICT OFFICE,1,477000,357750,477000.0,75.0
"Harvest Small Business Finance, LLC",Laguna Hills,CA,593,COLUMBUS DISTRICT OFFICE,1,476000,357000,476000.0,75.0
Think Mutual Bank,Rochester,MN,508,MINNESOTA DISTRICT OFFICE,3,476000,384600,158666.67,80.8
Bank of Hope,Los Angeles,CA,942,FRESNO DISTRICT OFFICE,1,475000,356250,475000.0,75.0
"Centerstone SBA Lending, Inc.",Los Angeles,CA,457,KENTUCKY DISTRICT OFFICE,1,475000,356250,475000.0,75.0
Century Bank,Santa Fe,NM,677,EL PASO DISTRICT OFFICE,1,475000,237500,475000.0,50.0
American Momentum Bank,College Station,TX,709,KANSAS CITY DISTRICT OFFICE,1,475000,356250,475000.0,75.0
Citizens Bank,Elizabethton,TN,549,CLEVELAND DISTRICT OFFICE,1,475000,356250,475000.0,75.0
"Wilmington Savings Fund Society, FSB",Wilmington,DE,460,NORTH CAROLINA DISTRICT OFFICE,1,475000,356250,475000.0,75.0
"Golden Bank, National Association",Houston,TX,610,DALLAS / FT WORTH DISTRICT OFFICE,1,474500,355875,474500.0,75.0
Quaint Oak Bank,Southampton,PA,954,SAN DIEGO DISTRICT OFFICE,1,474000,355500,474000.0,75.0
Peoples Bank,Marietta,OH,549,CLEVELAND DISTRICT OFFICE,3,473500,348875,157833.33,73.68
DreamSpring,Albuquerque,NM,988,ARIZONA DISTRICT OFFICE,3,473000,383000,157666.67,80.97
Platinum Bank,Oakdale,MN,885,MONTANA DISTRICT OFFICE,1,472500,354375,472500.0,75.0
First State Bank and Trust,Tonganoxie,KS,709,KANSAS CITY DISTRICT OFFICE,4,472400,338980,118100.0,71.76
First Community CU,Chesterfield,MO,768,ST. LOUIS DISTRICT OFFICE,9,471600,322300,52400.0,68.34
First Business Bank,Madison,WI,761,DES MOINES DISTRICT OFFICE,1,470000,352500,470000.0,75.0
BANK360,Cordell,OK,680,OKLAHOMA DISTRICT OFFICE,2,470000,235000,235000.0,50.0
American Momentum Bank,College Station,TX,515,MICHIGAN DISTRICT OFFICE,1,470000,352500,470000.0,75.0
"SouthState Bank, National Association",Winter Haven,FL,593,COLUMBUS DISTRICT OFFICE,1,469000,351750,469000.0,75.0
Dogwood State Bank,Raleigh,NC,931,SACRAMENTO DISTRICT OFFICE,2,466900,343925,233450.0,73.66
HomeTrust Bank,Asheville,NC,373,BALTIMORE DISTRICT OFFICE,2,466000,335000,233000.0,71.89
IH Mississippi Valley Credit Union,Moline,IL,761,DES MOINES DISTRICT OFFICE,1,465600,349200,465600.0,75.0
"Fund-Ex Solutions Group, LLC",Davie,FL,202,NEW YORK DISTRICT OFFICE,1,465300,348975,465300.0,75.0
"VelocitySBA, LLC",Costa Mesa,CA,515,MICHIGAN DISTRICT OFFICE,1,465200,348900,465200.0,75.0
"Centerstone SBA Lending, Inc.",Los Angeles,CA,885,MONTANA DISTRICT OFFICE,1,465000,348750,465000.0,75.0
Charter Bank,Johnston,IA,761,DES MOINES DISTRICT OFFICE,1,465000,348750,465000.0,75.0
ConnectOne Bank,Englewood Cliffs,NJ,491,NORTH FLORIDA DISTRICT OFFICE,1,464000,348000,464000.0,75.0
Banc of California,Los Angeles,CA,460,NORTH CAROLINA DISTRICT OFFICE,1,464000,348000,464000.0,75.0
Enterprise Bank & Trust,Clayton,MO,474,TENNESSEE DISTRICT OFFICE,1,463200,347400,463200.0,75.0
Peoples Bank,Marietta,OH,390,WEST VIRGINIA DISTRICT OFFICE,4,463200,331150,115800.0,71.49
Gulf Coast Bank and Trust Company,New Orleans,LA,768,ST. LOUIS DISTRICT OFFICE,1,462900,347175,462900.0,75.0
FNB Bank,Goodland,KS,811,COLORADO DISTRICT OFFICE,2,462500,231250,231250.0,50.0
Valley National Bank,Passaic,NJ,459,ALABAMA DISTRICT OFFICE,1,460500,345375,460500.0,75.0
Mission Valley Bank,Sun Valley,CA,353,WASHINGTON DISTRICT OFFICE,1,460400,345300,460400.0,75.0
Northeast Bank,Lewiston,ME,682,NEW MEXICO DISTRICT OFFICE,9,460300,391255,51144.44,85.0
KeyBank National Association,Cleveland,OH,172,MAINE DISTRICT OFFICE,8,460200,230100,57525.0,50.0
First State Bank,Buxton,ND,875,NORTH DAKOTA DISTRICT OFFICE,1,460000,345000,460000.0,75.0
United Community Bank,Greenville,SC,761,DES MOINES DISTRICT OFFICE,1,460000,345000,460000.0,75.0
Armstrong Bank,Muskogee,OK,610,DALLAS / FT WORTH DISTRICT OFFICE,1,460000,345000,460000.0,75.0
First Resource Bank,Exton,PA,341,DELAWARE DISTRICT OFFICE,1,459000,344250,459000.0,75.0
True Access Capital,Wilmington,DE,341,DELAWARE DISTRICT OFFICE,2,458000,354300,229000.0,77.36
First Business Bank,Madison,WI,464,SOUTH CAROLINA DISTRICT OFFICE,1,457000,342750,457000.0,75.0
KeyBank National Association,Cleveland,OH,671,HOUSTON DISTRICT OFFICE,1,456100,342075,456100.0,75.0
North State Bank,Raleigh,NC,474,TENNESSEE DISTRICT OFFICE,1,456000,342000,456000.0,75.0
"WesBanco Bank, Inc.",Wheeling,WV,358,PITTSBURGH DISTRICT OFFICE,2,453600,340200,226800.0,75.0
The Bank of Commerce,Idaho Falls,ID,988,ARIZONA DISTRICT OFFICE,1,453500,340125,453500.0,75.0
United Community Bank,Perham,MN,508,MINNESOTA DISTRICT OFFICE,6,451000,225500,75166.67,50.0
Indiana Members CU,Indianapolis,IN,562,INDIANA DISTRICT OFFICE,1,450400,337800,450400.0,75.0
Monterra Credit Union,Redwood City,CA,912,SAN FRANCISCO DISTRICT OFFICE,1,450000,337500,450000.0,75.0
"Heritage Bank, Inc.",Burlington,KY,811,COLORADO DISTRICT OFFICE,3,450000,382500,150000.0,85.0
WestStar Bank,El Paso,TX,677,EL PASO DISTRICT OFFICE,1,450000,337500,450000.0,75.0
Leominster CU,Leominster,MA,101,MASSACHUSETTS DISTRICT OFFICE,1,450000,337500,450000.0,75.0
Northwest Bank,Warren,PA,460,NORTH CAROLINA DISTRICT OFFICE,2,450000,325000,225000.0,72.22
Colony Bank,Fitzgerald,GA,931,SACRAMENTO DISTRICT OFFICE,3,450000,382500,150000.0,85.0
"Heritage Bank, Inc.",Burlington,KY,709,KANSAS CITY DISTRICT OFFICE,3,450000,382500,150000.0,85.0
Hanmi Bank,Los Angeles,CA,507,ILLINOIS DISTRICT OFFICE,1,450000,337500,450000.0,75.0
Stearns Bank National Association,Saint Cloud,MN,373,BALTIMORE DISTRICT OFFICE,2,450000,342500,225000.0,76.11
First State Bank and Trust,Bayport,MN,563,WISCONSIN DISTRICT OFFICE,2,450000,325000,225000.0,72.22
Camden National Bank,Camden,ME,101,MASSACHUSETTS DISTRICT OFFICE,1,450000,225000,450000.0,50.0
First Children's Finance,Minneapolis,MN,515,MICHIGAN DISTRICT OFFICE,5,450000,382500,90000.0,85.0
Preferred Bank,Los Angeles,CA,912,SAN FRANCISCO DISTRICT OFFICE,1,450000,337500,450000.0,75.0
Community Capital Resources,Elmsford,NY,156,CONNECTICUT DISTRICT OFFICE,3,450000,382500,150000.0,85.0
Bank Five Nine,Oconomowoc,WI,944,NEVADA DISTRICT OFFICE,1,450000,337500,450000.0,75.0
"United Midwest Savings Bank, National Association",De Graff,OH,470,MISSISSIPPI DISTRICT OFFICE,3,450000,382500,150000.0,85.0
Vista Bank,Dallas,TX,678,LUBBOCK DISTRICT OFFICE,1,450000,337500,450000.0,75.0
Hanover Community Bank,Mineola,NY,563,WISCONSIN DISTRICT OFFICE,1,450000,337500,450000.0,75.0
Merchants Bank of Indiana,Carmel,IN,951,HAWAII DISTRICT OFFICE,1,450000,337500,450000.0,75.0
Western State Bank,Devils Lake,ND,515,MICHIGAN DISTRICT OFFICE,2,450000,337500,225000.0,75.0
Seacoast National Bank,Stuart,FL,101,MASSACHUSETTS DISTRICT OFFICE,1,450000,337500,450000.0,75.0
Colony Bank,Fitzgerald,GA,680,OKLAHOMA DISTRICT OFFICE,3,450000,382500,150000.0,85.0
The Bank of Clovis,Clovis,NM,678,LUBBOCK DISTRICT OFFICE,1,448000,336000,448000.0,75.0
Magnifi Financial CU,Melrose,MN,681,SAN ANTONIO DISTRICT OFFICE,1,447400,335550,447400.0,75.0
The Fidelity Bank,Fuquay Varina,NC,1086,PORTLAND DISTRICT OFFICE,1,447000,335250,447000.0,75.0
"Merchants Bank, National Association",Winona,MN,563,WISCONSIN DISTRICT OFFICE,5,446800,267255,89360.0,59.82
Colony Bank,Fitzgerald,GA,944,NEVADA DISTRICT OFFICE,2,446000,349500,223000.0,78.36
First National Bank of Pennsylvania,Greenville,PA,768,ST. LOUIS DISTRICT OFFICE,1,446000,334500,446000.0,75.0
First Chatham Bank,Savannah,GA,951,HAWAII DISTRICT OFFICE,1,445500,334125,445500.0,75.0
PCR Small Business Development,Los Angeles,CA,914,LOS ANGELES DISTRICT OFFICE,2,445000,348250,222500.0,78.26
Byline Bank,Chicago,IL,373,BALTIMORE DISTRICT OFFICE,1,445000,333750,445000.0,75.0
Veritex Community Bank,Dallas,TX,341,DELAWARE DISTRICT OFFICE,1,444800,333600,444800.0,75.0
"TransPecos Banks, SSB.",Pecos,TX,304,RICHMOND DISTRICT OFFICE,1,443600,332700,443600.0,75.0
Strafford Economic Development Corporation,Dover,NH,189,NEW HAMPSHIRE DISTRICT OFFICE,5,442500,365625,88500.0,82.63
B:Side Capital,Denver,CO,811,COLORADO DISTRICT OFFICE,2,442500,346125,221250.0,78.22
First Financial Bank,El Dorado,AR,341,DELAWARE DISTRICT OFFICE,2,442000,337500,221000.0,76.36
Western Commerce Bank,Carlsbad,NM,920,SANTA ANA DISTRICT OFFICE,1,441000,330750,441000.0,75.0
First Business Bank,Madison,WI,914,LOS ANGELES DISTRICT OFFICE,1,441000,330750,441000.0,75.0
AbbyBank,Abbotsford,WI,563,WISCONSIN DISTRICT OFFICE,1,440000,330000,440000.0,75.0
"CRF Small Business Loan Company, LLC",Minneapolis,MN,303,PHILADELPHIA DISTRICT OFFICE,1,440000,330000,440000.0,75.0
Western Nebraska Bank,Curtis,NE,766,NEBRASKA DISTRICT OFFICE,3,440000,220000,146666.67,50.0
Century Bank and Trust,Coldwater,MI,515,MICHIGAN DISTRICT OFFICE,2,440000,345000,220000.0,78.41
"Lendistry SBLC, LLC",Los Angeles,CA,156,CONNECTICUT DISTRICT OFFICE,5,439700,373745,87940.0,85.0
Susser Bank,Dallas,TX,610,DALLAS / FT WORTH DISTRICT OFFICE,2,439000,338150,219500.0,77.03
"Leader Bank, National Association",Arlington,MA,303,PHILADELPHIA DISTRICT OFFICE,1,439000,329250,439000.0,75.0
Pinnacle Bank,Nashville,TN,681,SAN ANTONIO DISTRICT OFFICE,1,438900,329175,438900.0,75.0
Northfield Bank,Woodbridge,NJ,299,NEW JERSEY DISTRICT OFFICE,1,438500,328875,438500.0,75.0
"South Central Kansas Economic Development District, Inc.",Bel Aire,KS,767,WICHITA DISTRICT OFFICE,5,437000,371450,87400.0,85.0
Veritex Community Bank,Dallas,TX,988,ARIZONA DISTRICT OFFICE,1,436100,327075,436100.0,75.0
Jackson County Bank,Seymour,IN,562,INDIANA DISTRICT OFFICE,1,435000,326250,435000.0,75.0
Commerce Bank,Kansas City,MO,811,COLORADO DISTRICT OFFICE,5,434100,230575,86820.0,53.12
Celtic Bank Corporation,Salt Lake City,UT,341,DELAWARE DISTRICT OFFICE,3,434100,368985,144700.0,85.0
"VelocitySBA, LLC",Costa Mesa,CA,341,DELAWARE DISTRICT OFFICE,1,434000,325500,434000.0,75.0
BankVista,Sartell,MN,1084,ALASKA DISTRICT OFFICE,1,433500,325125,433500.0,75.0
Regions Bank,Birmingham,AL,768,ST. LOUIS DISTRICT OFFICE,2,433400,287550,216700.0,66.35
First Oklahoma Bank,Jenks,OK,610,DALLAS / FT WORTH DISTRICT OFFICE,1,432000,324000,432000.0,75.0
Apex Bank,Camden,TN,474,TENNESSEE DISTRICT OFFICE,1,431000,323250,431000.0,75.0
"Wells Fargo Bank, National Association",Sioux Falls,SD,680,OKLAHOMA DISTRICT OFFICE,1,430800,323100,430800.0,75.0
Milestone Bank,Salt Lake City,UT,885,MONTANA DISTRICT OFFICE,1,430000,322500,430000.0,75.0
Coastal States Bank,Hilton Head Island,SC,491,NORTH FLORIDA DISTRICT OFFICE,1,430000,322500,430000.0,75.0
Anstaff Bank,Green Forest,AR,669,ARKANSAS DISTRICT OFFICE,1,430000,322500,430000.0,75.0
United Community Bank,Greenville,SC,944,NEVADA DISTRICT OFFICE,2,430000,297500,215000.0,69.19
"Harvest Small Business Finance, LLC",Laguna Hills,CA,679,LOUISIANA DISTRICT OFFICE,1,429300,321975,429300.0,75.0
"SouthState Bank, National Association",Winter Haven,FL,811,COLORADO DISTRICT OFFICE,1,429000,321750,429000.0,75.0
Liberty National Bank,Sioux City,IA,761,DES MOINES DISTRICT OFFICE,3,428000,316550,142666.67,73.96
Community Resource Bank,Northfield,MN,508,MINNESOTA DISTRICT OFFICE,5,427500,213750,85500.0,50.0
First Savings Bank,Beresford,SD,677,EL PASO DISTRICT OFFICE,1,427500,320625,427500.0,75.0
Town and Country CU,Minot,ND,508,MINNESOTA DISTRICT OFFICE,4,427200,290600,106800.0,68.02
Independent Bank d/b/a Independent Financial,Mckinney,TX,680,OKLAHOMA DISTRICT OFFICE,1,426100,319575,426100.0,75.0
Milestone Bank,Salt Lake City,UT,491,NORTH FLORIDA DISTRICT OFFICE,1,426000,319500,426000.0,75.0
"Harvest Small Business Finance, LLC",Laguna Hills,CA,508,MINNESOTA DISTRICT OFFICE,1,425000,318750,425000.0,75.0
Platinum Federal Credit Union,Duluth,GA,455,SOUTH FLORIDA DISTRICT OFFICE,2,425000,318750,212500.0,75.0
Coastal1 Credit Union,Pawtucket,RI,165,RHODE ISLAND DISTRICT OFFICE,2,425000,212500,212500.0,50.0
GBank,Las Vegas,NV,373,BALTIMORE DISTRICT OFFICE,1,425000,318750,425000.0,75.0
Stearns Bank National Association,Saint Cloud,MN,457,KENTUCKY DISTRICT OFFICE,1,425000,318750,425000.0,75.0
Enterprise Bank & Trust,Clayton,MO,353,WASHINGTON DISTRICT OFFICE,1,425000,318750,425000.0,75.0
"Newtek Bank, National Association",Miami,FL,876,SOUTH DAKOTA DISTRICT OFFICE,3,425000,336250,141666.67,79.12
Hometown Bank,Kent,OH,610,DALLAS / FT WORTH DISTRICT OFFICE,2,424000,318000,212000.0,75.0
"Capital Bank, National Association",Rockville,MD,507,ILLINOIS DISTRICT OFFICE,1,423300,317475,423300.0,75.0
"LiftFund, Inc.",San Antonio,TX,677,EL PASO DISTRICT OFFICE,5,422000,358700,84400.0,85.0
Global One Bank,Houston,TX,610,DALLAS / FT WORTH DISTRICT OFFICE,1,420000,315000,420000.0,75.0
CTBC Bank Corp. (USA).,Los Angeles,CA,202,NEW YORK DISTRICT OFFICE,1,420000,315000,420000.0,75.0
Colony Bank,Fitzgerald,GA,766,NEBRASKA DISTRICT OFFICE,3,419100,356235,139700.0,85.0
The Huntington National Bank,Columbus,OH,875,NORTH DAKOTA DISTRICT OFFICE,3,418500,306375,139500.0,73.21
Northeast Bank,Lewiston,ME,150,VERMONT DISTRICT OFFICE,6,418400,355640,69733.33,85.0
Community Choice CU,Farmington Hills,MI,593,COLUMBUS DISTRICT OFFICE,1,417100,312825,417100.0,75.0
Colony Bank,Fitzgerald,GA,709,KANSAS CITY DISTRICT OFFICE,3,417000,354450,139000.0,85.0
CIBC Bank USA,Chicago,IL,944,NEVADA DISTRICT OFFICE,2,416500,299875,208250.0,72.0
Old National Bank,Evansville,IN,358,PITTSBURGH DISTRICT OFFICE,1,416000,312000,416000.0,75.0
Bridgewater Bank,Saint Louis Park,MN,563,WISCONSIN DISTRICT OFFICE,1,414000,310500,414000.0,75.0
Colony Bank,Fitzgerald,GA,768,ST. LOUIS DISTRICT OFFICE,3,413900,351815,137966.67,85.0
"Community Bank, National Association",Canton,NY,303,PHILADELPHIA DISTRICT OFFICE,2,413500,266375,206750.0,64.42
Celtic Bank Corporation,Salt Lake City,UT,189,NEW HAMPSHIRE DISTRICT OFFICE,2,412300,315225,206150.0,76.46
Valley National Bank,Passaic,NJ,954,SAN DIEGO DISTRICT OFFICE,1,412000,309000,412000.0,75.0
First Savings Bank,Beresford,SD,610,DALLAS / FT WORTH DISTRICT OFFICE,1,411400,308550,411400.0,75.0
American National Bank,Omaha,NE,101,MASSACHUSETTS DISTRICT OFFICE,2,411000,283250,205500.0,68.92
"SouthState Bank, National Association",Winter Haven,FL,248,SYRACUSE DISTRICT OFFICE,1,410500,307875,410500.0,75.0
"Capital Bank, National Association",Rockville,MD,455,SOUTH FLORIDA DISTRICT OFFICE,1,410000,307500,410000.0,75.0
Lewis & Clark Bank,Oregon City,OR,1086,PORTLAND DISTRICT OFFICE,3,410000,263750,136666.67,64.33
"Harvest Small Business Finance, LLC",Laguna Hills,CA,358,PITTSBURGH DISTRICT OFFICE,1,408000,306000,408000.0,75.0
Pentucket Bank,Haverhill,MA,189,NEW HAMPSHIRE DISTRICT OFFICE,6,407000,263700,67833.33,64.79
KeyBank National Association,Cleveland,OH,101,MASSACHUSETTS DISTRICT OFFICE,4,406500,267375,101625.0,65.77
OakStar Bank,Springfield,MO,767,WICHITA DISTRICT OFFICE,1,406200,304650,406200.0,75.0
Mechanics & Farmers Bank,Durham,NC,455,SOUTH FLORIDA DISTRICT OFFICE,1,406000,304500,406000.0,75.0
Air Academy FCU,Colorado Springs,CO,811,COLORADO DISTRICT OFFICE,1,405000,303750,405000.0,75.0
First National Bank of Omaha,Omaha,NE,507,ILLINOIS DISTRICT OFFICE,1,405000,303750,405000.0,75.0
Riverview Bank,Vancouver,WA,1013,SEATTLE DISTRICT OFFICE,1,405000,303750,405000.0,75.0
CBI Bank & Trust,Muscatine,IA,761,DES MOINES DISTRICT OFFICE,2,405000,249750,202500.0,61.67
North State Bank,Raleigh,NC,1086,PORTLAND DISTRICT OFFICE,1,404000,303000,404000.0,75.0
Magyar Bank,New Brunswick,NJ,202,NEW YORK DISTRICT OFFICE,1,403800,302850,403800.0,75.0
"Readycap Lending, LLC",Berkeley Heights,NJ,875,NORTH DAKOTA DISTRICT OFFICE,3,403500,312625,134500.0,77.48
Washington Business Bank,Olympia,WA,1013,SEATTLE DISTRICT OFFICE,1,403200,302400,403200.0,75.0
"PNC Bank, National Association",Wilmington,DE,464,SOUTH CAROLINA DISTRICT OFFICE,4,402000,286500,100500.0,71.27
KCB Bank,Lakin,KS,678,LUBBOCK DISTRICT OFFICE,1,401500,301125,401500.0,75.0
"U.S. Bank, National Association",Cincinnati,OH,464,SOUTH CAROLINA DISTRICT OFFICE,4,400500,264125,100125.0,65.95
Seaboard FCU,Bucksport,ME,172,MAINE DISTRICT OFFICE,4,400500,200250,100125.0,50.0
University Bank,Ann Arbor,MI,491,NORTH FLORIDA DISTRICT OFFICE,1,400100,300075,400100.0,75.0
North State Bank,Raleigh,NC,681,SAN ANTONIO DISTRICT OFFICE,1,400000,300000,400000.0,75.0
Bank of Bozeman,Bozeman,MT,885,MONTANA DISTRICT OFFICE,1,400000,360000,400000.0,90.0
First Citizens Bank,Mason City,IA,761,DES MOINES DISTRICT OFFICE,1,400000,300000,400000.0,75.0
PCB Bank,Los Angeles,CA,811,COLORADO DISTRICT OFFICE,1,400000,180000,400000.0,45.0
CDC Small Business Finance Corporation,San Diego,CA,883,UTAH DISTRICT OFFICE,2,400000,311500,200000.0,77.88
"JPMorgan Chase Bank, National Association",Columbus,OH,358,PITTSBURGH DISTRICT OFFICE,3,400000,200000,133333.33,50.0
Merchants Bank of Indiana,Carmel,IN,944,NEVADA DISTRICT OFFICE,1,400000,300000,400000.0,75.0
North State Bank,Raleigh,NC,353,WASHINGTON DISTRICT OFFICE,1,400000,300000,400000.0,75.0
Beacon Community Bank,Mount Pleasant,SC,460,NORTH CAROLINA DISTRICT OFFICE,1,400000,300000,400000.0,75.0
City National Bank of Florida,Miami,FL,679,LOUISIANA DISTRICT OFFICE,1,400000,300000,400000.0,75.0
Stearns Bank National Association,Saint Cloud,MN,954,SAN DIEGO DISTRICT OFFICE,1,400000,300000,400000.0,75.0
Lower East Side People's Federal Credit Union,New York City,NY,202,NEW YORK DISTRICT OFFICE,4,400000,200000,100000.0,50.0
Pathward National Association,Sioux Falls,SD,954,SAN DIEGO DISTRICT OFFICE,1,400000,300000,400000.0,75.0
CIBC Bank USA,Chicago,IL,460,NORTH CAROLINA DISTRICT OFFICE,2,400000,293750,200000.0,73.44
BMO Bank National Association,Chicago,IL,563,WISCONSIN DISTRICT OFFICE,2,400000,250000,200000.0,62.5
East West Bank,Pasadena,CA,610,DALLAS / FT WORTH DISTRICT OFFICE,1,400000,300000,400000.0,75.0
Craft Bank,Atlanta,GA,303,PHILADELPHIA DISTRICT OFFICE,1,400000,300000,400000.0,75.0
North State Bank,Raleigh,NC,562,INDIANA DISTRICT OFFICE,1,400000,300000,400000.0,75.0
Exos Small Business Lending LLC,New York,NY,491,NORTH FLORIDA DISTRICT OFFICE,1,400000,300000,400000.0,75.0
FWBank,Chicago,IL,954,SAN DIEGO DISTRICT OFFICE,1,400000,300000,400000.0,75.0
Five Star Bank,Rancho Cordova,CA,912,SAN FRANCISCO DISTRICT OFFICE,2,400000,300000,200000.0,75.0
Parke Bank,Sewell,NJ,299,NEW JERSEY DISTRICT OFFICE,1,400000,300000,400000.0,75.0
Bank of the Southwest,Roswell,NM,682,NEW MEXICO DISTRICT OFFICE,1,400000,360000,400000.0,90.0
Colony Bank,Fitzgerald,GA,562,INDIANA DISTRICT OFFICE,3,400000,340000,133333.33,85.0
First Eagle Bank,Chicago,IL,507,ILLINOIS DISTRICT OFFICE,1,400000,200000,400000.0,50.0
Bankwell Bank,New Canaan,CT,914,LOS ANGELES DISTRICT OFFICE,1,400000,300000,400000.0,75.0
First Savings Bank,Jeffersonville,IN,681,SAN ANTONIO DISTRICT OFFICE,1,400000,300000,400000.0,75.0
"Wilmington Savings Fund Society, FSB",Wilmington,DE,515,MICHIGAN DISTRICT OFFICE,1,400000,300000,400000.0,75.0
Cornhusker Bank,Lincoln,NE,515,MICHIGAN DISTRICT OFFICE,1,400000,300000,400000.0,75.0
Bell Bank,Fargo,ND,455,SOUTH FLORIDA DISTRICT OFFICE,2,400000,252500,200000.0,63.12
NewBank,Queens,NY,156,CONNECTICUT DISTRICT OFFICE,1,400000,300000,400000.0,75.0
"Citibank, N.A.",Sioux Falls,SD,507,ILLINOIS DISTRICT OFFICE,6,399000,199500,66500.0,50.0
"Vermont Community Loan Fund, Inc.",Montpelier,VT,150,VERMONT DISTRICT OFFICE,5,398500,338725,79700.0,85.0
Granite FCU,Salt Lake City,UT,883,UTAH DISTRICT OFFICE,1,398000,298500,398000.0,75.0
Magnifi Financial CU,Melrose,MN,353,WASHINGTON DISTRICT OFFICE,1,397800,298350,397800.0,75.0
First Bank of the Lake,Osage Beach,MO,341,DELAWARE DISTRICT OFFICE,3,397100,306495,132366.67,77.18
American Momentum Bank,College Station,TX,914,LOS ANGELES DISTRICT OFFICE,1,397000,297750,397000.0,75.0
Providence Bank & Trust,South Holland,IL,562,INDIANA DISTRICT OFFICE,1,396900,297675,396900.0,75.0
Wadena State Bank,Wadena,MN,508,MINNESOTA DISTRICT OFFICE,2,396800,198400,198400.0,50.0
ConnectOne Bank,Englewood Cliffs,NJ,811,COLORADO DISTRICT OFFICE,1,395000,296250,395000.0,75.0
Bridgewater Bank,Saint Louis Park,MN,811,COLORADO DISTRICT OFFICE,1,394800,296100,394800.0,75.0
CDC Small Business Finance Corporation,San Diego,CA,373,BALTIMORE DISTRICT OFFICE,3,394200,311650,131400.0,79.06
First Heritage Federal Credit Union,Corning,NY,303,PHILADELPHIA DISTRICT OFFICE,3,394000,318900,131333.33,80.94
Old National Bank,Evansville,IN,988,ARIZONA DISTRICT OFFICE,1,393000,294750,393000.0,75.0
Community Financial Services Bank,Benton,KY,457,KENTUCKY DISTRICT OFFICE,1,393000,294750,393000.0,75.0
Banc of California,Los Angeles,CA,248,SYRACUSE DISTRICT OFFICE,1,392000,294000,392000.0,75.0
IncredibleBank,Wausau,WI,914,LOS ANGELES DISTRICT OFFICE,1,392000,294000,392000.0,75.0
Midwest BankCentre,Saint Louis,MO,709,KANSAS CITY DISTRICT OFFICE,1,390000,292500,390000.0,75.0
Platinum Bank,Oakdale,MN,920,SANTA ANA DISTRICT OFFICE,2,390000,280000,195000.0,71.79
"T Bank, National Association",Dallas,TX,390,WEST VIRGINIA DISTRICT OFFICE,1,389300,291975,389300.0,75.0
"Heritage Bank, Inc.",Burlington,KY,304,RICHMOND DISTRICT OFFICE,3,389000,330650,129666.67,85.0
GECU,El Paso,TX,677,EL PASO DISTRICT OFFICE,1,388000,291000,388000.0,75.0
United Bank of Michigan,Grand Rapids,MI,515,MICHIGAN DISTRICT OFFICE,1,387500,290625,387500.0,75.0
"Capital Bank, National Association",Rockville,MD,562,INDIANA DISTRICT OFFICE,1,387000,290250,387000.0,75.0
First Business Bank,Madison,WI,678,LUBBOCK DISTRICT OFFICE,1,386000,289500,386000.0,75.0
North Brookfield Savings Bank,North Brookfield,MA,101,MASSACHUSETTS DISTRICT OFFICE,4,384500,192250,96125.0,50.0
EverTrust Bank,City Of Industry,CA,942,FRESNO DISTRICT OFFICE,1,383000,287250,383000.0,75.0
"Lendistry SBLC, LLC",Los Angeles,CA,897,WYOMING DISTRICT OFFICE,1,382700,287025,382700.0,75.0
"CRF Small Business Loan Company, LLC",Minneapolis,MN,373,BALTIMORE DISTRICT OFFICE,1,382700,287025,382700.0,75.0
Bank of Sun Prairie,Sun Prairie,WI,563,WISCONSIN DISTRICT OFFICE,1,382500,286875,382500.0,75.0
Merchants Bank of Indiana,Carmel,IN,405,GEORGIA DISTRICT OFFICE,1,382000,286500,382000.0,75.0
Craft Bank,Atlanta,GA,464,SOUTH CAROLINA DISTRICT OFFICE,1,380700,285525,380700.0,75.0
Gulf Coast Bank and Trust Company,New Orleans,LA,299,NEW JERSEY DISTRICT OFFICE,1,380000,285000,380000.0,75.0
"LiftFund, Inc.",San Antonio,TX,455,SOUTH FLORIDA DISTRICT OFFICE,2,380000,285000,190000.0,75.0
Northeast Bank,Lewiston,ME,1084,ALASKA DISTRICT OFFICE,5,380000,323000,76000.0,85.0
"JPMorgan Chase Bank, National Association",Columbus,OH,508,MINNESOTA DISTRICT OFFICE,6,380000,190000,63333.33,50.0
United Community Bank,Greenville,SC,811,COLORADO DISTRICT OFFICE,1,380000,285000,380000.0,75.0
Encore Bank,Little Rock,AR,515,MICHIGAN DISTRICT OFFICE,1,378900,284175,378900.0,75.0
BMO Bank National Association,Chicago,IL,562,INDIANA DISTRICT OFFICE,1,378700,284025,378700.0,75.0
Woodsville Guaranty Savings Bank,Woodsville,NH,150,VERMONT DISTRICT OFFICE,3,377900,261025,125966.67,69.07
"Lendistry SBLC, LLC",Los Angeles,CA,768,ST. LOUIS DISTRICT OFFICE,3,377500,320875,125833.33,85.0
Kendall Bank,Overland Park,KS,766,NEBRASKA DISTRICT OFFICE,1,375300,281475,375300.0,75.0
Region IV Development Corporation,Twin Falls,ID,1087,BOISE DISTRICT OFFICE,2,375200,293480,187600.0,78.22
City National Bank of Florida,Miami,FL,811,COLORADO DISTRICT OFFICE,1,375000,281250,375000.0,75.0
Route 31 Federal Credit Union,Muskegon,MI,515,MICHIGAN DISTRICT OFFICE,1,375000,281250,375000.0,75.0
Citizens Bank,Elizabethton,TN,508,MINNESOTA DISTRICT OFFICE,1,375000,281250,375000.0,75.0
FCNB Bank,Steelville,MO,768,ST. LOUIS DISTRICT OFFICE,2,375000,291250,187500.0,77.67
"Capital One, National Association",Mclean,VA,954,SAN DIEGO DISTRICT OFFICE,1,375000,281250,375000.0,75.0
Bank of the Orient,San Francisco,CA,681,SAN ANTONIO DISTRICT OFFICE,1,375000,281250,375000.0,75.0
"Heritage Bank, Inc.",Burlington,KY,303,PHILADELPHIA DISTRICT OFFICE,3,375000,318750,125000.0,85.0
Merchants Bank of Indiana,Carmel,IN,156,CONNECTICUT DISTRICT OFFICE,1,372500,279375,372500.0,75.0
"Heritage Bank, Inc.",Burlington,KY,883,UTAH DISTRICT OFFICE,3,372000,316200,124000.0,85.0
Trustmark National Bank,Jackson,MS,459,ALABAMA DISTRICT OFFICE,2,370600,265450,185300.0,71.63
"JPMorgan Chase Bank, National Association",Columbus,OH,766,NEBRASKA DISTRICT OFFICE,3,370000,185000,123333.33,50.0
City National Bank of Florida,Miami,FL,464,SOUTH CAROLINA DISTRICT OFFICE,1,370000,277500,370000.0,75.0
City National Bank of Florida,Miami,FL,1086,PORTLAND DISTRICT OFFICE,1,370000,277500,370000.0,75.0
Peoples Trust Company of St. Albans,Saint Albans,VT,150,VERMONT DISTRICT OFFICE,3,370000,185000,123333.33,50.0
BANK,Wapello,IA,761,DES MOINES DISTRICT OFFICE,1,370000,277500,370000.0,75.0
HomeTrust Bank,Asheville,NC,761,DES MOINES DISTRICT OFFICE,1,370000,277500,370000.0,75.0
"Fund-Ex Solutions Group, LLC",Davie,FL,912,SAN FRANCISCO DISTRICT OFFICE,1,368700,276525,368700.0,75.0
22nd State Bank,Louisville,AL,912,SAN FRANCISCO DISTRICT OFFICE,1,368700,276525,368700.0,75.0
Capital Certified Development Corporation,Austin,TX,678,LUBBOCK DISTRICT OFFICE,2,368500,288525,184250.0,78.3
22nd State Bank,Louisville,AL,931,SACRAMENTO DISTRICT OFFICE,1,368400,276300,368400.0,75.0
Gulf Coast Bank,Abbeville,LA,610,DALLAS / FT WORTH DISTRICT OFFICE,1,367200,275400,367200.0,75.0
Stock Yards Bank & Trust Company,Louisville,KY,507,ILLINOIS DISTRICT OFFICE,1,366800,275100,366800.0,75.0
Citizens Bank,Elizabethton,TN,172,MAINE DISTRICT OFFICE,1,366400,274800,366400.0,75.0
American Momentum Bank,College Station,TX,563,WISCONSIN DISTRICT OFFICE,1,366000,274500,366000.0,75.0
Byline Bank,Chicago,IL,1086,PORTLAND DISTRICT OFFICE,1,366000,274500,366000.0,75.0
First Bank,Mccomb,MS,470,MISSISSIPPI DISTRICT OFFICE,1,365000,273750,365000.0,75.0
"Centerstone SBA Lending, Inc.",Los Angeles,CA,156,CONNECTICUT DISTRICT OFFICE,1,365000,273750,365000.0,75.0
Fifth Third Bank,Cincinnati,OH,299,NEW JERSEY DISTRICT OFFICE,1,364500,273375,364500.0,75.0
Evolve Bank and Trust,West Memphis,AR,101,MASSACHUSETTS DISTRICT OFFICE,1,364000,273000,364000.0,75.0
Heartland Bank and Trust Company,Bloomington,IL,507,ILLINOIS DISTRICT OFFICE,1,364000,273000,364000.0,75.0
"Wells Fargo Bank, National Association",Sioux Falls,SD,457,KENTUCKY DISTRICT OFFICE,1,362800,272100,362800.0,75.0
North State Bank,Raleigh,NC,172,MAINE DISTRICT OFFICE,1,362000,271500,362000.0,75.0
First Internet Bank of Indiana,Fishers,IN,942,FRESNO DISTRICT OFFICE,1,362000,271500,362000.0,75.0
Colony Bank,Fitzgerald,GA,296,BUFFALO DISTRICT OFFICE,3,360800,306680,120266.67,85.0
BLC Community Bank,Little Chute,WI,563,WISCONSIN DISTRICT OFFICE,1,360000,270000,360000.0,75.0
Evolve Bank and Trust,West Memphis,AR,768,ST. LOUIS DISTRICT OFFICE,1,360000,270000,360000.0,75.0
City National Bank of Florida,Miami,FL,563,WISCONSIN DISTRICT OFFICE,2,360000,280000,180000.0,77.78
American National Bank,Omaha,NE,563,WISCONSIN DISTRICT OFFICE,1,360000,180000,360000.0,50.0
Cornerstone Bank,York,NE,766,NEBRASKA DISTRICT OFFICE,1,360000,270000,360000.0,75.0
"Newtek Bank, National Association",Miami,FL,875,NORTH DAKOTA DISTRICT OFFICE,2,360000,267500,180000.0,74.31
Hiawatha National Bank,Hager City,WI,709,KANSAS CITY DISTRICT OFFICE,1,360000,180000,360000.0,50.0
"Centerstone SBA Lending, Inc.",Los Angeles,CA,944,NEVADA DISTRICT OFFICE,1,360000,270000,360000.0,75.0
Five Star Bank,Rancho Cordova,CA,515,MICHIGAN DISTRICT OFFICE,1,360000,270000,360000.0,75.0
Old National Bank,Evansville,IN,883,UTAH DISTRICT OFFICE,1,360000,270000,360000.0,75.0
City National Bank,Los Angeles,CA,1086,PORTLAND DISTRICT OFFICE,1,360000,270000,360000.0,75.0
Citizens Alliance Bank,Clara City,MN,508,MINNESOTA DISTRICT OFFICE,1,360000,180000,360000.0,50.0
Security Savings Bank,Canton,SD,508,MINNESOTA DISTRICT OFFICE,2,359000,179500,179500.0,50.0
Pinnacle Bank,Nashville,TN,709,KANSAS CITY DISTRICT OFFICE,1,357400,268050,357400.0,75.0
Bell Bank,Fargo,ND,563,WISCONSIN DISTRICT OFFICE,2,356200,229650,178100.0,64.47
Primis Bank,Tappahannock,VA,353,WASHINGTON DISTRICT OFFICE,1,356000,178000,356000.0,50.0
Craft Bank,Atlanta,GA,455,SOUTH FLORIDA DISTRICT OFFICE,1,355500,266625,355500.0,75.0
Customers Bank,Malvern,PA,912,SAN FRANCISCO DISTRICT OFFICE,1,355500,266625,355500.0,75.0
First Hawaiian Bank,Honolulu,HI,951,HAWAII DISTRICT OFFICE,3,355000,195000,118333.33,54.93
Metro City Bank,Doraville,GA,680,OKLAHOMA DISTRICT OFFICE,1,355000,266250,355000.0,75.0
Intracoastal Bank,Palm Coast,FL,491,NORTH FLORIDA DISTRICT OFFICE,1,355000,266250,355000.0,75.0
The Huntington National Bank,Columbus,OH,639,LOWER RIO GRANDE VALLEY DISTRICT OFFICE,2,354500,255875,177250.0,72.18
"Zions Bank, A Division of",Salt Lake City,UT,1013,SEATTLE DISTRICT OFFICE,2,353500,262625,176750.0,74.29
"INTRUST Bank, National Association",Wichita,KS,709,KANSAS CITY DISTRICT OFFICE,3,351000,219600,117000.0,62.56
"Bank of America, National Association",Charlotte,NC,1087,BOISE DISTRICT OFFICE,1,351000,175500,351000.0,50.0
"Welch State Bank of Welch, Okla.",Welch,OK,680,OKLAHOMA DISTRICT OFFICE,2,350300,175150,175150.0,50.0
Five Star Bank,Rancho Cordova,CA,101,MASSACHUSETTS DISTRICT OFFICE,1,350000,262500,350000.0,75.0
Texas Capital Bank,Dallas,TX,1086,PORTLAND DISTRICT OFFICE,1,350000,175000,350000.0,50.0
Cadence Bank,Tupelo,MS,875,NORTH DAKOTA DISTRICT OFFICE,1,350000,262500,350000.0,75.0
ConnectOne Bank,Englewood Cliffs,NJ,304,RICHMOND DISTRICT OFFICE,1,350000,262500,350000.0,75.0
Nebraska Bank of Commerce,Lincoln,NE,766,NEBRASKA DISTRICT OFFICE,1,350000,262500,350000.0,75.0
Black Business Investment Fund Inc.,Orlando,FL,455,SOUTH FLORIDA DISTRICT OFFICE,1,350000,262500,350000.0,75.0
"JPMorgan Chase Bank, National Association",Columbus,OH,459,ALABAMA DISTRICT OFFICE,1,350000,175000,350000.0,50.0
CDC Small Business Finance Corporation,San Diego,CA,678,LUBBOCK DISTRICT OFFICE,1,350000,262500,350000.0,75.0
Five Star Bank,Rancho Cordova,CA,593,COLUMBUS DISTRICT OFFICE,1,350000,262500,350000.0,75.0
Southern Bancorp Bank,Arkadelphia,AR,474,TENNESSEE DISTRICT OFFICE,1,350000,262500,350000.0,75.0
"JPMorgan Chase Bank, National Association",Columbus,OH,951,HAWAII DISTRICT OFFICE,1,350000,175000,350000.0,50.0
FinWise Bank,Sandy,UT,515,MICHIGAN DISTRICT OFFICE,1,350000,262500,350000.0,75.0
CommerceWest Bank,Irvine,CA,914,LOS ANGELES DISTRICT OFFICE,2,350000,175000,175000.0,50.0
Genisys CU,Auburn Hills,MI,610,DALLAS / FT WORTH DISTRICT OFFICE,1,350000,262500,350000.0,75.0
"Metro Community Development, Inc.",Flint,MI,515,MICHIGAN DISTRICT OFFICE,1,350000,262500,350000.0,75.0
The Halstead Bank,Halstead,KS,767,WICHITA DISTRICT OFFICE,1,350000,262500,350000.0,75.0
West Town Bank & Trust,North Riverside,IL,101,MASSACHUSETTS DISTRICT OFFICE,2,350000,277500,175000.0,79.29
"Valley Economic Development Partners, Inc.",Youngstown,OH,358,PITTSBURGH DISTRICT OFFICE,1,350000,262500,350000.0,75.0
"AMPAC Tri-State CDC, Inc.",Ontario,CA,405,GEORGIA DISTRICT OFFICE,1,350000,262500,350000.0,75.0
Pathward National Association,Sioux Falls,SD,299,NEW JERSEY DISTRICT OFFICE,1,350000,262500,350000.0,75.0
FinWise Bank,Sandy,UT,681,SAN ANTONIO DISTRICT OFFICE,1,350000,262500,350000.0,75.0
FinWise Bank,Sandy,UT,768,ST. LOUIS DISTRICT OFFICE,1,350000,262500,350000.0,75.0
Commerce Bank,Kansas City,MO,405,GEORGIA DISTRICT OFFICE,1,350000,262500,350000.0,75.0
Pathward National Association,Sioux Falls,SD,515,MICHIGAN DISTRICT OFFICE,1,350000,262500,350000.0,75.0
"AMPAC Tri-State CDC, Inc.",Ontario,CA,931,SACRAMENTO DISTRICT OFFICE,1,350000,262500,350000.0,75.0
First Savings Bank,Beresford,SD,944,NEVADA DISTRICT OFFICE,1,350000,175000,350000.0,50.0
"INB, National Association",Springfield,IL,507,ILLINOIS DISTRICT OFFICE,2,350000,225000,175000.0,64.29
First Savings Bank,Jeffersonville,IN,358,PITTSBURGH DISTRICT OFFICE,1,350000,262500,350000.0,75.0
"CRF Small Business Loan Company, LLC",Minneapolis,MN,299,NEW JERSEY DISTRICT OFFICE,1,350000,262500,350000.0,75.0
Hanover Community Bank,Mineola,NY,897,WYOMING DISTRICT OFFICE,1,350000,262500,350000.0,75.0
"The Commercial and Savings Bank of Millersburg, Ohio",Millersburg,OH,549,CLEVELAND DISTRICT OFFICE,1,350000,262500,350000.0,75.0
CDC Small Business Finance Corporation,San Diego,CA,766,NEBRASKA DISTRICT OFFICE,1,350000,262500,350000.0,75.0
Exchange Bank,Santa Rosa,CA,914,LOS ANGELES DISTRICT OFFICE,1,350000,175000,350000.0,50.0
Frontier Bank of Texas,Elgin,TX,671,HOUSTON DISTRICT OFFICE,1,350000,175000,350000.0,50.0
Bankwell Bank,New Canaan,CT,678,LUBBOCK DISTRICT OFFICE,1,350000,262500,350000.0,75.0
Reliance Savings Bank,Altoona,PA,358,PITTSBURGH DISTRICT OFFICE,1,350000,262500,350000.0,75.0
California Statewide Certified Development Corporation,Davis,CA,944,NEVADA DISTRICT OFFICE,1,350000,262500,350000.0,75.0
Campbell County Bank,Herreid,SD,876,SOUTH DAKOTA DISTRICT OFFICE,1,350000,262500,350000.0,75.0
First Savings Bank,Jeffersonville,IN,912,SAN FRANCISCO DISTRICT OFFICE,1,350000,262500,350000.0,75.0
"United Midwest Savings Bank, National Association",De Graff,OH,677,EL PASO DISTRICT OFFICE,2,350000,277500,175000.0,79.29
First Chatham Bank,Savannah,GA,1013,SEATTLE DISTRICT OFFICE,1,350000,262500,350000.0,75.0
Woodlands National Bank,Hinckley,MN,508,MINNESOTA DISTRICT OFFICE,1,350000,175000,350000.0,50.0
Home Bank of California,San Diego,CA,920,SANTA ANA DISTRICT OFFICE,1,348500,261375,348500.0,75.0
GBank,Las Vegas,NV,988,ARIZONA DISTRICT OFFICE,1,348500,261375,348500.0,75.0
The Middlefield Banking Company,Middlefield,OH,549,CLEVELAND DISTRICT OFFICE,1,347400,173700,347400.0,50.0
"NBT Bank, National Association",Norwich,NY,189,NEW HAMPSHIRE DISTRICT OFFICE,3,347000,267200,115666.67,77.0
The Bancorp Bank National Association,Sioux Falls,SD,341,DELAWARE DISTRICT OFFICE,1,345600,259200,345600.0,75.0
Centennial Bank,Conway,AR,669,ARKANSAS DISTRICT OFFICE,1,345000,258750,345000.0,75.0
First State Bank of Forsyth,Forsyth,MT,885,MONTANA DISTRICT OFFICE,1,345000,258750,345000.0,75.0
Bank OZK,Little Rock,AR,491,NORTH FLORIDA DISTRICT OFFICE,1,343500,257625,343500.0,75.0
Newport News Shipbuilding Empl CU Inc d/b/a BayPort CU,Newport News,VA,304,RICHMOND DISTRICT OFFICE,3,343000,171500,114333.33,50.0
"Colonial Savings, F.A.",Fort Worth,TX,610,DALLAS / FT WORTH DISTRICT OFFICE,2,341400,237300,170700.0,69.51
Centennial Bank,Conway,AR,678,LUBBOCK DISTRICT OFFICE,1,341100,255825,341100.0,75.0
"Lendistry SBLC, LLC",Los Angeles,CA,679,LOUISIANA DISTRICT OFFICE,3,340200,289170,113400.0,85.0
"Golden Bank, National Association",Houston,TX,671,HOUSTON DISTRICT OFFICE,1,340000,255000,340000.0,75.0
Commonwealth Business Bank,Los Angeles,CA,671,HOUSTON DISTRICT OFFICE,1,340000,255000,340000.0,75.0
"PNC Bank, National Association",Wilmington,DE,459,ALABAMA DISTRICT OFFICE,8,340000,170000,42500.0,50.0
Justine Petersen Housing & Reinvestment Corporation,St. Louis,MO,768,ST. LOUIS DISTRICT OFFICE,3,340000,289000,113333.33,85.0
Fox Communities CU,Appleton,WI,563,WISCONSIN DISTRICT OFFICE,1,340000,170000,340000.0,50.0
Excelsior Growth Fund is the CDFI affilitiate of NYBDC Local,Albany,NY,358,PITTSBURGH DISTRICT OFFICE,1,340000,255000,340000.0,75.0
"VelocitySBA, LLC",Costa Mesa,CA,954,SAN DIEGO DISTRICT OFFICE,1,338000,253500,338000.0,75.0
Midwest Regional Bank,Festus,MO,507,ILLINOIS DISTRICT OFFICE,1,337000,252750,337000.0,75.0
Hanmi Bank,Los Angeles,CA,460,NORTH CAROLINA DISTRICT OFFICE,1,337000,252750,337000.0,75.0
Cathay Bank,Los Angeles,CA,920,SANTA ANA DISTRICT OFFICE,1,336000,252000,336000.0,75.0
CDC Small Business Finance Corporation,San Diego,CA,491,NORTH FLORIDA DISTRICT OFFICE,3,335000,284750,111666.67,85.0
Somerset Regal Bank,Bound Brook,NJ,299,NEW JERSEY DISTRICT OFFICE,1,335000,251250,335000.0,75.0
Renasant Bank,Tupelo,MS,491,NORTH FLORIDA DISTRICT OFFICE,1,334800,251100,334800.0,75.0
Community National Bank,Seneca,KS,709,KANSAS CITY DISTRICT OFFICE,1,333000,249750,333000.0,75.0
Pathward National Association,Sioux Falls,SD,358,PITTSBURGH DISTRICT OFFICE,1,332000,249000,332000.0,75.0
Hanmi Bank,Los Angeles,CA,954,SAN DIEGO DISTRICT OFFICE,2,330000,260500,165000.0,78.94
Five Star Bank,Rancho Cordova,CA,341,DELAWARE DISTRICT OFFICE,1,330000,247500,330000.0,75.0
Arrowhead Central CU,Rancho Cucamonga,CA,920,SANTA ANA DISTRICT OFFICE,3,330000,262500,110000.0,79.55
"VelocitySBA, LLC",Costa Mesa,CA,460,NORTH CAROLINA DISTRICT OFFICE,1,329800,247350,329800.0,75.0
Traditions Bank,York,PA,303,PHILADELPHIA DISTRICT OFFICE,1,329300,246975,329300.0,75.0
Falcon National Bank,Foley,MN,491,NORTH FLORIDA DISTRICT OFFICE,1,329000,246750,329000.0,75.0
CIBM Bank,Champaign,IL,470,MISSISSIPPI DISTRICT OFFICE,1,328500,246375,328500.0,75.0
Northern Great Lakes Initiatives,Marquette,MI,515,MICHIGAN DISTRICT OFFICE,1,328200,246150,328200.0,75.0
The National Bank of Indianapolis,Indianapolis,IN,562,INDIANA DISTRICT OFFICE,1,327000,163500,327000.0,50.0
The National Bank of Adams County of West Union,West Union,OH,593,COLUMBUS DISTRICT OFFICE,1,326500,244875,326500.0,75.0
Colony Bank,Fitzgerald,GA,459,ALABAMA DISTRICT OFFICE,3,326000,277100,108666.67,85.0
Stearns Bank National Association,Saint Cloud,MN,677,EL PASO DISTRICT OFFICE,1,325000,243750,325000.0,75.0
The First National Bank of Henning,Ottertail,MN,508,MINNESOTA DISTRICT OFFICE,2,325000,162500,162500.0,50.0
Truist Bank,Charlotte,NC,464,SOUTH CAROLINA DISTRICT OFFICE,1,325000,243750,325000.0,75.0
Ciera Bank,Graham,TX,610,DALLAS / FT WORTH DISTRICT OFFICE,1,325000,243750,325000.0,75.0
Exos Small Business Lending LLC,New York,NY,639,LOWER RIO GRANDE VALLEY DISTRICT OFFICE,1,325000,243750,325000.0,75.0
City National Bank of Florida,Miami,FL,709,KANSAS CITY DISTRICT OFFICE,1,325000,243750,325000.0,75.0
Capital CU,Bismarck,ND,875,NORTH DAKOTA DISTRICT OFFICE,4,324000,162000,81000.0,50.0
Veritex Community Bank,Dallas,TX,931,SACRAMENTO DISTRICT OFFICE,1,323200,242400,323200.0,75.0
Veritex Community Bank,Dallas,TX,944,NEVADA DISTRICT OFFICE,1,323000,242250,323000.0,75.0
The Park National Bank,Newark,OH,549,CLEVELAND DISTRICT OFFICE,2,322400,236800,161200.0,73.45
Saco & Biddeford Savings Institution,Saco,ME,172,MAINE DISTRICT OFFICE,2,321000,160500,160500.0,50.0
Pinnacle Bank,Nashville,TN,353,WASHINGTON DISTRICT OFFICE,1,321000,240750,321000.0,75.0
PromiseOne Bank,Duluth,GA,353,WASHINGTON DISTRICT OFFICE,1,320000,240000,320000.0,75.0
The Farmers & Merchants State Bank,Archbold,OH,515,MICHIGAN DISTRICT OFFICE,1,320000,240000,320000.0,75.0
Citizens First Bank,Clinton,IA,507,ILLINOIS DISTRICT OFFICE,1,320000,240000,320000.0,75.0
The Peoples Community Bank,Mazomanie,WI,563,WISCONSIN DISTRICT OFFICE,3,320000,219500,106666.67,68.59
Meadows Bank,Las Vegas,NV,455,SOUTH FLORIDA DISTRICT OFFICE,1,319000,239250,319000.0,75.0
Bank Iowa,West Des Moines,IA,761,DES MOINES DISTRICT OFFICE,6,318600,204875,53100.0,64.3
Citizens Bank,Elizabethton,TN,390,WEST VIRGINIA DISTRICT OFFICE,1,315900,236925,315900.0,75.0
Meadows Bank,Las Vegas,NV,680,OKLAHOMA DISTRICT OFFICE,1,315500,236625,315500.0,75.0
Northwest Side Community Development Corporation,Milwaukee,WI,563,WISCONSIN DISTRICT OFFICE,1,315000,236250,315000.0,75.0
"Northwestern Bank, National Association",Dilworth,MN,508,MINNESOTA DISTRICT OFFICE,4,315000,157500,78750.0,50.0
Cadence Bank,Tupelo,MS,766,NEBRASKA DISTRICT OFFICE,2,315000,251250,157500.0,79.76
"U.S. Bank, National Association",Cincinnati,OH,459,ALABAMA DISTRICT OFFICE,1,314500,235875,314500.0,75.0
"Harvest Small Business Finance, LLC",Laguna Hills,CA,470,MISSISSIPPI DISTRICT OFFICE,1,314500,235875,314500.0,75.0
Mid-Missouri Bank,Springfield,MO,709,KANSAS CITY DISTRICT OFFICE,2,313000,156500,156500.0,50.0
North Country FCU,South Burlington,VT,150,VERMONT DISTRICT OFFICE,5,312800,156400,62560.0,50.0
First Children's Finance,Minneapolis,MN,508,MINNESOTA DISTRICT OFFICE,5,312500,265625,62500.0,85.0
Peoples Bank,Mendenhall,MS,562,INDIANA DISTRICT OFFICE,4,312400,237932,78100.0,76.16
First Savings Bank,Beresford,SD,680,OKLAHOMA DISTRICT OFFICE,1,312000,156000,312000.0,50.0
Gulf Coast Bank and Trust Company,New Orleans,LA,156,CONNECTICUT DISTRICT OFFICE,1,312000,234000,312000.0,75.0
Bank of Newington,Newington,GA,405,GEORGIA DISTRICT OFFICE,1,312000,234000,312000.0,75.0
Pinnacle Bank,Nashville,TN,811,COLORADO DISTRICT OFFICE,1,310000,232500,310000.0,75.0
"JPMorgan Chase Bank, National Association",Columbus,OH,341,DELAWARE DISTRICT OFFICE,3,310000,155000,103333.33,50.0
"LendingClub Bank, National Association",Lehi,UT,202,NEW YORK DISTRICT OFFICE,1,309000,231750,309000.0,75.0
Citizens Bank,Elizabethton,TN,459,ALABAMA DISTRICT OFFICE,1,308600,231450,308600.0,75.0
5Star Bank,Colorado Springs,CO,811,COLORADO DISTRICT OFFICE,2,308300,218725,154150.0,70.95
Commercial Bank & Trust Company,Monticello,AR,669,ARKANSAS DISTRICT OFFICE,1,307700,230775,307700.0,75.0
Old National Bank,Evansville,IN,373,BALTIMORE DISTRICT OFFICE,1,307700,230775,307700.0,75.0
Customers Bank,Malvern,PA,883,UTAH DISTRICT OFFICE,1,307000,230250,307000.0,75.0
Commerce Bank,Kansas City,MO,767,WICHITA DISTRICT OFFICE,4,306800,182030,76700.0,59.33
CrossFirst Bank,Leawood,KS,768,ST. LOUIS DISTRICT OFFICE,1,305000,228750,305000.0,75.0
Sturgis Bank & Trust Company,Sturgis,MI,515,MICHIGAN DISTRICT OFFICE,1,305000,228750,305000.0,75.0
Celtic Bank Corporation,Salt Lake City,UT,172,MAINE DISTRICT OFFICE,3,305000,259250,101666.67,85.0
Magnifi Financial CU,Melrose,MN,811,COLORADO DISTRICT OFFICE,1,304500,228375,304500.0,75.0
First Commonwealth FCU,Allentown,PA,303,PHILADELPHIA DISTRICT OFFICE,1,304500,228375,304500.0,75.0
22nd State Bank,Louisville,AL,189,NEW HAMPSHIRE DISTRICT OFFICE,1,304000,228000,304000.0,75.0
"First Financial Bank, National Association",Terre Haute,IN,460,NORTH CAROLINA DISTRICT OFFICE,1,303900,151950,303900.0,50.0
First Chatham Bank,Savannah,GA,189,NEW HAMPSHIRE DISTRICT OFFICE,1,303400,227550,303400.0,75.0
Encore Bank,Little Rock,AR,455,SOUTH FLORIDA DISTRICT OFFICE,1,301900,226425,301900.0,75.0
FWBank,Chicago,IL,768,ST. LOUIS DISTRICT OFFICE,1,300600,225450,300600.0,75.0
"Zions Bank, A Division of",Salt Lake City,UT,942,FRESNO DISTRICT OFFICE,3,300500,236425,100166.67,78.68
West Town Bank & Trust,North Riverside,IL,671,HOUSTON DISTRICT OFFICE,1,300000,225000,300000.0,75.0
Arbor Bank,Nebraska City,NE,709,KANSAS CITY DISTRICT OFFICE,1,300000,150000,300000.0,50.0
"VelocitySBA, LLC",Costa Mesa,CA,202,NEW YORK DISTRICT OFFICE,1,300000,225000,300000.0,75.0
Pillar Bank,Baldwin,WI,563,WISCONSIN DISTRICT OFFICE,1,300000,150000,300000.0,50.0
Hawthorn Bank,Jefferson City,MO,474,TENNESSEE DISTRICT OFFICE,1,300000,150000,300000.0,50.0
"Lendistry SBLC, LLC",Los Angeles,CA,296,BUFFALO DISTRICT OFFICE,2,300000,255000,150000.0,85.0
Old National Bank,Evansville,IN,944,NEVADA DISTRICT OFFICE,1,300000,225000,300000.0,75.0
First Chatham Bank,Savannah,GA,172,MAINE DISTRICT OFFICE,1,300000,225000,300000.0,75.0
East West Bank,Pasadena,CA,671,HOUSTON DISTRICT OFFICE,1,300000,225000,300000.0,75.0
Open Bank,Los Angeles,CA,897,WYOMING DISTRICT OFFICE,1,300000,225000,300000.0,75.0
Berkshire Bank,Pittsfield,MA,165,RHODE ISLAND DISTRICT OFFICE,1,300000,150000,300000.0,50.0
"Bank of America, National Association",Charlotte,NC,189,NEW HAMPSHIRE DISTRICT OFFICE,2,300000,150000,150000.0,50.0
"Zions Bank, A Division of",Salt Lake City,UT,682,NEW MEXICO DISTRICT OFFICE,2,300000,255000,150000.0,85.0
"Lendistry SBLC, LLC",Los Angeles,CA,457,KENTUCKY DISTRICT OFFICE,2,300000,255000,150000.0,85.0
KeyPoint CU,San Jose,CA,920,SANTA ANA DISTRICT OFFICE,1,300000,225000,300000.0,75.0
Bank of the Pacific,Aberdeen,WA,1086,PORTLAND DISTRICT OFFICE,1,300000,225000,300000.0,75.0
Country Bank for Savings,Ware,MA,101,MASSACHUSETTS DISTRICT OFFICE,1,300000,225000,300000.0,75.0
KeyBank National Association,Cleveland,OH,988,ARIZONA DISTRICT OFFICE,1,300000,225000,300000.0,75.0
Southern Bancorp Bank,Arkadelphia,AR,920,SANTA ANA DISTRICT OFFICE,1,300000,150000,300000.0,50.0
"Capital Bank, National Association",Rockville,MD,593,COLUMBUS DISTRICT OFFICE,1,300000,150000,300000.0,50.0
First Northern Bank of Wyoming,Buffalo,WY,897,WYOMING DISTRICT OFFICE,1,300000,225000,300000.0,75.0
LINKBANK,Camp Hill,PA,303,PHILADELPHIA DISTRICT OFFICE,1,300000,225000,300000.0,75.0
InBank,Raton,NM,885,MONTANA DISTRICT OFFICE,1,300000,225000,300000.0,75.0
Summit Bank,Eugene,OR,988,ARIZONA DISTRICT OFFICE,1,300000,225000,300000.0,75.0
"Heritage Bank, Inc.",Burlington,KY,768,ST. LOUIS DISTRICT OFFICE,2,300000,255000,150000.0,85.0
Valliance Bank,Oklahoma City,OK,680,OKLAHOMA DISTRICT OFFICE,1,300000,150000,300000.0,50.0
Burke & Herbert Bank & Trust Company,Alexandria,VA,304,RICHMOND DISTRICT OFFICE,1,300000,225000,300000.0,75.0
First State Bank Nebraska,Lincoln,NE,464,SOUTH CAROLINA DISTRICT OFFICE,1,300000,225000,300000.0,75.0
"SouthState Bank, National Association",Winter Haven,FL,390,WEST VIRGINIA DISTRICT OFFICE,3,300000,255000,100000.0,85.0
First IC Bank,Doraville,GA,914,LOS ANGELES DISTRICT OFFICE,1,300000,225000,300000.0,75.0
BMO Bank National Association,Chicago,IL,944,NEVADA DISTRICT OFFICE,1,300000,225000,300000.0,75.0
Coastal Carolina National Bank,Myrtle Beach,SC,464,SOUTH CAROLINA DISTRICT OFFICE,1,300000,225000,300000.0,75.0
"TD Bank, National Association",Wilmington,DE,811,COLORADO DISTRICT OFFICE,1,300000,225000,300000.0,75.0
Colony Bank,Fitzgerald,GA,248,SYRACUSE DISTRICT OFFICE,2,300000,255000,150000.0,85.0
Genesee Regional Bank,Rochester,NY,491,NORTH FLORIDA DISTRICT OFFICE,1,300000,150000,300000.0,50.0
High Point Federal Credit Union,Olean,NY,296,BUFFALO DISTRICT OFFICE,1,300000,225000,300000.0,75.0
Bankwell Bank,New Canaan,CT,681,SAN ANTONIO DISTRICT OFFICE,1,300000,225000,300000.0,75.0
First Central Savings Bank,Glen Cove,NY,202,NEW YORK DISTRICT OFFICE,2,300000,202500,150000.0,67.5
"Institute Capital, Inc.",Durham,NC,464,SOUTH CAROLINA DISTRICT OFFICE,1,300000,225000,300000.0,75.0
PCB Bank,Los Angeles,CA,373,BALTIMORE DISTRICT OFFICE,1,300000,225000,300000.0,75.0
Frankenmuth CU,Frankenmuth,MI,515,MICHIGAN DISTRICT OFFICE,2,300000,150000,150000.0,50.0
Highmark FCU,Rapid City,SD,876,SOUTH DAKOTA DISTRICT OFFICE,3,300000,185000,100000.0,61.67
United FCU,Saint Joseph,MI,515,MICHIGAN DISTRICT OFFICE,1,298000,223500,298000.0,75.0
"U.S. Bank, National Association",Cincinnati,OH,677,EL PASO DISTRICT OFFICE,2,297600,216950,148800.0,72.9
Spokane Teachers CU,Liberty Lake,WA,1013,SEATTLE DISTRICT OFFICE,1,297500,223125,297500.0,75.0
First Chatham Bank,Savannah,GA,931,SACRAMENTO DISTRICT OFFICE,1,297000,222750,297000.0,75.0
Encore Bank,Little Rock,AR,681,SAN ANTONIO DISTRICT OFFICE,1,296200,222150,296200.0,75.0
Georgia Community Bank,Albany,GA,405,GEORGIA DISTRICT OFFICE,1,296000,222000,296000.0,75.0
Comerica Bank,Dallas,TX,942,FRESNO DISTRICT OFFICE,2,295000,147500,147500.0,50.0
"CRF Small Business Loan Company, LLC",Minneapolis,MN,1086,PORTLAND DISTRICT OFFICE,1,295000,221250,295000.0,75.0
Bank Five Nine,Oconomowoc,WI,883,UTAH DISTRICT OFFICE,2,295000,250750,147500.0,85.0
Elevate Bank National Association,Sedan,KS,507,ILLINOIS DISTRICT OFFICE,1,294800,221100,294800.0,75.0
Eagle Rock Bank,Rochester,MN,508,MINNESOTA DISTRICT OFFICE,1,294800,221100,294800.0,75.0
"Lendistry SBLC, LLC",Los Angeles,CA,709,KANSAS CITY DISTRICT OFFICE,3,294400,250240,98133.33,85.0
Colony Bank,Fitzgerald,GA,470,MISSISSIPPI DISTRICT OFFICE,2,294000,249900,147000.0,85.0
Bank of the Flint Hills,Wamego,KS,709,KANSAS CITY DISTRICT OFFICE,1,294000,220500,294000.0,75.0
PCR Small Business Development,Los Angeles,CA,920,SANTA ANA DISTRICT OFFICE,2,293000,249050,146500.0,85.0
Celtic Bank Corporation,Salt Lake City,UT,885,MONTANA DISTRICT OFFICE,2,291500,247775,145750.0,85.0
Midwest BankCentre,Saint Louis,MO,766,NEBRASKA DISTRICT OFFICE,1,291000,218250,291000.0,75.0
Celtic Bank Corporation,Salt Lake City,UT,768,ST. LOUIS DISTRICT OFFICE,1,290900,218175,290900.0,75.0
First Bank & Trust,Brookings,SD,761,DES MOINES DISTRICT OFFICE,1,290200,217650,290200.0,75.0
"Wilmington Savings Fund Society, FSB",Wilmington,DE,474,TENNESSEE DISTRICT OFFICE,1,290000,217500,290000.0,75.0
"Wilmington Savings Fund Society, FSB",Wilmington,DE,470,MISSISSIPPI DISTRICT OFFICE,1,290000,217500,290000.0,75.0
Open Bank,Los Angeles,CA,202,NEW YORK DISTRICT OFFICE,1,290000,217500,290000.0,75.0
Five Star Bank,Rancho Cordova,CA,1086,PORTLAND DISTRICT OFFICE,1,290000,217500,290000.0,75.0
Celtic Bank Corporation,Salt Lake City,UT,678,LUBBOCK DISTRICT OFFICE,3,290000,246500,96666.67,85.0
United Bank,Atmore,AL,459,ALABAMA DISTRICT OFFICE,1,289600,217200,289600.0,75.0
"Lendistry SBLC, LLC",Los Angeles,CA,341,DELAWARE DISTRICT OFFICE,3,289400,245990,96466.67,85.0
Upper Peninsula State Bank,Escanaba,MI,515,MICHIGAN DISTRICT OFFICE,1,288600,216450,288600.0,75.0
South Louisiana Bank,Houma,LA,679,LOUISIANA DISTRICT OFFICE,2,288400,144200,144200.0,50.0
Bank Five Nine,Oconomowoc,WI,303,PHILADELPHIA DISTRICT OFFICE,1,288400,216300,288400.0,75.0
Merchants & Marine Bank,Pascagoula,MS,474,TENNESSEE DISTRICT OFFICE,1,286500,214875,286500.0,75.0
Prairie Sun Bank,Milan,MN,876,SOUTH DAKOTA DISTRICT OFFICE,1,285000,213750,285000.0,75.0
Three Rivers FCU,Fort Wayne,IN,562,INDIANA DISTRICT OFFICE,3,285000,142500,95000.0,50.0
Community Bank of Mississippi,Flowood,MS,474,TENNESSEE DISTRICT OFFICE,1,285000,213750,285000.0,75.0
Methuen Co-Operative Bank,Methuen,MA,189,NEW HAMPSHIRE DISTRICT OFFICE,2,284000,223800,142000.0,78.8
First Pacific Bank,Whittier,CA,954,SAN DIEGO DISTRICT OFFICE,1,283300,212475,283300.0,75.0
Central State Bank,Elkader,IA,761,DES MOINES DISTRICT OFFICE,1,283200,212400,283200.0,75.0
Renasant Bank,Tupelo,MS,470,MISSISSIPPI DISTRICT OFFICE,1,282800,212100,282800.0,75.0
Magnifi Financial CU,Melrose,MN,709,KANSAS CITY DISTRICT OFFICE,1,282000,211500,282000.0,75.0
Great Southern Bank,Springfield,MO,761,DES MOINES DISTRICT OFFICE,1,282000,211500,282000.0,75.0
First IC Bank,Doraville,GA,491,NORTH FLORIDA DISTRICT OFFICE,1,281000,210750,281000.0,75.0
"Community Trust Bank, Inc.",Pikeville,KY,304,RICHMOND DISTRICT OFFICE,1,280600,140300,280600.0,50.0
"Harvest Small Business Finance, LLC",Laguna Hills,CA,677,EL PASO DISTRICT OFFICE,1,280500,210375,280500.0,75.0
"North Shore Bank, a Co-operative Bank",Peabody,MA,101,MASSACHUSETTS DISTRICT OFFICE,2,280000,190000,140000.0,67.86
The Bank of Houston,Houston,MO,669,ARKANSAS DISTRICT OFFICE,1,280000,210000,280000.0,75.0
First State Bank,Clute,TX,671,HOUSTON DISTRICT OFFICE,1,280000,210000,280000.0,75.0
Atlantic Regional Federal Credit Union,South Portland,ME,172,MAINE DISTRICT OFFICE,5,280000,140000,56000.0,50.0
Southern States Bank,Anniston,AL,459,ALABAMA DISTRICT OFFICE,1,279900,209925,279900.0,75.0
Bryant Bank,Tuscaloosa,AL,459,ALABAMA DISTRICT OFFICE,1,279000,209250,279000.0,75.0
"First Mid Bank & Trust, National Association",Mattoon,IL,768,ST. LOUIS DISTRICT OFFICE,2,278600,236810,139300.0,85.0
Community Banking Company of Fitzgerald,Fitzgerald,GA,405,GEORGIA DISTRICT OFFICE,1,278000,208500,278000.0,75.0
California FarmLink,Aptos,CA,912,SAN FRANCISCO DISTRICT OFFICE,1,277300,207975,277300.0,75.0
CDC Small Business Finance Corporation,San Diego,CA,1013,SEATTLE DISTRICT OFFICE,1,277000,207750,277000.0,75.0
Peoples Bank,Lubbock,TX,681,SAN ANTONIO DISTRICT OFFICE,1,276700,207525,276700.0,75.0
CDC Small Business Finance Corporation,San Diego,CA,951,HAWAII DISTRICT OFFICE,1,276600,207450,276600.0,75.0
CalPrivate Bank,La Jolla,CA,988,ARIZONA DISTRICT OFFICE,1,276200,207150,276200.0,75.0
Shoreham Bank,Warwick,RI,459,ALABAMA DISTRICT OFFICE,1,276000,207000,276000.0,75.0
First Midwest Bank of the Ozarks,Poplar Bluff,MO,768,ST. LOUIS DISTRICT OFFICE,2,275100,166325,137550.0,60.46
West Town Bank & Trust,North Riverside,IL,341,DELAWARE DISTRICT OFFICE,1,275000,206250,275000.0,75.0
Security Savings Bank,Canton,SD,761,DES MOINES DISTRICT OFFICE,1,275000,137500,275000.0,50.0
"Forcht Bank, National Association",Lexington,KY,457,KENTUCKY DISTRICT OFFICE,2,275000,187500,137500.0,68.18
Green Belt Bank & Trust,Iowa Falls,IA,761,DES MOINES DISTRICT OFFICE,1,275000,206250,275000.0,75.0
Marine Bank & Trust Company,Vero Beach,FL,455,SOUTH FLORIDA DISTRICT OFFICE,1,275000,206250,275000.0,75.0
Oak Bank,Fitchburg,WI,563,WISCONSIN DISTRICT OFFICE,1,275000,206250,275000.0,75.0
Centennial Bank,Conway,AR,681,SAN ANTONIO DISTRICT OFFICE,1,275000,206250,275000.0,75.0
Solutions North Bank,Stockton,KS,709,KANSAS CITY DISTRICT OFFICE,1,275000,206250,275000.0,75.0
Five Star Bank,Rancho Cordova,CA,304,RICHMOND DISTRICT OFFICE,1,272000,204000,272000.0,75.0
First Foundation Bank,Irvine,CA,682,NEW MEXICO DISTRICT OFFICE,1,271300,203475,271300.0,75.0
BayCoast Bank,Swansea,MA,165,RHODE ISLAND DISTRICT OFFICE,3,270000,135000,90000.0,50.0
Huron Valley State Bank,Milford,MI,515,MICHIGAN DISTRICT OFFICE,1,270000,202500,270000.0,75.0
Tulsa Economic Development Corporation,Tulsa,OK,680,OKLAHOMA DISTRICT OFFICE,1,270000,202500,270000.0,75.0
California Coastal Certified Development Company,Salinas,CA,914,LOS ANGELES DISTRICT OFFICE,1,270000,202500,270000.0,75.0
The Freedom Bank of Virginia,Fairfax,VA,202,NEW YORK DISTRICT OFFICE,1,270000,202500,270000.0,75.0
Academy Bank National Association,Kansas City,MO,988,ARIZONA DISTRICT OFFICE,1,270000,202500,270000.0,75.0
Magnifi Financial CU,Melrose,MN,988,ARIZONA DISTRICT OFFICE,1,270000,202500,270000.0,75.0
Premier Bank,Youngstown,OH,562,INDIANA DISTRICT OFFICE,2,270000,190000,135000.0,70.37
Burke & Herbert Bank & Trust Company,Alexandria,VA,353,WASHINGTON DISTRICT OFFICE,1,268000,201000,268000.0,75.0
American National Bank of Minnesota,Baxter,MN,508,MINNESOTA DISTRICT OFFICE,2,268000,134000,134000.0,50.0
Southwest Missouri Bank,Carthage,MO,709,KANSAS CITY DISTRICT OFFICE,1,268000,134000,268000.0,50.0
Colony Bank,Fitzgerald,GA,897,WYOMING DISTRICT OFFICE,2,267200,227120,133600.0,85.0
Meadows Bank,Las Vegas,NV,405,GEORGIA DISTRICT OFFICE,1,266000,199500,266000.0,75.0
Small Business Assistance Corporation,Savannah,GA,464,SOUTH CAROLINA DISTRICT OFFICE,1,265600,199200,265600.0,75.0
The First National Bank of Waterloo,Waterloo,IL,507,ILLINOIS DISTRICT OFFICE,1,265500,199125,265500.0,75.0
The Citizens National Bank of Park Rapids,Park Rapids,MN,508,MINNESOTA DISTRICT OFFICE,1,265000,132500,265000.0,50.0
Middlesex Savings Bank,Natick,MA,101,MASSACHUSETTS DISTRICT OFFICE,3,265000,181250,88333.33,68.4
First Bank of the Lake,Osage Beach,MO,470,MISSISSIPPI DISTRICT OFFICE,2,264900,225165,132450.0,85.0
"American Commerce Bank, National Association",Bremen,GA,405,GEORGIA DISTRICT OFFICE,1,264500,198375,264500.0,75.0
The First National Bank of Fort Smith,Fort Smith,AR,680,OKLAHOMA DISTRICT OFFICE,1,263500,197625,263500.0,75.0
"Grow America Fund, Incorporated",New York,NY,954,SAN DIEGO DISTRICT OFFICE,1,263000,197250,263000.0,75.0
Mountain Valley Bank,Walden,CO,811,COLORADO DISTRICT OFFICE,1,262500,131250,262500.0,50.0
The Merchants & Citizens Bank,Mcrae,GA,405,GEORGIA DISTRICT OFFICE,1,262500,196875,262500.0,75.0
County Bank,Brunswick,MO,768,ST. LOUIS DISTRICT OFFICE,2,261300,130650,130650.0,50.0
The Middlefield Banking Company,Middlefield,OH,593,COLUMBUS DISTRICT OFFICE,1,260200,195150,260200.0,75.0
Morton Community Bank,Morton,IL,507,ILLINOIS DISTRICT OFFICE,3,260000,221000,86666.67,85.0
"PNC Bank, National Association",Wilmington,DE,639,LOWER RIO GRANDE VALLEY DISTRICT OFFICE,10,260000,130000,26000.0,50.0
Jonah Bank of Wyoming,Casper,WY,897,WYOMING DISTRICT OFFICE,2,260000,174750,130000.0,67.21
Availa Bank,Carroll,IA,761,DES MOINES DISTRICT OFFICE,1,260000,195000,260000.0,75.0
TruFund Financial Services Inc,New York,NY,299,NEW JERSEY DISTRICT OFFICE,1,258000,193500,258000.0,75.0
BayFirst National Bank,Saint Petersburg,FL,1084,ALASKA DISTRICT OFFICE,2,257900,219215,128950.0,85.0
Ouachita Valley FCU,West Monroe,LA,679,LOUISIANA DISTRICT OFFICE,1,257400,193050,257400.0,75.0
Consumers National Bank,Minerva,OH,593,COLUMBUS DISTRICT OFFICE,1,256800,192600,256800.0,75.0
PFCU,Portland,MI,515,MICHIGAN DISTRICT OFFICE,2,256000,199200,128000.0,77.81
City National Bank,Los Angeles,CA,761,DES MOINES DISTRICT OFFICE,1,256000,192000,256000.0,75.0
Security Bank of Pulaski County,St. Robert,MO,709,KANSAS CITY DISTRICT OFFICE,1,255500,191625,255500.0,75.0
CTBC Bank Corp. (USA).,Los Angeles,CA,299,NEW JERSEY DISTRICT OFFICE,1,255000,191250,255000.0,75.0
"Guaranty Bank & Trust, National Association",Mount Pleasant,TX,671,HOUSTON DISTRICT OFFICE,1,255000,191250,255000.0,75.0
DreamSpring,Albuquerque,NM,681,SAN ANTONIO DISTRICT OFFICE,2,255000,201500,127500.0,79.02
The Fidelity Bank,Fuquay Varina,NC,474,TENNESSEE DISTRICT OFFICE,1,255000,191250,255000.0,75.0
North Easton Savings Bank,South Easton,MA,101,MASSACHUSETTS DISTRICT OFFICE,3,255000,162500,85000.0,63.73
"Readycap Lending, LLC",Berkeley Heights,NJ,390,WEST VIRGINIA DISTRICT OFFICE,4,254000,215900,63500.0,85.0
River Bank,Stoddard,WI,563,WISCONSIN DISTRICT OFFICE,2,253000,180500,126500.0,71.34
Pioneer Bank,Roswell,NM,682,NEW MEXICO DISTRICT OFFICE,1,252000,126000,252000.0,50.0
HomeTrust Bank,Asheville,NC,549,CLEVELAND DISTRICT OFFICE,1,250500,187875,250500.0,75.0
Centennial Bank,Conway,AR,459,ALABAMA DISTRICT OFFICE,1,250000,187500,250000.0,75.0
First National Bank,Damariscotta,ME,172,MAINE DISTRICT OFFICE,1,250000,125000,250000.0,50.0
City National Bank of Florida,Miami,FL,678,LUBBOCK DISTRICT OFFICE,1,250000,187500,250000.0,75.0
National Institutes of Health FCU,Rockville,MD,304,RICHMOND DISTRICT OFFICE,1,250000,187500,250000.0,75.0
Security Bank & Trust Company,Glencoe,MN,508,MINNESOTA DISTRICT OFFICE,1,250000,187500,250000.0,75.0
Synovus Bank,Columbus,GA,474,TENNESSEE DISTRICT OFFICE,1,250000,125000,250000.0,50.0
West Town Bank & Trust,North Riverside,IL,464,SOUTH CAROLINA DISTRICT OFFICE,1,250000,187500,250000.0,75.0
First National Bank & Trust Co,Iron Mountain,MI,515,MICHIGAN DISTRICT OFFICE,1,250000,125000,250000.0,50.0
KeyBank National Association,Cleveland,OH,610,DALLAS / FT WORTH DISTRICT OFFICE,1,250000,125000,250000.0,50.0
Cadence Bank,Tupelo,MS,150,VERMONT DISTRICT OFFICE,2,250000,192500,125000.0,77.0
Granite Bank,Cold Spring,MN,460,NORTH CAROLINA DISTRICT OFFICE,1,250000,187500,250000.0,75.0
Merchants Bank of Indiana,Carmel,IN,593,COLUMBUS DISTRICT OFFICE,1,250000,187500,250000.0,75.0
"Associated Bank, National Association",Green Bay,WI,912,SAN FRANCISCO DISTRICT OFFICE,1,250000,125000,250000.0,50.0
Tandem Bank,Tucker,GA,593,COLUMBUS DISTRICT OFFICE,2,250000,212500,125000.0,85.0
American Bank of Commerce,Wolfforth,TX,671,HOUSTON DISTRICT OFFICE,1,250000,187500,250000.0,75.0
West Town Bank & Trust,North Riverside,IL,508,MINNESOTA DISTRICT OFFICE,1,250000,187500,250000.0,75.0
Westerly Community CU,Westerly,RI,165,RHODE ISLAND DISTRICT OFFICE,1,250000,187500,250000.0,75.0
Southern States Bank,Anniston,AL,681,SAN ANTONIO DISTRICT OFFICE,1,250000,187500,250000.0,75.0
Silver Lake Bank,Topeka,KS,767,WICHITA DISTRICT OFFICE,1,250000,125000,250000.0,50.0
"Bank of America, National Association",Charlotte,NC,508,MINNESOTA DISTRICT OFFICE,1,250000,125000,250000.0,50.0
"Community Banks of Colorado, A Division of",Greenwood Village,CO,1013,SEATTLE DISTRICT OFFICE,1,250000,125000,250000.0,50.0
Outdoor Bank,Manhattan,KS,767,WICHITA DISTRICT OFFICE,1,250000,125000,250000.0,50.0
Stearns Bank National Association,Saint Cloud,MN,459,ALABAMA DISTRICT OFFICE,2,250000,212500,125000.0,85.0
"United Midwest Savings Bank, National Association",De Graff,OH,951,HAWAII DISTRICT OFFICE,1,250000,187500,250000.0,75.0
Union Bank and Trust Company,Lincoln,NE,988,ARIZONA DISTRICT OFFICE,1,250000,187500,250000.0,75.0
Security State Bank,Basin,WY,897,WYOMING DISTRICT OFFICE,1,250000,187500,250000.0,75.0
West Town Bank & Trust,North Riverside,IL,299,NEW JERSEY DISTRICT OFFICE,1,250000,187500,250000.0,75.0
Point Breeze CU,Hunt Valley,MD,373,BALTIMORE DISTRICT OFFICE,1,250000,187500,250000.0,75.0
Genesee Regional Bank,Rochester,NY,248,SYRACUSE DISTRICT OFFICE,1,250000,125000,250000.0,50.0
Magnifi Financial CU,Melrose,MN,883,UTAH DISTRICT OFFICE,1,250000,187500,250000.0,75.0
Peoples Bank & Trust,Pana,IL,405,GEORGIA DISTRICT OFFICE,1,250000,187500,250000.0,75.0
PriorityOne Bank,Magee,MS,470,MISSISSIPPI DISTRICT OFFICE,5,250000,212500,50000.0,85.0
Springs Valley Bank & Trust Company,French Lick,IN,562,INDIANA DISTRICT OFFICE,1,250000,187500,250000.0,75.0
"TD Bank, National Association",Wilmington,DE,681,SAN ANTONIO DISTRICT OFFICE,1,250000,125000,250000.0,50.0
Hanover Community Bank,Mineola,NY,593,COLUMBUS DISTRICT OFFICE,1,250000,187500,250000.0,75.0
Peoples Bank,Munster,IN,507,ILLINOIS DISTRICT OFFICE,1,250000,187500,250000.0,75.0
First State Bank and Trust,Bayport,MN,508,MINNESOTA DISTRICT OFFICE,1,250000,187500,250000.0,75.0
Dedham Institution for Savings,Dedham,MA,101,MASSACHUSETTS DISTRICT OFFICE,1,250000,187500,250000.0,75.0
Community Bank & Trust-West Georgia,Lagrange,GA,678,LUBBOCK DISTRICT OFFICE,1,250000,187500,250000.0,75.0
First Savings Bank,Jeffersonville,IN,1086,PORTLAND DISTRICT OFFICE,1,250000,187500,250000.0,75.0
R Bank,Round Rock,TX,681,SAN ANTONIO DISTRICT OFFICE,1,250000,187500,250000.0,75.0
"Profinium, Inc.",Truman,MN,508,MINNESOTA DISTRICT OFFICE,1,250000,125000,250000.0,50.0
Truist Bank,Charlotte,NC,474,TENNESSEE DISTRICT OFFICE,2,250000,125000,125000.0,50.0
Colony Bank,Fitzgerald,GA,165,RHODE ISLAND DISTRICT OFFICE,2,250000,177500,125000.0,71.0
Five Star Bank,Rancho Cordova,CA,296,BUFFALO DISTRICT OFFICE,1,250000,187500,250000.0,75.0
Platinum Bank,Oakdale,MN,563,WISCONSIN DISTRICT OFFICE,1,250000,125000,250000.0,50.0
West Central Development Corporation,Perrysburg,OH,562,INDIANA DISTRICT OFFICE,1,250000,187500,250000.0,75.0
"Connecticut Community Bank, National Association",Norwalk,CT,680,OKLAHOMA DISTRICT OFFICE,1,250000,187500,250000.0,75.0
Granite Bank,Cold Spring,MN,671,HOUSTON DISTRICT OFFICE,1,250000,187500,250000.0,75.0
America First FCU,Riverdale,UT,811,COLORADO DISTRICT OFFICE,1,250000,187500,250000.0,75.0
Salem Five Cents Savings Bank,Salem,MA,189,NEW HAMPSHIRE DISTRICT OFFICE,2,250000,125000,125000.0,50.0
Cross River Bank,Teaneck,NJ,299,NEW JERSEY DISTRICT OFFICE,1,250000,187500,250000.0,75.0
Union Bank and Trust Company,Lincoln,NE,681,SAN ANTONIO DISTRICT OFFICE,1,250000,125000,250000.0,50.0
First United Bank,Park River,ND,875,NORTH DAKOTA DISTRICT OFFICE,1,248900,186675,248900.0,75.0
First National Bank & Trust Co,Iron Mountain,MI,563,WISCONSIN DISTRICT OFFICE,1,247600,185700,247600.0,75.0
First Dakota National Bank,Yankton,SD,876,SOUTH DAKOTA DISTRICT OFFICE,1,247500,185625,247500.0,75.0
The Bancorp Bank National Association,Sioux Falls,SD,678,LUBBOCK DISTRICT OFFICE,1,247500,185625,247500.0,75.0
bankESB,Easthampton,MA,101,MASSACHUSETTS DISTRICT OFFICE,1,247500,185625,247500.0,75.0
Kendall Bank,Overland Park,KS,768,ST. LOUIS DISTRICT OFFICE,1,246500,184875,246500.0,75.0
Bank of Belleville,Belleville,IL,768,ST. LOUIS DISTRICT OFFICE,1,246200,184650,246200.0,75.0
Colony Bank,Fitzgerald,GA,172,MAINE DISTRICT OFFICE,2,245000,208250,122500.0,85.0
Landmark Credit Union,Brookfield,WI,563,WISCONSIN DISTRICT OFFICE,2,245000,122500,122500.0,50.0
First Financial Bank,El Dorado,AR,988,ARIZONA DISTRICT OFFICE,1,245000,183750,245000.0,75.0
West Town Bank & Trust,North Riverside,IL,562,INDIANA DISTRICT OFFICE,1,245000,183750,245000.0,75.0
Southern Bancorp Bank,Arkadelphia,AR,455,SOUTH FLORIDA DISTRICT OFFICE,1,245000,122500,245000.0,50.0
Heartland Bank,Somers,IA,761,DES MOINES DISTRICT OFFICE,1,245000,183750,245000.0,75.0
Evolve Bank and Trust,West Memphis,AR,304,RICHMOND DISTRICT OFFICE,1,244300,183225,244300.0,75.0
The Bennington State Bank,Salina,KS,709,KANSAS CITY DISTRICT OFFICE,1,242700,182025,242700.0,75.0
Meadows Bank,Las Vegas,NV,681,SAN ANTONIO DISTRICT OFFICE,1,242600,181950,242600.0,75.0
United Prairie Bank,Mountain Lake,MN,508,MINNESOTA DISTRICT OFFICE,2,242100,121050,121050.0,50.0
First IC Bank,Doraville,GA,507,ILLINOIS DISTRICT OFFICE,1,242000,181500,242000.0,75.0
KodaBank,Drayton,ND,508,MINNESOTA DISTRICT OFFICE,1,240700,120350,240700.0,50.0
Celtic Bank Corporation,Salt Lake City,UT,508,MINNESOTA DISTRICT OFFICE,4,240600,204510,60150.0,85.0
Better Banks,Peoria,IL,507,ILLINOIS DISTRICT OFFICE,1,240000,180000,240000.0,75.0
The Farmers & Merchants State Bank,Archbold,OH,549,CLEVELAND DISTRICT OFFICE,1,240000,180000,240000.0,75.0
Hebron Savings Bank,Hebron,MD,373,BALTIMORE DISTRICT OFFICE,1,240000,120000,240000.0,50.0
City National Bank of Florida,Miami,FL,296,BUFFALO DISTRICT OFFICE,1,240000,180000,240000.0,75.0
City National Bank of Florida,Miami,FL,165,RHODE ISLAND DISTRICT OFFICE,1,240000,180000,240000.0,75.0
Trenton Business Assistance Corporation,Princeton,NJ,202,NEW YORK DISTRICT OFFICE,2,240000,204000,120000.0,85.0
Sentry Bank,Saint Joseph,MN,508,MINNESOTA DISTRICT OFFICE,2,240000,120000,120000.0,50.0
MidSouth Bank,Dothan,AL,491,NORTH FLORIDA DISTRICT OFFICE,2,240000,204000,120000.0,85.0
Sutton Bank,Attica,OH,593,COLUMBUS DISTRICT OFFICE,1,240000,120000,240000.0,50.0
Madison County Bank,Madison,NE,766,NEBRASKA DISTRICT OFFICE,1,239400,179550,239400.0,75.0
Celtic Bank Corporation,Salt Lake City,UT,390,WEST VIRGINIA DISTRICT OFFICE,2,238700,202895,119350.0,85.0
"United Midwest Savings Bank, National Association",De Graff,OH,172,MAINE DISTRICT OFFICE,1,238000,178500,238000.0,75.0
"CRF Small Business Loan Company, LLC",Minneapolis,MN,912,SAN FRANCISCO DISTRICT OFFICE,1,237000,177750,237000.0,75.0
City National Bank,Los Angeles,CA,681,SAN ANTONIO DISTRICT OFFICE,1,236000,177000,236000.0,75.0
Community 1st CU,Ottumwa,IA,761,DES MOINES DISTRICT OFFICE,5,235000,117500,47000.0,50.0
"Texas Gulf Bank, National Association",Houston,TX,671,HOUSTON DISTRICT OFFICE,1,235000,176250,235000.0,75.0
Northeast Georgia Bank,Lavonia,GA,405,GEORGIA DISTRICT OFFICE,1,233600,175200,233600.0,75.0
"VelocitySBA, LLC",Costa Mesa,CA,562,INDIANA DISTRICT OFFICE,1,233000,174750,233000.0,75.0
Evolve Bank and Trust,West Memphis,AR,303,PHILADELPHIA DISTRICT OFFICE,1,232000,174000,232000.0,75.0
The National Bank of Malvern,Malvern,PA,303,PHILADELPHIA DISTRICT OFFICE,1,231000,173250,231000.0,75.0
American Bank of Commerce,Wolfforth,TX,678,LUBBOCK DISTRICT OFFICE,1,231000,173250,231000.0,75.0
BDC Community Capital Corporation,Wakefield,MA,101,MASSACHUSETTS DISTRICT OFFICE,1,230000,172500,230000.0,75.0
Republic Bank & Trust Company,Louisville,KY,474,TENNESSEE DISTRICT OFFICE,1,229900,172425,229900.0,75.0
Woori America Bank,New York,NY,405,GEORGIA DISTRICT OFFICE,1,229500,172125,229500.0,75.0
The Pueblo Bank and Trust Company,Pueblo,CO,811,COLORADO DISTRICT OFFICE,1,228600,171450,228600.0,75.0
Crossroads Bank,Wabash,IN,562,INDIANA DISTRICT OFFICE,1,228000,171000,228000.0,75.0
"Lendistry SBLC, LLC",Los Angeles,CA,682,NEW MEXICO DISTRICT OFFICE,2,227500,193375,113750.0,85.0
"Lendistry SBLC, LLC",Los Angeles,CA,766,NEBRASKA DISTRICT OFFICE,2,227500,193375,113750.0,85.0
First Commonwealth Bank,Indiana,PA,639,LOWER RIO GRANDE VALLEY DISTRICT OFFICE,1,225400,169050,225400.0,75.0
Charlevoix State Bank,Charlevoix,MI,515,MICHIGAN DISTRICT OFFICE,1,225000,168750,225000.0,75.0
The Lyons National Bank,Lyons,NY,296,BUFFALO DISTRICT OFFICE,1,225000,168750,225000.0,75.0
Robins Financial CU,Warner Robins,GA,405,GEORGIA DISTRICT OFFICE,1,225000,168750,225000.0,75.0
Holladay Bank and Trust,Holladay,UT,883,UTAH DISTRICT OFFICE,2,225000,191250,112500.0,85.0
"VelocitySBA, LLC",Costa Mesa,CA,944,NEVADA DISTRICT OFFICE,1,225000,168750,225000.0,75.0
City National Bank of Florida,Miami,FL,457,KENTUCKY DISTRICT OFFICE,1,225000,168750,225000.0,75.0
Celtic Bank Corporation,Salt Lake City,UT,669,ARKANSAS DISTRICT OFFICE,2,225000,191250,112500.0,85.0
State Bank of Southern Utah,Cedar City,UT,988,ARIZONA DISTRICT OFFICE,1,224000,112000,224000.0,50.0
O'Bannon Banking Company,Buffalo,MO,709,KANSAS CITY DISTRICT OFFICE,1,222500,166875,222500.0,75.0
"Heritage Bank, Inc.",Burlington,KY,679,LOUISIANA DISTRICT OFFICE,2,221900,188615,110950.0,85.0
First American Bank,Artesia,NM,682,NEW MEXICO DISTRICT OFFICE,2,221100,157075,110550.0,71.04
CDC Small Business Finance Corporation,San Diego,CA,460,NORTH CAROLINA DISTRICT OFFICE,1,220500,165375,220500.0,75.0
CDC Small Business Finance Corporation,San Diego,CA,563,WISCONSIN DISTRICT OFFICE,2,220500,169375,110250.0,76.81
First Savings Bank,Jeffersonville,IN,942,FRESNO DISTRICT OFFICE,1,220000,165000,220000.0,75.0
"Santander Bank, National Association",Wilmington,DE,156,CONNECTICUT DISTRICT OFFICE,3,220000,110000,73333.33,50.0
Prime Security Bank,Karlstad,MN,508,MINNESOTA DISTRICT OFFICE,2,220000,110000,110000.0,50.0
Colony Bank,Fitzgerald,GA,767,WICHITA DISTRICT OFFICE,2,220000,187000,110000.0,85.0
Preferred Bank,Los Angeles,CA,681,SAN ANTONIO DISTRICT OFFICE,1,220000,165000,220000.0,75.0
CNB Bank,Clearfield,PA,304,RICHMOND DISTRICT OFFICE,1,220000,165000,220000.0,75.0
Farmers State Bank,Marion,IA,897,WYOMING DISTRICT OFFICE,1,219200,164400,219200.0,75.0
Premier Bank,Youngstown,OH,593,COLUMBUS DISTRICT OFFICE,3,219000,109500,73000.0,50.0
Magnifi Financial CU,Melrose,MN,150,VERMONT DISTRICT OFFICE,1,218000,163500,218000.0,75.0
"Readycap Lending, LLC",Berkeley Heights,NJ,150,VERMONT DISTRICT OFFICE,2,216000,167000,108000.0,77.31
Flagstar Bank National Association,Hicksville,NY,914,LOS ANGELES DISTRICT OFFICE,1,215700,161775,215700.0,75.0
EastRise Federal Credit Union,Williston,VT,150,VERMONT DISTRICT OFFICE,3,214000,107000,71333.33,50.0
CDC Small Business Finance Corporation,San Diego,CA,1087,BOISE DISTRICT OFFICE,1,214000,160500,214000.0,75.0
American Bank and Trust,Sioux Falls,SD,876,SOUTH DAKOTA DISTRICT OFFICE,2,213000,164250,106500.0,77.11
Northeast Bank,Lewiston,ME,390,WEST VIRGINIA DISTRICT OFFICE,3,212900,180965,70966.67,85.0
"Florida First Capital Finance Corporation, Inc.",Tallahassee,FL,455,SOUTH FLORIDA DISTRICT OFFICE,2,212700,180795,106350.0,85.0
Laona State Bank,Laona,WI,563,WISCONSIN DISTRICT OFFICE,1,211500,158625,211500.0,75.0
First Savings Bank,Beresford,SD,988,ARIZONA DISTRICT OFFICE,1,211100,105550,211100.0,50.0
Shinhan Bank America,New York,NY,299,NEW JERSEY DISTRICT OFFICE,1,210000,157500,210000.0,75.0
Platinum Bank,Oakdale,MN,455,SOUTH FLORIDA DISTRICT OFFICE,1,210000,105000,210000.0,50.0
Cadence Bank,Tupelo,MS,358,PITTSBURGH DISTRICT OFFICE,2,210000,178500,105000.0,85.0
Shoreham Bank,Warwick,RI,914,LOS ANGELES DISTRICT OFFICE,1,210000,157500,210000.0,75.0
Pathward National Association,Sioux Falls,SD,373,BALTIMORE DISTRICT OFFICE,1,210000,157500,210000.0,75.0
First State Bank of Le Center,Le Center,MN,508,MINNESOTA DISTRICT OFFICE,1,209600,104800,209600.0,50.0
iTHINK Financial CU,Delray Beach,FL,405,GEORGIA DISTRICT OFFICE,2,208000,176800,104000.0,85.0
First Interstate Bank,Billings,MT,897,WYOMING DISTRICT OFFICE,3,208000,104000,69333.33,50.0
CDC Small Business Finance Corporation,San Diego,CA,156,CONNECTICUT DISTRICT OFFICE,2,205000,174250,102500.0,85.0
Truist Bank,Charlotte,NC,457,KENTUCKY DISTRICT OFFICE,1,205000,153750,205000.0,75.0
Levo FCU,Sioux Falls,SD,876,SOUTH DAKOTA DISTRICT OFFICE,4,205000,107750,51250.0,52.56
"PNC Bank, National Association",Wilmington,DE,709,KANSAS CITY DISTRICT OFFICE,4,205000,130000,51250.0,63.41
A N E C A FCU,Shreveport,LA,679,LOUISIANA DISTRICT OFFICE,2,205000,102500,102500.0,50.0
Midland States Bank,Effingham,IL,709,KANSAS CITY DISTRICT OFFICE,3,202900,154965,67633.33,76.38
Evolve Bank and Trust,West Memphis,AR,562,INDIANA DISTRICT OFFICE,1,202700,152025,202700.0,75.0
Community Partners Savings Bank,Salem,IL,507,ILLINOIS DISTRICT OFFICE,1,202500,151875,202500.0,75.0
Red River Employees Federal Credit Union,Texarkana,TX,671,HOUSTON DISTRICT OFFICE,1,202500,101250,202500.0,50.0
Adams Bank & Trust,Ogallala,NE,766,NEBRASKA DISTRICT OFFICE,1,202000,101000,202000.0,50.0
"Lendistry SBLC, LLC",Los Angeles,CA,944,NEVADA DISTRICT OFFICE,2,201700,171445,100850.0,85.0
"Bank of America, National Association",Charlotte,NC,459,ALABAMA DISTRICT OFFICE,1,200000,100000,200000.0,50.0
Five Star Bank,Rancho Cordova,CA,942,FRESNO DISTRICT OFFICE,1,200000,150000,200000.0,75.0
Truliant FCU,Winston Salem,NC,897,WYOMING DISTRICT OFFICE,1,200000,150000,200000.0,75.0
City National Bank of Florida,Miami,FL,353,WASHINGTON DISTRICT OFFICE,1,200000,150000,200000.0,75.0
"Community Banks of Colorado, A Division of",Greenwood Village,CO,944,NEVADA DISTRICT OFFICE,1,200000,150000,200000.0,75.0
First Merchants Bank,Indianapolis,IN,593,COLUMBUS DISTRICT OFFICE,4,200000,100000,50000.0,50.0
Woori America Bank,New York,NY,954,SAN DIEGO DISTRICT OFFICE,1,200000,150000,200000.0,75.0
Diversified Members CU,Detroit,MI,954,SAN DIEGO DISTRICT OFFICE,1,200000,150000,200000.0,75.0
Home Federal Savings Bank,Rochester,MN,761,DES MOINES DISTRICT OFFICE,1,200000,150000,200000.0,75.0
West Town Bank & Trust,North Riverside,IL,914,LOS ANGELES DISTRICT OFFICE,1,200000,150000,200000.0,75.0
First Savings Bank,Jeffersonville,IN,709,KANSAS CITY DISTRICT OFFICE,2,200000,170000,100000.0,85.0
Bankwell Bank,New Canaan,CT,156,CONNECTICUT DISTRICT OFFICE,2,200000,170000,100000.0,85.0
Glacier Bank,Kalispell,MT,1087,BOISE DISTRICT OFFICE,1,200000,150000,200000.0,75.0
New Millennium Bank,Fort Lee,NJ,353,WASHINGTON DISTRICT OFFICE,1,200000,150000,200000.0,75.0
New Millennium Bank,Fort Lee,NJ,459,ALABAMA DISTRICT OFFICE,1,200000,150000,200000.0,75.0
Community First Bank of the Heartland,Mount Vernon,IL,507,ILLINOIS DISTRICT OFFICE,1,200000,100000,200000.0,50.0
Spring Bank,New York City,NY,202,NEW YORK DISTRICT OFFICE,1,200000,100000,200000.0,50.0
Ameris Bank,Atlanta,GA,944,NEVADA DISTRICT OFFICE,1,200000,100000,200000.0,50.0
"Patriot Bank, National Association",Stamford,CT,156,CONNECTICUT DISTRICT OFFICE,1,200000,100000,200000.0,50.0
AltaOne FCU,Ridgecrest,CA,942,FRESNO DISTRICT OFFICE,1,200000,150000,200000.0,75.0
Berkshire Bank,Pittsfield,MA,150,VERMONT DISTRICT OFFICE,1,200000,150000,200000.0,75.0
Citizens State Bank,Hudson,WI,563,WISCONSIN DISTRICT OFFICE,3,200000,137500,66666.67,68.75
1st Source Bank,South Bend,IN,507,ILLINOIS DISTRICT OFFICE,1,200000,100000,200000.0,50.0
State Bank of Chandler,Chandler,MN,508,MINNESOTA DISTRICT OFFICE,1,200000,100000,200000.0,50.0
"Home State Bank, National Association",Crystal Lake,IL,507,ILLINOIS DISTRICT OFFICE,1,200000,150000,200000.0,75.0
Seacoast National Bank,Stuart,FL,459,ALABAMA DISTRICT OFFICE,1,200000,150000,200000.0,75.0
Core Bank,Omaha,NE,766,NEBRASKA DISTRICT OFFICE,1,200000,100000,200000.0,50.0
FNBC Bank and Trust,La Grange,IL,507,ILLINOIS DISTRICT OFFICE,1,200000,150000,200000.0,75.0
"Grow America Fund, Incorporated",New York,NY,549,CLEVELAND DISTRICT OFFICE,1,200000,150000,200000.0,75.0
"LiftFund, Inc.",San Antonio,TX,679,LOUISIANA DISTRICT OFFICE,1,200000,150000,200000.0,75.0
City National Bank of Florida,Miami,FL,680,OKLAHOMA DISTRICT OFFICE,1,200000,150000,200000.0,75.0
Greylock FCU,Pittsfield,MA,101,MASSACHUSETTS DISTRICT OFFICE,3,199000,99500,66333.33,50.0
Central Bank,Tampa,FL,405,GEORGIA DISTRICT OFFICE,1,198000,148500,198000.0,75.0
Portage Community Bank,Ravenna,OH,549,CLEVELAND DISTRICT OFFICE,1,196800,147600,196800.0,75.0
OneAZ CU,Phoenix,AZ,988,ARIZONA DISTRICT OFFICE,1,196300,147225,196300.0,75.0
Bank of Washington,Washington,MO,768,ST. LOUIS DISTRICT OFFICE,1,196100,147075,196100.0,75.0
"Cooperativa de Ahorro y Cr<ac,e>dito de Arecibo (COOPACA)",Arecibo,PR,252,PUERTO RICO AND USVI DISTRICT OFFICE,1,195500,146625,195500.0,75.0
Pioneer Bank,Roswell,NM,677,EL PASO DISTRICT OFFICE,1,195100,97550,195100.0,50.0
Northwest Bank,Spencer,IA,766,NEBRASKA DISTRICT OFFICE,2,195000,130750,97500.0,67.05
Farmers and Merchants Bank,Laotto,IN,562,INDIANA DISTRICT OFFICE,1,195000,146250,195000.0,75.0
City & County CU,Saint Paul,MN,639,LOWER RIO GRANDE VALLEY DISTRICT OFFICE,1,192800,96400,192800.0,50.0
Northeast Bank,Lewiston,ME,897,WYOMING DISTRICT OFFICE,4,192000,163200,48000.0,85.0
California Statewide Certified Development Corporation,Davis,CA,914,LOS ANGELES DISTRICT OFFICE,1,190000,142500,190000.0,75.0
Luana Savings Bank,Luana,IA,563,WISCONSIN DISTRICT OFFICE,1,187000,140250,187000.0,75.0
"Home Bank, SB",Martinsville,IN,562,INDIANA DISTRICT OFFICE,1,186000,93000,186000.0,50.0
Lake Country Community Bank,Morristown,MN,508,MINNESOTA DISTRICT OFFICE,1,185300,138975,185300.0,75.0
Milestone Bank,Salt Lake City,UT,876,SOUTH DAKOTA DISTRICT OFFICE,1,185000,138750,185000.0,75.0
Celtic Bank Corporation,Salt Lake City,UT,761,DES MOINES DISTRICT OFFICE,2,185000,157250,92500.0,85.0
HomeTrust Bank,Asheville,NC,459,ALABAMA DISTRICT OFFICE,1,184000,138000,184000.0,75.0
"Pendleton Community Bank, Inc.",Franklin,WV,304,RICHMOND DISTRICT OFFICE,1,183000,91500,183000.0,50.0
Global Federal Credit Union,Anchorage,AK,1084,ALASKA DISTRICT OFFICE,1,182000,136500,182000.0,75.0
"Florida First Capital Finance Corporation, Inc.",Tallahassee,FL,459,ALABAMA DISTRICT OFFICE,2,181700,154445,90850.0,85.0
"WesBanco Bank, Inc.",Wheeling,WV,549,CLEVELAND DISTRICT OFFICE,2,181600,129950,90800.0,71.56
Community National Bank & Trust,Chanute,KS,507,ILLINOIS DISTRICT OFFICE,1,180500,135375,180500.0,75.0
BANKWEST,Rockford,MN,508,MINNESOTA DISTRICT OFFICE,1,180000,135000,180000.0,75.0
Buckeye State Bank,Powell,OH,515,MICHIGAN DISTRICT OFFICE,1,180000,135000,180000.0,75.0
American Community Bank of Indiana,Munster,IN,562,INDIANA DISTRICT OFFICE,1,180000,135000,180000.0,75.0
First Bank,Waverly,IA,761,DES MOINES DISTRICT OFFICE,2,180000,90000,90000.0,50.0
West Town Bank & Trust,North Riverside,IL,912,SAN FRANCISCO DISTRICT OFFICE,1,180000,135000,180000.0,75.0
Branson Bank,Branson,MO,669,ARKANSAS DISTRICT OFFICE,1,180000,135000,180000.0,75.0
"JPMorgan Chase Bank, National Association",Columbus,OH,761,DES MOINES DISTRICT OFFICE,3,180000,90000,60000.0,50.0
Pioneer Bank & Trust,Belle Fourche,SD,876,SOUTH DAKOTA DISTRICT OFFICE,4,179300,136900,44825.0,76.35
Commerce Bank,Kansas City,MO,680,OKLAHOMA DISTRICT OFFICE,1,178500,133875,178500.0,75.0
National Bank of Middlebury,Middlebury,VT,150,VERMONT DISTRICT OFFICE,1,177500,133125,177500.0,75.0
Granite Bank,Cold Spring,MN,875,NORTH DAKOTA DISTRICT OFFICE,1,176000,88000,176000.0,50.0
"AMPAC Tri-State CDC, Inc.",Ontario,CA,942,FRESNO DISTRICT OFFICE,1,175000,131250,175000.0,75.0
The Hershey State Bank,Hershey,NE,761,DES MOINES DISTRICT OFFICE,1,175000,87500,175000.0,50.0
Virginia National Bank,Charlottesville,VA,304,RICHMOND DISTRICT OFFICE,2,175000,87500,87500.0,50.0
Cadence Bank,Tupelo,MS,457,KENTUCKY DISTRICT OFFICE,1,175000,131250,175000.0,75.0
"VelocitySBA, LLC",Costa Mesa,CA,931,SACRAMENTO DISTRICT OFFICE,1,174000,130500,174000.0,75.0
"Iowa State Bank and Trust Company of Fairfield, Iowa",Fairfield,IA,761,DES MOINES DISTRICT OFFICE,1,173900,130425,173900.0,75.0
Bellwether Community CU,Manchester,NH,189,NEW HAMPSHIRE DISTRICT OFFICE,3,173500,86750,57833.33,50.0
Vision Bank,Ada,OK,680,OKLAHOMA DISTRICT OFFICE,1,173000,129750,173000.0,75.0
"LiftFund, Inc.",San Antonio,TX,464,SOUTH CAROLINA DISTRICT OFFICE,1,171000,128250,171000.0,75.0
Luzerne Bank,Luzerne,PA,303,PHILADELPHIA DISTRICT OFFICE,1,170100,127575,170100.0,75.0
"PNC Bank, National Association",Wilmington,DE,563,WISCONSIN DISTRICT OFFICE,6,170000,85000,28333.33,50.0
Craft Bank,Atlanta,GA,460,NORTH CAROLINA DISTRICT OFFICE,1,170000,127500,170000.0,75.0
South Ottumwa Savings Bank,Ottumwa,IA,761,DES MOINES DISTRICT OFFICE,1,167500,83750,167500.0,50.0
"SouthState Bank, National Association",Winter Haven,FL,470,MISSISSIPPI DISTRICT OFFICE,1,166000,124500,166000.0,75.0
Starion Bank,Bismarck,ND,875,NORTH DAKOTA DISTRICT OFFICE,3,165000,82500,55000.0,50.0
California FarmLink,Aptos,CA,954,SAN DIEGO DISTRICT OFFICE,1,165000,123750,165000.0,75.0
MinnStar Bank National Association,Lake Crystal,MN,508,MINNESOTA DISTRICT OFFICE,1,164700,82350,164700.0,50.0
Hancock Whitney Bank,Gulfport,MS,101,MASSACHUSETTS DISTRICT OFFICE,1,164000,123000,164000.0,75.0
American Riviera Bank,Santa Barbara,CA,942,FRESNO DISTRICT OFFICE,2,160700,119095,80350.0,74.11
Northeast Bank,Lewiston,ME,165,RHODE ISLAND DISTRICT OFFICE,3,158800,134980,52933.33,85.0
"Santander Bank, National Association",Wilmington,DE,189,NEW HAMPSHIRE DISTRICT OFFICE,3,158000,79000,52666.67,50.0
First Interstate Bank,Billings,MT,988,ARIZONA DISTRICT OFFICE,2,157900,99215,78950.0,62.83
First Command Bank,Fort Worth,TX,507,ILLINOIS DISTRICT OFFICE,1,156100,117075,156100.0,75.0
Thumb Bank & Trust,Pigeon,MI,515,MICHIGAN DISTRICT OFFICE,1,155400,116550,155400.0,75.0
Dean Co-Operative Bank,Franklin,MA,101,MASSACHUSETTS DISTRICT OFFICE,3,154900,87915,51633.33,56.76
1st Community FCU,San Angelo,TX,678,LUBBOCK DISTRICT OFFICE,1,154800,116100,154800.0,75.0
West Gate Bank,Lincoln,NE,766,NEBRASKA DISTRICT OFFICE,1,154000,77000,154000.0,50.0
"VelocitySBA, LLC",Costa Mesa,CA,678,LUBBOCK DISTRICT OFFICE,1,154000,115500,154000.0,75.0
Osgood Bank,Osgood,OH,405,GEORGIA DISTRICT OFFICE,1,153900,115425,153900.0,75.0
"Bank of America, National Association",Charlotte,NC,457,KENTUCKY DISTRICT OFFICE,1,153000,76500,153000.0,50.0
"VelocitySBA, LLC",Costa Mesa,CA,1086,PORTLAND DISTRICT OFFICE,1,153000,114750,153000.0,75.0
Centra CU,Columbus,IN,562,INDIANA DISTRICT OFFICE,1,153000,76500,153000.0,50.0
Valliance Bank,Oklahoma City,OK,610,DALLAS / FT WORTH DISTRICT OFFICE,1,152000,76000,152000.0,50.0
Beneficial State Bank,Oakland,CA,912,SAN FRANCISCO DISTRICT OFFICE,1,151000,113250,151000.0,75.0
"Capital Bank, National Association",Rockville,MD,299,NEW JERSEY DISTRICT OFFICE,1,150000,127500,150000.0,85.0
"Heritage Bank, Inc.",Burlington,KY,682,NEW MEXICO DISTRICT OFFICE,1,150000,127500,150000.0,85.0
Bank Five Nine,Oconomowoc,WI,457,KENTUCKY DISTRICT OFFICE,1,150000,127500,150000.0,85.0
Tandem Bank,Tucker,GA,515,MICHIGAN DISTRICT OFFICE,1,150000,127500,150000.0,85.0
Colony Bank,Fitzgerald,GA,669,ARKANSAS DISTRICT OFFICE,1,150000,127500,150000.0,85.0
Pathward National Association,Sioux Falls,SD,610,DALLAS / FT WORTH DISTRICT OFFICE,1,150000,127500,150000.0,85.0
Five Star Bank,Rancho Cordova,CA,549,CLEVELAND DISTRICT OFFICE,1,150000,127500,150000.0,85.0
First Bank of the Lake,Osage Beach,MO,1084,ALASKA DISTRICT OFFICE,1,150000,127500,150000.0,85.0
Peoples Bank,Mendenhall,MS,669,ARKANSAS DISTRICT OFFICE,1,150000,127500,150000.0,85.0
RiverHills Bank,Vicksburg,MS,470,MISSISSIPPI DISTRICT OFFICE,1,150000,75000,150000.0,50.0
North State Bank,Raleigh,NC,1087,BOISE DISTRICT OFFICE,1,150000,127500,150000.0,85.0
Idaho First Bank,Mccall,ID,1087,BOISE DISTRICT OFFICE,1,150000,75000,150000.0,50.0
Magnifi Financial CU,Melrose,MN,562,INDIANA DISTRICT OFFICE,1,150000,127500,150000.0,85.0
"United Midwest Savings Bank, National Association",De Graff,OH,341,DELAWARE DISTRICT OFFICE,1,150000,127500,150000.0,85.0
First Financial Bank,Cincinnati,OH,562,INDIANA DISTRICT OFFICE,1,150000,75000,150000.0,50.0
Tandem Bank,Tucker,GA,954,SAN DIEGO DISTRICT OFFICE,1,150000,127500,150000.0,85.0
"United Midwest Savings Bank, National Association",De Graff,OH,165,RHODE ISLAND DISTRICT OFFICE,1,150000,127500,150000.0,85.0
First Bank of the Lake,Osage Beach,MO,390,WEST VIRGINIA DISTRICT OFFICE,1,150000,127500,150000.0,85.0
"Heritage Bank, Inc.",Burlington,KY,897,WYOMING DISTRICT OFFICE,1,150000,127500,150000.0,85.0
Hanover Community Bank,Mineola,NY,766,NEBRASKA DISTRICT OFFICE,1,150000,127500,150000.0,85.0
"New Omni Bank, National Association",Alhambra,CA,920,SANTA ANA DISTRICT OFFICE,1,150000,127500,150000.0,85.0
Liberty Bank and Trust Company,New Orleans,LA,459,ALABAMA DISTRICT OFFICE,1,150000,127500,150000.0,85.0
First Bank of the Lake,Osage Beach,MO,678,LUBBOCK DISTRICT OFFICE,1,150000,127500,150000.0,85.0
First Bank of the Lake,Osage Beach,MO,767,WICHITA DISTRICT OFFICE,1,150000,127500,150000.0,85.0
Celtic Bank Corporation,Salt Lake City,UT,897,WYOMING DISTRICT OFFICE,1,150000,127500,150000.0,85.0
"Zions Bank, A Division of",Salt Lake City,UT,931,SACRAMENTO DISTRICT OFFICE,1,150000,127500,150000.0,85.0
Cambridge Savings Bank,Cambridge,MA,156,CONNECTICUT DISTRICT OFFICE,2,150000,75000,75000.0,50.0
Main Street Launch,Oakland,CA,942,FRESNO DISTRICT OFFICE,1,150000,127500,150000.0,85.0
Five Star Bank,Rancho Cordova,CA,507,ILLINOIS DISTRICT OFFICE,1,150000,127500,150000.0,85.0
First Bank of the Lake,Osage Beach,MO,296,BUFFALO DISTRICT OFFICE,1,150000,127500,150000.0,85.0
TruFund Financial Services Inc,New York,NY,202,NEW YORK DISTRICT OFFICE,1,150000,127500,150000.0,85.0
The National Capital Bank of Washington,Washington,DC,353,WASHINGTON DISTRICT OFFICE,1,150000,127500,150000.0,85.0
First Bank of the Lake,Osage Beach,MO,951,HAWAII DISTRICT OFFICE,1,150000,127500,150000.0,85.0
"Heritage Bank, Inc.",Burlington,KY,944,NEVADA DISTRICT OFFICE,1,150000,127500,150000.0,85.0
AmeriState Bank,Atoka,OK,679,LOUISIANA DISTRICT OFFICE,1,150000,75000,150000.0,50.0
"Lendistry SBLC, LLC",Los Angeles,CA,767,WICHITA DISTRICT OFFICE,1,150000,127500,150000.0,85.0
Glacier Bank,Kalispell,MT,988,ARIZONA DISTRICT OFFICE,1,150000,127500,150000.0,85.0
"Peoples National Bank, National Association",Mcleansboro,IL,709,KANSAS CITY DISTRICT OFFICE,1,150000,127500,150000.0,85.0
Colony Bank,Fitzgerald,GA,885,MONTANA DISTRICT OFFICE,1,150000,127500,150000.0,85.0
Regions Bank,Birmingham,AL,507,ILLINOIS DISTRICT OFFICE,1,150000,75000,150000.0,50.0
McCoy FCU,Orlando,FL,491,NORTH FLORIDA DISTRICT OFFICE,1,150000,127500,150000.0,85.0
Stone Bank,Mountain View,AR,681,SAN ANTONIO DISTRICT OFFICE,1,150000,127500,150000.0,85.0
First Utah Bank,Salt Lake City,UT,914,LOS ANGELES DISTRICT OFFICE,1,150000,127500,150000.0,85.0
"Heritage Bank, Inc.",Burlington,KY,508,MINNESOTA DISTRICT OFFICE,1,150000,127500,150000.0,85.0
Tandem Bank,Tucker,GA,303,PHILADELPHIA DISTRICT OFFICE,1,150000,127500,150000.0,85.0
Kensington Bank,Kensington,MN,508,MINNESOTA DISTRICT OFFICE,1,150000,127500,150000.0,85.0
Devon Bank,Chicago,IL,507,ILLINOIS DISTRICT OFFICE,1,150000,127500,150000.0,85.0
Colony Bank,Fitzgerald,GA,639,LOWER RIO GRANDE VALLEY DISTRICT OFFICE,1,150000,127500,150000.0,85.0
Unity Bank,Augusta,WI,885,MONTANA DISTRICT OFFICE,1,150000,75000,150000.0,50.0
"Heritage Bank, Inc.",Burlington,KY,474,TENNESSEE DISTRICT OFFICE,1,150000,127500,150000.0,85.0
West Town Bank & Trust,North Riverside,IL,373,BALTIMORE DISTRICT OFFICE,1,150000,127500,150000.0,85.0
First Savings Bank,Jeffersonville,IN,474,TENNESSEE DISTRICT OFFICE,1,150000,127500,150000.0,85.0
"Heritage Bank, Inc.",Burlington,KY,165,RHODE ISLAND DISTRICT OFFICE,1,150000,127500,150000.0,85.0
Colony Bank,Fitzgerald,GA,678,LUBBOCK DISTRICT OFFICE,1,150000,127500,150000.0,85.0
BayFirst National Bank,Saint Petersburg,FL,150,VERMONT DISTRICT OFFICE,1,150000,127500,150000.0,85.0
MY CU,Bloomington,MN,563,WISCONSIN DISTRICT OFFICE,1,150000,127500,150000.0,85.0
Manufacturers Bank & Trust Company,Forest City,IA,508,MINNESOTA DISTRICT OFFICE,1,150000,127500,150000.0,85.0
First Bank of the Lake,Osage Beach,MO,639,LOWER RIO GRANDE VALLEY DISTRICT OFFICE,1,150000,127500,150000.0,85.0
"Business Resource Capital Specialty BIDCO, Inc.",New Orleans,LA,679,LOUISIANA DISTRICT OFFICE,1,150000,127500,150000.0,85.0
Five Star Bank,Rancho Cordova,CA,1013,SEATTLE DISTRICT OFFICE,1,150000,127500,150000.0,85.0
First Bank of the Lake,Osage Beach,MO,677,EL PASO DISTRICT OFFICE,1,150000,127500,150000.0,85.0
First State Bank Nebraska,Lincoln,NE,709,KANSAS CITY DISTRICT OFFICE,1,150000,127500,150000.0,85.0
Tandem Bank,Tucker,GA,681,SAN ANTONIO DISTRICT OFFICE,1,150000,127500,150000.0,85.0
"AMPAC Tri-State CDC, Inc.",Ontario,CA,912,SAN FRANCISCO DISTRICT OFFICE,1,150000,127500,150000.0,85.0
DreamSpring,Albuquerque,NM,677,EL PASO DISTRICT OFFICE,1,150000,127500,150000.0,85.0
Meridian Bank,Malvern,PA,1013,SEATTLE DISTRICT OFFICE,1,150000,75000,150000.0,50.0
West Town Bank & Trust,North Riverside,IL,761,DES MOINES DISTRICT OFFICE,1,150000,127500,150000.0,85.0
Celtic Bank Corporation,Salt Lake City,UT,767,WICHITA DISTRICT OFFICE,1,150000,127500,150000.0,85.0
"Heritage Bank, Inc.",Burlington,KY,875,NORTH DAKOTA DISTRICT OFFICE,1,150000,127500,150000.0,85.0
State Savings Bank,West Des Moines,IA,761,DES MOINES DISTRICT OFFICE,1,150000,127500,150000.0,85.0
First Utah Bank,Salt Lake City,UT,1087,BOISE DISTRICT OFFICE,1,150000,127500,150000.0,85.0
Martha's Vineyard Bank,Edgartown,MA,101,MASSACHUSETTS DISTRICT OFFICE,1,150000,75000,150000.0,50.0
Bank Five Nine,Oconomowoc,WI,248,SYRACUSE DISTRICT OFFICE,1,150000,127500,150000.0,85.0
First Security Bank and Trust Company,Oklahoma City,OK,610,DALLAS / FT WORTH DISTRICT OFFICE,1,150000,127500,150000.0,85.0
"Heritage Bank, Inc.",Burlington,KY,680,OKLAHOMA DISTRICT OFFICE,1,150000,127500,150000.0,85.0
Peoples Bank,Mendenhall,MS,405,GEORGIA DISTRICT OFFICE,1,150000,127500,150000.0,85.0
"Heritage Bank, Inc.",Burlington,KY,942,FRESNO DISTRICT OFFICE,1,150000,127500,150000.0,85.0
"United Midwest Savings Bank, National Association",De Graff,OH,876,SOUTH DAKOTA DISTRICT OFFICE,1,150000,127500,150000.0,85.0
First Bank of the Lake,Osage Beach,MO,897,WYOMING DISTRICT OFFICE,1,150000,127500,150000.0,85.0
Magnifi Financial CU,Melrose,MN,202,NEW YORK DISTRICT OFFICE,1,149000,126650,149000.0,85.0
First State Bank,Junction,TX,610,DALLAS / FT WORTH DISTRICT OFFICE,1,148200,125970,148200.0,85.0
Bank Five Nine,Oconomowoc,WI,931,SACRAMENTO DISTRICT OFFICE,1,145000,123250,145000.0,85.0
Cache Valley Bank,Logan,UT,988,ARIZONA DISTRICT OFFICE,1,145000,123250,145000.0,85.0
California CU,Glendale,CA,954,SAN DIEGO DISTRICT OFFICE,1,145000,123250,145000.0,85.0
Legence Bank,Eldorado,IL,507,ILLINOIS DISTRICT OFFICE,2,144000,72000,72000.0,50.0
Genisys CU,Auburn Hills,MI,515,MICHIGAN DISTRICT OFFICE,1,140500,119425,140500.0,85.0
West Town Bank & Trust,North Riverside,IL,680,OKLAHOMA DISTRICT OFFICE,1,140000,119000,140000.0,85.0
Ozark Bank,Ozark,MO,709,KANSAS CITY DISTRICT OFFICE,1,140000,119000,140000.0,85.0
Red River Employees Federal Credit Union,Texarkana,TX,610,DALLAS / FT WORTH DISTRICT OFFICE,1,138000,117300,138000.0,85.0
Colony Bank,Fitzgerald,GA,341,DELAWARE DISTRICT OFFICE,1,137500,116875,137500.0,85.0
Adelphi Bank,Columbus,OH,593,COLUMBUS DISTRICT OFFICE,2,136500,116025,68250.0,85.0
Merrimack Valley CU,Lawrence,MA,101,MASSACHUSETTS DISTRICT OFFICE,2,136500,68250,68250.0,50.0
First Financial Bank,El Dorado,AR,883,UTAH DISTRICT OFFICE,1,135000,114750,135000.0,85.0
Bank of Hope,Los Angeles,CA,931,SACRAMENTO DISTRICT OFFICE,1,135000,101250,135000.0,75.0
"VeraBank, National Association",Henderson,TX,610,DALLAS / FT WORTH DISTRICT OFFICE,1,135000,114750,135000.0,85.0
CDC Small Business Finance Corporation,San Diego,CA,811,COLORADO DISTRICT OFFICE,1,135000,114750,135000.0,85.0
Mazuma CU,Overland Park,KS,709,KANSAS CITY DISTRICT OFFICE,1,134000,67000,134000.0,50.0
Guthrie County State Bank,Panora,IA,761,DES MOINES DISTRICT OFFICE,1,132500,112625,132500.0,85.0
Telhio Credit Union Inc,Columbus,OH,460,NORTH CAROLINA DISTRICT OFFICE,2,132200,103620,66100.0,78.38
Bay State Savings Bank,Worcester,MA,101,MASSACHUSETTS DISTRICT OFFICE,1,131000,111350,131000.0,85.0
Southwest Heritage Bank,Scottsdale,AZ,682,NEW MEXICO DISTRICT OFFICE,1,131000,65500,131000.0,50.0
Liberty Bank,Middletown,CT,101,MASSACHUSETTS DISTRICT OFFICE,1,130500,97875,130500.0,75.0
Hanscom FCU,Hanscom Air Force Base,MA,491,NORTH FLORIDA DISTRICT OFFICE,1,130000,65000,130000.0,50.0
The First National Bank of Waterloo,Waterloo,IL,768,ST. LOUIS DISTRICT OFFICE,1,130000,110500,130000.0,85.0
First National Bank,Oldham,SD,508,MINNESOTA DISTRICT OFFICE,2,129000,83400,64500.0,64.65
Stearns Bank National Association,Saint Cloud,MN,682,NEW MEXICO DISTRICT OFFICE,1,129000,109650,129000.0,85.0
"Heritage Bank, Inc.",Burlington,KY,767,WICHITA DISTRICT OFFICE,1,128700,109395,128700.0,85.0
Tandem Bank,Tucker,GA,931,SACRAMENTO DISTRICT OFFICE,1,128500,109225,128500.0,85.0
Lakeview Bank,Lakeville,MN,508,MINNESOTA DISTRICT OFFICE,1,125000,106250,125000.0,85.0
Eastern Bank,Boston,MA,172,MAINE DISTRICT OFFICE,1,125000,62500,125000.0,50.0
Hanover Community Bank,Mineola,NY,1087,BOISE DISTRICT OFFICE,1,125000,106250,125000.0,85.0
Northern State Bank of Thief River Falls,Thief River Falls,MN,508,MINNESOTA DISTRICT OFFICE,1,125000,106250,125000.0,85.0
Northwest Bank,Warren,PA,464,SOUTH CAROLINA DISTRICT OFFICE,2,125000,87500,62500.0,70.0
Harmony Bank,Dallas,TX,610,DALLAS / FT WORTH DISTRICT OFFICE,1,125000,106250,125000.0,85.0
Signature Bank,Rosemont,IL,507,ILLINOIS DISTRICT OFFICE,1,125000,62500,125000.0,50.0
The State Bank and Trust Company,Defiance,OH,515,MICHIGAN DISTRICT OFFICE,1,125000,62500,125000.0,50.0
First National Bank of Omaha,Omaha,NE,897,WYOMING DISTRICT OFFICE,1,125000,106250,125000.0,85.0
"Leader Bank, National Association",Arlington,MA,1013,SEATTLE DISTRICT OFFICE,1,124000,93000,124000.0,75.0
Magnifi Financial CU,Melrose,MN,459,ALABAMA DISTRICT OFFICE,1,122500,104125,122500.0,85.0
St. Clair County State Bank,Osceola,MO,709,KANSAS CITY DISTRICT OFFICE,2,122500,61250,61250.0,50.0
Pine River State Bank,Pine River,MN,508,MINNESOTA DISTRICT OFFICE,3,122100,61050,40700.0,50.0
The North Salem State Bank,North Salem,IN,562,INDIANA DISTRICT OFFICE,1,121000,60500,121000.0,50.0
Nebraska State Bank and Trust Company,Broken Bow,NE,455,SOUTH FLORIDA DISTRICT OFFICE,1,120000,102000,120000.0,85.0
First Service Credit Union,Houston,TX,678,LUBBOCK DISTRICT OFFICE,1,120000,102000,120000.0,85.0
"JPMorgan Chase Bank, National Association",Columbus,OH,470,MISSISSIPPI DISTRICT OFFICE,1,120000,60000,120000.0,50.0
Community Bank,Dunlap,IA,761,DES MOINES DISTRICT OFFICE,1,120000,102000,120000.0,85.0
Stearns Bank National Association,Saint Cloud,MN,189,NEW HAMPSHIRE DISTRICT OFFICE,1,120000,102000,120000.0,85.0
RiverBank,Pocahontas,AR,768,ST. LOUIS DISTRICT OFFICE,1,120000,60000,120000.0,50.0
Umpqua Bank,Roseburg,OR,954,SAN DIEGO DISTRICT OFFICE,3,120000,60000,40000.0,50.0
"U.S. Bank, National Association",Cincinnati,OH,304,RICHMOND DISTRICT OFFICE,3,120000,60000,40000.0,50.0
BankVista,Sartell,MN,876,SOUTH DAKOTA DISTRICT OFFICE,1,120000,102000,120000.0,85.0
CDC Small Business Finance Corporation,San Diego,CA,470,MISSISSIPPI DISTRICT OFFICE,1,120000,102000,120000.0,85.0
The Cooperative Bank,Roslindale,MA,101,MASSACHUSETTS DISTRICT OFFICE,1,120000,90000,120000.0,75.0
First Heritage Federal Credit Union,Corning,NY,296,BUFFALO DISTRICT OFFICE,2,119100,101235,59550.0,85.0
Bank Star,Pacific,MO,768,ST. LOUIS DISTRICT OFFICE,1,119000,89250,119000.0,75.0
Hiawatha National Bank,Hager City,WI,515,MICHIGAN DISTRICT OFFICE,1,118800,89100,118800.0,75.0
Time Bank,Park Ridge,IL,682,NEW MEXICO DISTRICT OFFICE,1,115400,86550,115400.0,75.0
Luana Savings Bank,Luana,IA,761,DES MOINES DISTRICT OFFICE,1,115000,97750,115000.0,85.0
Wallis Bank,Wallis,TX,678,LUBBOCK DISTRICT OFFICE,1,113900,96815,113900.0,85.0
Signal Financial FCU,Kensington,MD,353,WASHINGTON DISTRICT OFFICE,1,113500,96475,113500.0,85.0
Merrimack County Savings Bank,Concord,NH,101,MASSACHUSETTS DISTRICT OFFICE,1,112500,56250,112500.0,50.0
Prospera CU,Appleton,WI,563,WISCONSIN DISTRICT OFFICE,1,112200,56100,112200.0,50.0
Field & Main Bank,Henderson,KY,457,KENTUCKY DISTRICT OFFICE,1,112000,95200,112000.0,85.0
TruFund Financial Services Inc,New York,NY,679,LOUISIANA DISTRICT OFFICE,1,112000,95200,112000.0,85.0
First Security Bank & Trust Company,Charles City,IA,761,DES MOINES DISTRICT OFFICE,1,110000,93500,110000.0,85.0
First Internet Bank of Indiana,Fishers,IN,885,MONTANA DISTRICT OFFICE,1,110000,55000,110000.0,50.0
Commerce Bank,Kansas City,MO,507,ILLINOIS DISTRICT OFFICE,3,109500,65075,36500.0,59.43
"Heritage Bank, Inc.",Burlington,KY,296,BUFFALO DISTRICT OFFICE,1,109000,92650,109000.0,85.0
Farmers & Merchants Savings Bank,Manchester,IA,1013,SEATTLE DISTRICT OFFICE,1,108000,91800,108000.0,85.0
"Citizens Bank, National Association",Abilene,TX,678,LUBBOCK DISTRICT OFFICE,1,107300,91205,107300.0,85.0
"Heritage Bank, Inc.",Burlington,KY,951,HAWAII DISTRICT OFFICE,1,107000,90950,107000.0,85.0
Citizens & Northern Bank,Wellsboro,PA,303,PHILADELPHIA DISTRICT OFFICE,1,106000,53000,106000.0,50.0
Tandem Bank,Tucker,GA,914,LOS ANGELES DISTRICT OFFICE,1,106000,90100,106000.0,85.0
Bank Five Nine,Oconomowoc,WI,156,CONNECTICUT DISTRICT OFFICE,1,105000,89250,105000.0,85.0
SpiritBank,Tulsa,OK,671,HOUSTON DISTRICT OFFICE,1,104200,88570,104200.0,85.0
1st Community FCU,San Angelo,TX,681,SAN ANTONIO DISTRICT OFFICE,1,104000,88400,104000.0,85.0
DreamSpring,Albuquerque,NM,944,NEVADA DISTRICT OFFICE,1,102500,87125,102500.0,85.0
Legacy Bank,Hinton,OK,678,LUBBOCK DISTRICT OFFICE,1,101800,50900,101800.0,50.0
Time Bank,Park Ridge,IL,912,SAN FRANCISCO DISTRICT OFFICE,1,101500,76125,101500.0,75.0
The Central Trust Bank,Jefferson City,MO,811,COLORADO DISTRICT OFFICE,1,101200,75900,101200.0,75.0
Trustmark National Bank,Jackson,MS,474,TENNESSEE DISTRICT OFFICE,1,101000,85850,101000.0,85.0
First State Bank Nebraska,Lincoln,NE,954,SAN DIEGO DISTRICT OFFICE,2,101000,68350,50500.0,67.67
Stearns Bank National Association,Saint Cloud,MN,876,SOUTH DAKOTA DISTRICT OFFICE,1,101000,85850,101000.0,85.0
The Harrison County Bank,Lost Creek,WV,390,WEST VIRGINIA DISTRICT OFFICE,1,100800,50400,100800.0,50.0
Magnifi Financial CU,Melrose,MN,299,NEW JERSEY DISTRICT OFFICE,1,100000,85000,100000.0,85.0
Shoreham Bank,Warwick,RI,876,SOUTH DAKOTA DISTRICT OFFICE,1,100000,85000,100000.0,85.0
Savings Bank of Walpole,Walpole,NH,150,VERMONT DISTRICT OFFICE,1,100000,50000,100000.0,50.0
Cowboy Bank,Kremlin,OK,303,PHILADELPHIA DISTRICT OFFICE,2,100000,75000,50000.0,75.0
Nusenda FCU,Albuquerque,NM,682,NEW MEXICO DISTRICT OFFICE,1,100000,50000,100000.0,50.0
"Alaska Growth Capital BIDCO, Inc.",Anchorage,AK,897,WYOMING DISTRICT OFFICE,1,100000,85000,100000.0,85.0
"First National Bank, Cortez",Cortez,CO,811,COLORADO DISTRICT OFFICE,1,100000,85000,100000.0,85.0
First Resource Bank,Lino Lakes,MN,455,SOUTH FLORIDA DISTRICT OFFICE,1,100000,50000,100000.0,50.0
Tandem Bank,Tucker,GA,811,COLORADO DISTRICT OFFICE,1,100000,85000,100000.0,85.0
"JPMorgan Chase Bank, National Association",Columbus,OH,1087,BOISE DISTRICT OFFICE,2,100000,50000,50000.0,50.0
Reliance Bank,Faribault,MN,508,MINNESOTA DISTRICT OFFICE,1,100000,50000,100000.0,50.0
Hanscom FCU,Hanscom Air Force Base,MA,101,MASSACHUSETTS DISTRICT OFFICE,1,100000,85000,100000.0,85.0
Cape Ann Savings Bank,Gloucester,MA,101,MASSACHUSETTS DISTRICT OFFICE,1,100000,85000,100000.0,85.0
Welcome State Bank,Welcome,MN,508,MINNESOTA DISTRICT OFFICE,1,100000,50000,100000.0,50.0
Essex Savings Bank,Essex,CT,156,CONNECTICUT DISTRICT OFFICE,1,100000,50000,100000.0,50.0
Legacy Bank & Trust Company,Mt. Grove,MO,709,KANSAS CITY DISTRICT OFFICE,1,100000,50000,100000.0,50.0
Buckeye State Bank,Powell,OH,202,NEW YORK DISTRICT OFFICE,1,100000,85000,100000.0,85.0
Cambridge Savings Bank,Cambridge,MA,507,ILLINOIS DISTRICT OFFICE,1,100000,85000,100000.0,85.0
Chemung Canal Trust Company,Elmira,NY,296,BUFFALO DISTRICT OFFICE,1,100000,50000,100000.0,50.0
Enterprise Bank,Allison Park,PA,303,PHILADELPHIA DISTRICT OFFICE,1,100000,85000,100000.0,85.0
Shoreham Bank,Warwick,RI,457,KENTUCKY DISTRICT OFFICE,1,100000,85000,100000.0,85.0
The First National Bank of Bemidji,Bemidji,MN,508,MINNESOTA DISTRICT OFFICE,1,100000,85000,100000.0,85.0
Farmers & Merchants Savings Bank,Manchester,IA,563,WISCONSIN DISTRICT OFFICE,2,100000,68750,50000.0,68.75
The Farmers & Merchants State Bank,Archbold,OH,562,INDIANA DISTRICT OFFICE,1,100000,85000,100000.0,85.0
Montana Community Development Corp.,Missoula,MT,897,WYOMING DISTRICT OFFICE,1,100000,50000,100000.0,50.0
Triangle CU,Nashua,NH,101,MASSACHUSETTS DISTRICT OFFICE,1,100000,85000,100000.0,85.0
"Grow America Fund, Incorporated",New York,NY,353,WASHINGTON DISTRICT OFFICE,1,100000,85000,100000.0,85.0
Service FCU,Portsmouth,NH,172,MAINE DISTRICT OFFICE,1,100000,50000,100000.0,50.0
"Bank of America, National Association",Charlotte,NC,678,LUBBOCK DISTRICT OFFICE,1,100000,50000,100000.0,50.0
Shoreham Bank,Warwick,RI,101,MASSACHUSETTS DISTRICT OFFICE,1,100000,85000,100000.0,85.0
The Peoples Bank,Pratt,KS,767,WICHITA DISTRICT OFFICE,1,100000,50000,100000.0,50.0
Needham Bank,Needham,MA,455,SOUTH FLORIDA DISTRICT OFFICE,1,100000,85000,100000.0,85.0
Bangor Savings Bank,Bangor,ME,101,MASSACHUSETTS DISTRICT OFFICE,1,100000,50000,100000.0,50.0
"Capital Bank, National Association",Rockville,MD,464,SOUTH CAROLINA DISTRICT OFFICE,1,100000,85000,100000.0,85.0
West Town Bank & Trust,North Riverside,IL,405,GEORGIA DISTRICT OFFICE,1,100000,85000,100000.0,85.0
Citizens State Bank of La Crosse,La Crosse,WI,507,ILLINOIS DISTRICT OFFICE,1,100000,50000,100000.0,50.0
State Bank of Southern Utah,Cedar City,UT,944,NEVADA DISTRICT OFFICE,1,100000,50000,100000.0,50.0
"INTRUST Bank, National Association",Wichita,KS,610,DALLAS / FT WORTH DISTRICT OFFICE,1,100000,50000,100000.0,50.0
Shoreham Bank,Warwick,RI,912,SAN FRANCISCO DISTRICT OFFICE,1,100000,85000,100000.0,85.0
VISIONBank,Fargo,ND,508,MINNESOTA DISTRICT OFFICE,1,100000,50000,100000.0,50.0
HomeTrust Bank,Asheville,NC,390,WEST VIRGINIA DISTRICT OFFICE,1,100000,50000,100000.0,50.0
Security Bank Minnesota,Albert Lea,MN,508,MINNESOTA DISTRICT OFFICE,1,100000,50000,100000.0,50.0
First Bank,Clewiston,FL,455,SOUTH FLORIDA DISTRICT OFFICE,1,100000,50000,100000.0,50.0
Institution for Savings In Newburyport and its Vicinity,Newburyport,MA,101,MASSACHUSETTS DISTRICT OFFICE,1,99900,49950,99900.0,50.0
West Union Bank,West Union,WV,390,WEST VIRGINIA DISTRICT OFFICE,1,99800,49900,99800.0,50.0
"U.S. Bank, National Association",Cincinnati,OH,680,OKLAHOMA DISTRICT OFFICE,3,98000,49000,32666.67,50.0
First Command Bank,Fort Worth,TX,299,NEW JERSEY DISTRICT OFFICE,1,98000,83300,98000.0,85.0
The Bank of Brodhead,Brodhead,WI,563,WISCONSIN DISTRICT OFFICE,2,95000,47500,47500.0,50.0
Eclipse Bank Inc,Louisville,KY,474,TENNESSEE DISTRICT OFFICE,1,95000,80750,95000.0,85.0
Glenwood State Bank Incorporated,Glenwood,MN,508,MINNESOTA DISTRICT OFFICE,1,95000,80750,95000.0,85.0
Altra FCU,Onalaska,WI,508,MINNESOTA DISTRICT OFFICE,1,93600,79560,93600.0,85.0
Reliant Community FCU,Sodus,NY,296,BUFFALO DISTRICT OFFICE,1,90000,76500,90000.0,85.0
BankFirst Financial Services,Columbus,MS,669,ARKANSAS DISTRICT OFFICE,1,90000,76500,90000.0,85.0
"Planters Bank, Inc.",Hopkinsville,KY,457,KENTUCKY DISTRICT OFFICE,1,90000,76500,90000.0,85.0
The First National Bank of Ballinger,Ballinger,TX,678,LUBBOCK DISTRICT OFFICE,1,90000,76500,90000.0,85.0
Peoples Exchange Bank,Winchester,KY,457,KENTUCKY DISTRICT OFFICE,1,90000,76500,90000.0,85.0
Associated CU of Texas,League City,TX,671,HOUSTON DISTRICT OFFICE,1,88300,75055,88300.0,85.0
Umpqua Bank,Roseburg,OR,944,NEVADA DISTRICT OFFICE,3,87500,43750,29166.67,50.0
North Star Community CU,Maddock,ND,875,NORTH DAKOTA DISTRICT OFFICE,2,86100,73185,43050.0,85.0
Magnifi Financial CU,Melrose,MN,373,BALTIMORE DISTRICT OFFICE,1,86000,73100,86000.0,85.0
Home Federal Savings Bank,Rochester,MN,508,MINNESOTA DISTRICT OFFICE,1,85000,72250,85000.0,85.0
Capital Bank,Houston,TX,671,HOUSTON DISTRICT OFFICE,1,85000,72250,85000.0,85.0
Central Virginia FCU,Lynchburg,VA,304,RICHMOND DISTRICT OFFICE,2,85000,72250,42500.0,85.0
Foresight Bank,Plainview,MN,508,MINNESOTA DISTRICT OFFICE,1,85000,42500,85000.0,50.0
Peoples National Bank of Kewanee,Kewanee,IL,507,ILLINOIS DISTRICT OFFICE,1,85000,72250,85000.0,85.0
Arcata Economic Development Corporation,Eureka,CA,912,SAN FRANCISCO DISTRICT OFFICE,1,85000,72250,85000.0,85.0
"Northeast Entrepreneur Fund, Inc.",Duluth,MN,563,WISCONSIN DISTRICT OFFICE,1,81900,69615,81900.0,85.0
"PNC Bank, National Association",Wilmington,DE,912,SAN FRANCISCO DISTRICT OFFICE,3,80000,40000,26666.67,50.0
Manufacturers and Traders Trust Company,Buffalo,NY,165,RHODE ISLAND DISTRICT OFFICE,1,80000,40000,80000.0,50.0
North Central Massachusetts Development Corporation,Fitchburg,MA,101,MASSACHUSETTS DISTRICT OFFICE,2,80000,68000,40000.0,85.0
"SomerCor 504, Inc.",Chicago,IL,507,ILLINOIS DISTRICT OFFICE,1,80000,68000,80000.0,85.0
"Northwestern Bank, National Association",Dilworth,MN,875,NORTH DAKOTA DISTRICT OFFICE,1,80000,40000,80000.0,50.0
MidSouth Bank,Dothan,AL,459,ALABAMA DISTRICT OFFICE,1,80000,68000,80000.0,85.0
First Financial Bank,El Dorado,AR,373,BALTIMORE DISTRICT OFFICE,1,80000,68000,80000.0,85.0
Bank of Springfield,Springfield,IL,681,SAN ANTONIO DISTRICT OFFICE,1,80000,40000,80000.0,50.0
Umpqua Bank,Roseburg,OR,988,ARIZONA DISTRICT OFFICE,2,80000,40000,40000.0,50.0
Reliance State Bank,Story City,IA,761,DES MOINES DISTRICT OFFICE,1,80000,68000,80000.0,85.0
"Lendistry SBLC, LLC",Los Angeles,CA,358,PITTSBURGH DISTRICT OFFICE,1,77500,65875,77500.0,85.0
"Wells Fargo Bank, National Association",Sioux Falls,SD,875,NORTH DAKOTA DISTRICT OFFICE,4,77500,38750,19375.0,50.0
"U.S. Bank, National Association",Cincinnati,OH,639,LOWER RIO GRANDE VALLEY DISTRICT OFFICE,2,76000,38000,38000.0,50.0
The Tri-County Bank,Stuart,NE,766,NEBRASKA DISTRICT OFFICE,1,75800,37900,75800.0,50.0
The First National Bank in Sioux Falls,Sioux Falls,SD,508,MINNESOTA DISTRICT OFFICE,1,75000,63750,75000.0,85.0
BankNewport,Newport,RI,156,CONNECTICUT DISTRICT OFFICE,1,75000,37500,75000.0,50.0
Dundee Bank,Omaha,NE,766,NEBRASKA DISTRICT OFFICE,1,75000,37500,75000.0,50.0
Adelphi Bank,Columbus,OH,491,NORTH FLORIDA DISTRICT OFFICE,1,75000,63750,75000.0,85.0
Hanscom FCU,Hanscom Air Force Base,MA,942,FRESNO DISTRICT OFFICE,1,75000,37500,75000.0,50.0
Service FCU,Portsmouth,NH,101,MASSACHUSETTS DISTRICT OFFICE,1,75000,37500,75000.0,50.0
Manufacturers and Traders Trust Company,Buffalo,NY,460,NORTH CAROLINA DISTRICT OFFICE,2,75000,37500,37500.0,50.0
CDC Small Business Finance Corporation,San Diego,CA,296,BUFFALO DISTRICT OFFICE,1,75000,63750,75000.0,85.0
Superior National Bank,Hancock,MI,515,MICHIGAN DISTRICT OFFICE,1,75000,37500,75000.0,50.0
Riverland Bank,Jordan,MN,508,MINNESOTA DISTRICT OFFICE,1,75000,37500,75000.0,50.0
The Bank of Kaukauna,Kaukauna,WI,563,WISCONSIN DISTRICT OFFICE,1,75000,37500,75000.0,50.0
Equity Bank,Andover,KS,680,OKLAHOMA DISTRICT OFFICE,1,74700,63495,74700.0,85.0
Arize FCU,State College,PA,303,PHILADELPHIA DISTRICT OFFICE,1,74400,63240,74400.0,85.0
"Leader Bank, National Association",Arlington,MA,679,LOUISIANA DISTRICT OFFICE,1,70200,59670,70200.0,85.0
"PNC Bank, National Association",Wilmington,DE,931,SACRAMENTO DISTRICT OFFICE,2,70000,35000,35000.0,50.0
Dort Financial CU,Grand Blanc,MI,515,MICHIGAN DISTRICT OFFICE,1,68900,34450,68900.0,50.0
First National Bank,Alamogordo,NM,682,NEW MEXICO DISTRICT OFFICE,1,67900,33950,67900.0,50.0
Andover State Bank,Andover,KS,767,WICHITA DISTRICT OFFICE,1,67500,50625,67500.0,75.0
"Lendistry SBLC, LLC",Los Angeles,CA,470,MISSISSIPPI DISTRICT OFFICE,1,67200,57120,67200.0,85.0
"Welch State Bank of Welch, Okla.",Welch,OK,709,KANSAS CITY DISTRICT OFFICE,1,67100,33550,67100.0,50.0
Small Business Bank,Lenexa,KS,202,NEW YORK DISTRICT OFFICE,1,66000,56100,66000.0,85.0
First Command Bank,Fort Worth,TX,875,NORTH DAKOTA DISTRICT OFFICE,1,65000,55250,65000.0,85.0
KeyBank National Association,Cleveland,OH,150,VERMONT DISTRICT OFFICE,4,65000,32500,16250.0,50.0
Coastal FCU,Raleigh,NC,460,NORTH CAROLINA DISTRICT OFFICE,1,65000,32500,65000.0,50.0
Ideal CU,Woodbury,MN,508,MINNESOTA DISTRICT OFFICE,1,65000,55250,65000.0,85.0
Citizens Bank & Trust Company,Plaquemine,LA,610,DALLAS / FT WORTH DISTRICT OFFICE,1,63800,54230,63800.0,85.0
Sno Falls CU,North Bend,WA,1013,SEATTLE DISTRICT OFFICE,1,63300,53805,63300.0,85.0
City National Bank of Florida,Miami,FL,508,MINNESOTA DISTRICT OFFICE,1,63000,53550,63000.0,85.0
Valley First CU,Modesto,CA,931,SACRAMENTO DISTRICT OFFICE,1,62000,52700,62000.0,85.0
"Commercial Bank of Texas, N.A.",Nacogdoches,TX,671,HOUSTON DISTRICT OFFICE,1,61800,30900,61800.0,50.0
"Citibank, N.A.",Sioux Falls,SD,954,SAN DIEGO DISTRICT OFFICE,1,61000,30500,61000.0,50.0
"U.S. Bank, National Association",Cincinnati,OH,202,NEW YORK DISTRICT OFFICE,2,60000,30000,30000.0,50.0
Westfield Bank,Westfield,MA,101,MASSACHUSETTS DISTRICT OFFICE,1,60000,51000,60000.0,85.0
Essential Credit Union,Baton Rouge,LA,679,LOUISIANA DISTRICT OFFICE,2,60000,30000,30000.0,50.0
Community First Bank,Boscobel,WI,563,WISCONSIN DISTRICT OFFICE,1,60000,30000,60000.0,50.0
Intercity State Bank,Schofield,WI,563,WISCONSIN DISTRICT OFFICE,1,60000,51000,60000.0,85.0
"UMB Bank, National Association",Kansas City,MO,680,OKLAHOMA DISTRICT OFFICE,1,60000,30000,60000.0,50.0
Bruning Bank,Bruning,NE,766,NEBRASKA DISTRICT OFFICE,1,58000,29000,58000.0,50.0
"Traditional Bank, Inc.",Mount Sterling,KY,457,KENTUCKY DISTRICT OFFICE,1,57000,48450,57000.0,85.0
Rural Community Assistance Corporation,West Sacramento,CA,931,SACRAMENTO DISTRICT OFFICE,1,55000,46750,55000.0,85.0
The First Bank and Trust Company,Lebanon,VA,460,NORTH CAROLINA DISTRICT OFFICE,1,55000,46750,55000.0,85.0
The Hicksville Bank,Hicksville,OH,549,CLEVELAND DISTRICT OFFICE,1,55000,46750,55000.0,85.0
FNB Bank,Goodland,KS,767,WICHITA DISTRICT OFFICE,1,55000,27500,55000.0,50.0
Great American Bank,Lawrence,KS,709,KANSAS CITY DISTRICT OFFICE,1,55000,27500,55000.0,50.0
Sentinel FCU,Ellsworth Air Force Base,SD,876,SOUTH DAKOTA DISTRICT OFFICE,1,54000,45900,54000.0,85.0
Midwest Bank,Detroit Lakes,MN,508,MINNESOTA DISTRICT OFFICE,2,54000,27000,27000.0,50.0
Financial Plus CU,Flint,MI,515,MICHIGAN DISTRICT OFFICE,1,52300,44455,52300.0,85.0
"Northeast Entrepreneur Fund, Inc.",Duluth,MN,508,MINNESOTA DISTRICT OFFICE,1,52200,26100,52200.0,50.0
Meredith Village Savings Bank,Meredith,NH,172,MAINE DISTRICT OFFICE,1,51200,43520,51200.0,85.0
First Savings Bank,Jeffersonville,IN,669,ARKANSAS DISTRICT OFFICE,1,50000,42500,50000.0,85.0
CorTrust Bank National Association,Mitchell,SD,508,MINNESOTA DISTRICT OFFICE,1,50000,25000,50000.0,50.0
First Children's Finance,Minneapolis,MN,563,WISCONSIN DISTRICT OFFICE,1,50000,42500,50000.0,85.0
East West Bank,Pasadena,CA,507,ILLINOIS DISTRICT OFFICE,1,50000,25000,50000.0,50.0
Platinum Bank,Oakdale,MN,914,LOS ANGELES DISTRICT OFFICE,1,50000,25000,50000.0,50.0
"Wells Fargo Bank, National Association",Sioux Falls,SD,897,WYOMING DISTRICT OFFICE,4,50000,25000,12500.0,50.0
Cadence Bank,Tupelo,MS,897,WYOMING DISTRICT OFFICE,1,50000,42500,50000.0,85.0
Citizens Progressive Bank,Winnsboro,LA,679,LOUISIANA DISTRICT OFFICE,2,50000,41250,25000.0,82.5
"PNC Bank, National Association",Wilmington,DE,811,COLORADO DISTRICT OFFICE,2,50000,25000,25000.0,50.0
Webster Bank National Association,Waterbury,CT,303,PHILADELPHIA DISTRICT OFFICE,1,50000,25000,50000.0,50.0
Merrimack Valley CU,Lawrence,MA,189,NEW HAMPSHIRE DISTRICT OFFICE,1,50000,25000,50000.0,50.0
Cache Valley Bank,Logan,UT,405,GEORGIA DISTRICT OFFICE,1,50000,25000,50000.0,50.0
The Washington Trust Company of Westerly,Westerly,RI,165,RHODE ISLAND DISTRICT OFFICE,1,50000,25000,50000.0,50.0
First Resource Bank,Lino Lakes,MN,1013,SEATTLE DISTRICT OFFICE,1,50000,42500,50000.0,85.0
Liberty Bank and Trust Company,New Orleans,LA,507,ILLINOIS DISTRICT OFFICE,1,50000,25000,50000.0,50.0
Neighborhood National Bank,El Cajon,CA,1087,BOISE DISTRICT OFFICE,1,50000,42500,50000.0,85.0
Flagstar Bank National Association,Hicksville,NY,988,ARIZONA DISTRICT OFFICE,1,50000,25000,50000.0,50.0
"JPMorgan Chase Bank, National Association",Columbus,OH,875,NORTH DAKOTA DISTRICT OFFICE,1,50000,25000,50000.0,50.0
Stearns Bank National Association,Saint Cloud,MN,296,BUFFALO DISTRICT OFFICE,1,50000,42500,50000.0,85.0
First Command Bank,Fort Worth,TX,885,MONTANA DISTRICT OFFICE,1,50000,25000,50000.0,50.0
"U.S. Bank, National Association",Cincinnati,OH,679,LOUISIANA DISTRICT OFFICE,1,50000,25000,50000.0,50.0
"PNC Bank, National Association",Wilmington,DE,767,WICHITA DISTRICT OFFICE,1,50000,25000,50000.0,50.0
National Institutes of Health FCU,Rockville,MD,474,TENNESSEE DISTRICT OFFICE,1,50000,25000,50000.0,50.0
First Children's Finance,Minneapolis,MN,875,NORTH DAKOTA DISTRICT OFFICE,1,50000,42500,50000.0,85.0
Quaint Oak Bank,Southampton,PA,304,RICHMOND DISTRICT OFFICE,1,50000,25000,50000.0,50.0
"Leader Bank, National Association",Arlington,MA,156,CONNECTICUT DISTRICT OFFICE,1,50000,42500,50000.0,85.0
First Command Bank,Fort Worth,TX,455,SOUTH FLORIDA DISTRICT OFFICE,1,50000,42500,50000.0,85.0
Stearns Bank National Association,Saint Cloud,MN,593,COLUMBUS DISTRICT OFFICE,1,50000,42500,50000.0,85.0
BankGloucester,Gloucester,MA,101,MASSACHUSETTS DISTRICT OFFICE,1,50000,25000,50000.0,50.0
1st Security Bank of Washington,Mountlake Terrace,WA,1087,BOISE DISTRICT OFFICE,2,50000,25000,25000.0,50.0
"U.S. Bank, National Association",Cincinnati,OH,299,NEW JERSEY DISTRICT OFFICE,4,50000,25000,12500.0,50.0
CDC Small Business Finance Corporation,San Diego,CA,709,KANSAS CITY DISTRICT OFFICE,1,50000,42500,50000.0,85.0
"UMB Bank, National Association",Kansas City,MO,876,SOUTH DAKOTA DISTRICT OFFICE,1,50000,25000,50000.0,50.0
First Command Bank,Fort Worth,TX,460,NORTH CAROLINA DISTRICT OFFICE,1,50000,37500,50000.0,75.0
First Merchants Bank,Indianapolis,IN,549,CLEVELAND DISTRICT OFFICE,1,50000,25000,50000.0,50.0
West Central Development Corporation,Perrysburg,OH,515,MICHIGAN DISTRICT OFFICE,1,50000,42500,50000.0,85.0
D. L. Evans Bank,Burley,ID,883,UTAH DISTRICT OFFICE,1,50000,25000,50000.0,50.0
First Merchants Bank,Indianapolis,IN,507,ILLINOIS DISTRICT OFFICE,1,50000,25000,50000.0,50.0
Union Bank,Morrisville,VT,189,NEW HAMPSHIRE DISTRICT OFFICE,1,50000,25000,50000.0,50.0
Bank Rhode Island,Providence,RI,101,MASSACHUSETTS DISTRICT OFFICE,1,50000,25000,50000.0,50.0
Cy Fair FCU,Houston,TX,671,HOUSTON DISTRICT OFFICE,1,50000,42500,50000.0,85.0
ProGrowth Bank,Nicollet,MN,508,MINNESOTA DISTRICT OFFICE,1,50000,42500,50000.0,85.0
First National Bank,Fort Pierre,SD,811,COLORADO DISTRICT OFFICE,1,50000,42500,50000.0,85.0
The Bank of Clovis,Clovis,NM,610,DALLAS / FT WORTH DISTRICT OFFICE,1,50000,25000,50000.0,50.0
Community Capital Development Corporation,Dublin,OH,549,CLEVELAND DISTRICT OFFICE,1,50000,42500,50000.0,85.0
"U.S. Bank, National Association",Cincinnati,OH,296,BUFFALO DISTRICT OFFICE,1,48600,24300,48600.0,50.0
Stearns Bank National Association,Saint Cloud,MN,474,TENNESSEE DISTRICT OFFICE,2,47000,39950,23500.0,85.0
"JPMorgan Chase Bank, National Association",Columbus,OH,172,MAINE DISTRICT OFFICE,2,45000,22500,22500.0,50.0
First Command Bank,Fort Worth,TX,680,OKLAHOMA DISTRICT OFFICE,1,45000,38250,45000.0,85.0
Legacy Bank,Hinton,OK,680,OKLAHOMA DISTRICT OFFICE,2,45000,22500,22500.0,50.0
Sharon & Crescent United CU,Sharon,MA,101,MASSACHUSETTS DISTRICT OFFICE,1,44000,22000,44000.0,50.0
Pikes Peak National Bank,Colorado Springs,CO,811,COLORADO DISTRICT OFFICE,1,42300,35955,42300.0,85.0
First Federal Bank,Lake City,FL,405,GEORGIA DISTRICT OFFICE,1,42300,35955,42300.0,85.0
"U.S. Bank, National Association",Cincinnati,OH,248,SYRACUSE DISTRICT OFFICE,1,40000,20000,40000.0,50.0
The Citizens Bank of Edmond,Edmond,OK,680,OKLAHOMA DISTRICT OFFICE,1,40000,34000,40000.0,85.0
KeyBank National Association,Cleveland,OH,507,ILLINOIS DISTRICT OFFICE,1,40000,20000,40000.0,50.0
Eastern Bank,Boston,MA,165,RHODE ISLAND DISTRICT OFFICE,1,40000,20000,40000.0,50.0
"Cape & Islands Community Development, Inc.",Centerville,MA,101,MASSACHUSETTS DISTRICT OFFICE,1,40000,34000,40000.0,85.0
Mechanics Cooperative Bank,Taunton,MA,101,MASSACHUSETTS DISTRICT OFFICE,1,40000,34000,40000.0,85.0
Align CU,Lowell,MA,189,NEW HAMPSHIRE DISTRICT OFFICE,1,40000,20000,40000.0,50.0
"Hometown Bank of Corbin, Inc. d/b/a Hometown Bank",Corbin,KY,457,KENTUCKY DISTRICT OFFICE,1,38000,19000,38000.0,50.0
The Bank,Oberlin,KS,766,NEBRASKA DISTRICT OFFICE,2,37500,18750,18750.0,50.0
Gorham Savings Bank,Gorham,ME,189,NEW HAMPSHIRE DISTRICT OFFICE,1,35100,29835,35100.0,85.0
Regent Bank,Tulsa,OK,669,ARKANSAS DISTRICT OFFICE,1,35000,29750,35000.0,85.0
Capital CU,Bismarck,ND,508,MINNESOTA DISTRICT OFFICE,1,35000,17500,35000.0,50.0
CDC Small Business Finance Corporation,San Diego,CA,677,EL PASO DISTRICT OFFICE,1,35000,29750,35000.0,85.0
Old Second National Bank,Aurora,IL,563,WISCONSIN DISTRICT OFFICE,1,32000,16000,32000.0,50.0
"FNB Bank, Inc.",Romney,WV,304,RICHMOND DISTRICT OFFICE,1,31800,15900,31800.0,50.0
SouthernTrust Bank,Goreville,IL,768,ST. LOUIS DISTRICT OFFICE,1,30300,15150,30300.0,50.0
Community Bank and Trust,Neosho,MO,709,KANSAS CITY DISTRICT OFFICE,1,30200,15100,30200.0,50.0
CDC Small Business Finance Corporation,San Diego,CA,507,ILLINOIS DISTRICT OFFICE,1,30000,25500,30000.0,85.0
"Wells Fargo Bank, National Association",Sioux Falls,SD,562,INDIANA DISTRICT OFFICE,2,30000,15000,15000.0,50.0
Community West Bank,Fresno,CA,931,SACRAMENTO DISTRICT OFFICE,1,30000,25500,30000.0,85.0
"Wells Fargo Bank, National Association",Sioux Falls,SD,189,NEW HAMPSHIRE DISTRICT OFFICE,1,30000,15000,30000.0,50.0
Umpqua Bank,Roseburg,OR,920,SANTA ANA DISTRICT OFFICE,1,30000,15000,30000.0,50.0
"PNC Bank, National Association",Wilmington,DE,470,MISSISSIPPI DISTRICT OFFICE,1,30000,15000,30000.0,50.0
Mid Minnesota FCU,Baxter,MN,508,MINNESOTA DISTRICT OFFICE,2,30000,15000,15000.0,50.0
Union State Bank of Hazen,Hazen,ND,875,NORTH DAKOTA DISTRICT OFFICE,1,30000,15000,30000.0,50.0
First State Bank and Trust Company Inc,Caruthersville,MO,768,ST. LOUIS DISTRICT OFFICE,1,30000,25500,30000.0,85.0
CDC Small Business Finance Corporation,San Diego,CA,248,SYRACUSE DISTRICT OFFICE,2,27000,22950,13500.0,85.0
"U.S. Bank, National Association",Cincinnati,OH,165,RHODE ISLAND DISTRICT OFFICE,2,26600,13300,13300.0,50.0
UniBank for Savings,Whitinsville,MA,156,CONNECTICUT DISTRICT OFFICE,1,26000,13000,26000.0,50.0
"South Central Kansas Economic Development District, Inc.",Bel Aire,KS,709,KANSAS CITY DISTRICT OFFICE,1,25500,21675,25500.0,85.0
SAFE CU,Folsom,CA,931,SACRAMENTO DISTRICT OFFICE,1,25000,12500,25000.0,50.0
"Wells Fargo Bank, National Association",Sioux Falls,SD,358,PITTSBURGH DISTRICT OFFICE,1,25000,12500,25000.0,50.0
"Triad Bank, National Association",Tulsa,OK,610,DALLAS / FT WORTH DISTRICT OFFICE,1,25000,12500,25000.0,50.0
Midland States Bank,Effingham,IL,562,INDIANA DISTRICT OFFICE,1,25000,12500,25000.0,50.0
"BOKF, National Association",Tulsa,OK,709,KANSAS CITY DISTRICT OFFICE,1,25000,12500,25000.0,50.0
Mountain America FCU,Sandy,UT,914,LOS ANGELES DISTRICT OFFICE,1,25000,12500,25000.0,50.0
Stearns Bank National Association,Saint Cloud,MN,341,DELAWARE DISTRICT OFFICE,1,25000,21250,25000.0,85.0
"U.S. Bank, National Association",Cincinnati,OH,156,CONNECTICUT DISTRICT OFFICE,1,24500,12250,24500.0,50.0
"PNC Bank, National Association",Wilmington,DE,942,FRESNO DISTRICT OFFICE,1,20000,10000,20000.0,50.0
Sound CU,Tacoma,WA,1086,PORTLAND DISTRICT OFFICE,1,20000,10000,20000.0,50.0
"JPMorgan Chase Bank, National Association",Columbus,OH,885,MONTANA DISTRICT OFFICE,1,20000,10000,20000.0,50.0
Stearns Bank National Association,Saint Cloud,MN,709,KANSAS CITY DISTRICT OFFICE,1,20000,17000,20000.0,85.0
The First National Bank of Fort Smith,Fort Smith,AR,669,ARKANSAS DISTRICT OFFICE,1,20000,10000,20000.0,50.0
"PNC Bank, National Association",Wilmington,DE,954,SAN DIEGO DISTRICT OFFICE,1,20000,10000,20000.0,50.0
"TD Bank, National Association",Wilmington,DE,296,BUFFALO DISTRICT OFFICE,1,20000,10000,20000.0,50.0
"PNC Bank, National Association",Wilmington,DE,474,TENNESSEE DISTRICT OFFICE,1,20000,10000,20000.0,50.0
State Bank of Lake Park,Lake Park,MN,508,MINNESOTA DISTRICT OFFICE,1,20000,10000,20000.0,50.0
Chemung Canal Trust Company,Elmira,NY,303,PHILADELPHIA DISTRICT OFFICE,1,15000,7500,15000.0,50.0
Sherburne State Bank,Becker,MN,508,MINNESOTA DISTRICT OFFICE,1,15000,7500,15000.0,50.0
Viking Bank National Association,Alexandria,MN,508,MINNESOTA DISTRICT OFFICE,1,10700,5350,10700.0,50.0
"Citibank, N.A.",Sioux Falls,SD,156,CONNECTICUT DISTRICT OFFICE,1,8000,4000,8000.0,50.0
East West Bank,Pasadena,CA,954,SAN DIEGO DISTRICT OFFICE,1,5000,2500,5000.0,50.0
