lender_key,geography_key,date_key,reporting_period,approved_loan_count,approved_dollars,guaranty_dollars
905,146,20240930,2024-09-30,172,100387500,75542950.0
905,293,20240930,2024-09-30,121,70991100,53285575.0
1295,1523,20240930,2024-09-30,336,61237000,41934850.0
742,146,20240930,2024-09-30,213,60217600,36242300.0
1295,541,20240930,2024-09-30,379,55120700,38592350.0
905,1467,20240930,2024-09-30,64,54284300,40284975.0
109,146,20240930,2024-09-30,93,53516300,35364675.0
1424,2006,20240930,2024-09-30,30,52682100,39486275.0
1065,146,20240930,2024-09-30,198,51908700,39432025.0
285,146,20240930,2024-09-30,32,48723500,36417625.0
197,541,20240930,2024-09-30,40,45837300,34192975.0
905,164,20240930,2024-09-30,65,44133000,33089250.0
905,157,20240930,2024-09-30,82,43797000,33024900.0
671,146,20240930,2024-09-30,31,43567300,32675475.0
1362,146,20240930,2024-09-30,181,42683000,30019800.0
795,146,20240930,2024-09-30,31,42329000,30906750.0
905,2006,20240930,2024-09-30,66,40897500,30729375.0
905,261,20240930,2024-09-30,78,40598000,30442800.0
1295,1516,20240930,2024-09-30,265,40422900,28380430.0
873,2118,20240930,2024-09-30,82,39832500,29236845.0
860,541,20240930,2024-09-30,15,39395000,29546250.0
1435,146,20240930,2024-09-30,124,38471800,28341350.0
905,122,20240930,2024-09-30,74,37182000,27943750.0
795,1977,20240930,2024-09-30,30,36942000,25384000.0
982,300,20240930,2024-09-30,16,36909000,26356690.0
905,1424,20240930,2024-09-30,49,36360000,27330000.0
1295,961,20240930,2024-09-30,214,36086200,25141180.0
1362,164,20240930,2024-09-30,117,35875400,25459640.0
1219,1460,20240930,2024-09-30,256,35634600,19717300.0
1219,293,20240930,2024-09-30,245,34997600,22421300.0
795,2006,20240930,2024-09-30,26,33492300,24921525.0
795,157,20240930,2024-09-30,19,32104000,23310400.0
905,541,20240930,2024-09-30,58,31202400,23312550.0
784,146,20240930,2024-09-30,193,31161900,24977965.0
1295,978,20240930,2024-09-30,199,30773200,21744480.0
963,146,20240930,2024-09-30,26,30038800,20229100.0
1295,1529,20240930,2024-09-30,120,29942600,21313990.0
109,293,20240930,2024-09-30,77,29820400,18148900.0
905,355,20240930,2024-09-30,48,29783500,22396125.0
163,146,20240930,2024-09-30,164,29757300,24425355.0
403,146,20240930,2024-09-30,42,29550500,22954125.0
1173,146,20240930,2024-09-30,14,29190000,21892500.0
905,1460,20240930,2024-09-30,40,29181000,21868750.0
1030,1004,20240930,2024-09-30,26,29131900,21720175.0
1295,1672,20240930,2024-09-30,153,28843700,20368845.0
865,146,20240930,2024-09-30,18,28819600,21311634.0
1065,1460,20240930,2024-09-30,73,28326000,21229500.0
795,122,20240930,2024-09-30,25,28121500,20866125.0
1362,2258,20240930,2024-09-30,60,27724400,20325725.0
905,298,20240930,2024-09-30,55,27698000,20770500.0
905,280,20240930,2024-09-30,40,27595000,20767500.0
121,157,20240930,2024-09-30,32,27589500,20417375.0
857,122,20240930,2024-09-30,18,27136000,20352000.0
121,2258,20240930,2024-09-30,12,26473700,19973025.0
1065,2258,20240930,2024-09-30,26,25978500,19478225.0
849,122,20240930,2024-09-30,14,25824500,19368375.0
522,261,20240930,2024-09-30,12,25560000,18859500.0
1295,942,20240930,2024-09-30,175,25191900,16751895.0
1409,146,20240930,2024-09-30,22,25019000,19973150.0
242,2125,20240930,2024-09-30,41,24946700,18037505.0
795,298,20240930,2024-09-30,11,24665000,16481310.0
1362,160,20240930,2024-09-30,107,24340500,17271750.0
742,157,20240930,2024-09-30,71,23748700,14637775.0
1295,640,20240930,2024-09-30,130,23563200,16683500.0
522,293,20240930,2024-09-30,10,23101000,18290600.0
121,146,20240930,2024-09-30,77,22946000,15487000.0
795,188,20240930,2024-09-30,18,22755000,16899750.0
945,1081,20240930,2024-09-30,29,22723200,17557890.0
795,164,20240930,2024-09-30,18,22350000,16485000.0
951,541,20240930,2024-09-30,16,21970400,16115300.0
795,541,20240930,2024-09-30,15,21917000,16275250.0
795,300,20240930,2024-09-30,15,21740000,15381250.0
1295,1573,20240930,2024-09-30,151,21605000,14913185.0
742,1467,20240930,2024-09-30,81,21416600,11957275.0
1065,157,20240930,2024-09-30,69,20879800,15857600.0
795,1968,20240930,2024-09-30,9,20857000,14338500.0
1362,1004,20240930,2024-09-30,94,20780700,12706720.0
905,300,20240930,2024-09-30,49,20640000,15412550.0
1198,761,20240930,2024-09-30,24,20469600,14901175.0
1065,2006,20240930,2024-09-30,52,20402900,15447915.0
1362,157,20240930,2024-09-30,121,20358200,14035450.0
618,1274,20240930,2024-09-30,5,20248500,15186375.0
328,2118,20240930,2024-09-30,15,20095000,14750000.0
1435,122,20240930,2024-09-30,67,20024500,14752125.0
109,261,20240930,2024-09-30,48,20007500,12135525.0
1065,293,20240930,2024-09-30,111,19923200,15326700.0
36,1424,20240930,2024-09-30,22,19634800,14726100.0
951,1004,20240930,2024-09-30,15,19575600,14106700.0
905,2258,20240930,2024-09-30,23,19508000,14574000.0
1219,1719,20240930,2024-09-30,85,19298000,12894700.0
1065,261,20240930,2024-09-30,72,19206400,14584000.0
309,978,20240930,2024-09-30,20,19182300,13472975.0
109,2006,20240930,2024-09-30,37,19054700,12852675.0
1295,1977,20240930,2024-09-30,33,19012100,14006575.0
905,1466,20240930,2024-09-30,28,18994000,14225750.0
902,1477,20240930,2024-09-30,7,18990000,14242500.0
838,361,20240930,2024-09-30,8,18915000,14196250.0
479,2006,20240930,2024-09-30,27,18873400,14197100.0
97,1796,20240930,2024-09-30,80,18795000,11989950.0
109,157,20240930,2024-09-30,37,18754000,11920800.0
742,122,20240930,2024-09-30,65,18731000,11320000.0
1196,2006,20240930,2024-09-30,11,18715500,14036625.0
1295,1968,20240930,2024-09-30,40,18700000,13788750.0
905,163,20240930,2024-09-30,29,18648000,13936500.0
717,492,20240930,2024-09-30,30,18604300,13502475.0
1295,2006,20240930,2024-09-30,70,18574000,13553000.0
170,2006,20240930,2024-09-30,8,18477000,13657750.0
197,564,20240930,2024-09-30,13,18375000,13593750.0
1295,122,20240930,2024-09-30,58,18359100,13460575.0
1295,545,20240930,2024-09-30,99,18237100,13152305.0
1366,146,20240930,2024-09-30,13,18184000,13638000.0
905,1977,20240930,2024-09-30,40,18090000,13622000.0
1219,1488,20240930,2024-09-30,145,18074500,10882500.0
905,1948,20240930,2024-09-30,30,17970000,13541000.0
742,293,20240930,2024-09-30,89,17924000,8962000.0
491,1672,20240930,2024-09-30,25,17887200,13471900.0
309,2006,20240930,2024-09-30,24,17875300,12537975.0
1065,2272,20240930,2024-09-30,18,17793500,13384475.0
742,541,20240930,2024-09-30,79,17552400,9786375.0
795,1274,20240930,2024-09-30,15,17514000,12798000.0
742,2006,20240930,2024-09-30,72,17442800,10684700.0
905,183,20240930,2024-09-30,25,17413000,13057250.0
795,261,20240930,2024-09-30,16,17345000,12452750.0
1466,1424,20240930,2024-09-30,46,17218700,12372530.0
795,1672,20240930,2024-09-30,11,17026500,12394875.0
1435,157,20240930,2024-09-30,47,16969000,12573000.0
209,146,20240930,2024-09-30,50,16831000,12693750.0
905,130,20240930,2024-09-30,16,16775000,12480000.0
1295,949,20240930,2024-09-30,161,16617200,10760100.0
610,130,20240930,2024-09-30,7,16580000,12435000.0
905,1719,20240930,2024-09-30,17,16512000,12415750.0
1427,2258,20240930,2024-09-30,33,16350400,10889425.0
795,882,20240930,2024-09-30,7,16329600,11084150.0
905,2083,20240930,2024-09-30,27,16290000,12255000.0
742,1460,20240930,2024-09-30,80,16279600,8861450.0
463,1472,20240930,2024-09-30,17,16206000,13219500.0
1362,163,20240930,2024-09-30,86,16182600,11487850.0
463,1480,20240930,2024-09-30,19,16165000,12886500.0
945,1086,20240930,2024-09-30,9,16162000,11841230.0
522,146,20240930,2024-09-30,10,16013000,11972250.0
754,2258,20240930,2024-09-30,49,15791400,11113800.0
197,978,20240930,2024-09-30,6,15710000,11757500.0
522,2079,20240930,2024-09-30,13,15703000,11633500.0
618,2006,20240930,2024-09-30,4,15679600,11759700.0
580,2118,20240930,2024-09-30,17,15582800,11828100.0
795,1523,20240930,2024-09-30,6,15492000,10798500.0
170,866,20240930,2024-09-30,6,15425000,13031250.0
919,146,20240930,2024-09-30,111,15200900,12084215.0
905,1488,20240930,2024-09-30,24,15118600,11432700.0
795,135,20240930,2024-09-30,11,15060000,11240000.0
197,1977,20240930,2024-09-30,10,15020000,11215000.0
795,170,20240930,2024-09-30,12,15005000,11191250.0
1462,157,20240930,2024-09-30,3,15000000,11250000.0
931,2258,20240930,2024-09-30,8,14999000,11211750.0
671,163,20240930,2024-09-30,16,14975400,11231550.0
795,302,20240930,2024-09-30,9,14965000,11036250.0
742,1477,20240930,2024-09-30,64,14954700,8627900.0
210,164,20240930,2024-09-30,16,14917900,11188425.0
1435,1424,20240930,2024-09-30,57,14841500,10907375.0
1295,146,20240930,2024-09-30,56,14831500,10712375.0
1466,2118,20240930,2024-09-30,63,14807300,11038365.0
1065,1480,20240930,2024-09-30,36,14763000,11094050.0
905,1388,20240930,2024-09-30,17,14752000,10938250.0
671,160,20240930,2024-09-30,14,14732600,11049450.0
795,2118,20240930,2024-09-30,8,14723000,9654750.0
951,2341,20240930,2024-09-30,19,14632200,10545400.0
795,235,20240930,2024-09-30,7,14627000,10970250.0
1295,1004,20240930,2024-09-30,80,14613600,10059105.0
974,146,20240930,2024-09-30,18,14610000,10891200.0
905,203,20240930,2024-09-30,22,14544000,10840750.0
163,293,20240930,2024-09-30,91,14543300,12153305.0
830,541,20240930,2024-09-30,10,14428500,10658875.0
210,146,20240930,2024-09-30,13,14416600,10812450.0
1219,261,20240930,2024-09-30,108,14398500,8024875.0
1362,130,20240930,2024-09-30,48,14369800,10131600.0
630,2258,20240930,2024-09-30,17,14311900,10711425.0
1269,1300,20240930,2024-09-30,8,14261000,10695750.0
34,293,20240930,2024-09-30,5,14258200,10693566.9
671,157,20240930,2024-09-30,10,14219300,10664475.0
510,846,20240930,2024-09-30,4,14197000,10647750.0
522,1977,20240930,2024-09-30,8,14185000,10588750.0
742,1488,20240930,2024-09-30,50,14156200,8505700.0
905,961,20240930,2024-09-30,23,14138000,10584850.0
405,861,20240930,2024-09-30,92,14038600,8809355.0
618,355,20240930,2024-09-30,3,14018000,10513500.0
38,842,20240930,2024-09-30,21,13939800,10142975.0
163,300,20240930,2024-09-30,42,13877400,10863780.0
285,157,20240930,2024-09-30,10,13856600,10392450.0
717,503,20240930,2024-09-30,10,13844600,10183450.0
436,138,20240930,2024-09-30,15,13798000,10098500.0
795,163,20240930,2024-09-30,9,13793000,10094750.0
1462,146,20240930,2024-09-30,10,13780000,10350000.0
1362,122,20240930,2024-09-30,66,13645700,9663500.0
522,164,20240930,2024-09-30,8,13630000,10197500.0
1065,188,20240930,2024-09-30,18,13623000,10262700.0
905,2079,20240930,2024-09-30,20,13605000,10212250.0
328,2125,20240930,2024-09-30,8,13596600,9852500.0
96,1619,20240930,2024-09-30,30,13489600,9962950.0
462,978,20240930,2024-09-30,9,13487500,10002625.0
795,1488,20240930,2024-09-30,10,13479500,9869625.0
1219,1480,20240930,2024-09-30,94,13434900,7065700.0
795,308,20240930,2024-09-30,7,13416000,9837000.0
795,2258,20240930,2024-09-30,14,13413400,9866300.0
618,640,20240930,2024-09-30,3,13405000,10053750.0
1362,541,20240930,2024-09-30,88,13400500,9323420.0
784,157,20240930,2024-09-30,66,13389300,10544365.0
545,1634,20240930,2024-09-30,8,13225000,9933750.0
479,280,20240930,2024-09-30,9,13137000,9855250.0
905,949,20240930,2024-09-30,12,13115000,9838750.0
1295,211,20240930,2024-09-30,26,13095200,9640030.0
613,2006,20240930,2024-09-30,20,13085000,9578750.0
742,1977,20240930,2024-09-30,35,13066300,8844575.0
905,170,20240930,2024-09-30,30,13065000,9848750.0
1226,2006,20240930,2024-09-30,9,13054500,9665875.0
109,164,20240930,2024-09-30,26,13050300,8792700.0
1026,2006,20240930,2024-09-30,6,13039900,10543425.0
795,177,20240930,2024-09-30,4,13014000,9760500.0
742,164,20240930,2024-09-30,55,12998500,7616250.0
905,1378,20240930,2024-09-30,16,12975000,9653250.0
316,146,20240930,2024-09-30,17,12973000,9754450.0
420,146,20240930,2024-09-30,9,12903900,9677925.0
754,1516,20240930,2024-09-30,27,12859600,8868950.0
665,146,20240930,2024-09-30,13,12804500,9284375.0
947,293,20240930,2024-09-30,8,12804000,10016610.0
235,122,20240930,2024-09-30,25,12796400,9788790.0
795,1424,20240930,2024-09-30,10,12739500,9529625.0
109,541,20240930,2024-09-30,20,12715200,8582650.0
795,293,20240930,2024-09-30,11,12715000,9073750.0
628,320,20240930,2024-09-30,4,12710000,9532500.0
1244,1121,20240930,2024-09-30,13,12664000,9498000.0
1219,1378,20240930,2024-09-30,105,12620200,7019600.0
197,545,20240930,2024-09-30,10,12610000,9357500.0
1321,961,20240930,2024-09-30,13,12593100,9319825.0
436,146,20240930,2024-09-30,7,12568500,8641610.4
109,122,20240930,2024-09-30,25,12453200,8566975.0
163,302,20240930,2024-09-30,29,12443100,9530645.0
522,541,20240930,2024-09-30,6,12409000,9269250.0
1424,146,20240930,2024-09-30,14,12408500,9326375.0
1065,2275,20240930,2024-09-30,9,12393000,9319100.0
1219,1391,20240930,2024-09-30,94,12388900,7115700.0
1295,1572,20240930,2024-09-30,86,12343300,8162720.0
834,1685,20240930,2024-09-30,11,12300000,9100000.0
1295,1511,20240930,2024-09-30,39,12290600,8728590.0
109,300,20240930,2024-09-30,24,12270400,7514700.0
522,300,20240930,2024-09-30,12,12233500,9006375.0
1291,1350,20240930,2024-09-30,10,12216200,9173125.0
1362,170,20240930,2024-09-30,40,12170800,8781625.0
618,1300,20240930,2024-09-30,3,12074000,9055500.0
1222,1523,20240930,2024-09-30,59,12054800,8795870.0
1065,298,20240930,2024-09-30,57,12033700,9194025.0
657,146,20240930,2024-09-30,6,12031500,9386625.0
1295,1549,20240930,2024-09-30,69,12007000,8597300.0
873,122,20240930,2024-09-30,23,11996400,8911050.0
1462,1719,20240930,2024-09-30,12,11995000,8896250.0
905,161,20240930,2024-09-30,22,11993000,8994750.0
1435,2258,20240930,2024-09-30,19,11982700,8379385.0
1217,1977,20240930,2024-09-30,9,11945600,8959200.0
671,164,20240930,2024-09-30,9,11942500,8956875.0
795,2097,20240930,2024-09-30,6,11920000,8015000.0
795,203,20240930,2024-09-30,6,11915000,8811250.0
393,1300,20240930,2024-09-30,11,11873400,8830050.0
1295,1545,20240930,2024-09-30,87,11831600,8751330.0
1409,2006,20240930,2024-09-30,5,11824000,9699600.0
982,261,20240930,2024-09-30,4,11801000,8850750.0
795,130,20240930,2024-09-30,14,11798000,8698500.0
1219,1466,20240930,2024-09-30,101,11788500,7077500.0
905,1968,20240930,2024-09-30,27,11775000,8818750.0
98,293,20240930,2024-09-30,4,11750000,9375000.0
865,164,20240930,2024-09-30,7,11738500,8678875.0
618,1257,20240930,2024-09-30,3,11731000,8798250.0
1126,1977,20240930,2024-09-30,10,11702000,8657750.0
1295,2079,20240930,2024-09-30,45,11697100,8529575.0
163,1460,20240930,2024-09-30,88,11653300,9875305.0
109,1424,20240930,2024-09-30,19,11639800,8067075.0
795,18,20240930,2024-09-30,7,11620000,8377500.0
1219,300,20240930,2024-09-30,100,11599900,6927200.0
1295,203,20240930,2024-09-30,41,11577500,8503675.0
1065,1467,20240930,2024-09-30,40,11552500,8724075.0
1072,2006,20240930,2024-09-30,7,11518300,8583725.0
818,869,20240930,2024-09-30,70,11513600,7121000.0
1295,1554,20240930,2024-09-30,66,11496300,7883650.0
754,1554,20240930,2024-09-30,7,11492500,8484375.0
742,160,20240930,2024-09-30,35,11491500,7148625.0
905,335,20240930,2024-09-30,21,11475000,8641250.0
1454,1714,20240930,2024-09-30,11,11450900,8525675.0
795,168,20240930,2024-09-30,8,11404000,8388250.0
1207,161,20240930,2024-09-30,3,11375000,9281250.0
905,165,20240930,2024-09-30,13,11355000,8559250.0
1021,1926,20240930,2024-09-30,12,11278000,8383500.0
1072,2079,20240930,2024-09-30,6,11266100,9440540.0
36,2118,20240930,2024-09-30,12,11245000,8443600.0
97,1748,20240930,2024-09-30,23,11158600,7814300.0
1065,164,20240930,2024-09-30,47,11139000,8490410.0
1219,252,20240930,2024-09-30,22,11122000,8042750.0
1363,293,20240930,2024-09-30,7,11110000,8332500.0
795,1619,20240930,2024-09-30,6,11105000,8266250.0
580,2125,20240930,2024-09-30,7,11080300,8355225.0
1407,293,20240930,2024-09-30,5,11033500,8275125.0
795,1981,20240930,2024-09-30,10,11015000,6592250.0
1435,2006,20240930,2024-09-30,46,11010300,8116475.0
38,823,20240930,2024-09-30,6,10994400,8170800.0
1065,1488,20240930,2024-09-30,30,10983300,8292675.0
1219,1496,20240930,2024-09-30,44,10979000,7534000.0
733,122,20240930,2024-09-30,8,10972300,8011461.86
109,2258,20240930,2024-09-30,20,10954500,7207875.0
36,125,20240930,2024-09-30,8,10923400,8201800.0
905,254,20240930,2024-09-30,6,10910000,8182500.0
1217,2079,20240930,2024-09-30,7,10897600,8173200.0
795,1935,20240930,2024-09-30,3,10880000,8160000.0
479,146,20240930,2024-09-30,21,10877500,8112225.0
742,1466,20240930,2024-09-30,39,10872300,6377225.0
1093,863,20240930,2024-09-30,22,10850200,7410950.0
795,861,20240930,2024-09-30,8,10790000,7986250.0
192,545,20240930,2024-09-30,5,10720000,7915000.0
905,168,20240930,2024-09-30,14,10720000,7993750.0
1295,968,20240930,2024-09-30,70,10697600,7076740.0
1219,1472,20240930,2024-09-30,54,10655300,5992650.0
795,1992,20240930,2024-09-30,5,10632000,7974000.0
905,1714,20240930,2024-09-30,10,10599000,7916750.0
1077,1935,20240930,2024-09-30,4,10582800,7851600.0
1065,1466,20240930,2024-09-30,25,10576000,7973100.0
309,949,20240930,2024-09-30,17,10535000,6983750.0
197,2258,20240930,2024-09-30,4,10523000,7867250.0
384,280,20240930,2024-09-30,11,10519800,7852350.0
1219,857,20240930,2024-09-30,55,10509400,6737200.0
522,1948,20240930,2024-09-30,6,10473000,7667250.0
905,1385,20240930,2024-09-30,18,10455000,7846250.0
857,2006,20240930,2024-09-30,5,10418000,8488500.0
742,163,20240930,2024-09-30,24,10376400,6526050.0
1435,164,20240930,2024-09-30,55,10360100,7553825.0
951,640,20240930,2024-09-30,7,10356600,7686200.0
905,199,20240930,2024-09-30,12,10321000,7710750.0
818,882,20240930,2024-09-30,47,10320200,7104900.0
1386,261,20240930,2024-09-30,6,10315000,7573750.0
795,233,20240930,2024-09-30,5,10310000,6504500.0
36,122,20240930,2024-09-30,9,10293200,7719900.0
1295,188,20240930,2024-09-30,49,10272400,7425180.0
1219,1477,20240930,2024-09-30,146,10241100,5120550.0
1295,298,20240930,2024-09-30,24,10238100,7432425.0
795,1693,20240930,2024-09-30,6,10235000,7426250.0
286,293,20240930,2024-09-30,15,10190500,7629875.0
1065,122,20240930,2024-09-30,47,10187500,7828025.0
235,160,20240930,2024-09-30,15,10170900,7771175.0
905,1477,20240930,2024-09-30,30,10152000,7558000.0
1362,161,20240930,2024-09-30,41,10150400,5293700.0
479,1467,20240930,2024-09-30,4,10150000,7527500.0
1435,170,20240930,2024-09-30,18,10146500,7539875.0
310,1121,20240930,2024-09-30,7,10116000,7512920.0
1362,2272,20240930,2024-09-30,19,10104800,7419525.0
742,261,20240930,2024-09-30,49,10094700,5438425.0
1295,1519,20240930,2024-09-30,68,10061800,6628850.0
167,122,20240930,2024-09-30,15,10049100,6893075.0
1431,235,20240930,2024-09-30,27,10036200,6363650.0
905,1693,20240930,2024-09-30,12,10035000,7484250.0
1065,541,20240930,2024-09-30,53,10033000,7662600.0
109,298,20240930,2024-09-30,16,10007500,6663500.0
1407,280,20240930,2024-09-30,11,10003000,7502250.0
860,564,20240930,2024-09-30,2,10000000,7500000.0
1142,361,20240930,2024-09-30,2,10000000,7500000.0
121,709,20240930,2024-09-30,2,10000000,7500000.0
666,1466,20240930,2024-09-30,11,10000000,7527500.0
618,2228,20240930,2024-09-30,2,10000000,7500000.0
264,1977,20240930,2024-09-30,7,9977200,7417853.76
1021,1274,20240930,2024-09-30,7,9956000,7360750.0
1373,1349,20240930,2024-09-30,30,9936400,7205985.0
522,122,20240930,2024-09-30,5,9925000,7406250.0
905,252,20240930,2024-09-30,15,9920000,7387500.0
1362,2268,20240930,2024-09-30,27,9914000,7284550.0
1362,165,20240930,2024-09-30,17,9903900,7303775.0
1065,1472,20240930,2024-09-30,27,9880000,7433350.0
109,163,20240930,2024-09-30,19,9870100,6251325.0
235,164,20240930,2024-09-30,19,9867600,7565200.0
795,477,20240930,2024-09-30,3,9850000,7262500.0
1362,1516,20240930,2024-09-30,34,9833000,7086875.0
795,2079,20240930,2024-09-30,8,9820000,7340000.0
905,2125,20240930,2024-09-30,14,9810000,7402500.0
1466,2006,20240930,2024-09-30,44,9800200,7173110.0
905,2315,20240930,2024-09-30,7,9800000,7365000.0
905,268,20240930,2024-09-30,21,9797000,7377750.0
235,146,20240930,2024-09-30,44,9772400,7804040.0
1368,146,20240930,2024-09-30,7,9751700,7263775.0
857,293,20240930,2024-09-30,6,9733000,7483050.0
1295,564,20240930,2024-09-30,42,9725000,6703250.0
618,541,20240930,2024-09-30,3,9703000,7277250.0
795,353,20240930,2024-09-30,4,9700000,7050000.0
522,5,20240930,2024-09-30,4,9700000,7200000.0
656,826,20240930,2024-09-30,7,9697300,8022975.0
121,355,20240930,2024-09-30,6,9681000,7260750.0
1409,2079,20240930,2024-09-30,4,9657000,7242750.0
795,158,20240930,2024-09-30,4,9650000,7252500.0
587,1714,20240930,2024-09-30,7,9646000,7134500.0
818,1451,20240930,2024-09-30,87,9624400,6585250.0
1295,355,20240930,2024-09-30,25,9608000,7019750.0
1435,161,20240930,2024-09-30,29,9602200,7107900.0
522,978,20240930,2024-09-30,11,9592000,7194000.0
1295,623,20240930,2024-09-30,51,9571300,6735545.0
1219,1388,20240930,2024-09-30,66,9565500,5495500.0
163,2006,20240930,2024-09-30,59,9562300,7886345.0
795,268,20240930,2024-09-30,6,9550000,7037500.0
905,265,20240930,2024-09-30,20,9540000,7021250.0
235,143,20240930,2024-09-30,5,9508000,7141000.0
1368,2258,20240930,2024-09-30,74,9490500,6208700.0
795,1300,20240930,2024-09-30,17,9453200,7018650.0
1183,122,20240930,2024-09-30,6,9439000,7079250.0
1004,1619,20240930,2024-09-30,3,9399500,7049625.0
795,1460,20240930,2024-09-30,8,9395000,6671250.0
1219,1679,20240930,2024-09-30,54,9378000,5846400.0
951,2331,20240930,2024-09-30,5,9376300,6782225.0
236,541,20240930,2024-09-30,7,9353900,6979825.0
1065,160,20240930,2024-09-30,31,9323000,7139600.0
1431,247,20240930,2024-09-30,23,9321400,6190050.0
1466,146,20240930,2024-09-30,21,9300300,6867225.0
1362,697,20240930,2024-09-30,20,9288900,6798075.0
951,997,20240930,2024-09-30,4,9272500,6854375.0
522,640,20240930,2024-09-30,8,9272000,6679000.0
1065,1424,20240930,2024-09-30,37,9268800,7069600.0
463,1460,20240930,2024-09-30,16,9257000,7265250.0
838,353,20240930,2024-09-30,2,9240000,6930000.0
38,831,20240930,2024-09-30,5,9235000,6918750.0
522,2006,20240930,2024-09-30,7,9230700,6810525.0
905,1274,20240930,2024-09-30,11,9225000,6961250.0
799,361,20240930,2024-09-30,6,9172800,6879600.0
10,199,20240930,2024-09-30,2,9170000,6877500.0
853,595,20240930,2024-09-30,4,9160000,6745000.0
522,545,20240930,2024-09-30,3,9156000,6804500.0
795,10,20240930,2024-09-30,4,9150000,6800000.0
1424,2088,20240930,2024-09-30,8,9122000,6841500.0
156,2258,20240930,2024-09-30,39,9077000,5263375.0
795,286,20240930,2024-09-30,5,9075000,6681250.0
197,146,20240930,2024-09-30,6,9062000,6796500.0
795,1086,20240930,2024-09-30,3,9050000,6787500.0
933,1523,20240930,2024-09-30,12,9045000,6602500.0
618,163,20240930,2024-09-30,4,9042000,6781500.0
522,341,20240930,2024-09-30,4,9039000,6691750.0
1226,2079,20240930,2024-09-30,6,9036000,6652000.0
795,2176,20240930,2024-09-30,4,9030000,6351800.0
905,236,20240930,2024-09-30,8,9030000,6767500.0
933,1516,20240930,2024-09-30,15,9028000,6514750.0
1454,1379,20240930,2024-09-30,8,9000000,6562500.0
795,1121,20240930,2024-09-30,6,8971000,6668250.0
905,868,20240930,2024-09-30,7,8969600,6747700.0
1139,1573,20240930,2024-09-30,3,8960000,6720000.0
834,1679,20240930,2024-09-30,8,8959000,6588000.0
754,2268,20240930,2024-09-30,16,8957900,6569850.0
795,1953,20240930,2024-09-30,2,8900000,6675000.0
479,122,20240930,2024-09-30,14,8878600,6672700.0
1070,1081,20240930,2024-09-30,18,8870800,6562030.0
1373,1338,20240930,2024-09-30,22,8869900,6217915.0
1295,1460,20240930,2024-09-30,16,8861500,6422375.0
1321,927,20240930,2024-09-30,12,8845400,6547100.0
472,146,20240930,2024-09-30,6,8799000,7137550.0
977,300,20240930,2024-09-30,11,8794600,6432200.0
540,1680,20240930,2024-09-30,4,8794500,5395875.0
1248,280,20240930,2024-09-30,12,8754500,6465875.0
1139,2006,20240930,2024-09-30,2,8740000,6555000.0
1139,299,20240930,2024-09-30,2,8725000,6543750.0
1065,341,20240930,2024-09-30,17,8710500,6589325.0
795,968,20240930,2024-09-30,2,8700000,6525000.0
795,1435,20240930,2024-09-30,5,8675000,6443750.0
1417,541,20240930,2024-09-30,15,8669000,6183000.0
34,2006,20240930,2024-09-30,5,8665600,6424200.0
203,2315,20240930,2024-09-30,4,8650000,6425000.0
163,164,20240930,2024-09-30,51,8644200,7116410.0
1295,1544,20240930,2024-09-30,85,8592600,5661650.0
1362,1977,20240930,2024-09-30,14,8588900,6314125.0
795,598,20240930,2024-09-30,5,8575000,6231250.0
38,816,20240930,2024-09-30,7,8537100,6428025.0
963,2255,20240930,2024-09-30,3,8520000,6390000.0
795,269,20240930,2024-09-30,7,8510000,6157500.0
1219,268,20240930,2024-09-30,19,8501000,6937000.0
905,1389,20240930,2024-09-30,12,8475000,6386250.0
905,301,20240930,2024-09-30,13,8463000,6397250.0
905,1523,20240930,2024-09-30,13,8458000,6337750.0
247,424,20240930,2024-09-30,85,8426500,5213250.0
1362,168,20240930,2024-09-30,22,8418200,6131050.0
309,1977,20240930,2024-09-30,12,8412500,5718125.0
905,978,20240930,2024-09-30,19,8407400,6239800.0
41,203,20240930,2024-09-30,16,8375200,6292700.0
795,1257,20240930,2024-09-30,7,8371000,4546290.0
163,541,20240930,2024-09-30,62,8355500,7052775.0
933,1695,20240930,2024-09-30,16,8352100,5989075.0
945,1087,20240930,2024-09-30,12,8348300,6313805.0
1362,1888,20240930,2024-09-30,23,8345400,6094175.0
117,2184,20240930,2024-09-30,4,8342000,6094000.0
905,305,20240930,2024-09-30,10,8335000,6253750.0
905,855,20240930,2024-09-30,7,8320000,6187500.0
1065,1977,20240930,2024-09-30,27,8315500,6244125.0
197,302,20240930,2024-09-30,4,8308000,6206000.0
951,1051,20240930,2024-09-30,4,8263200,6072400.0
420,1977,20240930,2024-09-30,5,8259800,6194850.0
380,298,20240930,2024-09-30,6,8254000,6028000.0
479,2315,20240930,2024-09-30,3,8251000,6203250.0
795,2128,20240930,2024-09-30,4,8234000,6175500.0
795,250,20240930,2024-09-30,7,8225500,6019125.0
618,268,20240930,2024-09-30,2,8202000,6151500.0
1093,866,20240930,2024-09-30,15,8190900,5874825.0
158,541,20240930,2024-09-30,9,8171200,5950100.0
1295,308,20240930,2024-09-30,14,8157200,5996650.0
97,1746,20240930,2024-09-30,18,8154700,5883775.0
1021,1935,20240930,2024-09-30,3,8135900,6101925.0
1435,1968,20240930,2024-09-30,23,8135900,6024425.0
767,942,20240930,2024-09-30,8,8135100,6106515.0
197,211,20240930,2024-09-30,7,8121000,5782630.0
420,151,20240930,2024-09-30,3,8105500,6079125.0
1362,2118,20240930,2024-09-30,30,8104000,5802000.0
462,1847,20240930,2024-09-30,3,8102000,5951500.0
795,167,20240930,2024-09-30,3,8100000,5987500.0
474,1004,20240930,2024-09-30,12,8094900,5886175.0
951,2315,20240930,2024-09-30,14,8086700,5946275.0
624,1464,20240930,2024-09-30,13,8085000,5688750.0
1042,146,20240930,2024-09-30,4,8074000,6055500.0
618,1523,20240930,2024-09-30,2,8073000,6054750.0
1065,163,20240930,2024-09-30,22,8060000,6116500.0
945,697,20240930,2024-09-30,9,8055500,6324175.0
1362,1424,20240930,2024-09-30,94,8039300,5155175.0
742,2083,20240930,2024-09-30,20,8038500,4937875.0
163,261,20240930,2024-09-30,42,8033900,6505555.0
207,146,20240930,2024-09-30,5,8017000,6012750.0
1435,1300,20240930,2024-09-30,16,8014500,5959625.0
1435,165,20240930,2024-09-30,11,8013400,5992550.0
1065,1658,20240930,2024-09-30,4,8009000,6019150.0
1065,286,20240930,2024-09-30,11,7995200,6015650.0
153,1004,20240930,2024-09-30,22,7993000,5820280.0
905,2048,20240930,2024-09-30,6,7975000,5981250.0
795,859,20240930,2024-09-30,4,7970000,5852500.0
309,961,20240930,2024-09-30,12,7963000,5277250.0
309,146,20240930,2024-09-30,19,7959000,5229500.0
109,2079,20240930,2024-09-30,12,7919100,5558075.0
795,176,20240930,2024-09-30,8,7915000,5223750.0
1435,1662,20240930,2024-09-30,14,7888300,5843725.0
235,235,20240930,2024-09-30,6,7886600,5944950.0
522,961,20240930,2024-09-30,7,7885000,5788750.0
1445,157,20240930,2024-09-30,3,7884500,5913375.0
865,523,20240930,2024-09-30,2,7878000,5908500.0
415,722,20240930,2024-09-30,16,7862100,5679875.0
1295,1992,20240930,2024-09-30,19,7854300,5779475.0
905,2097,20240930,2024-09-30,17,7850000,5933750.0
1219,1392,20240930,2024-09-30,44,7847500,4875250.0
945,729,20240930,2024-09-30,3,7845500,5884125.0
1295,280,20240930,2024-09-30,23,7834000,5745500.0
795,942,20240930,2024-09-30,7,7833000,5737250.0
510,814,20240930,2024-09-30,2,7832000,5874000.0
795,1634,20240930,2024-09-30,8,7825000,5856250.0
258,1004,20240930,2024-09-30,16,7824200,5813150.0
742,2258,20240930,2024-09-30,21,7821700,5106025.0
754,2272,20240930,2024-09-30,19,7818000,5497900.0
905,2268,20240930,2024-09-30,6,7816000,5869500.0
795,1387,20240930,2024-09-30,8,7810000,5751250.0
630,2268,20240930,2024-09-30,9,7807000,5842750.0
905,125,20240930,2024-09-30,6,7800000,5865000.0
795,186,20240930,2024-09-30,7,7795000,5833750.0
1065,335,20240930,2024-09-30,25,7791300,5864255.0
742,961,20240930,2024-09-30,20,7762800,4984525.0
741,2341,20240930,2024-09-30,3,7750000,5800000.0
579,1968,20240930,2024-09-30,5,7746000,5809500.0
905,882,20240930,2024-09-30,18,7743000,5769000.0
860,537,20240930,2024-09-30,2,7718700,5789025.0
905,1004,20240930,2024-09-30,13,7705000,5787500.0
657,1977,20240930,2024-09-30,4,7701700,5713775.0
522,302,20240930,2024-09-30,5,7698000,5661000.0
235,268,20240930,2024-09-30,6,7690300,5787355.0
1295,164,20240930,2024-09-30,24,7680300,5607725.0
430,122,20240930,2024-09-30,8,7677000,5757750.0
795,2125,20240930,2024-09-30,6,7675000,5718750.0
865,2054,20240930,2024-09-30,3,7669800,5752350.0
109,861,20240930,2024-09-30,20,7669200,4524050.0
1237,122,20240930,2024-09-30,8,7667900,5750925.0
742,298,20240930,2024-09-30,29,7663500,4363700.0
1295,2083,20240930,2024-09-30,18,7653500,5620125.0
1332,1202,20240930,2024-09-30,2,7650000,5737500.0
1431,1477,20240930,2024-09-30,19,7639700,4457350.0
981,541,20240930,2024-09-30,7,7635000,5754750.0
235,175,20240930,2024-09-30,3,7629800,5722350.0
109,1977,20240930,2024-09-30,10,7618100,5269825.0
1409,1968,20240930,2024-09-30,5,7616800,5712600.0
1219,1832,20240930,2024-09-30,42,7599000,5041750.0
200,164,20240930,2024-09-30,44,7592100,5946965.0
1295,2158,20240930,2024-09-30,27,7572000,5550250.0
442,541,20240930,2024-09-30,6,7560700,5670525.0
510,95,20240930,2024-09-30,3,7556000,5667000.0
818,877,20240930,2024-09-30,41,7546700,5219645.0
163,122,20240930,2024-09-30,52,7544300,6337655.0
1163,298,20240930,2024-09-30,14,7530100,5706575.0
905,863,20240930,2024-09-30,12,7530000,5672500.0
1435,160,20240930,2024-09-30,32,7529800,5497350.0
462,298,20240930,2024-09-30,9,7525800,5438650.0
1065,1391,20240930,2024-09-30,19,7522500,5678775.0
235,138,20240930,2024-09-30,9,7522000,5677200.0
857,1977,20240930,2024-09-30,8,7512000,5634000.0
1219,291,20240930,2024-09-30,12,7511500,5544875.0
796,261,20240930,2024-09-30,12,7511200,5308400.0
462,541,20240930,2024-09-30,17,7504500,5074875.0
197,122,20240930,2024-09-30,5,7494000,5495500.0
74,1610,20240930,2024-09-30,3,7490600,5608450.0
1034,161,20240930,2024-09-30,8,7488000,5616000.0
795,214,20240930,2024-09-30,5,7475000,5481250.0
1411,2006,20240930,2024-09-30,8,7464800,5536100.0
579,2079,20240930,2024-09-30,4,7458800,5594100.0
167,1004,20240930,2024-09-30,12,7453200,5401820.0
1219,1389,20240930,2024-09-30,41,7449000,4455750.0
224,882,20240930,2024-09-30,7,7422000,5566500.0
905,235,20240930,2024-09-30,13,7420000,5583750.0
1295,1540,20240930,2024-09-30,54,7404300,4698230.0
261,1460,20240930,2024-09-30,6,7403000,5532250.0
1446,1407,20240930,2024-09-30,9,7402900,5523285.0
905,637,20240930,2024-09-30,4,7400000,5565000.0
522,1424,20240930,2024-09-30,6,7398000,5511000.0
1321,948,20240930,2024-09-30,8,7396900,5362450.0
36,2128,20240930,2024-09-30,10,7386800,5540100.0
856,1121,20240930,2024-09-30,3,7380000,5825250.0
795,1516,20240930,2024-09-30,5,7369000,5464250.0
1362,203,20240930,2024-09-30,20,7368000,5303675.0
974,2258,20240930,2024-09-30,4,7366000,5524500.0
205,361,20240930,2024-09-30,2,7350000,5512500.0
479,1968,20240930,2024-09-30,7,7349800,5527350.0
170,293,20240930,2024-09-30,3,7326000,5494500.0
795,1228,20240930,2024-09-30,4,7325000,5456250.0
818,1470,20240930,2024-09-30,33,7318000,5075125.0
838,322,20240930,2024-09-30,2,7310000,5482500.0
1173,2254,20240930,2024-09-30,2,7297000,5472750.0
380,261,20240930,2024-09-30,7,7283000,5274750.0
185,1948,20240930,2024-09-30,11,7265400,5267800.0
679,2258,20240930,2024-09-30,9,7247000,5322750.0
522,2315,20240930,2024-09-30,2,7226000,5419500.0
445,1043,20240930,2024-09-30,12,7224000,5140700.0
126,1257,20240930,2024-09-30,13,7220900,5356275.0
905,1672,20240930,2024-09-30,11,7220000,5335000.0
795,2048,20240930,2024-09-30,4,7205000,5278750.0
1219,1714,20240930,2024-09-30,63,7197100,4480925.0
618,322,20240930,2024-09-30,2,7195000,5396250.0
933,1544,20240930,2024-09-30,11,7180000,5116250.0
873,2107,20240930,2024-09-30,13,7179000,5295500.0
1106,146,20240930,2024-09-30,3,7160000,5370000.0
197,593,20240930,2024-09-30,5,7160000,4378000.0
795,280,20240930,2024-09-30,4,7150000,5362500.0
1139,978,20240930,2024-09-30,2,7143000,5357250.0
316,163,20240930,2024-09-30,7,7138000,5353500.0
1065,2268,20240930,2024-09-30,9,7133800,5376350.0
522,298,20240930,2024-09-30,6,7132000,5224000.0
1034,164,20240930,2024-09-30,9,7129900,5347425.0
200,146,20240930,2024-09-30,45,7110800,5656080.0
156,164,20240930,2024-09-30,19,7097600,4745050.0
584,355,20240930,2024-09-30,3,7089000,5316750.0
170,857,20240930,2024-09-30,3,7078000,5968700.0
587,1693,20240930,2024-09-30,3,7075000,6142500.0
109,355,20240930,2024-09-30,15,7070300,4636975.0
1059,1389,20240930,2024-09-30,8,7070000,5215000.0
618,564,20240930,2024-09-30,2,7067000,5300250.0
795,29,20240930,2024-09-30,2,7054600,3719550.0
905,46,20240930,2024-09-30,11,7050000,5325000.0
1295,1948,20240930,2024-09-30,29,7048900,5094175.0
1219,859,20240930,2024-09-30,35,7041200,4293950.0
1219,1390,20240930,2024-09-30,35,7040500,4558750.0
239,201,20240930,2024-09-30,2,7040000,5280000.0
428,146,20240930,2024-09-30,7,7040000,5280000.0
1030,981,20240930,2024-09-30,6,7038200,5141150.0
617,146,20240930,2024-09-30,7,7029000,5759250.0
795,1396,20240930,2024-09-30,4,7026000,4107780.0
1295,191,20240930,2024-09-30,22,7023000,5140250.0
228,293,20240930,2024-09-30,7,7019100,5001575.0
400,1464,20240930,2024-09-30,71,7012600,4241560.0
491,1529,20240930,2024-09-30,9,7009100,5111205.0
522,160,20240930,2024-09-30,7,7005000,5178750.0
795,1952,20240930,2024-09-30,3,7000000,5187500.0
483,1118,20240930,2024-09-30,2,7000000,5250000.0
951,1888,20240930,2024-09-30,3,7000000,5250000.0
522,301,20240930,2024-09-30,4,7000000,5087500.0
1295,1583,20240930,2024-09-30,44,6998400,4872760.0
420,164,20240930,2024-09-30,4,6996000,5247000.0
1065,1477,20240930,2024-09-30,22,6993000,5315050.0
1065,355,20240930,2024-09-30,25,6987000,5314150.0
795,981,20240930,2024-09-30,3,6980000,5185000.0
491,1733,20240930,2024-09-30,12,6973700,5227675.0
1407,261,20240930,2024-09-30,3,6958000,5218500.0
1163,293,20240930,2024-09-30,37,6955000,5476750.0
286,261,20240930,2024-09-30,12,6949000,5106750.0
109,2272,20240930,2024-09-30,8,6934400,4970800.0
1065,1968,20240930,2024-09-30,16,6933300,5232475.0
795,303,20240930,2024-09-30,3,6932500,4099375.0
1364,122,20240930,2024-09-30,14,6921300,4892975.0
197,186,20240930,2024-09-30,4,6905000,5116250.0
951,930,20240930,2024-09-30,4,6897100,5072825.0
1435,2118,20240930,2024-09-30,12,6893000,5147250.0
1295,1547,20240930,2024-09-30,60,6888300,4608525.0
197,559,20240930,2024-09-30,2,6885000,5163750.0
1295,293,20240930,2024-09-30,19,6877400,5056800.0
81,2215,20240930,2024-09-30,4,6877000,5882750.0
1163,335,20240930,2024-09-30,15,6875500,5181625.0
393,1278,20240930,2024-09-30,2,6870000,5152500.0
235,516,20240930,2024-09-30,4,6867200,5150400.0
1217,211,20240930,2024-09-30,4,6862800,5147100.0
905,1496,20240930,2024-09-30,13,6852000,5191700.0
197,1488,20240930,2024-09-30,4,6850000,5112500.0
415,1338,20240930,2024-09-30,10,6847800,4929600.0
1219,1396,20240930,2024-09-30,60,6828000,3890000.0
742,1992,20240930,2024-09-30,21,6827300,4251475.0
951,572,20240930,2024-09-30,4,6815600,5061700.0
1427,2273,20240930,2024-09-30,23,6805100,4951925.0
1295,2384,20240930,2024-09-30,6,6801300,4838475.0
905,188,20240930,2024-09-30,11,6800000,5095000.0
898,1477,20240930,2024-09-30,6,6794000,5110500.0
1362,188,20240930,2024-09-30,21,6777100,4934525.0
163,157,20240930,2024-09-30,51,6764300,5749655.0
316,181,20240930,2024-09-30,8,6763000,5085250.0
1021,1905,20240930,2024-09-30,5,6757300,5055475.0
302,265,20240930,2024-09-30,5,6756000,5067000.0
795,211,20240930,2024-09-30,6,6751000,5066750.0
522,942,20240930,2024-09-30,3,6742000,4969000.0
905,160,20240930,2024-09-30,26,6734800,5012350.0
102,293,20240930,2024-09-30,4,6722500,5041875.0
1356,300,20240930,2024-09-30,3,6719100,5039325.0
522,882,20240930,2024-09-30,3,6714000,5261050.0
1295,1888,20240930,2024-09-30,18,6703100,4898575.0
1435,177,20240930,2024-09-30,4,6687500,3021675.0
1366,166,20240930,2024-09-30,4,6665000,4998750.0
1180,559,20240930,2024-09-30,12,6655400,4685300.0
905,211,20240930,2024-09-30,5,6650000,5002500.0
1390,1679,20240930,2024-09-30,4,6648000,4986000.0
974,1977,20240930,2024-09-30,7,6644000,4983000.0
963,2079,20240930,2024-09-30,2,6625000,4968750.0
316,2258,20240930,2024-09-30,2,6622000,4966500.0
865,122,20240930,2024-09-30,3,6619800,4964850.0
1295,199,20240930,2024-09-30,44,6610100,4920425.0
1219,2235,20240930,2024-09-30,15,6609800,4602350.0
1219,1374,20240930,2024-09-30,46,6609000,4229250.0
666,1714,20240930,2024-09-30,4,6601800,4951350.0
795,572,20240930,2024-09-30,3,6600000,4912500.0
163,1467,20240930,2024-09-30,44,6598000,5538300.0
1163,308,20240930,2024-09-30,3,6596000,4947000.0
1195,146,20240930,2024-09-30,4,6589000,4941750.0
93,122,20240930,2024-09-30,12,6588500,4865625.0
1219,861,20240930,2024-09-30,50,6583600,4161550.0
875,2258,20240930,2024-09-30,3,6580500,4935375.0
109,1496,20240930,2024-09-30,10,6577300,4533225.0
1217,122,20240930,2024-09-30,2,6569200,4926900.0
436,2006,20240930,2024-09-30,4,6565000,5173500.0
905,2118,20240930,2024-09-30,11,6560000,4898750.0
933,1672,20240930,2024-09-30,21,6553500,4665125.0
109,302,20240930,2024-09-30,15,6553100,4318800.0
988,286,20240930,2024-09-30,2,6550000,4912500.0
795,1036,20240930,2024-09-30,4,6550000,3270977.5
1017,325,20240930,2024-09-30,4,6540000,4905000.0
1295,1563,20240930,2024-09-30,48,6531900,4494475.0
1454,1685,20240930,2024-09-30,7,6525000,4793750.0
1219,1467,20240930,2024-09-30,93,6523000,3261500.0
636,2006,20240930,2024-09-30,7,6511600,4905500.0
905,861,20240930,2024-09-30,15,6497000,4819200.0
643,146,20240930,2024-09-30,2,6489000,4866750.0
209,2006,20240930,2024-09-30,16,6487000,4879750.0
477,961,20240930,2024-09-30,3,6479500,4859625.0
671,293,20240930,2024-09-30,5,6476000,4857000.0
479,298,20240930,2024-09-30,5,6471500,4828625.0
121,199,20240930,2024-09-30,4,6470000,4852500.0
1386,300,20240930,2024-09-30,5,6465000,4723750.0
1362,1662,20240930,2024-09-30,27,6459700,4661525.0
49,146,20240930,2024-09-30,12,6452000,4854000.0
795,663,20240930,2024-09-30,2,6450000,4837500.0
380,2258,20240930,2024-09-30,6,6440000,4717500.0
795,355,20240930,2024-09-30,5,6434500,4663375.0
645,1968,20240930,2024-09-30,2,6418200,4813650.0
235,177,20240930,2024-09-30,3,6415500,4811625.0
795,1888,20240930,2024-09-30,6,6406000,4717000.0
1462,880,20240930,2024-09-30,2,6400000,4800000.0
905,1435,20240930,2024-09-30,10,6397000,4810250.0
1103,857,20240930,2024-09-30,32,6390500,4154125.0
1065,300,20240930,2024-09-30,44,6384500,4944625.0
666,164,20240930,2024-09-30,3,6382000,4786500.0
1065,361,20240930,2024-09-30,29,6381000,4868800.0
1386,353,20240930,2024-09-30,3,6377000,4657750.0
1407,286,20240930,2024-09-30,2,6374000,4780500.0
1065,545,20240930,2024-09-30,8,6374000,4747900.0
795,883,20240930,2024-09-30,6,6374000,4686750.0
1466,492,20240930,2024-09-30,22,6367900,4843325.0
1295,1274,20240930,2024-09-30,22,6364600,4591950.0
628,353,20240930,2024-09-30,4,6358400,4768800.0
795,961,20240930,2024-09-30,9,6352000,4364250.0
1435,135,20240930,2024-09-30,23,6351400,4687300.0
197,1274,20240930,2024-09-30,3,6345000,2623750.0
420,160,20240930,2024-09-30,3,6337700,4753275.0
614,1693,20240930,2024-09-30,4,6335000,4688750.0
1435,2083,20240930,2024-09-30,15,6323900,4696675.0
1295,1542,20240930,2024-09-30,48,6318200,4258220.0
1390,783,20240930,2024-09-30,2,6308000,4731000.0
235,1424,20240930,2024-09-30,10,6301700,4797445.0
873,2125,20240930,2024-09-30,25,6292700,4564815.0
305,144,20240930,2024-09-30,4,6281000,4710750.0
285,160,20240930,2024-09-30,4,6278200,4708650.0
1093,864,20240930,2024-09-30,31,6265500,4328475.0
1163,268,20240930,2024-09-30,6,6250000,4722500.0
665,186,20240930,2024-09-30,4,6245000,4683750.0
618,1249,20240930,2024-09-30,2,6236000,4677000.0
666,146,20240930,2024-09-30,2,6233000,4674750.0
1173,1977,20240930,2024-09-30,5,6231700,4673775.0
197,335,20240930,2024-09-30,3,6228000,4639750.0
132,2118,20240930,2024-09-30,6,6217600,5407200.0
905,1641,20240930,2024-09-30,5,6205000,4656250.0
391,1488,20240930,2024-09-30,6,6202500,4626875.0
1295,882,20240930,2024-09-30,11,6202500,4523125.0
319,1424,20240930,2024-09-30,6,6192200,4644150.0
197,1981,20240930,2024-09-30,3,6190000,4305000.0
353,1467,20240930,2024-09-30,3,6180000,4510000.0
1295,1396,20240930,2024-09-30,8,6165000,4533750.0
479,2048,20240930,2024-09-30,14,6163800,4650350.0
109,1981,20240930,2024-09-30,7,6163100,4473075.0
919,293,20240930,2024-09-30,44,6161300,4939945.0
981,564,20240930,2024-09-30,3,6160000,4620000.0
1431,250,20240930,2024-09-30,13,6155000,3971250.0
1411,1968,20240930,2024-09-30,6,6152600,4614450.0
522,1466,20240930,2024-09-30,3,6151000,2439784.0
380,1274,20240930,2024-09-30,3,6150000,4587500.0
121,1981,20240930,2024-09-30,4,6150000,4575000.0
795,160,20240930,2024-09-30,4,6147500,4610625.0
754,1507,20240930,2024-09-30,5,6145400,4421550.0
584,146,20240930,2024-09-30,5,6143400,4507550.0
618,588,20240930,2024-09-30,2,6128000,4596000.0
95,1662,20240930,2024-09-30,4,6122500,4591875.0
777,854,20240930,2024-09-30,10,6122000,4211000.0
522,977,20240930,2024-09-30,4,6120000,4590000.0
522,1004,20240930,2024-09-30,3,6120000,4465000.0
261,261,20240930,2024-09-30,4,6117000,5458500.0
898,1378,20240930,2024-09-30,6,6115000,4596250.0
742,211,20240930,2024-09-30,12,6110000,4233125.0
665,1977,20240930,2024-09-30,3,6102000,4591500.0
905,361,20240930,2024-09-30,17,6093000,4527000.0
742,170,20240930,2024-09-30,20,6092200,3516900.0
197,1634,20240930,2024-09-30,3,6091000,4568250.0
42,1121,20240930,2024-09-30,5,6089000,4566750.0
905,53,20240930,2024-09-30,9,6088000,4478500.0
905,135,20240930,2024-09-30,6,6075000,4553750.0
92,146,20240930,2024-09-30,4,6069900,4552425.0
170,1693,20240930,2024-09-30,3,6069000,4551750.0
163,280,20240930,2024-09-30,28,6055200,4764870.0
1445,122,20240930,2024-09-30,6,6054600,4490950.0
109,1822,20240930,2024-09-30,6,6039000,4329250.0
905,1480,20240930,2024-09-30,5,6038000,4526000.0
1030,1033,20240930,2024-09-30,5,6028000,2509200.0
618,997,20240930,2024-09-30,3,6026000,4519500.0
795,143,20240930,2024-09-30,3,6025000,4518750.0
520,55,20240930,2024-09-30,3,6010000,4507500.0
1295,1981,20240930,2024-09-30,22,6008500,4383875.0
618,388,20240930,2024-09-30,2,6005000,4503750.0
1390,1259,20240930,2024-09-30,3,6001000,4515750.0
192,575,20240930,2024-09-30,3,6000000,3937500.0
902,1467,20240930,2024-09-30,14,6000000,4527000.0
1409,188,20240930,2024-09-30,3,6000000,4515000.0
905,1888,20240930,2024-09-30,18,5979000,4475650.0
197,640,20240930,2024-09-30,4,5975000,4456250.0
1097,146,20240930,2024-09-30,9,5968000,4491000.0
235,293,20240930,2024-09-30,14,5965800,4634830.0
614,1388,20240930,2024-09-30,3,5965000,4473750.0
795,831,20240930,2024-09-30,3,5960000,4470000.0
533,2,20240930,2024-09-30,5,5959200,4469400.0
305,541,20240930,2024-09-30,10,5953400,5041290.0
905,341,20240930,2024-09-30,19,5950000,4495000.0
724,286,20240930,2024-09-30,3,5948000,4461000.0
316,355,20240930,2024-09-30,3,5932000,4449000.0
434,146,20240930,2024-09-30,2,5930000,4447500.0
212,164,20240930,2024-09-30,6,5930000,4457500.0
692,545,20240930,2024-09-30,3,5921600,4327450.0
905,309,20240930,2024-09-30,23,5915000,4490500.0
666,268,20240930,2024-09-30,2,5910500,4432875.0
666,1488,20240930,2024-09-30,7,5910000,4440500.0
169,2258,20240930,2024-09-30,2,5910000,1972500.0
1472,260,20240930,2024-09-30,3,5907000,4430250.0
197,2315,20240930,2024-09-30,4,5906000,4429500.0
405,857,20240930,2024-09-30,68,5903900,3415325.0
1401,254,20240930,2024-09-30,4,5900000,4337500.0
197,166,20240930,2024-09-30,2,5895000,4421250.0
795,1662,20240930,2024-09-30,6,5889000,4395850.0
795,2080,20240930,2024-09-30,2,5880000,4410000.0
963,170,20240930,2024-09-30,7,5877500,4408125.0
582,1554,20240930,2024-09-30,2,5873000,4404750.0
795,1372,20240930,2024-09-30,4,5869500,3429125.0
1435,293,20240930,2024-09-30,54,5861000,4174500.0
905,2158,20240930,2024-09-30,15,5861000,4423950.0
721,170,20240930,2024-09-30,3,5853000,4389750.0
1362,1033,20240930,2024-09-30,28,5848800,4134900.0
1295,927,20240930,2024-09-30,59,5842000,4039740.0
666,1450,20240930,2024-09-30,2,5840000,4380000.0
974,157,20240930,2024-09-30,12,5837000,4432250.0
795,1379,20240930,2024-09-30,2,5835000,4376250.0
795,2005,20240930,2024-09-30,2,5825000,4368750.0
618,1507,20240930,2024-09-30,2,5822000,4366500.0
235,1460,20240930,2024-09-30,9,5822000,4474200.0
1424,1992,20240930,2024-09-30,5,5818600,5047590.0
309,2004,20240930,2024-09-30,4,5813200,4184900.0
522,306,20240930,2024-09-30,3,5812000,4345250.0
1295,2258,20240930,2024-09-30,19,5810500,4251625.0
1155,2268,20240930,2024-09-30,23,5805900,4220110.0
795,236,20240930,2024-09-30,2,5800000,3786000.0
834,1693,20240930,2024-09-30,7,5795000,4209750.0
228,882,20240930,2024-09-30,2,5792000,4344000.0
1466,2125,20240930,2024-09-30,27,5791200,4139950.0
156,161,20240930,2024-09-30,13,5789100,4032050.0
795,392,20240930,2024-09-30,2,5780000,4335000.0
584,1837,20240930,2024-09-30,2,5775000,4331250.0
24,2,20240930,2024-09-30,5,5774000,4344900.0
1139,1572,20240930,2024-09-30,2,5770000,4327500.0
153,996,20240930,2024-09-30,2,5769200,4326900.0
1065,161,20240930,2024-09-30,21,5767900,4377775.0
1390,268,20240930,2024-09-30,9,5756400,4377300.0
991,1467,20240930,2024-09-30,4,5750000,4250000.0
1205,2248,20240930,2024-09-30,2,5743000,4307250.0
235,2118,20240930,2024-09-30,13,5740500,4393375.0
156,170,20240930,2024-09-30,4,5735500,4264125.0
795,866,20240930,2024-09-30,3,5735000,4301250.0
1021,1888,20240930,2024-09-30,6,5733600,4237700.0
1362,1936,20240930,2024-09-30,5,5730000,4216250.0
795,1439,20240930,2024-09-30,2,5729000,4296750.0
305,2006,20240930,2024-09-30,6,5728000,4369300.0
420,1424,20240930,2024-09-30,4,5720000,4290000.0
143,1004,20240930,2024-09-30,7,5719600,4213200.0
121,160,20240930,2024-09-30,3,5710000,4265000.0
1065,1383,20240930,2024-09-30,17,5709500,4300625.0
479,168,20240930,2024-09-30,4,5698000,4163500.0
919,541,20240930,2024-09-30,50,5697700,4572985.0
818,1488,20240930,2024-09-30,70,5696000,3353000.0
905,2036,20240930,2024-09-30,6,5695000,4284250.0
1295,335,20240930,2024-09-30,24,5691500,4144875.0
1116,199,20240930,2024-09-30,2,5687700,4265775.0
666,361,20240930,2024-09-30,2,5685000,4263750.0
618,1822,20240930,2024-09-30,2,5683000,4262250.0
715,722,20240930,2024-09-30,6,5680000,3835000.0
522,296,20240930,2024-09-30,3,5675000,4206250.0
977,942,20240930,2024-09-30,6,5670000,4117500.0
1435,130,20240930,2024-09-30,16,5663100,4192950.0
827,146,20240930,2024-09-30,5,5656000,4242000.0
905,1121,20240930,2024-09-30,8,5655500,4166625.0
857,201,20240930,2024-09-30,2,5650500,4237875.0
522,316,20240930,2024-09-30,3,5645000,4208750.0
1424,2048,20240930,2024-09-30,2,5640000,4230000.0
121,211,20240930,2024-09-30,2,5640000,4230000.0
1021,1851,20240930,2024-09-30,3,5639000,4073750.0
742,300,20240930,2024-09-30,31,5636500,2935250.0
479,262,20240930,2024-09-30,4,5633000,4162250.0
393,2006,20240930,2024-09-30,6,5631900,4155175.0
1435,1398,20240930,2024-09-30,11,5630000,4196250.0
963,165,20240930,2024-09-30,3,5628500,4221375.0
235,961,20240930,2024-09-30,6,5625000,4281250.0
905,175,20240930,2024-09-30,4,5625000,4222500.0
153,997,20240930,2024-09-30,9,5624300,4168225.0
380,143,20240930,2024-09-30,3,5622000,4166500.0
235,161,20240930,2024-09-30,11,5621300,4245975.0
1295,300,20240930,2024-09-30,19,5618500,4098875.0
1268,623,20240930,2024-09-30,7,5616500,4080445.0
522,280,20240930,2024-09-30,3,5601000,4200750.0
1065,2036,20240930,2024-09-30,3,5600000,4200000.0
1219,1383,20240930,2024-09-30,51,5597600,3250350.0
235,2258,20240930,2024-09-30,10,5595100,4266395.0
795,67,20240930,2024-09-30,3,5588900,4154175.0
1295,1579,20240930,2024-09-30,36,5580700,3903775.0
905,2054,20240930,2024-09-30,2,5578200,4183650.0
795,1573,20240930,2024-09-30,6,5574500,4130875.0
1070,1634,20240930,2024-09-30,7,5568000,4176000.0
1295,1053,20240930,2024-09-30,5,5563800,4133930.0
522,286,20240930,2024-09-30,2,5554000,4165500.0
849,1977,20240930,2024-09-30,3,5548800,2601690.0
919,122,20240930,2024-09-30,48,5546400,4508140.0
614,1685,20240930,2024-09-30,3,5542000,4456500.0
963,160,20240930,2024-09-30,2,5525000,4143750.0
742,165,20240930,2024-09-30,18,5520700,3389775.0
754,191,20240930,2024-09-30,5,5507500,4117750.0
205,2079,20240930,2024-09-30,3,5500000,4000000.0
107,1814,20240930,2024-09-30,3,5500000,4000000.0
479,160,20240930,2024-09-30,12,5497900,4164675.0
1065,2079,20240930,2024-09-30,16,5495500,4142425.0
1173,2006,20240930,2024-09-30,4,5493000,4119750.0
1004,2079,20240930,2024-09-30,2,5492600,3088698.0
228,805,20240930,2024-09-30,2,5487400,4115550.0
442,2083,20240930,2024-09-30,3,5485000,4113750.0
102,1948,20240930,2024-09-30,3,5484500,4113375.0
754,2118,20240930,2024-09-30,15,5478000,3960750.0
795,125,20240930,2024-09-30,3,5477500,4108125.0
256,977,20240930,2024-09-30,8,5475000,3945700.0
795,1374,20240930,2024-09-30,2,5474000,3305500.0
613,2079,20240930,2024-09-30,11,5462600,3999540.0
313,146,20240930,2024-09-30,3,5456500,4092375.0
1065,199,20240930,2024-09-30,20,5442700,4130125.0
754,1540,20240930,2024-09-30,6,5442500,4046875.0
916,1300,20240930,2024-09-30,6,5440200,4080150.0
977,1529,20240930,2024-09-30,6,5436000,4052000.0
109,331,20240930,2024-09-30,3,5432200,3954150.0
1295,956,20240930,2024-09-30,21,5432200,3902480.0
491,1680,20240930,2024-09-30,2,5428000,4071000.0
1219,298,20240930,2024-09-30,42,5419700,3070950.0
1009,1121,20240930,2024-09-30,2,5419000,4814250.0
1217,203,20240930,2024-09-30,3,5418400,3742094.0
1163,1822,20240930,2024-09-30,8,5417000,4093250.0
905,1679,20240930,2024-09-30,8,5415000,4095250.0
742,1496,20240930,2024-09-30,26,5413500,2993625.0
737,247,20240930,2024-09-30,4,5412500,4059375.0
795,260,20240930,2024-09-30,3,5411000,3983250.0
905,2184,20240930,2024-09-30,11,5410000,4002500.0
1295,214,20240930,2024-09-30,19,5409800,3959850.0
1065,183,20240930,2024-09-30,19,5395900,4102825.0
393,1391,20240930,2024-09-30,2,5393000,4044750.0
795,820,20240930,2024-09-30,2,5380000,4035000.0
628,355,20240930,2024-09-30,6,5376100,4032075.0
766,541,20240930,2024-09-30,2,5370000,4027500.0
163,1977,20240930,2024-09-30,36,5368000,4494900.0
1435,1338,20240930,2024-09-30,9,5367400,3996800.0
1445,164,20240930,2024-09-30,7,5366800,3875100.0
1362,1051,20240930,2024-09-30,15,5366500,3879250.0
462,640,20240930,2024-09-30,4,5364000,3932000.0
1078,761,20240930,2024-09-30,21,5363300,3969905.0
1126,1981,20240930,2024-09-30,6,5361000,3895750.0
1065,143,20240930,2024-09-30,6,5358000,4038500.0
235,166,20240930,2024-09-30,4,5349700,4012275.0
905,857,20240930,2024-09-30,6,5345000,4015250.0
1357,541,20240930,2024-09-30,3,5339000,4004250.0
163,2258,20240930,2024-09-30,34,5330200,4427670.0
197,293,20240930,2024-09-30,6,5330000,3997500.0
795,949,20240930,2024-09-30,3,5330000,3935000.0
717,2273,20240930,2024-09-30,7,5327000,3846250.0
1407,301,20240930,2024-09-30,2,5322000,3991500.0
479,286,20240930,2024-09-30,3,5315600,3876700.0
725,968,20240930,2024-09-30,3,5315200,3911400.0
479,1488,20240930,2024-09-30,2,5314600,3985950.0
1435,2,20240930,2024-09-30,8,5313700,3970275.0
393,2151,20240930,2024-09-30,3,5313700,3985275.0
121,165,20240930,2024-09-30,3,5310000,3982500.0
316,160,20240930,2024-09-30,7,5306000,3979500.0
919,157,20240930,2024-09-30,33,5303000,4174000.0
1295,1834,20240930,2024-09-30,6,5300000,3896250.0
235,1935,20240930,2024-09-30,3,5300000,4005000.0
795,1851,20240930,2024-09-30,3,5296000,3972000.0
420,161,20240930,2024-09-30,6,5293200,3978090.0
24,10,20240930,2024-09-30,3,5290000,4312500.0
586,1796,20240930,2024-09-30,18,5288900,3857375.0
1219,1385,20240930,2024-09-30,46,5288500,3171500.0
1195,1540,20240930,2024-09-30,2,5285000,3963750.0
197,572,20240930,2024-09-30,3,5283000,3962250.0
1295,926,20240930,2024-09-30,11,5281500,3919600.0
663,1380,20240930,2024-09-30,2,5276000,3957000.0
951,666,20240930,2024-09-30,6,5274700,3873775.0
912,358,20240930,2024-09-30,3,5273000,3963750.0
1279,666,20240930,2024-09-30,6,5272700,3929525.0
795,306,20240930,2024-09-30,7,5265000,3855000.0
830,639,20240930,2024-09-30,4,5264000,3873000.0
665,361,20240930,2024-09-30,4,5258000,3943500.0
1065,961,20240930,2024-09-30,19,5257000,3999350.0
437,233,20240930,2024-09-30,4,5254200,3940650.0
665,211,20240930,2024-09-30,9,5253000,3939750.0
905,1394,20240930,2024-09-30,4,5250000,3945000.0
963,2258,20240930,2024-09-30,2,5250000,2062500.0
795,1719,20240930,2024-09-30,4,5250000,3875000.0
1163,341,20240930,2024-09-30,10,5243000,3984250.0
795,1391,20240930,2024-09-30,3,5240000,3930000.0
197,561,20240930,2024-09-30,3,5239000,3929250.0
550,1033,20240930,2024-09-30,6,5237500,3942125.0
10,122,20240930,2024-09-30,5,5229700,3922275.0
1195,1051,20240930,2024-09-30,2,5227600,3920700.0
664,2097,20240930,2024-09-30,2,5227500,3920625.0
1150,1470,20240930,2024-09-30,2,5224900,3918675.0
1435,1378,20240930,2024-09-30,11,5222200,3881650.0
1435,168,20240930,2024-09-30,7,5220000,3897500.0
483,1529,20240930,2024-09-30,3,5216000,3912000.0
170,235,20240930,2024-09-30,10,5216000,3777750.0
1065,870,20240930,2024-09-30,9,5210300,3906375.0
1212,157,20240930,2024-09-30,2,5209900,3907425.0
1269,1249,20240930,2024-09-30,6,5207000,3905250.0
109,1832,20240930,2024-09-30,4,5198700,3690775.0
1411,1977,20240930,2024-09-30,5,5195800,3896850.0
316,424,20240930,2024-09-30,3,5195000,3896250.0
121,163,20240930,2024-09-30,8,5194000,3784250.0
1139,640,20240930,2024-09-30,2,5190000,3892500.0
708,637,20240930,2024-09-30,11,5187900,3809675.0
1295,1279,20240930,2024-09-30,6,5187500,3788125.0
937,905,20240930,2024-09-30,5,5180000,3873750.0
121,2006,20240930,2024-09-30,5,5180000,3762500.0
1431,1466,20240930,2024-09-30,26,5176000,2588000.0
483,331,20240930,2024-09-30,2,5175000,3881250.0
959,2066,20240930,2024-09-30,2,5175000,3837500.0
472,1832,20240930,2024-09-30,3,5174000,3805500.0
1401,1714,20240930,2024-09-30,10,5160000,3741250.0
121,1669,20240930,2024-09-30,2,5159000,3545025.0
242,2118,20240930,2024-09-30,17,5154300,3702450.0
742,1378,20240930,2024-09-30,27,5153900,2968225.0
1295,1507,20240930,2024-09-30,38,5151700,3768895.0
109,1488,20240930,2024-09-30,13,5151000,3350750.0
905,308,20240930,2024-09-30,11,5150000,3866250.0
1065,1228,20240930,2024-09-30,4,5150000,3877500.0
522,355,20240930,2024-09-30,5,5143000,3719750.0
784,160,20240930,2024-09-30,18,5143000,3987590.0
1357,1822,20240930,2024-09-30,3,5142200,3856650.0
665,2272,20240930,2024-09-30,3,5140000,3855000.0
540,1257,20240930,2024-09-30,2,5137000,3852750.0
942,1081,20240930,2024-09-30,11,5135100,3808825.0
1189,2112,20240930,2024-09-30,7,5126600,3636200.0
1021,1300,20240930,2024-09-30,6,5122200,3816650.0
664,2006,20240930,2024-09-30,8,5120200,3853590.0
1295,1300,20240930,2024-09-30,20,5119600,3725950.0
309,1992,20240930,2024-09-30,4,5116000,3765750.0
228,2006,20240930,2024-09-30,6,5114000,3648000.0
875,2268,20240930,2024-09-30,2,5100700,3835595.0
522,1511,20240930,2024-09-30,3,5100000,3762500.0
905,1282,20240930,2024-09-30,2,5100000,3835000.0
963,2268,20240930,2024-09-30,3,5099000,3824250.0
235,1642,20240930,2024-09-30,2,5096400,3822300.0
618,1155,20240930,2024-09-30,3,5093000,3819750.0
1435,163,20240930,2024-09-30,18,5086000,3764500.0
477,157,20240930,2024-09-30,2,5085000,3813750.0
192,541,20240930,2024-09-30,4,5085000,3813750.0
235,659,20240930,2024-09-30,2,5080000,3818000.0
1195,261,20240930,2024-09-30,3,5080000,3825000.0
1401,868,20240930,2024-09-30,3,5079000,3684250.0
163,355,20240930,2024-09-30,11,5075400,4454090.0
264,1839,20240930,2024-09-30,2,5075400,3806550.0
818,1735,20240930,2024-09-30,34,5067900,3434565.0
784,164,20240930,2024-09-30,35,5067400,4147090.0
1427,503,20240930,2024-09-30,3,5063600,3781800.0
235,285,20240930,2024-09-30,2,5060000,3801000.0
479,823,20240930,2024-09-30,2,5058000,3808500.0
420,1429,20240930,2024-09-30,3,5051100,3788325.0
1295,160,20240930,2024-09-30,14,5051000,3545750.0
403,163,20240930,2024-09-30,4,5050000,3775000.0
417,164,20240930,2024-09-30,3,5044100,3783075.0
1435,199,20240930,2024-09-30,10,5043200,3752400.0
815,1389,20240930,2024-09-30,2,5041500,3785275.0
1065,2315,20240930,2024-09-30,13,5041000,3837050.0
1243,1004,20240930,2024-09-30,3,5035200,3751400.0
795,2,20240930,2024-09-30,3,5032000,3253280.0
632,2273,20240930,2024-09-30,3,5030000,3330000.0
1207,176,20240930,2024-09-30,3,5027000,3770250.0
838,355,20240930,2024-09-30,2,5025000,3768750.0
795,1845,20240930,2024-09-30,2,5025000,3768750.0
1196,1992,20240930,2024-09-30,2,5020100,3765075.0
1295,302,20240930,2024-09-30,15,5018400,3667550.0
1435,1986,20240930,2024-09-30,11,5011300,3723475.0
1065,2046,20240930,2024-09-30,4,5010100,3767575.0
1466,2127,20240930,2024-09-30,21,5007700,3687765.0
754,1523,20240930,2024-09-30,17,5004900,3324500.0
657,2006,20240930,2024-09-30,3,5001000,3750750.0
109,169,20240930,2024-09-30,7,5000700,3462275.0
1004,1590,20240930,2024-09-30,1,5000000,3750000.0
375,298,20240930,2024-09-30,1,5000000,3750000.0
795,1253,20240930,2024-09-30,2,5000000,3706250.0
905,975,20240930,2024-09-30,1,5000000,3750000.0
618,1253,20240930,2024-09-30,1,5000000,3750000.0
479,638,20240930,2024-09-30,1,5000000,3750000.0
838,2079,20240930,2024-09-30,1,5000000,3750000.0
858,1424,20240930,2024-09-30,1,5000000,3750000.0
1216,339,20240930,2024-09-30,1,5000000,3750000.0
522,868,20240930,2024-09-30,1,5000000,3750000.0
1450,1516,20240930,2024-09-30,1,5000000,3750000.0
618,2180,20240930,2024-09-30,1,5000000,3750000.0
795,1865,20240930,2024-09-30,1,5000000,3750000.0
618,2139,20240930,2024-09-30,1,5000000,1150000.0
795,1487,20240930,2024-09-30,1,5000000,3750000.0
860,595,20240930,2024-09-30,1,5000000,3750000.0
1366,2258,20240930,2024-09-30,1,5000000,3750000.0
72,316,20240930,2024-09-30,1,5000000,3750000.0
10,214,20240930,2024-09-30,1,5000000,3750000.0
865,626,20240930,2024-09-30,1,5000000,3750000.0
479,1207,20240930,2024-09-30,2,5000000,3687500.0
299,1845,20240930,2024-09-30,1,5000000,3750000.0
618,559,20240930,2024-09-30,1,5000000,3750000.0
316,377,20240930,2024-09-30,1,5000000,3750000.0
613,1985,20240930,2024-09-30,1,5000000,3750000.0
170,1679,20240930,2024-09-30,1,5000000,3750000.0
429,637,20240930,2024-09-30,1,5000000,3750000.0
701,1053,20240930,2024-09-30,1,5000000,3750000.0
170,300,20240930,2024-09-30,4,5000000,3625000.0
180,2323,20240930,2024-09-30,1,5000000,3750000.0
479,835,20240930,2024-09-30,2,5000000,3662500.0
170,2083,20240930,2024-09-30,1,5000000,3750000.0
795,2279,20240930,2024-09-30,1,5000000,3750000.0
309,2048,20240930,2024-09-30,2,5000000,3625000.0
618,2001,20240930,2024-09-30,1,5000000,3750000.0
898,2002,20240930,2024-09-30,1,5000000,3750000.0
121,123,20240930,2024-09-30,2,5000000,3750000.0
618,616,20240930,2024-09-30,2,5000000,3750000.0
1173,1601,20240930,2024-09-30,1,5000000,3750000.0
666,46,20240930,2024-09-30,1,5000000,3750000.0
983,1922,20240930,2024-09-30,1,5000000,3750000.0
618,1279,20240930,2024-09-30,1,5000000,3750000.0
618,1152,20240930,2024-09-30,1,5000000,3750000.0
666,1379,20240930,2024-09-30,1,5000000,3750000.0
795,1453,20240930,2024-09-30,1,5000000,3750000.0
520,293,20240930,2024-09-30,1,5000000,3750000.0
106,1992,20240930,2024-09-30,1,5000000,3750000.0
860,663,20240930,2024-09-30,1,5000000,3750000.0
479,1813,20240930,2024-09-30,1,5000000,3750000.0
838,345,20240930,2024-09-30,1,5000000,3750000.0
795,2401,20240930,2024-09-30,1,5000000,3750000.0
618,261,20240930,2024-09-30,1,5000000,3750000.0
795,1125,20240930,2024-09-30,1,5000000,3750000.0
102,871,20240930,2024-09-30,1,5000000,3750000.0
754,2176,20240930,2024-09-30,1,5000000,3750000.0
965,302,20240930,2024-09-30,1,5000000,3750000.0
988,1422,20240930,2024-09-30,2,5000000,3625000.0
795,1233,20240930,2024-09-30,1,5000000,3750000.0
1139,1672,20240930,2024-09-30,1,5000000,3750000.0
1356,69,20240930,2024-09-30,1,5000000,3750000.0
988,160,20240930,2024-09-30,1,5000000,3750000.0
1055,400,20240930,2024-09-30,1,5000000,3750000.0
702,1266,20240930,2024-09-30,1,5000000,3750000.0
552,47,20240930,2024-09-30,1,5000000,3750000.0
805,891,20240930,2024-09-30,1,5000000,3750000.0
585,201,20240930,2024-09-30,1,5000000,3750000.0
795,406,20240930,2024-09-30,1,5000000,3750000.0
982,268,20240930,2024-09-30,1,5000000,3750000.0
795,1985,20240930,2024-09-30,1,5000000,3750000.0
963,1360,20240930,2024-09-30,1,5000000,3750000.0
1216,1836,20240930,2024-09-30,2,5000000,3687500.0
479,53,20240930,2024-09-30,1,5000000,3750000.0
584,1928,20240930,2024-09-30,1,5000000,3750000.0
1216,351,20240930,2024-09-30,1,5000000,3750000.0
1223,2006,20240930,2024-09-30,1,5000000,3750000.0
309,967,20240930,2024-09-30,2,5000000,3725000.0
522,1366,20240930,2024-09-30,2,5000000,3687500.0
963,1618,20240930,2024-09-30,1,5000000,3750000.0
618,2349,20240930,2024-09-30,1,5000000,3750000.0
274,2330,20240930,2024-09-30,1,5000000,3750000.0
929,2277,20240930,2024-09-30,1,5000000,2600000.0
305,930,20240930,2024-09-30,1,5000000,4500000.0
1142,32,20240930,2024-09-30,1,5000000,3750000.0
1424,697,20240930,2024-09-30,1,5000000,3750000.0
121,1969,20240930,2024-09-30,1,5000000,3750000.0
209,2020,20240930,2024-09-30,1,5000000,3750000.0
477,164,20240930,2024-09-30,1,5000000,3750000.0
561,226,20240930,2024-09-30,1,5000000,3750000.0
666,1468,20240930,2024-09-30,1,5000000,3750000.0
795,1826,20240930,2024-09-30,1,5000000,3750000.0
1356,236,20240930,2024-09-30,1,5000000,3750000.0
49,2090,20240930,2024-09-30,1,5000000,3750000.0
197,2023,20240930,2024-09-30,1,5000000,3750000.0
436,170,20240930,2024-09-30,1,5000000,3750000.0
520,1460,20240930,2024-09-30,1,5000000,3750000.0
1000,1980,20240930,2024-09-30,1,5000000,3750000.0
963,1641,20240930,2024-09-30,1,5000000,3750000.0
10,2273,20240930,2024-09-30,1,5000000,3750000.0
1407,1491,20240930,2024-09-30,1,5000000,3750000.0
1216,1830,20240930,2024-09-30,1,5000000,3750000.0
465,1392,20240930,2024-09-30,1,5000000,3750000.0
905,1851,20240930,2024-09-30,1,5000000,3750000.0
905,154,20240930,2024-09-30,1,5000000,3750000.0
109,2118,20240930,2024-09-30,1,5000000,3750000.0
618,632,20240930,2024-09-30,1,5000000,3750000.0
239,57,20240930,2024-09-30,1,5000000,3750000.0
170,1236,20240930,2024-09-30,1,5000000,3750000.0
197,2309,20240930,2024-09-30,1,5000000,3750000.0
522,1510,20240930,2024-09-30,1,5000000,3750000.0
795,632,20240930,2024-09-30,1,5000000,3750000.0
202,175,20240930,2024-09-30,1,5000000,3750000.0
316,353,20240930,2024-09-30,1,5000000,3750000.0
809,1421,20240930,2024-09-30,1,5000000,3750000.0
1020,138,20240930,2024-09-30,1,5000000,3750000.0
1177,236,20240930,2024-09-30,1,5000000,3750000.0
520,353,20240930,2024-09-30,1,5000000,3750000.0
170,39,20240930,2024-09-30,2,5000000,3700000.0
795,2099,20240930,2024-09-30,1,5000000,3750000.0
864,151,20240930,2024-09-30,1,5000000,3750000.0
991,1379,20240930,2024-09-30,1,5000000,2307500.0
618,2165,20240930,2024-09-30,1,5000000,3750000.0
984,1052,20240930,2024-09-30,1,5000000,3750000.0
795,2173,20240930,2024-09-30,1,5000000,3750000.0
963,978,20240930,2024-09-30,1,5000000,3750000.0
1106,135,20240930,2024-09-30,1,5000000,3750000.0
1357,1378,20240930,2024-09-30,1,5000000,2850000.0
197,687,20240930,2024-09-30,2,5000000,3712500.0
235,2275,20240930,2024-09-30,1,5000000,3750000.0
666,883,20240930,2024-09-30,1,5000000,3750000.0
1424,2032,20240930,2024-09-30,1,5000000,3750000.0
316,332,20240930,2024-09-30,1,5000000,3750000.0
407,1707,20240930,2024-09-30,1,5000000,3750000.0
481,157,20240930,2024-09-30,1,5000000,3750000.0
865,1634,20240930,2024-09-30,1,5000000,3750000.0
197,151,20240930,2024-09-30,1,5000000,3750000.0
434,2315,20240930,2024-09-30,1,5000000,3750000.0
380,1118,20240930,2024-09-30,1,5000000,3750000.0
429,293,20240930,2024-09-30,1,5000000,3750000.0
587,252,20240930,2024-09-30,1,5000000,3750000.0
795,126,20240930,2024-09-30,2,5000000,3625000.0
1217,1973,20240930,2024-09-30,1,5000000,3750000.0
721,2005,20240930,2024-09-30,1,5000000,3750000.0
618,1573,20240930,2024-09-30,1,5000000,3750000.0
795,145,20240930,2024-09-30,1,5000000,3750000.0
1386,1488,20240930,2024-09-30,2,5000000,3750000.0
462,1510,20240930,2024-09-30,1,5000000,3750000.0
963,1984,20240930,2024-09-30,1,5000000,3750000.0
462,1561,20240930,2024-09-30,2,5000000,3675000.0
618,1848,20240930,2024-09-30,1,5000000,3750000.0
1407,1463,20240930,2024-09-30,1,5000000,3750000.0
651,1634,20240930,2024-09-30,1,5000000,3750000.0
795,2268,20240930,2024-09-30,1,5000000,3750000.0
905,172,20240930,2024-09-30,1,5000000,3750000.0
1217,2066,20240930,2024-09-30,1,5000000,3750000.0
951,361,20240930,2024-09-30,1,5000000,3750000.0
618,1529,20240930,2024-09-30,1,5000000,3750000.0
1139,1522,20240930,2024-09-30,1,5000000,3750000.0
429,303,20240930,2024-09-30,1,5000000,3750000.0
522,837,20240930,2024-09-30,1,5000000,3750000.0
1072,332,20240930,2024-09-30,1,5000000,3750000.0
522,2149,20240930,2024-09-30,1,5000000,3750000.0
636,2097,20240930,2024-09-30,1,5000000,3750000.0
860,925,20240930,2024-09-30,1,5000000,3750000.0
875,2279,20240930,2024-09-30,1,5000000,3750000.0
666,1947,20240930,2024-09-30,1,5000000,3750000.0
795,1542,20240930,2024-09-30,1,5000000,3750000.0
45,1424,20240930,2024-09-30,1,5000000,3750000.0
618,1832,20240930,2024-09-30,1,5000000,3750000.0
795,2355,20240930,2024-09-30,1,5000000,3750000.0
180,1325,20240930,2024-09-30,1,5000000,3750000.0
235,2341,20240930,2024-09-30,1,5000000,3750000.0
520,1693,20240930,2024-09-30,1,5000000,3750000.0
167,997,20240930,2024-09-30,1,5000000,2465000.0
235,2265,20240930,2024-09-30,1,5000000,3750000.0
618,1724,20240930,2024-09-30,1,5000000,3750000.0
1356,1466,20240930,2024-09-30,1,5000000,3750000.0
795,2327,20240930,2024-09-30,1,5000000,3750000.0
235,2209,20240930,2024-09-30,1,5000000,3750000.0
462,278,20240930,2024-09-30,1,5000000,3750000.0
795,2058,20240930,2024-09-30,1,5000000,3750000.0
1072,382,20240930,2024-09-30,1,5000000,3750000.0
1195,2272,20240930,2024-09-30,1,5000000,3750000.0
860,160,20240930,2024-09-30,1,5000000,3750000.0
462,201,20240930,2024-09-30,1,5000000,3750000.0
1059,300,20240930,2024-09-30,2,5000000,3750000.0
721,1714,20240930,2024-09-30,1,5000000,3750000.0
666,1257,20240930,2024-09-30,1,5000000,3750000.0
963,1968,20240930,2024-09-30,1,5000000,3750000.0
1139,1424,20240930,2024-09-30,1,5000000,3750000.0
324,335,20240930,2024-09-30,1,5000000,3750000.0
754,2206,20240930,2024-09-30,1,5000000,3750000.0
1207,163,20240930,2024-09-30,1,5000000,3750000.0
666,652,20240930,2024-09-30,1,5000000,3750000.0
584,1236,20240930,2024-09-30,1,5000000,3750000.0
235,131,20240930,2024-09-30,1,5000000,3750000.0
479,2001,20240930,2024-09-30,2,5000000,3700000.0
1386,280,20240930,2024-09-30,1,5000000,3750000.0
899,146,20240930,2024-09-30,1,5000000,3750000.0
316,186,20240930,2024-09-30,1,5000000,3750000.0
860,308,20240930,2024-09-30,1,5000000,3750000.0
1216,1235,20240930,2024-09-30,1,5000000,3750000.0
102,218,20240930,2024-09-30,1,5000000,3750000.0
662,122,20240930,2024-09-30,1,5000000,3750000.0
795,1458,20240930,2024-09-30,1,5000000,3750000.0
104,939,20240930,2024-09-30,2,5000000,3750000.0
795,823,20240930,2024-09-30,3,5000000,3750000.0
858,1820,20240930,2024-09-30,1,5000000,3750000.0
1364,545,20240930,2024-09-30,1,5000000,3750000.0
353,1390,20240930,2024-09-30,1,5000000,3750000.0
430,83,20240930,2024-09-30,1,5000000,3750000.0
1342,2341,20240930,2024-09-30,1,5000000,3750000.0
795,2012,20240930,2024-09-30,1,5000000,3750000.0
429,626,20240930,2024-09-30,1,5000000,3750000.0
618,186,20240930,2024-09-30,1,5000000,3750000.0
905,679,20240930,2024-09-30,1,5000000,3750000.0
1316,309,20240930,2024-09-30,1,5000000,3750000.0
393,1464,20240930,2024-09-30,2,4999100,3749325.0
618,1516,20240930,2024-09-30,2,4999000,3749250.0
442,666,20240930,2024-09-30,1,4998900,3749175.0
522,155,20240930,2024-09-30,1,4998000,3748500.0
512,1981,20240930,2024-09-30,1,4997500,3748125.0
522,965,20240930,2024-09-30,2,4997000,3642750.0
1356,314,20240930,2024-09-30,2,4995200,3746400.0
618,573,20240930,2024-09-30,2,4995000,3746250.0
454,328,20240930,2024-09-30,1,4995000,3746250.0
109,361,20240930,2024-09-30,7,4987800,3142075.0
1226,1977,20240930,2024-09-30,4,4985400,3739050.0
163,1480,20240930,2024-09-30,36,4982500,4235125.0
1295,161,20240930,2024-09-30,13,4981600,3673700.0
795,2158,20240930,2024-09-30,4,4975000,3731250.0
859,52,20240930,2024-09-30,1,4975000,3731250.0
1295,1521,20240930,2024-09-30,29,4971300,3465625.0
783,233,20240930,2024-09-30,1,4971000,3728250.0
1219,866,20240930,2024-09-30,38,4969900,2984950.0
977,1985,20240930,2024-09-30,2,4969000,3601750.0
235,1148,20240930,2024-09-30,1,4968500,3726375.0
1139,2315,20240930,2024-09-30,1,4967000,3725250.0
1454,1719,20240930,2024-09-30,6,4960000,3595000.0
477,285,20240930,2024-09-30,1,4958800,3719100.0
905,2220,20240930,2024-09-30,5,4956000,3724500.0
1411,2019,20240930,2024-09-30,1,4950000,3712500.0
1061,1719,20240930,2024-09-30,2,4950000,3727500.0
462,976,20240930,2024-09-30,2,4950000,3662500.0
1139,1719,20240930,2024-09-30,1,4950000,3712500.0
951,1122,20240930,2024-09-30,2,4948300,3623725.0
393,1389,20240930,2024-09-30,4,4948000,3683500.0
1295,918,20240930,2024-09-30,1,4947000,3710250.0
726,2006,20240930,2024-09-30,6,4947000,3730050.0
567,685,20240930,2024-09-30,1,4945000,3708750.0
92,1554,20240930,2024-09-30,1,4942800,3707100.0
285,130,20240930,2024-09-30,3,4937000,3702750.0
618,672,20240930,2024-09-30,1,4932000,3699000.0
462,2360,20240930,2024-09-30,3,4929300,3552725.0
52,981,20240930,2024-09-30,4,4929000,2333910.0
209,2097,20240930,2024-09-30,10,4925000,3706250.0
1390,2006,20240930,2024-09-30,14,4924000,3850500.0
1093,861,20240930,2024-09-30,20,4918200,3430840.0
305,2368,20240930,2024-09-30,1,4917000,4425300.0
795,697,20240930,2024-09-30,3,4915000,3636250.0
45,157,20240930,2024-09-30,5,4908000,3593500.0
988,458,20240930,2024-09-30,2,4908000,3568500.0
126,1249,20240930,2024-09-30,3,4907000,3680250.0
235,1338,20240930,2024-09-30,4,4903200,3690820.0
403,165,20240930,2024-09-30,5,4900000,3685200.0
587,1394,20240930,2024-09-30,1,4900000,3675000.0
316,211,20240930,2024-09-30,1,4900000,3675000.0
1065,1378,20240930,2024-09-30,19,4899100,3725175.0
197,816,20240930,2024-09-30,4,4895000,3496250.0
232,810,20240930,2024-09-30,6,4892000,3586875.0
180,1004,20240930,2024-09-30,9,4884900,3491875.0
657,2079,20240930,2024-09-30,4,4878000,3658500.0
784,170,20240930,2024-09-30,14,4877200,3766330.0
1173,160,20240930,2024-09-30,3,4875000,3656250.0
905,865,20240930,2024-09-30,10,4875000,3708750.0
170,1921,20240930,2024-09-30,1,4874000,3655500.0
671,166,20240930,2024-09-30,2,4873400,3655050.0
121,2268,20240930,2024-09-30,3,4872500,3646875.0
582,2351,20240930,2024-09-30,2,4872000,3654000.0
584,1300,20240930,2024-09-30,3,4870000,3477500.0
126,1274,20240930,2024-09-30,1,4866000,3503520.0
309,2101,20240930,2024-09-30,1,4865100,3648825.0
1059,1390,20240930,2024-09-30,8,4865000,3648750.0
1034,170,20240930,2024-09-30,4,4864000,3648000.0
109,545,20240930,2024-09-30,10,4863500,3056875.0
393,1274,20240930,2024-09-30,5,4860800,3495600.0
235,130,20240930,2024-09-30,8,4857200,3705900.0
1116,122,20240930,2024-09-30,2,4857000,3642750.0
664,269,20240930,2024-09-30,7,4854900,3516175.0
1401,1704,20240930,2024-09-30,6,4850000,3575000.0
1065,488,20240930,2024-09-30,1,4850000,3637500.0
795,5,20240930,2024-09-30,2,4850000,3575000.0
587,1389,20240930,2024-09-30,1,4849000,3636750.0
1362,169,20240930,2024-09-30,9,4845500,3582850.0
618,593,20240930,2024-09-30,1,4842000,3631500.0
1466,124,20240930,2024-09-30,5,4841800,3615100.0
795,2277,20240930,2024-09-30,2,4841500,3631125.0
1466,122,20240930,2024-09-30,17,4841200,3580400.0
228,252,20240930,2024-09-30,1,4840000,3630000.0
808,1389,20240930,2024-09-30,3,4840000,3630000.0
1357,263,20240930,2024-09-30,2,4836900,3627675.0
1411,268,20240930,2024-09-30,2,4835300,3626475.0
170,163,20240930,2024-09-30,2,4835000,3501250.0
479,130,20240930,2024-09-30,2,4833700,3625275.0
952,761,20240930,2024-09-30,1,4832000,3624000.0
96,1634,20240930,2024-09-30,9,4830400,3638950.0
905,302,20240930,2024-09-30,13,4830000,3622500.0
1295,593,20240930,2024-09-30,57,4828300,3349015.0
170,298,20240930,2024-09-30,4,4828000,3571000.0
795,2043,20240930,2024-09-30,1,4825000,3618750.0
671,155,20240930,2024-09-30,3,4815800,3611850.0
742,1396,20240930,2024-09-30,10,4814800,3398600.0
522,1269,20240930,2024-09-30,2,4811000,3558250.0
657,1948,20240930,2024-09-30,2,4810000,3607500.0
1295,1985,20240930,2024-09-30,4,4809000,3475500.0
742,1480,20240930,2024-09-30,29,4806000,2403000.0
988,2125,20240930,2024-09-30,1,4805000,3603750.0
1219,1819,20240930,2024-09-30,8,4804500,3569625.0
726,214,20240930,2024-09-30,3,4804000,3603000.0
664,1953,20240930,2024-09-30,1,4802600,3601950.0
1264,977,20240930,2024-09-30,2,4801000,3600750.0
197,1948,20240930,2024-09-30,4,4800000,3537500.0
945,1599,20240930,2024-09-30,1,4800000,3600000.0
1427,2118,20240930,2024-09-30,1,4800000,3600000.0
618,247,20240930,2024-09-30,1,4800000,3600000.0
795,175,20240930,2024-09-30,1,4800000,3600000.0
1021,1834,20240930,2024-09-30,3,4793000,3519750.0
1065,1943,20240930,2024-09-30,2,4793000,3599750.0
1295,286,20240930,2024-09-30,17,4793000,3469750.0
1435,1867,20240930,2024-09-30,2,4790200,3592650.0
838,370,20240930,2024-09-30,1,4790000,3592500.0
197,1813,20240930,2024-09-30,1,4790000,3592500.0
510,2069,20240930,2024-09-30,2,4780000,3585000.0
237,1977,20240930,2024-09-30,1,4775000,3581250.0
416,2079,20240930,2024-09-30,3,4774200,3580650.0
643,722,20240930,2024-09-30,2,4772000,3579000.0
795,1051,20240930,2024-09-30,1,4770000,2385000.0
352,697,20240930,2024-09-30,8,4765300,3386475.0
1274,1867,20240930,2024-09-30,17,4765000,3623280.0
795,1162,20240930,2024-09-30,1,4757000,3567750.0
601,211,20240930,2024-09-30,2,4756000,3567000.0
1467,2048,20240930,2024-09-30,1,4755000,3566250.0
468,541,20240930,2024-09-30,10,4751000,3313250.0
479,1672,20240930,2024-09-30,2,4750000,3562500.0
1357,161,20240930,2024-09-30,1,4750000,3562500.0
818,1464,20240930,2024-09-30,43,4749500,3228525.0
102,146,20240930,2024-09-30,3,4746000,3559500.0
1295,2368,20240930,2024-09-30,15,4742900,3437475.0
618,1251,20240930,2024-09-30,2,4741000,3555750.0
974,2246,20240930,2024-09-30,1,4739000,3554250.0
292,2311,20240930,2024-09-30,2,4735500,3551625.0
434,1919,20240930,2024-09-30,1,4734500,3550875.0
682,2006,20240930,2024-09-30,5,4734000,4235000.0
972,978,20240930,2024-09-30,3,4732800,3549600.0
905,516,20240930,2024-09-30,7,4730000,3576000.0
1237,188,20240930,2024-09-30,1,4725200,3543900.0
838,1977,20240930,2024-09-30,2,4725000,3543750.0
795,316,20240930,2024-09-30,1,4725000,3543750.0
1219,1243,20240930,2024-09-30,2,4724000,3537000.0
1417,635,20240930,2024-09-30,2,4720000,3415000.0
1295,368,20240930,2024-09-30,2,4716000,3512000.0
795,199,20240930,2024-09-30,6,4709000,3513000.0
1065,2255,20240930,2024-09-30,3,4707500,3530625.0
313,157,20240930,2024-09-30,3,4700000,3525000.0
1219,1417,20240930,2024-09-30,1,4700000,3525000.0
1139,677,20240930,2024-09-30,1,4694500,3520875.0
170,1389,20240930,2024-09-30,4,4690000,3430000.0
145,68,20240930,2024-09-30,7,4681400,3422925.0
865,144,20240930,2024-09-30,1,4680000,3510000.0
522,1981,20240930,2024-09-30,4,4679000,4034100.0
1295,1435,20240930,2024-09-30,16,4678400,3423800.0
1163,1888,20240930,2024-09-30,4,4676200,3527150.0
905,238,20240930,2024-09-30,8,4675000,3506250.0
1435,1242,20240930,2024-09-30,1,4674500,3505875.0
702,1274,20240930,2024-09-30,4,4672000,3504000.0
1295,863,20240930,2024-09-30,11,4671000,3449500.0
775,2048,20240930,2024-09-30,2,4667400,3500550.0
522,2136,20240930,2024-09-30,1,4667000,3500250.0
228,122,20240930,2024-09-30,3,4665000,3373750.0
92,1398,20240930,2024-09-30,2,4663600,3497700.0
380,1189,20240930,2024-09-30,2,4663500,3497625.0
601,2118,20240930,2024-09-30,4,4658300,3493725.0
1065,1389,20240930,2024-09-30,12,4658000,3532600.0
1295,1546,20240930,2024-09-30,19,4657900,3332735.0
522,309,20240930,2024-09-30,2,4656000,3429500.0
1027,2079,20240930,2024-09-30,11,4655200,3331400.0
1409,261,20240930,2024-09-30,3,4655000,3491250.0
444,250,20240930,2024-09-30,1,4654500,3490875.0
25,122,20240930,2024-09-30,7,4653400,3427550.0
795,335,20240930,2024-09-30,2,4653000,3489750.0
109,1274,20240930,2024-09-30,12,4651300,2762050.0
479,1977,20240930,2024-09-30,4,4650200,3061386.0
197,1148,20240930,2024-09-30,2,4650000,3362500.0
666,293,20240930,2024-09-30,16,4650000,3502500.0
905,339,20240930,2024-09-30,4,4650000,3502500.0
209,157,20240930,2024-09-30,16,4650000,3509000.0
685,1004,20240930,2024-09-30,9,4647900,3448425.0
1161,1161,20240930,2024-09-30,1,4647000,3485250.0
170,262,20240930,2024-09-30,2,4645000,3358750.0
834,1719,20240930,2024-09-30,7,4644000,3433000.0
951,939,20240930,2024-09-30,2,4642100,3406575.0
818,236,20240930,2024-09-30,6,4641000,3232000.0
52,988,20240930,2024-09-30,3,4635000,3351250.0
1362,158,20240930,2024-09-30,12,4633400,3228450.0
309,303,20240930,2024-09-30,2,4633200,3349900.0
1362,177,20240930,2024-09-30,20,4631300,3327475.0
109,1692,20240930,2024-09-30,1,4627700,3470775.0
671,1396,20240930,2024-09-30,1,4627600,3470700.0
405,865,20240930,2024-09-30,38,4625500,2916250.0
860,659,20240930,2024-09-30,2,4625500,3469125.0
436,2118,20240930,2024-09-30,1,4625000,3468750.0
235,2320,20240930,2024-09-30,2,4625000,3472050.0
479,1662,20240930,2024-09-30,2,4621200,3378400.0
905,314,20240930,2024-09-30,14,4619000,3467000.0
235,2268,20240930,2024-09-30,6,4616600,3492450.0
860,2343,20240930,2024-09-30,1,4615000,3461250.0
1116,201,20240930,2024-09-30,2,4614000,3460500.0
1217,164,20240930,2024-09-30,1,4613400,3460050.0
235,247,20240930,2024-09-30,1,4613000,3459750.0
491,293,20240930,2024-09-30,2,4608700,3456525.0
180,999,20240930,2024-09-30,2,4606000,3454500.0
479,628,20240930,2024-09-30,1,4604500,3453375.0
963,157,20240930,2024-09-30,6,4604000,3453000.0
1295,1466,20240930,2024-09-30,6,4601000,3400750.0
1065,1812,20240930,2024-09-30,3,4600000,3460000.0
25,2329,20240930,2024-09-30,2,4600000,3840000.0
851,201,20240930,2024-09-30,1,4600000,3450000.0
795,1620,20240930,2024-09-30,1,4600000,3450000.0
582,1153,20240930,2024-09-30,2,4600000,3450000.0
510,146,20240930,2024-09-30,2,4599000,3449250.0
1295,170,20240930,2024-09-30,16,4596500,3357375.0
742,1948,20240930,2024-09-30,20,4595000,2870175.0
197,595,20240930,2024-09-30,4,4587500,3315625.0
767,293,20240930,2024-09-30,5,4585800,3444350.0
309,939,20240930,2024-09-30,2,4585300,3438975.0
1065,2083,20240930,2024-09-30,24,4577700,3520975.0
665,170,20240930,2024-09-30,1,4576000,3432000.0
795,2272,20240930,2024-09-30,3,4575000,3356250.0
795,291,20240930,2024-09-30,4,4575000,3231250.0
905,1926,20240930,2024-09-30,10,4570000,3471250.0
951,545,20240930,2024-09-30,2,4569500,3302125.0
51,2006,20240930,2024-09-30,2,4568400,3426300.0
951,549,20240930,2024-09-30,1,4566300,3424725.0
420,2001,20240930,2024-09-30,1,4565000,3423750.0
945,217,20240930,2024-09-30,5,4563100,3436725.0
302,302,20240930,2024-09-30,6,4563100,3539100.0
109,2097,20240930,2024-09-30,12,4562300,2935425.0
1435,988,20240930,2024-09-30,4,4560700,3413025.0
1356,883,20240930,2024-09-30,2,4558900,3944175.0
458,722,20240930,2024-09-30,7,4555200,3262650.0
235,1662,20240930,2024-09-30,5,4552500,3429375.0
109,286,20240930,2024-09-30,8,4552500,2931750.0
1436,1511,20240930,2024-09-30,2,4550500,3412875.0
434,293,20240930,2024-09-30,1,4550000,3412500.0
905,1886,20240930,2024-09-30,2,4550000,3350000.0
579,1981,20240930,2024-09-30,6,4546600,3372450.0
235,593,20240930,2024-09-30,4,4545000,3429850.0
1411,1981,20240930,2024-09-30,5,4543600,3407700.0
1142,335,20240930,2024-09-30,2,4541000,3405750.0
671,541,20240930,2024-09-30,7,4534500,3400875.0
795,1243,20240930,2024-09-30,4,4531000,3406250.0
905,1391,20240930,2024-09-30,10,4530000,3417500.0
380,302,20240930,2024-09-30,6,4528500,3296375.0
974,541,20240930,2024-09-30,3,4520000,3390000.0
795,2016,20240930,2024-09-30,1,4515000,3386250.0
1072,1977,20240930,2024-09-30,1,4514500,3385875.0
1295,1467,20240930,2024-09-30,12,4512600,3276950.0
1219,260,20240930,2024-09-30,29,4511500,2964875.0
818,254,20240930,2024-09-30,31,4510400,3176600.0
838,335,20240930,2024-09-30,1,4510000,3382500.0
393,293,20240930,2024-09-30,4,4509500,3369625.0
1072,341,20240930,2024-09-30,1,4509000,3381750.0
1435,166,20240930,2024-09-30,14,4508400,3336300.0
419,1672,20240930,2024-09-30,6,4503000,3377250.0
795,334,20240930,2024-09-30,2,4500000,3337500.0
465,1477,20240930,2024-09-30,1,4500000,3375000.0
416,2112,20240930,2024-09-30,1,4500000,3375000.0
916,1277,20240930,2024-09-30,1,4500000,3375000.0
1134,1832,20240930,2024-09-30,1,4500000,3375000.0
429,616,20240930,2024-09-30,2,4500000,3375000.0
988,176,20240930,2024-09-30,2,4500000,3282500.0
205,1294,20240930,2024-09-30,1,4500000,3375000.0
725,545,20240930,2024-09-30,1,4492000,3369000.0
795,1839,20240930,2024-09-30,2,4490000,3317500.0
352,1072,20240930,2024-09-30,2,4488200,1570870.0
963,388,20240930,2024-09-30,1,4485000,3363750.0
1356,293,20240930,2024-09-30,1,4485000,3363750.0
1424,1948,20240930,2024-09-30,6,4483400,3377550.0
45,146,20240930,2024-09-30,4,4480200,3287650.0
109,1968,20240930,2024-09-30,5,4475600,3063450.0
109,160,20240930,2024-09-30,15,4474100,2407050.0
671,361,20240930,2024-09-30,6,4472400,3354300.0
584,164,20240930,2024-09-30,4,4472000,3279000.0
522,1822,20240930,2024-09-30,2,4471000,3228250.0
197,560,20240930,2024-09-30,4,4470000,3352500.0
988,2006,20240930,2024-09-30,2,4470000,3352500.0
988,810,20240930,2024-09-30,1,4465000,3348750.0
618,130,20240930,2024-09-30,1,4465000,3348750.0
791,1679,20240930,2024-09-30,2,4465000,3348750.0
838,278,20240930,2024-09-30,1,4461500,3346125.0
643,564,20240930,2024-09-30,1,4460000,3345000.0
272,978,20240930,2024-09-30,2,4459000,3344250.0
742,130,20240930,2024-09-30,14,4454800,2836600.0
1217,593,20240930,2024-09-30,1,4452600,3339450.0
905,1118,20240930,2024-09-30,6,4450000,3345000.0
353,1480,20240930,2024-09-30,3,4450000,3337500.0
580,128,20240930,2024-09-30,1,4450000,3337500.0
795,732,20240930,2024-09-30,2,4450000,3275000.0
429,1811,20240930,2024-09-30,1,4450000,3337500.0
1454,254,20240930,2024-09-30,6,4448000,3336000.0
109,1383,20240930,2024-09-30,7,4443300,3106175.0
905,176,20240930,2024-09-30,9,4440000,3367500.0
795,2003,20240930,2024-09-30,2,4439000,3329250.0
209,2035,20240930,2024-09-30,1,4438100,3328575.0
163,163,20240930,2024-09-30,25,4435300,3612605.0
121,329,20240930,2024-09-30,2,4432000,3324000.0
1295,764,20240930,2024-09-30,25,4428700,3065825.0
1440,930,20240930,2024-09-30,3,4428200,3096150.0
708,961,20240930,2024-09-30,5,4428100,3248445.0
519,1300,20240930,2024-09-30,2,4428000,3196000.0
102,1992,20240930,2024-09-30,2,4427000,3320250.0
434,1378,20240930,2024-09-30,2,4426000,3319500.0
905,1379,20240930,2024-09-30,10,4425000,3342500.0
420,1366,20240930,2024-09-30,1,4423900,3317925.0
1065,280,20240930,2024-09-30,21,4420800,3371300.0
1163,256,20240930,2024-09-30,3,4419000,3329250.0
420,761,20240930,2024-09-30,1,4417500,3313125.0
522,949,20240930,2024-09-30,5,4414000,3310500.0
1065,2001,20240930,2024-09-30,2,4410000,3307500.0
228,1389,20240930,2024-09-30,1,4410000,3307500.0
1435,1977,20240930,2024-09-30,18,4409600,3244700.0
665,1424,20240930,2024-09-30,4,4408000,3321000.0
803,1822,20240930,2024-09-30,1,4407100,3305325.0
305,331,20240930,2024-09-30,1,4406000,3304500.0
95,163,20240930,2024-09-30,1,4403600,1609956.16
905,837,20240930,2024-09-30,2,4400000,3300000.0
643,2036,20240930,2024-09-30,1,4400000,3300000.0
316,321,20240930,2024-09-30,1,4400000,3300000.0
1424,335,20240930,2024-09-30,1,4400000,3300000.0
1362,183,20240930,2024-09-30,36,4392400,2926850.0
38,805,20240930,2024-09-30,8,4390200,3148980.0
1065,2158,20240930,2024-09-30,23,4388800,3383380.0
235,1992,20240930,2024-09-30,6,4388500,3320075.0
726,2083,20240930,2024-09-30,3,4387500,3300625.0
795,2394,20240930,2024-09-30,1,4387000,3290250.0
1038,1719,20240930,2024-09-30,1,4382400,3286800.0
1390,170,20240930,2024-09-30,3,4382000,3286500.0
1173,143,20240930,2024-09-30,3,4381000,3285750.0
1219,1822,20240930,2024-09-30,13,4380600,3204500.0
1454,1693,20240930,2024-09-30,10,4379300,3134475.0
1295,201,20240930,2024-09-30,27,4379100,3121275.0
905,1827,20240930,2024-09-30,2,4375000,3288750.0
1362,997,20240930,2024-09-30,17,4371900,3156175.0
795,183,20240930,2024-09-30,4,4370000,3277500.0
121,1977,20240930,2024-09-30,11,4370000,2981250.0
1445,125,20240930,2024-09-30,2,4369000,3276750.0
170,261,20240930,2024-09-30,4,4367000,3256500.0
666,697,20240930,2024-09-30,2,4365800,3274350.0
1219,1380,20240930,2024-09-30,41,4363100,2523050.0
240,659,20240930,2024-09-30,5,4360800,3246600.0
1027,1948,20240930,2024-09-30,12,4360400,3045300.0
305,465,20240930,2024-09-30,2,4360000,3270000.0
1362,166,20240930,2024-09-30,13,4354400,3398925.0
983,1926,20240930,2024-09-30,1,4350000,3262500.0
659,290,20240930,2024-09-30,3,4350000,3262500.0
905,593,20240930,2024-09-30,10,4350000,3281250.0
197,1691,20240930,2024-09-30,1,4350000,3262500.0
795,1380,20240930,2024-09-30,1,4350000,3262500.0
121,1968,20240930,2024-09-30,3,4349700,3262275.0
1435,186,20240930,2024-09-30,11,4344900,3227425.0
393,1249,20240930,2024-09-30,4,4343600,3220200.0
1441,157,20240930,2024-09-30,3,4340000,3255000.0
857,1122,20240930,2024-09-30,4,4338000,3253500.0
274,2296,20240930,2024-09-30,8,4336500,3214875.0
671,130,20240930,2024-09-30,5,4334000,3250500.0
550,1004,20240930,2024-09-30,8,4331000,3210750.0
34,300,20240930,2024-09-30,3,4330000,3247500.0
170,1898,20240930,2024-09-30,2,4330000,3122500.0
540,1236,20240930,2024-09-30,1,4325000,3243750.0
285,122,20240930,2024-09-30,7,4321100,3240825.0
239,163,20240930,2024-09-30,2,4320000,3240000.0
721,157,20240930,2024-09-30,1,4320000,3240000.0
396,1033,20240930,2024-09-30,7,4316700,3200025.0
818,883,20240930,2024-09-30,45,4316100,2620585.0
1065,595,20240930,2024-09-30,2,4315500,3236625.0
1300,1992,20240930,2024-09-30,1,4314000,3235500.0
264,146,20240930,2024-09-30,9,4312900,3249675.0
1362,606,20240930,2024-09-30,5,4311800,3226100.0
1219,1847,20240930,2024-09-30,7,4309000,3174250.0
1362,265,20240930,2024-09-30,3,4308900,3194175.0
170,1437,20240930,2024-09-30,3,4306000,3229500.0
1065,1656,20240930,2024-09-30,2,4300000,3225000.0
988,882,20240930,2024-09-30,2,4300000,3100000.0
905,2131,20240930,2024-09-30,6,4300000,3225000.0
522,1477,20240930,2024-09-30,2,4300000,3162500.0
1295,772,20240930,2024-09-30,2,4300000,3150000.0
1065,2010,20240930,2024-09-30,1,4300000,3225000.0
1436,2220,20240930,2024-09-30,2,4300000,3100000.0
618,1243,20240930,2024-09-30,1,4300000,3225000.0
375,286,20240930,2024-09-30,3,4300000,3125000.0
109,235,20240930,2024-09-30,8,4294400,2633300.0
988,300,20240930,2024-09-30,5,4292500,3069375.0
1435,1422,20240930,2024-09-30,3,4292000,3215250.0
827,163,20240930,2024-09-30,2,4292000,3219000.0
462,949,20240930,2024-09-30,5,4291000,2928625.0
795,57,20240930,2024-09-30,2,4290000,3217500.0
552,235,20240930,2024-09-30,1,4289600,3217200.0
479,157,20240930,2024-09-30,15,4289500,3299775.0
235,882,20240930,2024-09-30,3,4286000,3229500.0
510,568,20240930,2024-09-30,2,4285000,3213750.0
552,1977,20240930,2024-09-30,4,4283000,3232250.0
1085,2273,20240930,2024-09-30,5,4280900,3131925.0
552,533,20240930,2024-09-30,1,4280000,3210000.0
491,1573,20240930,2024-09-30,2,4270000,3202500.0
963,1665,20240930,2024-09-30,1,4270000,3202500.0
153,1033,20240930,2024-09-30,8,4269600,3144700.0
1210,1004,20240930,2024-09-30,21,4268000,2976750.0
617,2248,20240930,2024-09-30,1,4265000,3198750.0
1411,1290,20240930,2024-09-30,3,4263400,3187550.0
1362,1529,20240930,2024-09-30,26,4260800,2907250.0
1366,157,20240930,2024-09-30,1,4260000,3195000.0
905,286,20240930,2024-09-30,18,4256000,3178400.0
1445,1435,20240930,2024-09-30,2,4255700,3066775.0
1065,1496,20240930,2024-09-30,18,4252000,3241100.0
106,89,20240930,2024-09-30,1,4251600,3188700.0
1037,1477,20240930,2024-09-30,2,4250000,3187500.0
197,1968,20240930,2024-09-30,4,4250000,3187500.0
988,235,20240930,2024-09-30,2,4250000,3125000.0
552,1388,20240930,2024-09-30,1,4250000,3187500.0
767,946,20240930,2024-09-30,2,4250000,3112500.0
167,1051,20240930,2024-09-30,6,4245400,3046550.0
305,961,20240930,2024-09-30,7,4245400,3723490.0
479,2079,20240930,2024-09-30,8,4241200,3203050.0
905,424,20240930,2024-09-30,8,4240000,3145000.0
905,823,20240930,2024-09-30,12,4239000,3218000.0
420,1678,20240930,2024-09-30,1,4237000,3177750.0
1065,1388,20240930,2024-09-30,10,4233500,3203125.0
1357,2150,20240930,2024-09-30,1,4233000,3174750.0
905,864,20240930,2024-09-30,3,4232000,3174000.0
632,2397,20240930,2024-09-30,1,4231700,3173775.0
483,541,20240930,2024-09-30,7,4230700,2945870.0
110,961,20240930,2024-09-30,4,4230100,3172575.0
274,2309,20240930,2024-09-30,4,4228500,3120375.0
671,1662,20240930,2024-09-30,3,4228300,3171225.0
503,1516,20240930,2024-09-30,6,4227500,2596675.0
1466,164,20240930,2024-09-30,17,4227500,3075175.0
1435,123,20240930,2024-09-30,6,4227000,3162750.0
1065,130,20240930,2024-09-30,23,4226500,3210500.0
1065,302,20240930,2024-09-30,15,4217000,3203350.0
1021,2006,20240930,2024-09-30,1,4217000,3162750.0
1409,541,20240930,2024-09-30,6,4216000,3162000.0
522,556,20240930,2024-09-30,2,4215000,3036250.0
754,1372,20240930,2024-09-30,1,4213000,3159750.0
472,1817,20240930,2024-09-30,1,4210000,3789000.0
361,172,20240930,2024-09-30,11,4208000,2862375.0
988,595,20240930,2024-09-30,2,4207000,3092750.0
754,188,20240930,2024-09-30,12,4205100,3041825.0
795,1529,20240930,2024-09-30,4,4204000,2260750.0
1237,2006,20240930,2024-09-30,5,4203300,3152475.0
209,1992,20240930,2024-09-30,9,4201800,3151350.0
1386,355,20240930,2024-09-30,3,4200000,3150000.0
1139,1516,20240930,2024-09-30,1,4200000,3150000.0
1017,295,20240930,2024-09-30,3,4200000,3150000.0
1454,541,20240930,2024-09-30,1,4200000,3150000.0
121,186,20240930,2024-09-30,2,4200000,3150000.0
522,255,20240930,2024-09-30,2,4198000,3061000.0
614,1396,20240930,2024-09-30,3,4198000,3148500.0
123,492,20240930,2024-09-30,15,4197100,3098015.0
1217,2006,20240930,2024-09-30,3,4193500,3145125.0
1252,1464,20240930,2024-09-30,12,4193300,2871055.0
859,1249,20240930,2024-09-30,1,4190000,3142500.0
582,2384,20240930,2024-09-30,1,4190000,3142500.0
665,157,20240930,2024-09-30,7,4188000,3151000.0
434,2079,20240930,2024-09-30,3,4187000,3140250.0
974,1981,20240930,2024-09-30,4,4185000,3138750.0
1390,541,20240930,2024-09-30,7,4185000,3152750.0
1219,1384,20240930,2024-09-30,33,4178800,2486225.0
109,291,20240930,2024-09-30,7,4177700,2904850.0
1216,53,20240930,2024-09-30,3,4177300,3107975.0
997,2036,20240930,2024-09-30,5,4177200,3132900.0
905,1832,20240930,2024-09-30,8,4175000,3146250.0
795,2123,20240930,2024-09-30,2,4170000,3052500.0
665,217,20240930,2024-09-30,2,4165000,3123750.0
350,802,20240930,2024-09-30,2,4163200,3109900.0
371,367,20240930,2024-09-30,1,4162400,3121800.0
1386,122,20240930,2024-09-30,4,4160000,3120000.0
170,1691,20240930,2024-09-30,7,4160000,2982500.0
795,1466,20240930,2024-09-30,5,4154000,3125500.0
396,997,20240930,2024-09-30,3,4153500,1073275.0
818,2158,20240930,2024-09-30,29,4152100,2453325.0
479,687,20240930,2024-09-30,1,4151200,3113400.0
477,605,20240930,2024-09-30,2,4151000,1814920.0
1296,1692,20240930,2024-09-30,2,4150000,3075000.0
10,1276,20240930,2024-09-30,1,4150000,3112500.0
197,568,20240930,2024-09-30,1,4150000,3112500.0
795,492,20240930,2024-09-30,2,4145000,3108750.0
1384,161,20240930,2024-09-30,1,4145000,3108750.0
795,1676,20240930,2024-09-30,2,4145000,3108750.0
235,1690,20240930,2024-09-30,2,4145000,3123750.0
235,1468,20240930,2024-09-30,3,4143100,3122325.0
479,697,20240930,2024-09-30,9,4140500,3074125.0
1020,158,20240930,2024-09-30,4,4135000,3101250.0
808,1388,20240930,2024-09-30,6,4135000,3101250.0
702,1278,20240930,2024-09-30,3,4133400,3100050.0
1295,1634,20240930,2024-09-30,14,4133300,3037475.0
933,865,20240930,2024-09-30,1,4130000,3097500.0
121,69,20240930,2024-09-30,1,4130000,3097500.0
442,341,20240930,2024-09-30,1,4125500,3094125.0
754,1672,20240930,2024-09-30,19,4124500,2753375.0
420,1634,20240930,2024-09-30,1,4122900,3092175.0
472,170,20240930,2024-09-30,3,4122500,2966875.0
239,2161,20240930,2024-09-30,1,4120000,3090000.0
510,96,20240930,2024-09-30,2,4120000,3090000.0
95,1496,20240930,2024-09-30,1,4118500,3088875.0
274,1033,20240930,2024-09-30,1,4117000,3087750.0
479,164,20240930,2024-09-30,10,4112100,3116575.0
1216,322,20240930,2024-09-30,3,4111000,3058250.0
121,1946,20240930,2024-09-30,2,4105200,2389150.0
1362,564,20240930,2024-09-30,12,4105100,2910575.0
522,2184,20240930,2024-09-30,2,4105000,2953750.0
951,747,20240930,2024-09-30,2,4104900,2953675.0
1295,2315,20240930,2024-09-30,29,4104300,3053725.0
754,1451,20240930,2024-09-30,26,4102800,2436100.0
905,158,20240930,2024-09-30,6,4100000,3047500.0
618,1835,20240930,2024-09-30,1,4100000,3075000.0
898,516,20240930,2024-09-30,1,4100000,3075000.0
795,2008,20240930,2024-09-30,2,4100000,3075000.0
197,641,20240930,2024-09-30,1,4100000,3075000.0
1357,1269,20240930,2024-09-30,1,4100000,2665000.0
1357,130,20240930,2024-09-30,1,4100000,3690000.0
1424,1834,20240930,2024-09-30,1,4100000,3075000.0
212,157,20240930,2024-09-30,3,4098000,3073500.0
1386,1274,20240930,2024-09-30,4,4095000,3065000.0
552,1507,20240930,2024-09-30,2,4094500,2945875.0
775,865,20240930,2024-09-30,10,4091700,2943195.0
1000,2227,20240930,2024-09-30,1,4090100,3067575.0
197,1935,20240930,2024-09-30,4,4090000,2966250.0
1163,261,20240930,2024-09-30,18,4089500,3170975.0
795,1552,20240930,2024-09-30,1,4080000,3060000.0
258,1053,20240930,2024-09-30,5,4077000,2795250.0
579,1977,20240930,2024-09-30,4,4076200,3057150.0
1059,1391,20240930,2024-09-30,2,4075000,3056250.0
1065,1540,20240930,2024-09-30,4,4074400,3065300.0
30,202,20240930,2024-09-30,1,4064900,3048675.0
102,130,20240930,2024-09-30,2,4061000,3045750.0
834,1396,20240930,2024-09-30,2,4060000,2945000.0
951,2288,20240930,2024-09-30,3,4056300,2954725.0
1295,1228,20240930,2024-09-30,5,4056000,3025750.0
742,948,20240930,2024-09-30,4,4055600,2927950.0
447,2313,20240930,2024-09-30,3,4054000,3021750.0
1216,416,20240930,2024-09-30,3,4051000,2913250.0
102,423,20240930,2024-09-30,1,4051000,3038250.0
988,572,20240930,2024-09-30,2,4050000,2912500.0
905,303,20240930,2024-09-30,11,4050000,3062500.0
905,299,20240930,2024-09-30,6,4050000,3035000.0
1055,332,20240930,2024-09-30,1,4050000,3037500.0
197,968,20240930,2024-09-30,2,4050000,2912500.0
1390,146,20240930,2024-09-30,12,4049000,3150250.0
618,598,20240930,2024-09-30,1,4047700,3035775.0
522,260,20240930,2024-09-30,1,4047000,3035250.0
228,1968,20240930,2024-09-30,4,4043800,2832850.0
630,2272,20240930,2024-09-30,6,4038500,3035625.0
420,697,20240930,2024-09-30,2,4035000,3026250.0
522,2279,20240930,2024-09-30,1,4034000,3025500.0
152,290,20240930,2024-09-30,1,4032000,1088640.0
102,1940,20240930,2024-09-30,2,4029000,3021750.0
522,233,20240930,2024-09-30,5,4029000,2771750.0
931,2118,20240930,2024-09-30,4,4029000,3021750.0
742,280,20240930,2024-09-30,17,4026200,2342900.0
905,1919,20240930,2024-09-30,2,4025000,3012500.0
552,541,20240930,2024-09-30,3,4022900,3017175.0
1034,1435,20240930,2024-09-30,3,4022000,3016500.0
1065,123,20240930,2024-09-30,4,4021000,3025750.0
795,2206,20240930,2024-09-30,3,4020000,2890000.0
463,1888,20240930,2024-09-30,1,4020000,3015000.0
905,1992,20240930,2024-09-30,7,4020000,2990250.0
1356,302,20240930,2024-09-30,2,4016500,3012375.0
1362,2315,20240930,2024-09-30,23,4015400,2843575.0
380,2006,20240930,2024-09-30,1,4013000,3009750.0
393,1466,20240930,2024-09-30,4,4012000,2821500.0
1219,1372,20240930,2024-09-30,55,4010300,2005150.0
1070,1087,20240930,2024-09-30,4,4010000,3007500.0
1431,1480,20240930,2024-09-30,12,4010000,2005000.0
1286,1284,20240930,2024-09-30,1,4010000,3007500.0
605,1039,20240930,2024-09-30,5,4009200,3006900.0
209,293,20240930,2024-09-30,16,4008000,3060500.0
25,1004,20240930,2024-09-30,7,4005900,2998175.0
1139,535,20240930,2024-09-30,1,4005000,3003750.0
779,160,20240930,2024-09-30,6,4005000,3003750.0
442,640,20240930,2024-09-30,3,4003000,3002250.0
617,2123,20240930,2024-09-30,1,4000000,3600000.0
197,2079,20240930,2024-09-30,3,4000000,3000000.0
974,2244,20240930,2024-09-30,1,4000000,3000000.0
795,1848,20240930,2024-09-30,2,4000000,2950000.0
905,1108,20240930,2024-09-30,1,4000000,3000000.0
436,1280,20240930,2024-09-30,2,4000000,2925000.0
414,1479,20240930,2024-09-30,1,4000000,3000000.0
905,1605,20240930,2024-09-30,1,4000000,3000000.0
414,1467,20240930,2024-09-30,1,4000000,3000000.0
208,166,20240930,2024-09-30,1,4000000,2800000.0
210,163,20240930,2024-09-30,3,4000000,3000000.0
775,2083,20240930,2024-09-30,1,4000000,800000.0
905,2215,20240930,2024-09-30,2,4000000,3000000.0
1435,188,20240930,2024-09-30,20,3999800,2907350.0
1362,1121,20240930,2024-09-30,26,3999600,2847780.0
1065,1338,20240930,2024-09-30,5,3998200,2962150.0
468,545,20240930,2024-09-30,4,3997700,2935775.0
1466,128,20240930,2024-09-30,5,3996600,2948630.0
483,2225,20240930,2024-09-30,1,3995500,2996625.0
857,2001,20240930,2024-09-30,2,3994000,2995500.0
272,1374,20240930,2024-09-30,5,3987500,2940625.0
1427,2272,20240930,2024-09-30,9,3987000,2791500.0
1462,2025,20240930,2024-09-30,2,3985300,2988975.0
858,1989,20240930,2024-09-30,1,3982500,2986875.0
180,2329,20240930,2024-09-30,4,3979800,2922350.0
1435,1714,20240930,2024-09-30,8,3978900,2952925.0
1441,572,20240930,2024-09-30,2,3977500,2903125.0
1295,1935,20240930,2024-09-30,15,3976400,2894800.0
977,146,20240930,2024-09-30,6,3975000,2737500.0
825,322,20240930,2024-09-30,1,3975000,2981250.0
1362,1917,20240930,2024-09-30,16,3973000,2900000.0
849,1952,20240930,2024-09-30,2,3971400,2978550.0
742,545,20240930,2024-09-30,20,3968500,2135125.0
163,2079,20240930,2024-09-30,26,3968300,3328055.0
109,143,20240930,2024-09-30,6,3966700,2798350.0
405,863,20240930,2024-09-30,35,3965200,2269075.0
898,1466,20240930,2024-09-30,2,3964000,2973000.0
1198,764,20240930,2024-09-30,3,3963400,2847550.0
795,2107,20240930,2024-09-30,5,3962500,2959375.0
1237,164,20240930,2024-09-30,5,3961100,2908325.0
905,831,20240930,2024-09-30,17,3960000,2978750.0
951,2291,20240930,2024-09-30,2,3957400,2880550.0
951,910,20240930,2024-09-30,2,3957200,2842900.0
264,1905,20240930,2024-09-30,2,3956200,2967150.0
1295,999,20240930,2024-09-30,2,3956000,2917000.0
1295,2125,20240930,2024-09-30,10,3954500,2889625.0
170,1714,20240930,2024-09-30,4,3954000,2915500.0
1198,794,20240930,2024-09-30,4,3953700,2877775.0
1118,1634,20240930,2024-09-30,9,3953400,2876400.0
479,314,20240930,2024-09-30,1,3953000,2964750.0
1435,2048,20240930,2024-09-30,8,3950300,2374400.0
795,48,20240930,2024-09-30,1,3950000,2962500.0
795,2215,20240930,2024-09-30,1,3950000,2962500.0
1139,442,20240930,2024-09-30,2,3950000,2962500.0
472,122,20240930,2024-09-30,4,3941000,2955750.0
491,1523,20240930,2024-09-30,7,3940200,2962900.0
761,352,20240930,2024-09-30,1,3938000,1772100.0
994,1103,20240930,2024-09-30,1,3937900,2953425.0
1166,1616,20240930,2024-09-30,1,3936000,2952000.0
1390,1968,20240930,2024-09-30,13,3935000,3096250.0
156,1641,20240930,2024-09-30,3,3935000,2931250.0
316,143,20240930,2024-09-30,4,3934000,2950500.0
1237,2273,20240930,2024-09-30,1,3932100,2949075.0
1021,1251,20240930,2024-09-30,5,3932000,2899000.0
510,808,20240930,2024-09-30,1,3931000,2948250.0
917,1394,20240930,2024-09-30,1,3928000,982000.0
905,1170,20240930,2024-09-30,2,3925000,2943750.0
197,347,20240930,2024-09-30,1,3925000,2943750.0
353,1488,20240930,2024-09-30,1,3925000,2943750.0
618,1424,20240930,2024-09-30,6,3924200,2943150.0
328,2079,20240930,2024-09-30,1,3922000,2941500.0
1026,2052,20240930,2024-09-30,1,3921000,2940750.0
163,1488,20240930,2024-09-30,28,3919800,3296830.0
95,1669,20240930,2024-09-30,1,3917900,2938425.0
1144,1086,20240930,2024-09-30,1,3916900,2937675.0
483,1424,20240930,2024-09-30,1,3916000,2937000.0
795,1467,20240930,2024-09-30,5,3915000,2832750.0
846,1704,20240930,2024-09-30,10,3914000,2946250.0
68,122,20240930,2024-09-30,15,3910900,2956075.0
1065,165,20240930,2024-09-30,8,3908000,2950850.0
614,882,20240930,2024-09-30,5,3905000,2860000.0
784,293,20240930,2024-09-30,22,3903000,3118410.0
1217,868,20240930,2024-09-30,1,3901000,2925750.0
905,239,20240930,2024-09-30,3,3900000,2940000.0
479,1679,20240930,2024-09-30,4,3900000,2925000.0
905,1845,20240930,2024-09-30,3,3900000,2940000.0
566,2332,20240930,2024-09-30,1,3900000,2925000.0
170,2258,20240930,2024-09-30,2,3900000,1662000.0
795,1926,20240930,2024-09-30,3,3900000,2887500.0
140,1358,20240930,2024-09-30,1,3900000,2925000.0
261,855,20240930,2024-09-30,1,3900000,780000.0
421,861,20240930,2024-09-30,16,3899200,2497100.0
1362,2006,20240930,2024-09-30,2,3897500,2923125.0
205,1424,20240930,2024-09-30,8,3895200,2936400.0
775,861,20240930,2024-09-30,13,3894700,2521745.0
81,2150,20240930,2024-09-30,4,3894000,2883000.0
605,1004,20240930,2024-09-30,6,3891500,2948625.0
1431,1460,20240930,2024-09-30,15,3891000,1945500.0
1435,125,20240930,2024-09-30,15,3887500,2856875.0
1065,2075,20240930,2024-09-30,6,3883900,2927825.0
1431,1496,20240930,2024-09-30,12,3882000,1941000.0
636,1992,20240930,2024-09-30,1,3880000,2910000.0
1472,292,20240930,2024-09-30,4,3879000,2909250.0
783,303,20240930,2024-09-30,1,3876800,2907600.0
209,361,20240930,2024-09-30,7,3876000,2934000.0
742,168,20240930,2024-09-30,7,3875000,2468750.0
470,1395,20240930,2024-09-30,1,3874000,2905500.0
1409,564,20240930,2024-09-30,4,3874000,2905500.0
494,1295,20240930,2024-09-30,10,3873600,2548425.0
1295,2273,20240930,2024-09-30,3,3873000,2867250.0
477,122,20240930,2024-09-30,2,3871000,2903250.0
742,199,20240930,2024-09-30,17,3870200,2193900.0
1142,355,20240930,2024-09-30,4,3870000,2902500.0
988,253,20240930,2024-09-30,1,3870000,2902500.0
628,361,20240930,2024-09-30,1,3868300,2901225.0
36,118,20240930,2024-09-30,2,3867500,2875625.0
813,893,20240930,2024-09-30,2,3866900,2900175.0
109,1398,20240930,2024-09-30,3,3861400,2833825.0
919,261,20240930,2024-09-30,32,3860900,3169285.0
1295,907,20240930,2024-09-30,3,3857400,2833050.0
963,2359,20240930,2024-09-30,1,3856000,2892000.0
420,143,20240930,2024-09-30,3,3855600,2891700.0
1065,1981,20240930,2024-09-30,18,3854500,2947925.0
1065,2125,20240930,2024-09-30,10,3854000,2930500.0
420,1703,20240930,2024-09-30,1,3851600,2888700.0
1163,300,20240930,2024-09-30,8,3850100,3231975.0
860,585,20240930,2024-09-30,1,3850000,2887500.0
627,341,20240930,2024-09-30,2,3847500,2885625.0
775,122,20240930,2024-09-30,2,3845000,2883750.0
1068,176,20240930,2024-09-30,7,3840000,2845000.0
1034,143,20240930,2024-09-30,1,3837500,2878125.0
1021,1257,20240930,2024-09-30,4,3837000,2877750.0
1462,2158,20240930,2024-09-30,4,3832500,2874375.0
205,290,20240930,2024-09-30,1,3830000,2872500.0
1316,353,20240930,2024-09-30,2,3830000,2872500.0
584,1832,20240930,2024-09-30,1,3830000,2872500.0
795,623,20240930,2024-09-30,3,3830000,2835000.0
156,2272,20240930,2024-09-30,13,3829800,2327400.0
479,761,20240930,2024-09-30,1,3829000,2871750.0
1350,1257,20240930,2024-09-30,2,3828500,2871375.0
795,2059,20240930,2024-09-30,1,3828000,2871000.0
1219,1693,20240930,2024-09-30,33,3827300,2118650.0
1065,125,20240930,2024-09-30,11,3827000,2890750.0
1065,633,20240930,2024-09-30,2,3825000,2868750.0
795,1834,20240930,2024-09-30,4,3824000,2805500.0
1329,1220,20240930,2024-09-30,10,3822900,2825875.0
1411,2083,20240930,2024-09-30,2,3822700,3440430.0
236,593,20240930,2024-09-30,3,3821000,1929750.0
795,1385,20240930,2024-09-30,2,3820000,2865000.0
434,138,20240930,2024-09-30,4,3820000,2865000.0
1000,17,20240930,2024-09-30,1,3816000,2862000.0
638,892,20240930,2024-09-30,21,3815600,2814360.0
1362,2256,20240930,2024-09-30,2,3815600,1013796.6
1065,882,20240930,2024-09-30,17,3815500,2912175.0
905,2,20240930,2024-09-30,3,3815000,2851250.0
795,114,20240930,2024-09-30,1,3815000,2861250.0
1466,498,20240930,2024-09-30,8,3814500,2718875.0
380,181,20240930,2024-09-30,2,3813000,2809750.0
665,199,20240930,2024-09-30,4,3813000,2859750.0
109,1435,20240930,2024-09-30,5,3810000,2745000.0
1139,1440,20240930,2024-09-30,1,3810000,2857500.0
1421,444,20240930,2024-09-30,2,3809100,2856825.0
1400,2118,20240930,2024-09-30,17,3809000,2282000.0
371,335,20240930,2024-09-30,2,3808000,2856000.0
756,2083,20240930,2024-09-30,6,3805700,2868775.0
795,1389,20240930,2024-09-30,3,3805000,2835000.0
671,883,20240930,2024-09-30,5,3800100,2850075.0
1106,170,20240930,2024-09-30,2,3800000,2850000.0
1065,1626,20240930,2024-09-30,1,3800000,2850000.0
522,1959,20240930,2024-09-30,1,3800000,2850000.0
479,191,20240930,2024-09-30,1,3800000,2850000.0
905,2019,20240930,2024-09-30,3,3800000,2850000.0
671,559,20240930,2024-09-30,1,3800000,2850000.0
618,408,20240930,2024-09-30,1,3800000,2850000.0
1219,1375,20240930,2024-09-30,17,3800000,2666250.0
1431,855,20240930,2024-09-30,9,3798800,2619600.0
376,211,20240930,2024-09-30,3,3798800,2849100.0
905,1662,20240930,2024-09-30,10,3797500,2891125.0
163,290,20240930,2024-09-30,10,3793600,2935060.0
36,1408,20240930,2024-09-30,1,3793100,2844825.0
671,882,20240930,2024-09-30,3,3790700,2843025.0
795,545,20240930,2024-09-30,4,3789000,2841750.0
618,667,20240930,2024-09-30,1,3788000,2841000.0
235,308,20240930,2024-09-30,4,3785000,2863750.0
235,298,20240930,2024-09-30,5,3784800,2853600.0
830,564,20240930,2024-09-30,2,3778200,2833650.0
510,1594,20240930,2024-09-30,1,3776700,2832525.0
10,1641,20240930,2024-09-30,1,3775000,2831250.0
664,1719,20240930,2024-09-30,1,3775000,2831250.0
1295,976,20240930,2024-09-30,9,3772000,2754000.0
1065,1579,20240930,2024-09-30,1,3770000,2827500.0
121,2053,20240930,2024-09-30,1,3770000,2827500.0
754,1526,20240930,2024-09-30,4,3766900,2808450.0
992,2375,20240930,2024-09-30,1,3765000,2823750.0
525,2079,20240930,2024-09-30,2,3765000,2823750.0
163,308,20240930,2024-09-30,18,3764900,3138665.0
1295,157,20240930,2024-09-30,18,3763800,2719100.0
1295,268,20240930,2024-09-30,14,3763500,2747625.0
235,567,20240930,2024-09-30,1,3757000,2817750.0
115,303,20240930,2024-09-30,3,3755000,2816250.0
1065,1647,20240930,2024-09-30,3,3751000,2820250.0
834,873,20240930,2024-09-30,2,3750000,2750000.0
905,1981,20240930,2024-09-30,13,3750000,2842500.0
898,1460,20240930,2024-09-30,3,3750000,2812500.0
475,492,20240930,2024-09-30,1,3750000,2812500.0
838,367,20240930,2024-09-30,1,3748000,2811000.0
319,300,20240930,2024-09-30,1,3742000,2806500.0
472,1278,20240930,2024-09-30,5,3738500,2716375.0
1364,697,20240930,2024-09-30,5,3738500,2803875.0
1216,361,20240930,2024-09-30,3,3735000,2726250.0
523,2273,20240930,2024-09-30,8,3734200,2825180.0
1362,545,20240930,2024-09-30,15,3730900,2676675.0
380,1676,20240930,2024-09-30,3,3730800,2673100.0
1295,1898,20240930,2024-09-30,10,3730400,2767800.0
873,492,20240930,2024-09-30,8,3727300,2776205.0
239,1243,20240930,2024-09-30,1,3727000,2795250.0
1295,1416,20240930,2024-09-30,4,3726300,2759725.0
235,1430,20240930,2024-09-30,1,3726000,2794500.0
666,612,20240930,2024-09-30,1,3726000,2794500.0
963,1424,20240930,2024-09-30,2,3725000,2793750.0
795,363,20240930,2024-09-30,1,3725000,2793750.0
1264,970,20240930,2024-09-30,1,3725000,2793750.0
109,1380,20240930,2024-09-30,2,3725000,2668750.0
1362,783,20240930,2024-09-30,2,3722500,2791875.0
170,214,20240930,2024-09-30,1,3716000,2787000.0
1216,269,20240930,2024-09-30,2,3715900,2786925.0
235,2097,20240930,2024-09-30,3,3714500,2808375.0
860,2319,20240930,2024-09-30,1,3714000,2785500.0
725,978,20240930,2024-09-30,3,3712300,2771725.0
102,2341,20240930,2024-09-30,5,3711400,2783550.0
905,1396,20240930,2024-09-30,7,3711000,2806750.0
316,1477,20240930,2024-09-30,1,3710000,2782500.0
856,300,20240930,2024-09-30,2,3705000,2778750.0
760,917,20240930,2024-09-30,1,3705000,2778750.0
1424,1199,20240930,2024-09-30,2,3702000,2776500.0
274,2287,20240930,2024-09-30,4,3701500,2769875.0
1295,261,20240930,2024-09-30,17,3700200,2693900.0
1065,324,20240930,2024-09-30,1,3700000,2775000.0
1065,1670,20240930,2024-09-30,2,3700000,2775000.0
594,859,20240930,2024-09-30,1,3698700,2774025.0
1295,1502,20240930,2024-09-30,40,3696000,2331325.0
202,1086,20240930,2024-09-30,5,3692300,2719225.0
584,2166,20240930,2024-09-30,1,3692000,2769000.0
905,1383,20240930,2024-09-30,8,3691000,2795750.0
309,1968,20240930,2024-09-30,9,3687000,2410800.0
1386,2268,20240930,2024-09-30,2,3685000,2763750.0
683,666,20240930,2024-09-30,17,3683800,2767450.0
1295,1398,20240930,2024-09-30,9,3683500,2687625.0
657,316,20240930,2024-09-30,1,3680000,2760000.0
818,868,20240930,2024-09-30,42,3675700,2332250.0
197,199,20240930,2024-09-30,3,3675000,2756250.0
1366,2099,20240930,2024-09-30,1,3674000,2755500.0
102,1811,20240930,2024-09-30,1,3673000,2754750.0
618,1843,20240930,2024-09-30,2,3672000,2754000.0
723,2079,20240930,2024-09-30,1,3672000,2754000.0
1219,1439,20240930,2024-09-30,44,3671300,2080025.0
951,290,20240930,2024-09-30,2,3671300,2690975.0
1322,598,20240930,2024-09-30,6,3669200,2751900.0
1027,2006,20240930,2024-09-30,2,3666700,2726775.0
1407,300,20240930,2024-09-30,2,3662600,2746950.0
795,2093,20240930,2024-09-30,2,3660000,2745000.0
834,1714,20240930,2024-09-30,10,3660000,2532500.0
520,1941,20240930,2024-09-30,2,3660000,2745000.0
163,1378,20240930,2024-09-30,27,3655700,3107345.0
1362,2092,20240930,2024-09-30,1,3655000,2741250.0
671,2272,20240930,2024-09-30,1,3655000,2741250.0
1435,880,20240930,2024-09-30,3,3654100,2689103.0
460,1703,20240930,2024-09-30,10,3653500,2711625.0
1435,559,20240930,2024-09-30,1,3651600,2738700.0
522,1672,20240930,2024-09-30,1,3651000,2738250.0
665,1981,20240930,2024-09-30,1,3650000,2737500.0
671,199,20240930,2024-09-30,3,3649700,2737275.0
1295,1385,20240930,2024-09-30,10,3649000,2618000.0
744,2158,20240930,2024-09-30,6,3648000,2736000.0
1065,1654,20240930,2024-09-30,1,3645500,2734125.0
618,2305,20240930,2024-09-30,2,3645000,2733750.0
952,541,20240930,2024-09-30,6,3642000,2394000.0
618,146,20240930,2024-09-30,1,3640000,2730000.0
170,1692,20240930,2024-09-30,6,3640000,2692500.0
618,334,20240930,2024-09-30,1,3637000,2727750.0
958,298,20240930,2024-09-30,4,3636500,2727375.0
1424,2004,20240930,2024-09-30,2,3635000,2726250.0
905,697,20240930,2024-09-30,9,3630800,2700600.0
795,826,20240930,2024-09-30,3,3630000,2722500.0
235,1619,20240930,2024-09-30,2,3630000,2737000.0
690,959,20240930,2024-09-30,1,3630000,2722500.0
1295,1674,20240930,2024-09-30,32,3629500,2324915.0
567,1977,20240930,2024-09-30,2,3628000,2721000.0
95,1542,20240930,2024-09-30,1,3626000,2719500.0
235,117,20240930,2024-09-30,1,3625000,2718750.0
92,135,20240930,2024-09-30,2,3624600,2718450.0
554,1026,20240930,2024-09-30,2,3623700,2717775.0
1077,414,20240930,2024-09-30,1,3620000,2715000.0
1295,198,20240930,2024-09-30,2,3618500,2588875.0
951,1040,20240930,2024-09-30,3,3617300,2587975.0
224,868,20240930,2024-09-30,4,3615000,2673750.0
95,2079,20240930,2024-09-30,1,3613000,2709750.0
1065,154,20240930,2024-09-30,2,3612500,2709375.0
305,146,20240930,2024-09-30,26,3611800,3035030.0
1362,1898,20240930,2024-09-30,2,3611500,2708625.0
1362,155,20240930,2024-09-30,6,3611400,2659550.0
1173,697,20240930,2024-09-30,1,3610000,2707500.0
795,1383,20240930,2024-09-30,4,3610000,2582500.0
1390,1981,20240930,2024-09-30,10,3609000,2811750.0
491,1451,20240930,2024-09-30,1,3608000,2706000.0
671,138,20240930,2024-09-30,1,3608000,2706000.0
795,229,20240930,2024-09-30,3,3605000,2653750.0
742,1669,20240930,2024-09-30,8,3605000,2346250.0
1295,1378,20240930,2024-09-30,10,3604800,2651100.0
905,883,20240930,2024-09-30,12,3604000,2770500.0
1312,353,20240930,2024-09-30,2,3603500,2577625.0
95,1660,20240930,2024-09-30,2,3602000,2701500.0
362,1349,20240930,2024-09-30,9,3601800,2288600.0
1325,1523,20240930,2024-09-30,2,3600000,2700000.0
34,1970,20240930,2024-09-30,1,3600000,2700000.0
618,1522,20240930,2024-09-30,1,3600000,2700000.0
988,302,20240930,2024-09-30,1,3600000,2700000.0
963,211,20240930,2024-09-30,1,3600000,2700000.0
664,258,20240930,2024-09-30,6,3598500,2698875.0
1217,541,20240930,2024-09-30,1,3597000,2697750.0
102,1573,20240930,2024-09-30,1,3595000,2696250.0
795,1160,20240930,2024-09-30,1,3592000,2694000.0
180,1024,20240930,2024-09-30,1,3588600,2691450.0
163,1948,20240930,2024-09-30,26,3587000,3048950.0
666,1388,20240930,2024-09-30,3,3586500,2689875.0
1362,2125,20240930,2024-09-30,20,3584900,2398575.0
1295,559,20240930,2024-09-30,22,3584200,2530400.0
742,1981,20240930,2024-09-30,14,3583900,2069775.0
420,157,20240930,2024-09-30,2,3581200,2685900.0
754,1669,20240930,2024-09-30,10,3575000,2546685.0
1357,564,20240930,2024-09-30,2,3575000,2681250.0
264,355,20240930,2024-09-30,5,3574200,2680650.0
1390,978,20240930,2024-09-30,4,3574000,2690500.0
1072,387,20240930,2024-09-30,1,3571300,2678475.0
1466,157,20240930,2024-09-30,7,3569700,2690505.0
795,794,20240930,2024-09-30,2,3568000,2676000.0
1065,1349,20240930,2024-09-30,3,3565000,2680250.0
1295,1705,20240930,2024-09-30,25,3563900,2368655.0
857,198,20240930,2024-09-30,2,3562000,2938650.0
156,146,20240930,2024-09-30,5,3560000,2395000.0
1163,1832,20240930,2024-09-30,5,3559000,2679250.0
1221,930,20240930,2024-09-30,2,3557000,2667750.0
630,1642,20240930,2024-09-30,1,3557000,2667750.0
991,1390,20240930,2024-09-30,4,3556500,2667375.0
1065,2277,20240930,2024-09-30,3,3555000,2674250.0
163,160,20240930,2024-09-30,27,3549600,2992160.0
643,1488,20240930,2024-09-30,2,3548400,2661300.0
795,361,20240930,2024-09-30,4,3545000,2583750.0
666,2004,20240930,2024-09-30,2,3543000,2657250.0
393,1264,20240930,2024-09-30,1,3542000,2656500.0
1065,2016,20240930,2024-09-30,2,3535000,2654750.0
522,1472,20240930,2024-09-30,2,3530000,2522500.0
830,666,20240930,2024-09-30,1,3529700,2647275.0
316,2245,20240930,2024-09-30,1,3526000,2644500.0
128,1121,20240930,2024-09-30,4,3525000,2593750.0
795,1261,20240930,2024-09-30,3,3525000,2606250.0
235,1471,20240930,2024-09-30,1,3521000,2640750.0
208,2105,20240930,2024-09-30,7,3520000,2544000.0
1409,1404,20240930,2024-09-30,1,3515000,2636250.0
1065,309,20240930,2024-09-30,13,3512500,2670975.0
163,161,20240930,2024-09-30,16,3510500,2779575.0
991,1380,20240930,2024-09-30,4,3510000,2632500.0
78,541,20240930,2024-09-30,4,3509000,2631750.0
702,169,20240930,2024-09-30,1,3508000,2631000.0
1295,572,20240930,2024-09-30,28,3507300,2471975.0
795,1832,20240930,2024-09-30,4,3507000,2555250.0
1362,1371,20240930,2024-09-30,1,3503900,2627925.0
1390,122,20240930,2024-09-30,13,3503500,2759625.0
197,73,20240930,2024-09-30,1,3500000,2625000.0
799,400,20240930,2024-09-30,1,3500000,2625000.0
905,287,20240930,2024-09-30,4,3500000,2640000.0
665,1467,20240930,2024-09-30,1,3500000,2625000.0
116,2347,20240930,2024-09-30,1,3500000,2625000.0
632,2125,20240930,2024-09-30,1,3500000,2625000.0
597,1466,20240930,2024-09-30,1,3500000,2275000.0
463,1380,20240930,2024-09-30,1,3500000,3150000.0
293,302,20240930,2024-09-30,1,3500000,2625000.0
873,1209,20240930,2024-09-30,2,3498100,2611075.0
78,1004,20240930,2024-09-30,5,3497000,2572750.0
754,672,20240930,2024-09-30,1,3495000,2621250.0
1467,816,20240930,2024-09-30,4,3495000,2621250.0
109,158,20240930,2024-09-30,4,3494300,2506975.0
1295,1680,20240930,2024-09-30,34,3492400,2258700.0
865,1714,20240930,2024-09-30,1,3491300,2618475.0
857,211,20240930,2024-09-30,2,3491000,2618250.0
78,2341,20240930,2024-09-30,7,3490800,2489250.0
1200,1063,20240930,2024-09-30,1,3490000,2617500.0
380,865,20240930,2024-09-30,3,3490000,2523750.0
319,293,20240930,2024-09-30,2,3489000,2616750.0
95,1641,20240930,2024-09-30,3,3489000,2616750.0
522,2125,20240930,2024-09-30,2,3488000,2578500.0
834,1387,20240930,2024-09-30,2,3488000,2553500.0
36,123,20240930,2024-09-30,1,3487000,2615250.0
1116,1496,20240930,2024-09-30,1,3487000,2615250.0
754,640,20240930,2024-09-30,8,3485300,2352725.0
235,1888,20240930,2024-09-30,4,3485000,2639250.0
849,2006,20240930,2024-09-30,3,3482000,2611500.0
420,293,20240930,2024-09-30,2,3481500,2611125.0
197,616,20240930,2024-09-30,3,3480000,2485000.0
671,1460,20240930,2024-09-30,2,3475200,2606400.0
1109,1648,20240930,2024-09-30,2,3473900,2480425.0
522,2183,20240930,2024-09-30,2,3473000,2517250.0
400,1473,20240930,2024-09-30,8,3471800,2374400.0
1362,1869,20240930,2024-09-30,5,3470600,2560700.0
795,231,20240930,2024-09-30,4,3470000,2515000.0
671,1435,20240930,2024-09-30,2,3467600,2600700.0
477,160,20240930,2024-09-30,2,3465900,2599425.0
796,300,20240930,2024-09-30,2,3465500,2599125.0
988,842,20240930,2024-09-30,1,3465000,2598750.0
1219,1369,20240930,2024-09-30,8,3462000,2491500.0
945,1092,20240930,2024-09-30,1,3460700,2595525.0
163,1981,20240930,2024-09-30,9,3457500,2683125.0
1448,2273,20240930,2024-09-30,1,3454000,2590500.0
1295,2128,20240930,2024-09-30,6,3451500,2491125.0
947,261,20240930,2024-09-30,2,3450900,3030675.0
988,290,20240930,2024-09-30,1,3450000,2587500.0
795,155,20240930,2024-09-30,3,3450000,2587500.0
1065,839,20240930,2024-09-30,1,3450000,2587500.0
1029,1917,20240930,2024-09-30,1,3450000,2587500.0
1220,361,20240930,2024-09-30,2,3449000,2586750.0
1409,296,20240930,2024-09-30,1,3448000,2586000.0
721,165,20240930,2024-09-30,2,3444000,2583000.0
865,831,20240930,2024-09-30,1,3443000,2582250.0
264,298,20240930,2024-09-30,3,3440700,2595275.0
1163,2006,20240930,2024-09-30,11,3440000,2610000.0
795,1869,20240930,2024-09-30,1,3438000,2578500.0
445,1004,20240930,2024-09-30,6,3437400,2353050.0
721,280,20240930,2024-09-30,1,3435000,2576250.0
742,1523,20240930,2024-09-30,15,3431000,1715500.0
795,1513,20240930,2024-09-30,2,3430000,2547500.0
795,2319,20240930,2024-09-30,1,3430000,2572500.0
721,199,20240930,2024-09-30,5,3430000,2547500.0
235,186,20240930,2024-09-30,4,3429000,2601750.0
818,857,20240930,2024-09-30,34,3427500,2010075.0
1219,883,20240930,2024-09-30,32,3427000,1713500.0
1321,970,20240930,2024-09-30,7,3420700,2510525.0
393,2093,20240930,2024-09-30,2,3420300,2565225.0
664,55,20240930,2024-09-30,4,3418000,2569500.0
218,861,20240930,2024-09-30,22,3415500,2126100.0
462,256,20240930,2024-09-30,1,3415000,2561250.0
1065,968,20240930,2024-09-30,3,3413500,2567575.0
239,572,20240930,2024-09-30,4,3413000,2559750.0
1397,1716,20240930,2024-09-30,2,3413000,2559750.0
1357,286,20240930,2024-09-30,1,3413000,2559750.0
1219,302,20240930,2024-09-30,17,3413000,2318500.0
1295,265,20240930,2024-09-30,11,3412700,2484525.0
1466,2124,20240930,2024-09-30,6,3411200,2554650.0
643,355,20240930,2024-09-30,1,3410000,2557500.0
724,2059,20240930,2024-09-30,2,3410000,682000.0
506,503,20240930,2024-09-30,1,3405000,2553750.0
618,935,20240930,2024-09-30,1,3404000,2553000.0
749,892,20240930,2024-09-30,5,3400000,2483875.0
1139,637,20240930,2024-09-30,1,3400000,2550000.0
1346,314,20240930,2024-09-30,2,3400000,2550000.0
1065,2059,20240930,2024-09-30,1,3400000,2550000.0
434,1641,20240930,2024-09-30,1,3400000,2550000.0
849,1948,20240930,2024-09-30,1,3400000,2550000.0
1182,1118,20240930,2024-09-30,2,3399100,2549325.0
95,146,20240930,2024-09-30,1,3398000,2548500.0
462,1545,20240930,2024-09-30,1,3398000,2548500.0
988,541,20240930,2024-09-30,2,3395000,2546250.0
209,122,20240930,2024-09-30,10,3395000,2559250.0
209,2083,20240930,2024-09-30,9,3392700,2552525.0
818,879,20240930,2024-09-30,33,3392000,2240755.0
178,1128,20240930,2024-09-30,7,3391500,2482000.0
905,201,20240930,2024-09-30,9,3390000,2556250.0
121,188,20240930,2024-09-30,4,3390000,2542500.0
666,1389,20240930,2024-09-30,3,3389000,2541750.0
799,320,20240930,2024-09-30,2,3387700,2540775.0
1000,1299,20240930,2024-09-30,1,3385600,2539200.0
766,847,20240930,2024-09-30,1,3385000,2538750.0
905,2248,20240930,2024-09-30,7,3383000,2552250.0
742,2118,20240930,2024-09-30,9,3380600,2053700.0
795,246,20240930,2024-09-30,2,3380000,2548000.0
479,1719,20240930,2024-09-30,2,3380000,2550000.0
1269,594,20240930,2024-09-30,2,3380000,2510000.0
1254,1061,20240930,2024-09-30,22,3378800,2671800.0
919,1467,20240930,2024-09-30,27,3377200,2695620.0
795,2131,20240930,2024-09-30,3,3375000,2461750.0
905,877,20240930,2024-09-30,4,3375000,2546250.0
1020,168,20240930,2024-09-30,1,3375000,2531250.0
1065,1992,20240930,2024-09-30,13,3374100,2569525.0
316,1968,20240930,2024-09-30,2,3372000,2529000.0
479,265,20240930,2024-09-30,1,3370000,2527500.0
754,242,20240930,2024-09-30,4,3370000,2385000.0
1390,125,20240930,2024-09-30,8,3365500,2566125.0
209,541,20240930,2024-09-30,11,3365000,2546750.0
905,1634,20240930,2024-09-30,7,3365000,2507500.0
1295,217,20240930,2024-09-30,3,3364000,2510500.0
951,564,20240930,2024-09-30,6,3363900,2491675.0
14,146,20240930,2024-09-30,12,3363100,2522325.0
818,870,20240930,2024-09-30,37,3361100,2099905.0
795,1669,20240930,2024-09-30,5,3360000,2420000.0
420,2268,20240930,2024-09-30,5,3358000,2518500.0
589,1451,20240930,2024-09-30,16,3355000,2102500.0
209,280,20240930,2024-09-30,7,3355000,2526250.0
434,161,20240930,2024-09-30,2,3355000,2516250.0
156,1669,20240930,2024-09-30,13,3351500,2133250.0
477,623,20240930,2024-09-30,1,3350000,2512500.0
197,997,20240930,2024-09-30,4,3350000,2462500.0
202,122,20240930,2024-09-30,4,3349000,2374250.0
864,128,20240930,2024-09-30,1,3348700,2511525.0
522,1278,20240930,2024-09-30,1,3347000,2510250.0
235,1529,20240930,2024-09-30,3,3347000,2535250.0
564,949,20240930,2024-09-30,1,3346900,2510175.0
1435,107,20240930,2024-09-30,2,3345600,2484200.0
755,170,20240930,2024-09-30,3,3344200,2508150.0
1295,1552,20240930,2024-09-30,19,3342600,2442950.0
857,1056,20240930,2024-09-30,1,3342000,2506500.0
1065,869,20240930,2024-09-30,8,3341000,2515750.0
933,1710,20240930,2024-09-30,9,3340900,2351925.0
512,158,20240930,2024-09-30,1,3340700,2505525.0
824,125,20240930,2024-09-30,4,3340300,2505225.0
109,1378,20240930,2024-09-30,6,3337300,2190475.0
1401,1674,20240930,2024-09-30,3,3335000,2401250.0
522,869,20240930,2024-09-30,2,3333000,2456000.0
951,978,20240930,2024-09-30,2,3332100,2499075.0
209,330,20240930,2024-09-30,1,3329000,2496750.0
977,640,20240930,2024-09-30,9,3328000,2386000.0
1411,424,20240930,2024-09-30,2,3326400,2469800.0
685,996,20240930,2024-09-30,1,3326000,2494500.0
472,167,20240930,2024-09-30,1,3324000,2493000.0
1109,2258,20240930,2024-09-30,4,3324000,2243000.0
209,385,20240930,2024-09-30,1,3321000,2490750.0
587,1679,20240930,2024-09-30,5,3320000,2377500.0
1431,861,20240930,2024-09-30,8,3316200,2123400.0
1163,2176,20240930,2024-09-30,5,3315000,2494250.0
109,260,20240930,2024-09-30,4,3312900,2317625.0
1217,293,20240930,2024-09-30,1,3310500,2482875.0
988,1669,20240930,2024-09-30,2,3310000,2377500.0
102,389,20240930,2024-09-30,1,3310000,2482500.0
945,1111,20240930,2024-09-30,9,3309600,2490700.0
209,261,20240930,2024-09-30,13,3309000,2521150.0
864,143,20240930,2024-09-30,5,3308000,2481000.0
463,300,20240930,2024-09-30,1,3307000,2480250.0
754,2105,20240930,2024-09-30,4,3307000,2400950.0
582,1323,20240930,2024-09-30,3,3306000,2479500.0
671,1424,20240930,2024-09-30,3,3305600,2479200.0
429,570,20240930,2024-09-30,1,3305000,2478750.0
109,2158,20240930,2024-09-30,9,3304400,1652200.0
235,211,20240930,2024-09-30,6,3301800,2531350.0
905,651,20240930,2024-09-30,1,3300000,2475000.0
702,1598,20240930,2024-09-30,1,3300000,2475000.0
1017,317,20240930,2024-09-30,1,3300000,2475000.0
109,892,20240930,2024-09-30,2,3300000,2425000.0
1300,2048,20240930,2024-09-30,1,3300000,2475000.0
966,1796,20240930,2024-09-30,20,3297200,2368890.0
905,1398,20240930,2024-09-30,8,3291500,2485250.0
1000,777,20240930,2024-09-30,1,3286000,2464500.0
540,1300,20240930,2024-09-30,7,3285400,2366550.0
875,2272,20240930,2024-09-30,1,3285000,2463750.0
197,355,20240930,2024-09-30,3,3285000,2438750.0
666,306,20240930,2024-09-30,2,3283000,2424750.0
618,1287,20240930,2024-09-30,1,3280000,2460000.0
434,151,20240930,2024-09-30,2,3280000,2460000.0
664,823,20240930,2024-09-30,3,3280000,2435000.0
483,1977,20240930,2024-09-30,1,3277000,2457750.0
96,1594,20240930,2024-09-30,6,3275900,2464425.0
742,302,20240930,2024-09-30,15,3275800,2007850.0
905,559,20240930,2024-09-30,1,3275000,2456250.0
264,269,20240930,2024-09-30,2,3274800,2456100.0
963,2080,20240930,2024-09-30,1,3274000,2455500.0
163,1466,20240930,2024-09-30,25,3273400,2782390.0
795,1267,20240930,2024-09-30,1,3273100,2454825.0
491,1731,20240930,2024-09-30,6,3270200,2390150.0
479,165,20240930,2024-09-30,2,3265000,2463750.0
434,1545,20240930,2024-09-30,2,3265000,2448750.0
1467,1977,20240930,2024-09-30,2,3263000,2447250.0
235,2048,20240930,2024-09-30,1,3263000,2447250.0
919,1378,20240930,2024-09-30,20,3262600,2573060.0
581,999,20240930,2024-09-30,2,3262000,2371500.0
445,1619,20240930,2024-09-30,4,3260800,2370600.0
209,1898,20240930,2024-09-30,5,3260200,2750180.0
666,1460,20240930,2024-09-30,3,3260000,2445000.0
36,1210,20240930,2024-09-30,1,3257600,2443200.0
1386,503,20240930,2024-09-30,2,3255000,2403750.0
1189,2127,20240930,2024-09-30,9,3255000,2152500.0
197,1381,20240930,2024-09-30,4,3255000,2391250.0
1168,1278,20240930,2024-09-30,4,3253000,2189000.0
1065,2048,20240930,2024-09-30,7,3252000,2466850.0
614,254,20240930,2024-09-30,4,3251700,2438775.0
36,2107,20240930,2024-09-30,2,3250600,2437950.0
1000,1953,20240930,2024-09-30,1,3250000,2437500.0
236,559,20240930,2024-09-30,1,3250000,2437500.0
905,1518,20240930,2024-09-30,2,3250000,2437500.0
618,1467,20240930,2024-09-30,1,3250000,2437500.0
429,254,20240930,2024-09-30,1,3250000,2437500.0
742,188,20240930,2024-09-30,13,3250000,1625000.0
328,2107,20240930,2024-09-30,1,3250000,2437500.0
905,1812,20240930,2024-09-30,3,3250000,2437500.0
314,2051,20240930,2024-09-30,4,3249400,2200550.0
209,46,20240930,2024-09-30,5,3249000,2446750.0
584,268,20240930,2024-09-30,2,3246000,2359500.0
235,2231,20240930,2024-09-30,1,3243900,2432925.0
1237,146,20240930,2024-09-30,5,3243700,2432775.0
948,420,20240930,2024-09-30,1,3241000,2430750.0
109,130,20240930,2024-09-30,3,3240200,2398900.0
432,368,20240930,2024-09-30,1,3238600,2299406.0
540,2192,20240930,2024-09-30,4,3238600,2397700.0
974,361,20240930,2024-09-30,5,3237000,2437750.0
102,887,20240930,2024-09-30,1,3235000,2426250.0
1357,146,20240930,2024-09-30,3,3235000,2426250.0
795,2247,20240930,2024-09-30,3,3235000,2203250.0
1467,2006,20240930,2024-09-30,5,3235000,2441250.0
235,1601,20240930,2024-09-30,1,3235000,2426250.0
905,1822,20240930,2024-09-30,6,3235000,2411250.0
1295,977,20240930,2024-09-30,41,3234700,2298735.0
1390,883,20240930,2024-09-30,6,3233000,2499750.0
1011,2312,20240930,2024-09-30,4,3232000,2424000.0
1362,148,20240930,2024-09-30,6,3231900,2373175.0
1219,875,20240930,2024-09-30,3,3229400,2413700.0
264,107,20240930,2024-09-30,1,3225800,2419350.0
109,191,20240930,2024-09-30,2,3225500,2394125.0
1466,2128,20240930,2024-09-30,7,3224100,2369075.0
92,157,20240930,2024-09-30,7,3222500,2416875.0
1295,238,20240930,2024-09-30,7,3222400,2359300.0
235,956,20240930,2024-09-30,1,3220000,2415000.0
92,2083,20240930,2024-09-30,1,3220000,2415000.0
405,853,20240930,2024-09-30,26,3218100,1995550.0
522,130,20240930,2024-09-30,4,3218000,2413500.0
665,2259,20240930,2024-09-30,1,3218000,2413500.0
905,166,20240930,2024-09-30,8,3215000,2426750.0
240,637,20240930,2024-09-30,20,3214400,2321290.0
671,564,20240930,2024-09-30,2,3213400,2410050.0
1217,2019,20240930,2024-09-30,1,3212300,2409225.0
491,761,20240930,2024-09-30,1,3211500,2408625.0
1048,1374,20240930,2024-09-30,7,3211000,2309500.0
1222,286,20240930,2024-09-30,3,3207200,2380400.0
109,262,20240930,2024-09-30,2,3207000,703500.0
919,1466,20240930,2024-09-30,22,3203600,2493060.0
664,302,20240930,2024-09-30,7,3200000,2187500.0
795,1735,20240930,2024-09-30,2,3200000,2400000.0
1386,1905,20240930,2024-09-30,2,3200000,2400000.0
665,2006,20240930,2024-09-30,3,3200000,2400000.0
905,880,20240930,2024-09-30,4,3200000,2400000.0
1295,1568,20240930,2024-09-30,12,3198900,2386050.0
10,55,20240930,2024-09-30,1,3196000,2397000.0
307,1388,20240930,2024-09-30,3,3196000,2397000.0
988,298,20240930,2024-09-30,4,3194000,2364250.0
1000,767,20240930,2024-09-30,1,3193000,2394750.0
1021,1719,20240930,2024-09-30,1,3192000,2394000.0
205,353,20240930,2024-09-30,1,3191400,2393550.0
918,541,20240930,2024-09-30,6,3191200,2268400.0
235,170,20240930,2024-09-30,9,3189300,2481975.0
1362,214,20240930,2024-09-30,8,3186300,2236725.0
1105,286,20240930,2024-09-30,2,3186000,2389500.0
1295,303,20240930,2024-09-30,9,3182800,2355850.0
584,1242,20240930,2024-09-30,1,3182000,2386500.0
751,1086,20240930,2024-09-30,4,3182000,2324000.0
754,1651,20240930,2024-09-30,3,3182000,2361500.0
795,1220,20240930,2024-09-30,1,3180000,2385000.0
1065,1300,20240930,2024-09-30,15,3180000,2382100.0
170,2158,20240930,2024-09-30,2,3175000,2318750.0
393,1488,20240930,2024-09-30,3,3174500,2330875.0
945,1062,20240930,2024-09-30,2,3174000,2255500.0
1295,865,20240930,2024-09-30,2,3171000,2340750.0
197,2127,20240930,2024-09-30,2,3171000,2378250.0
1295,254,20240930,2024-09-30,6,3170500,2327875.0
1356,2218,20240930,2024-09-30,1,3170000,2377500.0
834,865,20240930,2024-09-30,1,3170000,2377500.0
965,1153,20240930,2024-09-30,1,3167000,2375250.0
163,1424,20240930,2024-09-30,21,3166500,2604375.0
264,160,20240930,2024-09-30,6,3165100,2373825.0
201,1511,20240930,2024-09-30,2,3165000,2311250.0
858,199,20240930,2024-09-30,2,3165000,2373750.0
95,2012,20240930,2024-09-30,1,3164000,2373000.0
102,2079,20240930,2024-09-30,3,3164000,2388000.0
380,1466,20240930,2024-09-30,1,3163000,2372250.0
1390,1948,20240930,2024-09-30,8,3160000,2463500.0
420,940,20240930,2024-09-30,1,3160000,2370000.0
1362,2341,20240930,2024-09-30,16,3158900,2231525.0
665,188,20240930,2024-09-30,6,3158000,2368500.0
481,161,20240930,2024-09-30,2,3158000,2368500.0
665,233,20240930,2024-09-30,2,3157000,2367750.0
765,537,20240930,2024-09-30,2,3156600,2342450.0
805,894,20240930,2024-09-30,6,3155800,2392050.0
136,1962,20240930,2024-09-30,1,3155000,2366250.0
1021,1822,20240930,2024-09-30,4,3154500,2365875.0
1295,1996,20240930,2024-09-30,17,3152200,2301650.0
1390,261,20240930,2024-09-30,6,3152000,2409000.0
180,1310,20240930,2024-09-30,6,3150000,2337500.0
1030,1507,20240930,2024-09-30,1,3150000,2362500.0
1065,1501,20240930,2024-09-30,1,3150000,2362500.0
795,2259,20240930,2024-09-30,1,3150000,2362500.0
988,306,20240930,2024-09-30,2,3150000,2275000.0
618,2145,20240930,2024-09-30,1,3150000,2362500.0
170,636,20240930,2024-09-30,1,3147000,2360250.0
1295,1574,20240930,2024-09-30,53,3145700,1676150.0
1366,2254,20240930,2024-09-30,1,3145000,2358750.0
1321,949,20240930,2024-09-30,7,3143000,2269750.0
1116,1349,20240930,2024-09-30,1,3143000,2357250.0
261,1466,20240930,2024-09-30,7,3141000,2270500.0
535,300,20240930,2024-09-30,2,3140000,2355000.0
552,214,20240930,2024-09-30,2,3140000,2355000.0
510,2051,20240930,2024-09-30,2,3140000,2355000.0
1195,923,20240930,2024-09-30,1,3140000,2355000.0
479,1300,20240930,2024-09-30,8,3139500,2395355.0
109,2184,20240930,2024-09-30,8,3138000,1734750.0
102,201,20240930,2024-09-30,5,3135000,2351250.0
522,201,20240930,2024-09-30,3,3134000,2275500.0
1435,261,20240930,2024-09-30,40,3133500,2176375.0
523,1647,20240930,2024-09-30,6,3133200,2289900.0
540,1285,20240930,2024-09-30,1,3133000,2349750.0
1106,183,20240930,2024-09-30,1,3133000,2349750.0
1424,1947,20240930,2024-09-30,1,3131300,2348475.0
1173,130,20240930,2024-09-30,2,3130000,2347500.0
319,1464,20240930,2024-09-30,1,3128000,2346000.0
1462,1378,20240930,2024-09-30,7,3127000,2342750.0
865,157,20240930,2024-09-30,4,3126300,2344725.0
1364,1086,20240930,2024-09-30,8,3125000,2184050.0
540,280,20240930,2024-09-30,4,3124000,2330500.0
420,165,20240930,2024-09-30,2,3123300,2342475.0
587,1379,20240930,2024-09-30,3,3122500,2557500.0
535,1481,20240930,2024-09-30,1,3120000,2340000.0
1219,1278,20240930,2024-09-30,5,3120000,2185000.0
666,1452,20240930,2024-09-30,4,3120000,2315000.0
613,2083,20240930,2024-09-30,4,3119000,2151750.0
235,1641,20240930,2024-09-30,2,3118600,2338950.0
479,1460,20240930,2024-09-30,4,3118500,2303875.0
1466,2122,20240930,2024-09-30,7,3117800,2306870.0
982,298,20240930,2024-09-30,2,3112000,2334000.0
665,2275,20240930,2024-09-30,1,3110000,2332500.0
951,2319,20240930,2024-09-30,5,3109800,2294850.0
1163,355,20240930,2024-09-30,14,3106500,2402375.0
977,1672,20240930,2024-09-30,23,3105200,2026400.0
665,2158,20240930,2024-09-30,5,3105000,2328750.0
857,1981,20240930,2024-09-30,5,3105000,2328750.0
974,256,20240930,2024-09-30,1,3105000,2328750.0
857,302,20240930,2024-09-30,2,3103000,2327250.0
1454,1395,20240930,2024-09-30,4,3103000,2277250.0
141,1968,20240930,2024-09-30,2,3102000,2326500.0
463,1391,20240930,2024-09-30,5,3100000,2630000.0
393,2273,20240930,2024-09-30,2,3100000,2200000.0
520,1004,20240930,2024-09-30,2,3100000,2325000.0
1357,1968,20240930,2024-09-30,1,3100000,2325000.0
905,347,20240930,2024-09-30,2,3100000,2325000.0
523,2272,20240930,2024-09-30,2,3100000,2200000.0
197,2384,20240930,2024-09-30,1,3100000,2325000.0
316,2097,20240930,2024-09-30,1,3100000,2325000.0
905,653,20240930,2024-09-30,1,3100000,2294000.0
795,2341,20240930,2024-09-30,3,3100000,2137500.0
610,170,20240930,2024-09-30,1,3100000,2325000.0
393,335,20240930,2024-09-30,1,3100000,2325000.0
905,1897,20240930,2024-09-30,1,3100000,2325000.0
963,2002,20240930,2024-09-30,1,3100000,2325000.0
945,228,20240930,2024-09-30,1,3099000,2324250.0
799,355,20240930,2024-09-30,1,3098100,2323575.0
905,1837,20240930,2024-09-30,6,3098000,2323500.0
197,1907,20240930,2024-09-30,2,3097000,2260250.0
1018,355,20240930,2024-09-30,3,3096000,2322000.0
52,1338,20240930,2024-09-30,11,3095000,2015000.0
117,1714,20240930,2024-09-30,1,3095000,2321250.0
721,1424,20240930,2024-09-30,1,3095000,2321250.0
1386,361,20240930,2024-09-30,4,3095000,2315000.0
628,341,20240930,2024-09-30,3,3093000,2319750.0
228,261,20240930,2024-09-30,5,3091800,2068850.0
25,1311,20240930,2024-09-30,2,3091200,2318400.0
905,1298,20240930,2024-09-30,8,3090000,2299500.0
902,1496,20240930,2024-09-30,2,3090000,2317500.0
665,869,20240930,2024-09-30,2,3090000,2317500.0
200,157,20240930,2024-09-30,15,3088900,2404265.0
368,1832,20240930,2024-09-30,7,3088000,2328000.0
671,302,20240930,2024-09-30,4,3086200,2314650.0
1217,1389,20240930,2024-09-30,2,3085900,2314425.0
1000,1825,20240930,2024-09-30,1,3085400,2314050.0
988,1523,20240930,2024-09-30,3,3085000,2232500.0
479,1981,20240930,2024-09-30,6,3084300,2328225.0
239,1974,20240930,2024-09-30,1,3084000,2313000.0
109,183,20240930,2024-09-30,8,3083600,1962725.0
1218,946,20240930,2024-09-30,1,3081000,2310750.0
1219,1379,20240930,2024-09-30,44,3080600,1540300.0
420,122,20240930,2024-09-30,4,3079600,2309700.0
671,1669,20240930,2024-09-30,2,3078800,2309100.0
1364,2118,20240930,2024-09-30,7,3076200,2144650.0
665,1466,20240930,2024-09-30,3,3075500,2306625.0
337,2301,20240930,2024-09-30,2,3075000,2243750.0
905,1669,20240930,2024-09-30,8,3075000,2301250.0
1325,1519,20240930,2024-09-30,1,3075000,2306250.0
795,97,20240930,2024-09-30,1,3075000,1998750.0
346,465,20240930,2024-09-30,1,3075000,2306250.0
1366,163,20240930,2024-09-30,1,3075000,2306250.0
1139,906,20240930,2024-09-30,1,3075000,2306250.0
109,883,20240930,2024-09-30,5,3073000,1867250.0
1411,2079,20240930,2024-09-30,5,3072900,2273425.0
974,2279,20240930,2024-09-30,2,3072000,2304000.0
1467,2089,20240930,2024-09-30,1,3072000,2304000.0
618,1302,20240930,2024-09-30,1,3070000,2302500.0
235,423,20240930,2024-09-30,1,3070000,2302500.0
1435,1228,20240930,2024-09-30,4,3068800,2278475.0
99,892,20240930,2024-09-30,17,3068500,2061915.0
933,1451,20240930,2024-09-30,16,3067000,2107750.0
668,864,20240930,2024-09-30,11,3063300,1947015.0
1435,301,20240930,2024-09-30,12,3063000,2231000.0
618,354,20240930,2024-09-30,1,3060000,2295000.0
834,286,20240930,2024-09-30,2,3058000,2293500.0
97,1802,20240930,2024-09-30,13,3057000,1966000.0
864,181,20240930,2024-09-30,2,3055900,2291925.0
671,1981,20240930,2024-09-30,3,3055000,2291250.0
1065,1161,20240930,2024-09-30,3,3055000,2297750.0
1435,1086,20240930,2024-09-30,2,3054000,2290500.0
614,1719,20240930,2024-09-30,4,3054000,2283700.0
110,2054,20240930,2024-09-30,1,3053200,2289900.0
92,164,20240930,2024-09-30,3,3051400,2288550.0
1065,1153,20240930,2024-09-30,3,3050000,2294500.0
741,2319,20240930,2024-09-30,1,3050000,2287500.0
898,1467,20240930,2024-09-30,4,3050000,2287500.0
905,1905,20240930,2024-09-30,5,3050000,2287500.0
524,623,20240930,2024-09-30,2,3050000,2275000.0
721,1480,20240930,2024-09-30,1,3049000,2286750.0
200,160,20240930,2024-09-30,13,3049000,2325150.0
10,1379,20240930,2024-09-30,1,3048600,2286450.0
10,355,20240930,2024-09-30,1,3041800,2281350.0
615,355,20240930,2024-09-30,1,3041800,2281350.0
1435,1992,20240930,2024-09-30,10,3041400,2251050.0
618,545,20240930,2024-09-30,1,3040000,1824000.0
829,823,20240930,2024-09-30,1,3040000,2280000.0
582,722,20240930,2024-09-30,2,3040000,2280000.0
545,199,20240930,2024-09-30,1,3039000,2279250.0
671,2340,20240930,2024-09-30,2,3037500,2278125.0
264,1230,20240930,2024-09-30,2,3037000,2277750.0
1435,1948,20240930,2024-09-30,12,3036200,2243400.0
1384,170,20240930,2024-09-30,1,3035000,2276250.0
1021,1148,20240930,2024-09-30,1,3034500,2275875.0
1217,1943,20240930,2024-09-30,1,3032600,2274450.0
1435,2021,20240930,2024-09-30,2,3030800,2273100.0
477,188,20240930,2024-09-30,1,3029200,2271900.0
1295,1121,20240930,2024-09-30,13,3028400,2216300.0
818,1679,20240930,2024-09-30,7,3027500,2190625.0
813,890,20240930,2024-09-30,5,3027500,2235625.0
1356,309,20240930,2024-09-30,1,3027100,2270325.0
1362,1122,20240930,2024-09-30,14,3024700,2032025.0
895,1510,20240930,2024-09-30,13,3024600,1512300.0
1021,1236,20240930,2024-09-30,2,3024000,2268000.0
1219,303,20240930,2024-09-30,16,3021500,1836500.0
1459,2315,20240930,2024-09-30,18,3017500,2364625.0
657,157,20240930,2024-09-30,4,3017100,2262825.0
1435,212,20240930,2024-09-30,4,3016000,2247000.0
540,541,20240930,2024-09-30,1,3015800,2261850.0
1219,250,20240930,2024-09-30,15,3008000,2044000.0
1424,836,20240930,2024-09-30,1,3005000,2253750.0
1295,626,20240930,2024-09-30,32,3003800,2058015.0
1435,1392,20240930,2024-09-30,9,3003500,2221375.0
462,2291,20240930,2024-09-30,1,3002200,2251650.0
808,1383,20240930,2024-09-30,3,3002100,2251575.0
477,1274,20240930,2024-09-30,1,3001000,2250750.0
286,300,20240930,2024-09-30,9,3001000,2278750.0
795,1236,20240930,2024-09-30,1,3000000,2250000.0
1219,361,20240930,2024-09-30,2,3000000,2250000.0
558,1101,20240930,2024-09-30,1,3000000,2250000.0
121,1207,20240930,2024-09-30,1,3000000,2250000.0
905,2011,20240930,2024-09-30,5,3000000,2237500.0
197,2316,20240930,2024-09-30,1,3000000,2250000.0
859,268,20240930,2024-09-30,1,3000000,2250000.0
10,123,20240930,2024-09-30,1,3000000,2250000.0
666,1992,20240930,2024-09-30,1,3000000,2250000.0
163,282,20240930,2024-09-30,2,3000000,2418750.0
78,2293,20240930,2024-09-30,1,3000000,2250000.0
1065,349,20240930,2024-09-30,1,3000000,2250000.0
121,345,20240930,2024-09-30,1,3000000,2250000.0
550,157,20240930,2024-09-30,1,3000000,2250000.0
264,1276,20240930,2024-09-30,1,3000000,2250000.0
795,1392,20240930,2024-09-30,1,3000000,2250000.0
811,165,20240930,2024-09-30,11,3000000,2265000.0
905,542,20240930,2024-09-30,1,3000000,2250000.0
420,1662,20240930,2024-09-30,1,3000000,2250000.0
1061,1378,20240930,2024-09-30,1,3000000,2250000.0
522,214,20240930,2024-09-30,2,3000000,2187500.0
754,2107,20240930,2024-09-30,1,3000000,2250000.0
197,861,20240930,2024-09-30,3,3000000,2230000.0
617,1874,20240930,2024-09-30,1,3000000,2700000.0
393,160,20240930,2024-09-30,1,2999800,2249850.0
170,869,20240930,2024-09-30,3,2999600,2162200.0
10,2220,20240930,2024-09-30,1,2999500,2249625.0
742,158,20240930,2024-09-30,7,2998300,2049475.0
1030,1977,20240930,2024-09-30,3,2997500,2248125.0
163,2158,20240930,2024-09-30,7,2996000,2321800.0
10,981,20240930,2024-09-30,1,2995000,2246250.0
1000,1180,20240930,2024-09-30,17,2994100,2238680.0
335,623,20240930,2024-09-30,8,2994000,2264950.0
1217,146,20240930,2024-09-30,1,2992400,2244300.0
305,302,20240930,2024-09-30,5,2990400,2282240.0
905,367,20240930,2024-09-30,5,2990000,2237500.0
1104,1467,20240930,2024-09-30,1,2989600,2242200.0
380,1278,20240930,2024-09-30,2,2985000,2213750.0
1295,1394,20240930,2024-09-30,6,2983400,2205050.0
1466,501,20240930,2024-09-30,17,2983000,2363350.0
671,298,20240930,2024-09-30,3,2980700,2235525.0
170,146,20240930,2024-09-30,1,2980000,2235000.0
702,334,20240930,2024-09-30,2,2980000,2235000.0
285,1460,20240930,2024-09-30,2,2980000,2122500.0
1366,135,20240930,2024-09-30,1,2979000,2234250.0
126,1227,20240930,2024-09-30,2,2979000,2196750.0
919,163,20240930,2024-09-30,22,2978200,2353870.0
309,164,20240930,2024-09-30,3,2978000,2146000.0
795,1906,20240930,2024-09-30,1,2978000,2233500.0
237,274,20240930,2024-09-30,1,2977000,2232750.0
81,2176,20240930,2024-09-30,2,2976000,2232000.0
92,161,20240930,2024-09-30,1,2975000,2231250.0
905,811,20240930,2024-09-30,4,2975000,2238750.0
121,1378,20240930,2024-09-30,1,2975000,2231250.0
905,873,20240930,2024-09-30,4,2975000,2243750.0
784,163,20240930,2024-09-30,19,2973700,2372075.0
1208,1986,20240930,2024-09-30,4,2973600,2155200.0
1163,286,20240930,2024-09-30,4,2972700,2249525.0
671,1482,20240930,2024-09-30,2,2971700,2228775.0
483,640,20240930,2024-09-30,1,2970200,2227650.0
754,1396,20240930,2024-09-30,1,2969000,2226750.0
919,300,20240930,2024-09-30,18,2967600,2347460.0
540,1672,20240930,2024-09-30,3,2967500,2138125.0
951,396,20240930,2024-09-30,1,2967100,2225325.0
1163,1278,20240930,2024-09-30,2,2965600,2224200.0
742,260,20240930,2024-09-30,7,2965600,2042950.0
1217,1662,20240930,2024-09-30,2,2965600,2224200.0
536,942,20240930,2024-09-30,2,2964700,2223525.0
742,125,20240930,2024-09-30,10,2964400,1807550.0
1065,1948,20240930,2024-09-30,15,2962500,2282425.0
795,290,20240930,2024-09-30,2,2959900,2219925.0
1435,1679,20240930,2024-09-30,6,2955900,2199425.0
1139,1086,20240930,2024-09-30,1,2955000,2216250.0
1295,130,20240930,2024-09-30,10,2953500,2171375.0
988,1488,20240930,2024-09-30,2,2953000,2214750.0
1072,338,20240930,2024-09-30,2,2953000,2189750.0
818,250,20240930,2024-09-30,17,2952500,2008125.0
1409,160,20240930,2024-09-30,1,2950000,2212500.0
1000,1948,20240930,2024-09-30,1,2950000,2212500.0
905,948,20240930,2024-09-30,2,2950000,2227500.0
198,935,20240930,2024-09-30,7,2950000,1712500.0
1248,308,20240930,2024-09-30,2,2950000,2212500.0
468,293,20240930,2024-09-30,3,2949000,2451750.0
481,697,20240930,2024-09-30,4,2948000,2211000.0
1295,1051,20240930,2024-09-30,18,2944100,2156425.0
477,2118,20240930,2024-09-30,1,2943000,2207250.0
664,1977,20240930,2024-09-30,4,2941900,2206425.0
522,265,20240930,2024-09-30,2,2941000,2205750.0
666,1392,20240930,2024-09-30,1,2940000,2205000.0
209,1467,20240930,2024-09-30,9,2940000,2234000.0
951,970,20240930,2024-09-30,2,2939200,2129400.0
1065,1390,20240930,2024-09-30,8,2937500,2221075.0
59,355,20240930,2024-09-30,2,2935500,2201625.0
1163,291,20240930,2024-09-30,3,2935000,2201250.0
1435,2125,20240930,2024-09-30,7,2935000,2186250.0
963,130,20240930,2024-09-30,4,2935000,2201250.0
724,2338,20240930,2024-09-30,1,2935000,2201250.0
92,2118,20240930,2024-09-30,3,2933500,2200125.0
951,1466,20240930,2024-09-30,1,2933000,2199750.0
24,1,20240930,2024-09-30,1,2930000,2197500.0
919,2006,20240930,2024-09-30,25,2928500,2353575.0
1202,285,20240930,2024-09-30,2,2927000,2195250.0
109,306,20240930,2024-09-30,6,2926300,1860975.0
481,1274,20240930,2024-09-30,1,2926000,2194500.0
522,1088,20240930,2024-09-30,2,2926000,2144500.0
615,883,20240930,2024-09-30,1,2926000,2194500.0
1295,1845,20240930,2024-09-30,8,2925500,2145375.0
905,1202,20240930,2024-09-30,4,2925000,2131250.0
582,1731,20240930,2024-09-30,1,2925000,2193750.0
236,2291,20240930,2024-09-30,1,2924000,2193000.0
1407,308,20240930,2024-09-30,2,2923000,2192250.0
1454,2158,20240930,2024-09-30,3,2923000,2117250.0
1362,666,20240930,2024-09-30,1,2922000,2191500.0
1295,183,20240930,2024-09-30,9,2921100,2074575.0
907,2284,20240930,2024-09-30,9,2920600,2126700.0
273,157,20240930,2024-09-30,3,2920500,2190375.0
1356,1300,20240930,2024-09-30,2,2920500,2190375.0
1219,880,20240930,2024-09-30,9,2917800,1972650.0
109,1389,20240930,2024-09-30,4,2915000,2086250.0
579,1594,20240930,2024-09-30,3,2912700,2084525.0
1295,2242,20240930,2024-09-30,2,2912000,2121500.0
228,865,20240930,2024-09-30,2,2910800,2183100.0
795,1249,20240930,2024-09-30,2,2910000,2182500.0
744,2184,20240930,2024-09-30,6,2910000,2200200.0
615,1987,20240930,2024-09-30,1,2910000,2182500.0
1440,962,20240930,2024-09-30,2,2908700,2181525.0
197,170,20240930,2024-09-30,2,2906000,2171217.9
584,1898,20240930,2024-09-30,2,2906000,2179500.0
1362,1435,20240930,2024-09-30,14,2905400,2042675.0
1200,335,20240930,2024-09-30,1,2905000,2178750.0
584,2016,20240930,2024-09-30,1,2903000,2177250.0
818,237,20240930,2024-09-30,33,2902000,1731450.0
479,1424,20240930,2024-09-30,9,2901900,2251425.0
919,355,20240930,2024-09-30,26,2901300,2286135.0
49,170,20240930,2024-09-30,1,2900000,2175000.0
905,1300,20240930,2024-09-30,14,2900000,2196250.0
1386,350,20240930,2024-09-30,2,2900000,2175000.0
905,233,20240930,2024-09-30,7,2900000,2137500.0
1065,1634,20240930,2024-09-30,3,2900000,2185000.0
1357,689,20240930,2024-09-30,1,2900000,2175000.0
1357,1377,20240930,2024-09-30,2,2899100,2174325.0
1217,143,20240930,2024-09-30,1,2899000,2174250.0
865,2080,20240930,2024-09-30,1,2898300,2173725.0
197,637,20240930,2024-09-30,3,2897000,2172750.0
990,400,20240930,2024-09-30,1,2896000,2172000.0
149,1158,20240930,2024-09-30,2,2895000,2171250.0
1295,1731,20240930,2024-09-30,29,2894300,1829585.0
795,1733,20240930,2024-09-30,3,2893500,2107625.0
1295,478,20240930,2024-09-30,2,2892000,2144000.0
1217,1968,20240930,2024-09-30,3,2889400,2167050.0
1362,559,20240930,2024-09-30,8,2889000,2029500.0
919,170,20240930,2024-09-30,21,2888100,2315415.0
483,863,20240930,2024-09-30,1,2888000,2599200.0
1161,27,20240930,2024-09-30,1,2888000,2166000.0
1364,1968,20240930,2024-09-30,1,2887500,2165625.0
462,1575,20240930,2024-09-30,1,2887000,2165250.0
420,2079,20240930,2024-09-30,3,2886400,2164800.0
605,997,20240930,2024-09-30,6,2886000,2052000.0
264,1822,20240930,2024-09-30,3,2885400,2164050.0
742,1660,20240930,2024-09-30,6,2885400,1956550.0
912,321,20240930,2024-09-30,1,2885000,2163750.0
558,2085,20240930,2024-09-30,1,2885000,2163750.0
1217,865,20240930,2024-09-30,2,2881100,2160825.0
1219,280,20240930,2024-09-30,29,2876700,1783600.0
1192,541,20240930,2024-09-30,5,2876600,2107450.0
977,541,20240930,2024-09-30,21,2871600,1954950.0
1409,293,20240930,2024-09-30,4,2871000,2153250.0
522,1393,20240930,2024-09-30,1,2869000,2582100.0
1295,633,20240930,2024-09-30,30,2867500,1883070.0
742,1424,20240930,2024-09-30,16,2866000,1583000.0
1386,2272,20240930,2024-09-30,1,2865000,2148750.0
405,864,20240930,2024-09-30,25,2865000,1722000.0
795,1714,20240930,2024-09-30,3,2865000,2123750.0
742,564,20240930,2024-09-30,10,2864000,1746500.0
477,199,20240930,2024-09-30,2,2863000,2147250.0
632,2398,20240930,2024-09-30,2,2860000,2145000.0
316,2268,20240930,2024-09-30,1,2860000,2145000.0
923,857,20240930,2024-09-30,3,2855000,2141250.0
538,1360,20240930,2024-09-30,4,2853500,2081375.0
784,161,20240930,2024-09-30,14,2853400,2287030.0
442,1977,20240930,2024-09-30,2,2851000,2138250.0
795,1647,20240930,2024-09-30,1,2850000,2137500.0
463,1396,20240930,2024-09-30,3,2850000,2512500.0
209,164,20240930,2024-09-30,10,2850000,2152000.0
483,107,20240930,2024-09-30,1,2850000,2137500.0
463,1388,20240930,2024-09-30,2,2850000,2137500.0
831,1005,20240930,2024-09-30,1,2850000,2137500.0
974,163,20240930,2024-09-30,2,2850000,2137500.0
1295,635,20240930,2024-09-30,1,2847600,2135700.0
1116,1651,20240930,2024-09-30,1,2847000,2135250.0
664,2079,20240930,2024-09-30,2,2845800,2134350.0
1295,861,20240930,2024-09-30,8,2843800,2091600.0
384,286,20240930,2024-09-30,2,2842800,2132100.0
520,335,20240930,2024-09-30,4,2840000,2130000.0
1200,1965,20240930,2024-09-30,1,2840000,2130000.0
905,2193,20240930,2024-09-30,4,2840000,2130000.0
988,161,20240930,2024-09-30,1,2840000,2130000.0
1065,1819,20240930,2024-09-30,3,2838600,2128950.0
102,697,20240930,2024-09-30,2,2838000,2128500.0
420,1398,20240930,2024-09-30,2,2838000,2128500.0
933,1542,20240930,2024-09-30,2,2835000,2088750.0
1390,1523,20240930,2024-09-30,8,2832000,2166500.0
1362,207,20240930,2024-09-30,4,2831000,2117000.0
10,426,20240930,2024-09-30,1,2830000,2122500.0
170,247,20240930,2024-09-30,3,2830000,2047500.0
1219,853,20240930,2024-09-30,20,2829000,1802750.0
919,160,20240930,2024-09-30,21,2828800,2279480.0
174,1869,20240930,2024-09-30,12,2828600,1938425.0
1362,126,20240930,2024-09-30,6,2828300,2107725.0
582,1545,20240930,2024-09-30,1,2828000,2121000.0
671,1477,20240930,2024-09-30,2,2826700,2120025.0
795,1388,20240930,2024-09-30,2,2825000,2118750.0
905,1685,20240930,2024-09-30,8,2825000,2115000.0
197,477,20240930,2024-09-30,3,2822000,2066500.0
109,1679,20240930,2024-09-30,4,2820400,1499255.0
309,942,20240930,2024-09-30,4,2820000,1946250.0
931,503,20240930,2024-09-30,4,2820000,1990000.0
1295,906,20240930,2024-09-30,26,2819000,1761000.0
1454,1390,20240930,2024-09-30,3,2818500,2088875.0
1093,857,20240930,2024-09-30,9,2818100,2066825.0
1082,41,20240930,2024-09-30,2,2818000,2113500.0
522,2258,20240930,2024-09-30,3,2817000,2075250.0
1065,1512,20240930,2024-09-30,2,2816700,2114395.0
479,115,20240930,2024-09-30,1,2816000,2112000.0
830,700,20240930,2024-09-30,1,2816000,2112000.0
380,161,20240930,2024-09-30,2,2815000,2048750.0
1454,252,20240930,2024-09-30,2,2810000,2107500.0
795,1235,20240930,2024-09-30,3,2810000,2088750.0
1435,1460,20240930,2024-09-30,5,2809300,2099475.0
170,1424,20240930,2024-09-30,1,2809000,2106750.0
319,165,20240930,2024-09-30,1,2805000,2103750.0
353,1392,20240930,2024-09-30,1,2805000,2103750.0
491,1591,20240930,2024-09-30,1,2804000,2103000.0
795,1293,20240930,2024-09-30,3,2802000,1976500.0
156,2248,20240930,2024-09-30,13,2801900,1400950.0
335,628,20240930,2024-09-30,4,2801500,2101125.0
522,157,20240930,2024-09-30,3,2801000,2100750.0
618,2207,20240930,2024-09-30,1,2800000,2100000.0
783,286,20240930,2024-09-30,2,2800000,2100000.0
945,1115,20240930,2024-09-30,3,2800000,2100000.0
636,579,20240930,2024-09-30,1,2800000,2100000.0
905,1936,20240930,2024-09-30,1,2800000,2100000.0
510,663,20240930,2024-09-30,1,2800000,2100000.0
920,1004,20240930,2024-09-30,6,2800000,1975000.0
109,1298,20240930,2024-09-30,5,2799700,1774775.0
462,623,20240930,2024-09-30,4,2796500,1964875.0
1435,1981,20240930,2024-09-30,12,2796200,2060900.0
309,2097,20240930,2024-09-30,3,2793200,2003650.0
783,697,20240930,2024-09-30,1,2793000,2094750.0
420,861,20240930,2024-09-30,1,2792600,2094450.0
1356,1243,20240930,2024-09-30,1,2792000,2094000.0
1362,573,20240930,2024-09-30,3,2791300,1529215.0
1390,1401,20240930,2024-09-30,1,2791000,2093250.0
795,1398,20240930,2024-09-30,3,2790000,2092500.0
1366,1669,20240930,2024-09-30,1,2790000,2092500.0
665,883,20240930,2024-09-30,2,2790000,2092500.0
197,329,20240930,2024-09-30,1,2790000,2092500.0
1183,1121,20240930,2024-09-30,4,2788000,2091000.0
1065,1679,20240930,2024-09-30,6,2787500,2050625.0
865,879,20240930,2024-09-30,1,2787200,557440.0
1270,2083,20240930,2024-09-30,1,2785000,2088750.0
19,301,20240930,2024-09-30,1,2783900,2087925.0
420,137,20240930,2024-09-30,2,2783500,2087625.0
708,954,20240930,2024-09-30,2,2782200,2074150.0
1435,1472,20240930,2024-09-30,1,2782000,2086500.0
613,1962,20240930,2024-09-30,1,2781000,2085750.0
1411,1985,20240930,2024-09-30,2,2777300,2020475.0
931,492,20240930,2024-09-30,2,2777000,2082750.0
313,164,20240930,2024-09-30,1,2775000,2081250.0
1366,2112,20240930,2024-09-30,1,2775000,2081250.0
651,293,20240930,2024-09-30,2,2775000,2081250.0
679,2275,20240930,2024-09-30,3,2773000,2054750.0
1070,1071,20240930,2024-09-30,4,2770100,2077575.0
209,163,20240930,2024-09-30,7,2769300,2086975.0
522,308,20240930,2024-09-30,2,2765000,2073750.0
522,416,20240930,2024-09-30,1,2763000,2072250.0
1207,2258,20240930,2024-09-30,3,2763000,2072250.0
942,1087,20240930,2024-09-30,5,2761300,2065225.0
1231,2014,20240930,2024-09-30,1,2761000,2070750.0
905,1439,20240930,2024-09-30,7,2760000,2095500.0
1195,1704,20240930,2024-09-30,1,2760000,2070000.0
834,1384,20240930,2024-09-30,2,2760000,2007500.0
7,650,20240930,2024-09-30,8,2756800,1991925.0
721,146,20240930,2024-09-30,3,2756600,2067450.0
109,168,20240930,2024-09-30,2,2756000,2067000.0
905,1717,20240930,2024-09-30,1,2755500,2066625.0
200,122,20240930,2024-09-30,13,2755200,2103420.0
491,1502,20240930,2024-09-30,3,2754000,2065500.0
1295,46,20240930,2024-09-30,4,2753500,2042625.0
664,831,20240930,2024-09-30,7,2751500,2066125.0
429,823,20240930,2024-09-30,1,2750000,2062500.0
795,2235,20240930,2024-09-30,3,2750000,1950000.0
795,927,20240930,2024-09-30,4,2750000,2025000.0
1219,892,20240930,2024-09-30,25,2749500,1612375.0
645,1619,20240930,2024-09-30,10,2748400,1940980.0
59,1261,20240930,2024-09-30,1,2746000,549200.0
795,978,20240930,2024-09-30,4,2745000,1908750.0
799,378,20240930,2024-09-30,1,2744900,2058675.0
1435,1651,20240930,2024-09-30,3,2743700,2004025.0
1362,138,20240930,2024-09-30,12,2742700,2010525.0
754,2265,20240930,2024-09-30,2,2741500,1931125.0
209,2002,20240930,2024-09-30,2,2740200,2055150.0
742,1389,20240930,2024-09-30,12,2740000,1480000.0
702,300,20240930,2024-09-30,2,2740000,1942500.0
905,1516,20240930,2024-09-30,7,2740000,2049000.0
618,775,20240930,2024-09-30,1,2740000,2055000.0
1383,1080,20240930,2024-09-30,6,2739200,2074610.0
197,164,20240930,2024-09-30,3,2736900,2052675.0
272,1834,20240930,2024-09-30,1,2736000,2052000.0
726,199,20240930,2024-09-30,2,2735400,2051550.0
919,1424,20240930,2024-09-30,26,2735400,2200090.0
239,1848,20240930,2024-09-30,1,2735000,2051250.0
461,666,20240930,2024-09-30,2,2735000,2051250.0
1427,1647,20240930,2024-09-30,6,2735000,2059500.0
209,1977,20240930,2024-09-30,6,2735000,2051250.0
152,265,20240930,2024-09-30,3,2733600,1925200.0
618,1229,20240930,2024-09-30,1,2730000,2047500.0
974,2158,20240930,2024-09-30,2,2730000,2047500.0
285,135,20240930,2024-09-30,3,2730000,2230500.0
235,1268,20240930,2024-09-30,1,2728000,2046000.0
818,252,20240930,2024-09-30,20,2728000,1685000.0
795,123,20240930,2024-09-30,2,2727000,2045250.0
1072,41,20240930,2024-09-30,1,2726800,2045100.0
795,258,20240930,2024-09-30,4,2725000,2018750.0
1390,2258,20240930,2024-09-30,6,2723000,2087250.0
618,1304,20240930,2024-09-30,1,2722000,1633200.0
1183,128,20240930,2024-09-30,4,2722000,2041500.0
510,1086,20240930,2024-09-30,1,2721000,2040750.0
795,1275,20240930,2024-09-30,1,2720000,2040000.0
657,1934,20240930,2024-09-30,1,2720000,2040000.0
163,1477,20240930,2024-09-30,21,2718500,2310725.0
132,2125,20240930,2024-09-30,4,2717800,1918050.0
1362,125,20240930,2024-09-30,9,2717000,2022990.0
309,2079,20240930,2024-09-30,4,2715700,1981775.0
665,2151,20240930,2024-09-30,1,2715000,2036250.0
351,181,20240930,2024-09-30,2,2714500,2035875.0
1435,153,20240930,2024-09-30,1,2713000,2034750.0
617,2258,20240930,2024-09-30,2,2711000,2033250.0
1295,1079,20240930,2024-09-30,2,2710700,2008025.0
1435,1386,20240930,2024-09-30,3,2710700,2029275.0
1366,118,20240930,2024-09-30,1,2710000,2032500.0
784,1467,20240930,2024-09-30,22,2708600,2212040.0
1435,299,20240930,2024-09-30,7,2707800,1995850.0
818,1467,20240930,2024-09-30,11,2707600,1886300.0
758,2258,20240930,2024-09-30,4,2705000,1978750.0
209,45,20240930,2024-09-30,1,2702500,2026875.0
477,146,20240930,2024-09-30,3,2702200,2026650.0
1357,160,20240930,2024-09-30,1,2700000,2025000.0
1431,865,20240930,2024-09-30,7,2700000,1656250.0
520,355,20240930,2024-09-30,1,2700000,2025000.0
264,570,20240930,2024-09-30,1,2700000,2025000.0
1216,367,20240930,2024-09-30,1,2700000,2025000.0
1027,2043,20240930,2024-09-30,1,2699500,2024625.0
25,981,20240930,2024-09-30,2,2698500,2023875.0
163,130,20240930,2024-09-30,19,2697000,2270350.0
1065,170,20240930,2024-09-30,21,2695000,2115050.0
1390,2125,20240930,2024-09-30,3,2695000,2051250.0
1139,599,20240930,2024-09-30,1,2695000,2021250.0
834,1394,20240930,2024-09-30,4,2695000,1858750.0
281,623,20240930,2024-09-30,12,2695000,1692500.0
163,135,20240930,2024-09-30,20,2694200,2290070.0
1207,2268,20240930,2024-09-30,1,2690000,2017500.0
858,308,20240930,2024-09-30,1,2690000,2017500.0
795,1221,20240930,2024-09-30,2,2690000,1091000.0
1435,280,20240930,2024-09-30,13,2686200,1984650.0
235,864,20240930,2024-09-30,2,2686000,2029500.0
1192,564,20240930,2024-09-30,4,2686000,2014500.0
51,302,20240930,2024-09-30,2,2685000,2013750.0
540,1477,20240930,2024-09-30,1,2684700,2013525.0
795,863,20240930,2024-09-30,4,2684500,2000825.0
407,1552,20240930,2024-09-30,2,2684200,2013150.0
540,1679,20240930,2024-09-30,2,2684000,1925500.0
1237,2216,20240930,2024-09-30,2,2684000,2013000.0
1409,2341,20240930,2024-09-30,3,2684000,2013000.0
1072,2083,20240930,2024-09-30,1,2683600,2012700.0
1217,1989,20240930,2024-09-30,1,2683400,2012550.0
795,948,20240930,2024-09-30,2,2680000,1960000.0
1093,865,20240930,2024-09-30,5,2680000,1891000.0
239,2305,20240930,2024-09-30,1,2679000,2009250.0
873,2127,20240930,2024-09-30,16,2677200,1898350.0
17,261,20240930,2024-09-30,1,2675600,2006700.0
988,163,20240930,2024-09-30,1,2675000,2006250.0
1386,1917,20240930,2024-09-30,1,2675000,2006250.0
190,1516,20240930,2024-09-30,2,2673200,2004900.0
209,415,20240930,2024-09-30,3,2672500,1879375.0
170,341,20240930,2024-09-30,1,2672000,2004000.0
905,1572,20240930,2024-09-30,3,2670000,1985000.0
742,1968,20240930,2024-09-30,15,2668500,1334250.0
1116,1968,20240930,2024-09-30,1,2668000,2001000.0
1407,260,20240930,2024-09-30,2,2666000,1999500.0
726,1977,20240930,2024-09-30,6,2665900,1749825.0
192,573,20240930,2024-09-30,2,2665000,1961250.0
384,978,20240930,2024-09-30,5,2665000,1986250.0
796,293,20240930,2024-09-30,5,2664800,1992350.0
522,137,20240930,2024-09-30,1,2664000,1998000.0
152,302,20240930,2024-09-30,2,2663400,1997550.0
1077,308,20240930,2024-09-30,2,2662000,2395800.0
951,1039,20240930,2024-09-30,2,2661700,1908775.0
605,984,20240930,2024-09-30,2,2661400,1996050.0
95,183,20240930,2024-09-30,2,2660800,1995600.0
163,1714,20240930,2024-09-30,14,2660600,2125810.0
36,512,20240930,2024-09-30,3,2660600,1995450.0
671,335,20240930,2024-09-30,2,2660500,1995375.0
481,170,20240930,2024-09-30,4,2660000,1995000.0
299,2097,20240930,2024-09-30,2,2660000,1995000.0
1357,293,20240930,2024-09-30,1,2660000,2394000.0
685,1033,20240930,2024-09-30,6,2657000,1867750.0
491,1516,20240930,2024-09-30,4,2656500,1986125.0
1295,869,20240930,2024-09-30,6,2656000,1924500.0
919,2258,20240930,2024-09-30,21,2655600,2097770.0
494,1303,20240930,2024-09-30,6,2655400,1767550.0
905,492,20240930,2024-09-30,4,2655000,1991250.0
350,1925,20240930,2024-09-30,1,2655000,1991250.0
1409,203,20240930,2024-09-30,1,2655000,1991250.0
1415,2208,20240930,2024-09-30,3,2654700,1991025.0
1431,857,20240930,2024-09-30,9,2653000,1709750.0
671,961,20240930,2024-09-30,4,2652500,1989375.0
261,157,20240930,2024-09-30,3,2652300,1668564.0
671,1650,20240930,2024-09-30,2,2650500,1987875.0
702,398,20240930,2024-09-30,1,2650000,1987500.0
614,1679,20240930,2024-09-30,1,2650000,1987500.0
228,157,20240930,2024-09-30,3,2649900,1874925.0
1411,331,20240930,2024-09-30,1,2648900,1986675.0
109,1986,20240930,2024-09-30,3,2648200,1923650.0
522,2273,20240930,2024-09-30,1,2648000,1986000.0
905,643,20240930,2024-09-30,4,2647500,1985625.0
1295,1389,20240930,2024-09-30,5,2647400,1923050.0
479,541,20240930,2024-09-30,8,2646300,2027925.0
951,335,20240930,2024-09-30,2,2646000,1984500.0
1034,1651,20240930,2024-09-30,1,2645900,1984425.0
462,1300,20240930,2024-09-30,3,2645500,1959125.0
963,161,20240930,2024-09-30,3,2645000,1998750.0
449,1004,20240930,2024-09-30,3,2644600,1883450.0
1390,242,20240930,2024-09-30,1,2644000,1983000.0
1065,135,20240930,2024-09-30,12,2642500,2015775.0
951,331,20240930,2024-09-30,1,2638400,1978800.0
1295,1905,20240930,2024-09-30,10,2636400,1924800.0
1237,1935,20240930,2024-09-30,1,2636200,1977150.0
1163,2174,20240930,2024-09-30,3,2635800,1984350.0
919,164,20240930,2024-09-30,28,2635800,2144710.0
483,1573,20240930,2024-09-30,1,2635000,1976250.0
688,1004,20240930,2024-09-30,10,2635000,1532500.0
1356,261,20240930,2024-09-30,4,2634800,1926100.0
1219,363,20240930,2024-09-30,2,2633000,1974750.0
197,183,20240930,2024-09-30,6,2632000,1867750.0
520,1960,20240930,2024-09-30,1,2630000,1972500.0
152,280,20240930,2024-09-30,2,2630000,1928750.0
101,2311,20240930,2024-09-30,9,2627800,1974510.0
16,697,20240930,2024-09-30,2,2625000,1968750.0
618,2374,20240930,2024-09-30,1,2625000,1968750.0
380,268,20240930,2024-09-30,3,2624000,1943000.0
671,886,20240930,2024-09-30,1,2624000,1968000.0
664,296,20240930,2024-09-30,5,2622000,1954000.0
136,1973,20240930,2024-09-30,1,2620000,1965000.0
413,367,20240930,2024-09-30,1,2620000,1965000.0
235,118,20240930,2024-09-30,2,2620000,1980000.0
237,280,20240930,2024-09-30,3,2619000,1914250.0
197,510,20240930,2024-09-30,1,2617000,1936580.0
512,1641,20240930,2024-09-30,1,2615000,1961250.0
1219,1367,20240930,2024-09-30,12,2615000,737500.0
1327,1714,20240930,2024-09-30,4,2615000,1848750.0
1415,2176,20240930,2024-09-30,1,2612800,1959600.0
1129,1970,20240930,2024-09-30,4,2611400,1958550.0
228,2022,20240930,2024-09-30,1,2610000,1957500.0
624,1495,20240930,2024-09-30,2,2610000,1957500.0
1362,1040,20240930,2024-09-30,10,2608900,1801075.0
1166,1143,20240930,2024-09-30,1,2608000,1956000.0
1295,1424,20240930,2024-09-30,12,2606800,1896350.0
109,1467,20240930,2024-09-30,6,2602500,1431875.0
600,2291,20240930,2024-09-30,3,2602000,1881500.0
102,1977,20240930,2024-09-30,2,2601000,1950750.0
520,1963,20240930,2024-09-30,1,2600000,1950000.0
268,852,20240930,2024-09-30,1,2600000,1950000.0
520,1719,20240930,2024-09-30,1,2600000,1950000.0
795,559,20240930,2024-09-30,2,2600000,1912500.0
658,286,20240930,2024-09-30,1,2600000,1950000.0
558,2050,20240930,2024-09-30,1,2600000,1950000.0
795,1648,20240930,2024-09-30,2,2600000,1950000.0
671,1417,20240930,2024-09-30,1,2600000,1950000.0
988,1426,20240930,2024-09-30,1,2600000,1950000.0
668,1813,20240930,2024-09-30,8,2600000,1812500.0
905,1453,20240930,2024-09-30,2,2600000,1950000.0
393,146,20240930,2024-09-30,3,2598200,1936150.0
1173,2279,20240930,2024-09-30,2,2598000,1948500.0
963,1591,20240930,2024-09-30,1,2598000,1948500.0
963,203,20240930,2024-09-30,2,2597500,1948125.0
462,1516,20240930,2024-09-30,5,2597500,1705625.0
1321,978,20240930,2024-09-30,3,2595000,1871250.0
1065,1274,20240930,2024-09-30,19,2594000,1901700.0
1368,1669,20240930,2024-09-30,23,2593700,1639775.0
974,2268,20240930,2024-09-30,2,2592000,1944000.0
442,542,20240930,2024-09-30,1,2592000,1944000.0
1431,864,20240930,2024-09-30,5,2590800,1791850.0
540,309,20240930,2024-09-30,2,2589600,1942200.0
582,978,20240930,2024-09-30,1,2588000,1941000.0
702,1249,20240930,2024-09-30,1,2585000,1938750.0
1366,138,20240930,2024-09-30,1,2585000,1938750.0
102,477,20240930,2024-09-30,2,2585000,1938750.0
472,355,20240930,2024-09-30,1,2584000,1938000.0
1183,1118,20240930,2024-09-30,2,2582000,1936500.0
510,355,20240930,2024-09-30,1,2580900,1935675.0
1295,1496,20240930,2024-09-30,10,2579800,1883600.0
972,961,20240930,2024-09-30,9,2578900,1684175.0
905,148,20240930,2024-09-30,7,2575000,1915000.0
795,367,20240930,2024-09-30,2,2575000,1931250.0
1368,1660,20240930,2024-09-30,38,2574600,1536200.0
1409,1948,20240930,2024-09-30,1,2573000,1929750.0
1217,722,20240930,2024-09-30,1,2571100,1928325.0
128,585,20240930,2024-09-30,16,2570000,1888850.0
795,640,20240930,2024-09-30,3,2570000,1927500.0
109,265,20240930,2024-09-30,4,2568800,1764100.0
170,248,20240930,2024-09-30,2,2568700,1901525.0
982,293,20240930,2024-09-30,5,2568000,1926000.0
784,122,20240930,2024-09-30,11,2565100,2007995.0
483,266,20240930,2024-09-30,1,2565000,1923750.0
643,865,20240930,2024-09-30,1,2565000,1923750.0
1416,1004,20240930,2024-09-30,4,2564500,1923375.0
1065,220,20240930,2024-09-30,2,2564000,1923000.0
445,1041,20240930,2024-09-30,3,2563000,1922250.0
1362,981,20240930,2024-09-30,15,2560400,1823050.0
123,2245,20240930,2024-09-30,2,2560000,1857500.0
795,1679,20240930,2024-09-30,1,2560000,1920000.0
951,355,20240930,2024-09-30,2,2559900,1919925.0
522,203,20240930,2024-09-30,2,2559000,1856750.0
1230,1948,20240930,2024-09-30,6,2558900,1919175.0
615,320,20240930,2024-09-30,1,2558600,1918950.0
818,865,20240930,2024-09-30,14,2558400,1725050.0
235,237,20240930,2024-09-30,2,2558300,1918725.0
1352,36,20240930,2024-09-30,1,2557000,1917750.0
618,942,20240930,2024-09-30,1,2556000,1917000.0
235,1952,20240930,2024-09-30,2,2556000,1927000.0
587,1676,20240930,2024-09-30,2,2555000,1878750.0
285,2006,20240930,2024-09-30,1,2555000,1533000.0
197,1822,20240930,2024-09-30,3,2555000,1891250.0
92,122,20240930,2024-09-30,2,2554200,1915650.0
264,1472,20240930,2024-09-30,1,2553100,1914825.0
905,423,20240930,2024-09-30,4,2551000,1925750.0
1235,2022,20240930,2024-09-30,3,2550500,1912875.0
505,636,20240930,2024-09-30,2,2550400,1912800.0
510,2038,20240930,2024-09-30,1,2550000,1912500.0
905,171,20240930,2024-09-30,2,2550000,1912500.0
671,1389,20240930,2024-09-30,1,2550000,1912500.0
491,316,20240930,2024-09-30,1,2550000,1912500.0
988,1203,20240930,2024-09-30,1,2550000,1912500.0
192,564,20240930,2024-09-30,1,2550000,918000.0
366,1086,20240930,2024-09-30,4,2549500,1862125.0
354,863,20240930,2024-09-30,2,2549200,1911900.0
1417,545,20240930,2024-09-30,5,2548000,1686000.0
1446,2053,20240930,2024-09-30,1,2548000,1911000.0
1435,298,20240930,2024-09-30,24,2547700,1797025.0
109,1888,20240930,2024-09-30,3,2547500,1835625.0
719,492,20240930,2024-09-30,3,2547400,1860550.0
1435,2073,20240930,2024-09-30,1,2547200,1910400.0
445,1922,20240930,2024-09-30,1,2547100,1910325.0
1173,1992,20240930,2024-09-30,1,2544000,1908000.0
695,164,20240930,2024-09-30,1,2542000,1906500.0
1409,235,20240930,2024-09-30,2,2541000,1905750.0
1429,2341,20240930,2024-09-30,5,2541000,1905750.0
285,158,20240930,2024-09-30,1,2541000,1905750.0
795,1642,20240930,2024-09-30,1,2540000,1905000.0
421,1374,20240930,2024-09-30,5,2540000,1670000.0
865,163,20240930,2024-09-30,2,2539800,1904850.0
393,2083,20240930,2024-09-30,1,2539200,1904400.0
163,2083,20240930,2024-09-30,19,2538800,2157980.0
1219,1479,20240930,2024-09-30,46,2537300,1331150.0
1154,1888,20240930,2024-09-30,2,2536500,1902375.0
1295,361,20240930,2024-09-30,10,2536500,1846125.0
170,865,20240930,2024-09-30,3,2536000,1652000.0
96,1625,20240930,2024-09-30,3,2536000,1914600.0
708,935,20240930,2024-09-30,7,2533500,1706375.0
102,847,20240930,2024-09-30,2,2533500,1900125.0
1295,616,20240930,2024-09-30,4,2533000,1831000.0
92,130,20240930,2024-09-30,2,2531800,1898850.0
818,880,20240930,2024-09-30,26,2531500,1447125.0
442,254,20240930,2024-09-30,1,2531000,1898250.0
170,2118,20240930,2024-09-30,2,2531000,1823250.0
227,2118,20240930,2024-09-30,4,2530000,1802500.0
671,2268,20240930,2024-09-30,3,2530000,1897500.0
197,236,20240930,2024-09-30,2,2530000,1772500.0
655,1981,20240930,2024-09-30,1,2530000,1897500.0
1295,1530,20240930,2024-09-30,14,2529000,1796100.0
602,583,20240930,2024-09-30,1,2528900,1896675.0
685,997,20240930,2024-09-30,9,2528300,1862025.0
1362,1669,20240930,2024-09-30,15,2527900,1760400.0
56,548,20240930,2024-09-30,1,2525000,1893750.0
665,252,20240930,2024-09-30,3,2525000,1893750.0
905,1619,20240930,2024-09-30,8,2525000,1928750.0
192,268,20240930,2024-09-30,2,2525000,1831250.0
1435,1685,20240930,2024-09-30,3,2525000,1893750.0
209,355,20240930,2024-09-30,5,2524700,1893525.0
393,1948,20240930,2024-09-30,3,2524200,1880650.0
865,160,20240930,2024-09-30,3,2524000,1830500.0
1065,100,20240930,2024-09-30,1,2520000,1890000.0
1265,1672,20240930,2024-09-30,1,2520000,1890000.0
57,157,20240930,2024-09-30,1,2520000,1890000.0
1357,905,20240930,2024-09-30,1,2520000,1890000.0
1026,2010,20240930,2024-09-30,1,2520000,1890000.0
1448,861,20240930,2024-09-30,1,2520000,1209600.0
1368,2272,20240930,2024-09-30,37,2519500,1556750.0
462,135,20240930,2024-09-30,1,2519000,1889250.0
615,1377,20240930,2024-09-30,1,2518600,1888950.0
671,1466,20240930,2024-09-30,2,2518000,1888500.0
163,882,20240930,2024-09-30,13,2517200,2050620.0
818,1676,20240930,2024-09-30,14,2517100,1776100.0
1139,487,20240930,2024-09-30,1,2517000,1887750.0
905,545,20240930,2024-09-30,10,2517000,1902750.0
795,1248,20240930,2024-09-30,1,2516000,1887000.0
170,1390,20240930,2024-09-30,3,2513000,1859750.0
127,168,20240930,2024-09-30,1,2510000,1882500.0
1362,2309,20240930,2024-09-30,5,2508000,1814750.0
752,905,20240930,2024-09-30,9,2507800,1768255.0
966,1746,20240930,2024-09-30,15,2507700,1867265.0
420,217,20240930,2024-09-30,1,2507100,1880325.0
1222,1542,20240930,2024-09-30,7,2504200,1867900.0
1435,865,20240930,2024-09-30,1,2504000,1878000.0
102,1937,20240930,2024-09-30,1,2503000,1877250.0
264,300,20240930,2024-09-30,4,2502000,1876500.0
420,50,20240930,2024-09-30,1,2501400,1876050.0
784,2006,20240930,2024-09-30,13,2500100,1993875.0
559,2006,20240930,2024-09-30,1,2500000,1875000.0
463,1390,20240930,2024-09-30,3,2500000,2175000.0
524,626,20240930,2024-09-30,1,2500000,1875000.0
170,280,20240930,2024-09-30,1,2500000,1875000.0
905,511,20240930,2024-09-30,1,2500000,1875000.0
767,263,20240930,2024-09-30,1,2500000,1875000.0
795,650,20240930,2024-09-30,1,2500000,1875000.0
617,1878,20240930,2024-09-30,2,2500000,1950000.0
905,241,20240930,2024-09-30,6,2500000,1885000.0
1055,419,20240930,2024-09-30,1,2500000,1875000.0
1065,1573,20240930,2024-09-30,3,2500000,1880000.0
905,1996,20240930,2024-09-30,4,2500000,1890000.0
834,1662,20240930,2024-09-30,2,2500000,1825000.0
905,1221,20240930,2024-09-30,3,2500000,1875000.0
1411,363,20240930,2024-09-30,1,2500000,1875000.0
1072,303,20240930,2024-09-30,1,2500000,1575000.0
905,388,20240930,2024-09-30,2,2500000,1875000.0
905,411,20240930,2024-09-30,1,2500000,1875000.0
536,976,20240930,2024-09-30,1,2500000,1875000.0
1362,1876,20240930,2024-09-30,2,2500000,1837500.0
905,151,20240930,2024-09-30,2,2500000,1875000.0
613,2058,20240930,2024-09-30,1,2500000,1875000.0
1295,948,20240930,2024-09-30,23,2499100,1562580.0
1126,2079,20240930,2024-09-30,1,2499000,1874250.0
1295,2333,20240930,2024-09-30,1,2498000,1873500.0
376,203,20240930,2024-09-30,4,2497100,1872825.0
1219,1249,20240930,2024-09-30,2,2497000,1810250.0
393,949,20240930,2024-09-30,1,2495700,1871775.0
522,1496,20240930,2024-09-30,1,2495000,1871250.0
860,1066,20240930,2024-09-30,1,2495000,1871250.0
1435,220,20240930,2024-09-30,2,2494800,1871100.0
316,157,20240930,2024-09-30,5,2494000,1870500.0
726,186,20240930,2024-09-30,1,2494000,1870500.0
1219,286,20240930,2024-09-30,14,2493600,1491800.0
1411,164,20240930,2024-09-30,1,2492000,1869000.0
393,122,20240930,2024-09-30,3,2492000,1844000.0
462,1529,20240930,2024-09-30,6,2492000,1696000.0
1163,361,20240930,2024-09-30,11,2490000,1925000.0
818,1378,20240930,2024-09-30,22,2489700,1728025.0
742,2272,20240930,2024-09-30,7,2489500,1674625.0
391,1466,20240930,2024-09-30,6,2489000,1866750.0
1295,1822,20240930,2024-09-30,9,2488000,1811000.0
479,1274,20240930,2024-09-30,8,2487100,1895325.0
1021,2213,20240930,2024-09-30,3,2487000,1740250.0
1020,161,20240930,2024-09-30,2,2487000,1865250.0
1163,1977,20240930,2024-09-30,8,2486300,1919725.0
200,163,20240930,2024-09-30,11,2485500,1929975.0
707,2293,20240930,2024-09-30,2,2485000,1838750.0
393,866,20240930,2024-09-30,1,2482200,1861650.0
1409,1992,20240930,2024-09-30,1,2482000,2233800.0
721,203,20240930,2024-09-30,1,2482000,1861500.0
1362,156,20240930,2024-09-30,1,2479000,1859250.0
126,1300,20240930,2024-09-30,6,2478000,1858500.0
7,659,20240930,2024-09-30,14,2477000,1728715.0
1435,697,20240930,2024-09-30,2,2476000,1857000.0
996,2277,20240930,2024-09-30,3,2475000,1843750.0
963,1977,20240930,2024-09-30,2,2475000,1856250.0
512,163,20240930,2024-09-30,3,2473500,1855125.0
1416,997,20240930,2024-09-30,1,2473200,1780704.0
1409,869,20240930,2024-09-30,1,2473000,1854750.0
1427,2248,20240930,2024-09-30,6,2468000,1606000.0
519,361,20240930,2024-09-30,2,2468000,1851000.0
1144,2006,20240930,2024-09-30,1,2468000,1851000.0
393,978,20240930,2024-09-30,2,2467700,1850775.0
1386,18,20240930,2024-09-30,2,2465000,1823750.0
481,2220,20240930,2024-09-30,1,2464000,1848000.0
618,377,20240930,2024-09-30,1,2464000,1848000.0
1295,988,20240930,2024-09-30,5,2463500,1732625.0
1021,122,20240930,2024-09-30,1,2463000,1847250.0
1458,186,20240930,2024-09-30,2,2461000,1845750.0
136,1992,20240930,2024-09-30,1,2460000,1845000.0
618,1687,20240930,2024-09-30,1,2460000,1845000.0
919,1977,20240930,2024-09-30,22,2459600,1960830.0
865,1383,20240930,2024-09-30,1,2459200,1844400.0
552,1424,20240930,2024-09-30,2,2458000,1843500.0
901,1492,20240930,2024-09-30,3,2458000,1843500.0
74,1624,20240930,2024-09-30,6,2457800,1754600.0
1295,960,20240930,2024-09-30,12,2457500,1722125.0
818,1374,20240930,2024-09-30,20,2456500,1561905.0
156,492,20240930,2024-09-30,8,2456100,1678050.0
584,1417,20240930,2024-09-30,1,2456000,1842000.0
420,1435,20240930,2024-09-30,1,2455100,1841325.0
1050,357,20240930,2024-09-30,3,2455000,1841250.0
445,1977,20240930,2024-09-30,4,2452700,1764525.0
1466,125,20240930,2024-09-30,10,2452300,1749725.0
152,300,20240930,2024-09-30,4,2451000,1679500.0
795,747,20240930,2024-09-30,2,2450000,1837500.0
34,301,20240930,2024-09-30,1,2450000,1837500.0
795,1349,20240930,2024-09-30,1,2450000,1837500.0
671,161,20240930,2024-09-30,5,2449100,1836825.0
963,2056,20240930,2024-09-30,1,2448000,1836000.0
1295,928,20240930,2024-09-30,5,2447300,1791725.0
102,2080,20240930,2024-09-30,1,2447000,1835250.0
818,1394,20240930,2024-09-30,5,2441000,1714250.0
756,1977,20240930,2024-09-30,1,2440000,1830000.0
170,265,20240930,2024-09-30,1,2440000,1830000.0
675,1523,20240930,2024-09-30,6,2438600,1803950.0
916,146,20240930,2024-09-30,4,2437200,1827900.0
235,2245,20240930,2024-09-30,1,2437000,1827750.0
380,265,20240930,2024-09-30,2,2435200,1770150.0
1021,1229,20240930,2024-09-30,1,2435000,1826250.0
1362,211,20240930,2024-09-30,13,2434100,1691525.0
1466,1435,20240930,2024-09-30,14,2433500,1766705.0
1027,2083,20240930,2024-09-30,7,2433200,1728750.0
1454,1393,20240930,2024-09-30,2,2433000,1824750.0
472,1844,20240930,2024-09-30,2,2433000,1824750.0
70,1926,20240930,2024-09-30,2,2430000,1822500.0
1137,157,20240930,2024-09-30,2,2430000,1822500.0
597,1396,20240930,2024-09-30,1,2430000,1822500.0
1366,164,20240930,2024-09-30,2,2430000,1822500.0
1219,1834,20240930,2024-09-30,16,2428700,1534650.0
510,80,20240930,2024-09-30,1,2428000,1821000.0
1021,1298,20240930,2024-09-30,3,2428000,1808500.0
657,1266,20240930,2024-09-30,1,2426700,1820025.0
905,2065,20240930,2024-09-30,1,2425000,1818750.0
232,809,20240930,2024-09-30,2,2425000,1793750.0
905,2272,20240930,2024-09-30,6,2425000,1806250.0
692,541,20240930,2024-09-30,3,2424600,1818450.0
1362,2279,20240930,2024-09-30,5,2424500,1686375.0
481,130,20240930,2024-09-30,2,2424000,1818000.0
420,355,20240930,2024-09-30,1,2423500,1817625.0
742,135,20240930,2024-09-30,9,2423200,1456150.0
164,157,20240930,2024-09-30,4,2422500,1816875.0
1435,138,20240930,2024-09-30,9,2422400,1776800.0
1164,2046,20240930,2024-09-30,3,2421500,1830375.0
116,2184,20240930,2024-09-30,6,2420600,1797950.0
1411,2307,20240930,2024-09-30,1,2418300,1813725.0
522,609,20240930,2024-09-30,1,2417000,1812750.0
1295,2097,20240930,2024-09-30,10,2416500,1759875.0
522,623,20240930,2024-09-30,3,2416000,1812000.0
104,977,20240930,2024-09-30,4,2415500,1811625.0
235,2266,20240930,2024-09-30,1,2415000,1811250.0
1262,853,20240930,2024-09-30,4,2415000,1801000.0
1072,1822,20240930,2024-09-30,1,2415000,1811250.0
795,296,20240930,2024-09-30,3,2415000,1551650.0
1248,301,20240930,2024-09-30,5,2415000,1748750.0
825,1274,20240930,2024-09-30,3,2414100,1810575.0
818,1496,20240930,2024-09-30,25,2414100,1443950.0
209,341,20240930,2024-09-30,2,2414000,1810500.0
1116,1425,20240930,2024-09-30,1,2413000,1809750.0
420,199,20240930,2024-09-30,1,2411700,1808775.0
472,1228,20240930,2024-09-30,5,2409900,1782425.0
818,1396,20240930,2024-09-30,14,2409600,1632200.0
945,1103,20240930,2024-09-30,3,2408700,1821525.0
919,2083,20240930,2024-09-30,24,2407600,1951460.0
540,866,20240930,2024-09-30,3,2407000,1742750.0
919,361,20240930,2024-09-30,16,2406100,1875185.0
109,882,20240930,2024-09-30,7,2404600,1450250.0
1217,2016,20240930,2024-09-30,1,2403600,1802700.0
400,1495,20240930,2024-09-30,8,2402500,1533125.0
1219,863,20240930,2024-09-30,27,2400900,1362950.0
1065,608,20240930,2024-09-30,1,2400000,1800000.0
905,21,20240930,2024-09-30,1,2400000,1800000.0
905,1704,20240930,2024-09-30,8,2400000,1800000.0
916,1278,20240930,2024-09-30,1,2400000,1800000.0
795,2309,20240930,2024-09-30,1,2400000,1800000.0
1242,1992,20240930,2024-09-30,2,2400000,1800000.0
1072,261,20240930,2024-09-30,2,2400000,1775000.0
838,61,20240930,2024-09-30,1,2400000,1800000.0
582,1879,20240930,2024-09-30,1,2400000,1800000.0
1386,256,20240930,2024-09-30,3,2400000,1737500.0
795,908,20240930,2024-09-30,1,2400000,1800000.0
742,172,20240930,2024-09-30,2,2400000,1750000.0
1401,1679,20240930,2024-09-30,3,2400000,1700000.0
795,1255,20240930,2024-09-30,1,2400000,1800000.0
1030,1672,20240930,2024-09-30,2,2400000,1725000.0
795,179,20240930,2024-09-30,1,2400000,1800000.0
795,2186,20240930,2024-09-30,4,2400000,1675000.0
905,368,20240930,2024-09-30,1,2400000,1800000.0
109,268,20240930,2024-09-30,5,2399400,1624550.0
109,303,20240930,2024-09-30,5,2399400,1658650.0
726,192,20240930,2024-09-30,2,2398100,1737325.0
1295,177,20240930,2024-09-30,12,2398000,1746000.0
96,1590,20240930,2024-09-30,5,2396500,1803375.0
1237,1554,20240930,2024-09-30,1,2395800,1796850.0
510,286,20240930,2024-09-30,1,2394000,1795500.0
264,2083,20240930,2024-09-30,2,2393300,1794975.0
491,1691,20240930,2024-09-30,2,2392800,2013520.0
726,233,20240930,2024-09-30,7,2392300,1783675.0
627,361,20240930,2024-09-30,2,2390000,1792500.0
1390,2083,20240930,2024-09-30,8,2390000,1882500.0
1171,125,20240930,2024-09-30,3,2390000,1792500.0
547,295,20240930,2024-09-30,6,2388000,1792800.0
208,2127,20240930,2024-09-30,7,2387700,1728325.0
795,34,20240930,2024-09-30,1,2387500,1790625.0
1362,1512,20240930,2024-09-30,1,2386000,1789500.0
1357,1230,20240930,2024-09-30,1,2385400,1789050.0
1216,33,20240930,2024-09-30,2,2385400,1739050.0
1416,981,20240930,2024-09-30,4,2385300,1800465.0
584,338,20240930,2024-09-30,1,2385000,1788750.0
795,118,20240930,2024-09-30,1,2385000,1788750.0
919,863,20240930,2024-09-30,13,2383400,1826750.0
209,809,20240930,2024-09-30,2,2382400,1786800.0
871,146,20240930,2024-09-30,10,2382000,1836500.0
420,611,20240930,2024-09-30,1,2382000,1786500.0
569,1338,20240930,2024-09-30,3,2381800,1711350.0
951,942,20240930,2024-09-30,9,2381600,1718700.0
163,1472,20240930,2024-09-30,18,2381000,2023850.0
228,128,20240930,2024-09-30,1,2380000,1785000.0
235,156,20240930,2024-09-30,1,2380000,1785000.0
197,1092,20240930,2024-09-30,2,2380000,1760000.0
818,2206,20240930,2024-09-30,13,2380000,1594250.0
671,1996,20240930,2024-09-30,1,2380000,1785000.0
1431,1813,20240930,2024-09-30,8,2377400,1526800.0
109,161,20240930,2024-09-30,10,2377000,1323500.0
203,541,20240930,2024-09-30,2,2376000,1769500.0
1427,492,20240930,2024-09-30,10,2375400,1519800.0
472,1221,20240930,2024-09-30,1,2375000,1781250.0
795,570,20240930,2024-09-30,1,2375000,1781250.0
795,2064,20240930,2024-09-30,1,2375000,1781250.0
851,199,20240930,2024-09-30,3,2375000,1706250.0
1219,292,20240930,2024-09-30,6,2375000,1660000.0
1270,341,20240930,2024-09-30,2,2374000,1780500.0
522,2341,20240930,2024-09-30,4,2372000,1697750.0
1362,172,20240930,2024-09-30,2,2371500,1766125.0
522,1071,20240930,2024-09-30,2,2370000,1752500.0
783,1968,20240930,2024-09-30,1,2370000,1777500.0
462,261,20240930,2024-09-30,3,2370000,1752500.0
818,1714,20240930,2024-09-30,11,2370000,1712500.0
680,154,20240930,2024-09-30,1,2370000,1777500.0
274,1043,20240930,2024-09-30,1,2369800,1777350.0
742,978,20240930,2024-09-30,10,2369400,1434700.0
1065,1662,20240930,2024-09-30,12,2369000,1805750.0
109,171,20240930,2024-09-30,2,2367800,1775850.0
417,1209,20240930,2024-09-30,1,2367200,1775400.0
1065,2,20240930,2024-09-30,2,2366500,1774875.0
246,683,20240930,2024-09-30,1,2366500,1774875.0
754,961,20240930,2024-09-30,3,2365000,1757500.0
205,146,20240930,2024-09-30,4,2365000,1773750.0
1295,1505,20240930,2024-09-30,16,2364700,1686045.0
1147,1086,20240930,2024-09-30,7,2364200,1789100.0
902,1378,20240930,2024-09-30,5,2364000,1785000.0
462,938,20240930,2024-09-30,1,2364000,1773000.0
569,747,20240930,2024-09-30,1,2360000,1770000.0
137,2277,20240930,2024-09-30,2,2360000,1770000.0
1163,260,20240930,2024-09-30,5,2360000,1780000.0
1072,333,20240930,2024-09-30,2,2360000,1770000.0
1217,2046,20240930,2024-09-30,1,2358500,1768875.0
163,545,20240930,2024-09-30,15,2358000,1963500.0
462,125,20240930,2024-09-30,1,2355000,1766250.0
510,585,20240930,2024-09-30,1,2355000,1766250.0
1212,135,20240930,2024-09-30,2,2355000,1766250.0
718,1424,20240930,2024-09-30,1,2354300,1765725.0
1295,285,20240930,2024-09-30,4,2354200,1758150.0
1173,184,20240930,2024-09-30,2,2354000,1765500.0
1409,163,20240930,2024-09-30,4,2354000,1765500.0
824,1424,20240930,2024-09-30,4,2353000,1764750.0
916,122,20240930,2024-09-30,2,2352800,1764600.0
1065,166,20240930,2024-09-30,9,2351500,1790125.0
101,2333,20240930,2024-09-30,7,2351400,1716050.0
1390,2036,20240930,2024-09-30,2,2351000,1768250.0
1161,46,20240930,2024-09-30,1,2350900,1763175.0
1436,1529,20240930,2024-09-30,4,2350800,1669350.0
848,996,20240930,2024-09-30,2,2350000,1718750.0
834,1704,20240930,2024-09-30,4,2350000,1610000.0
905,2151,20240930,2024-09-30,6,2350000,1792500.0
795,1549,20240930,2024-09-30,2,2350000,1700000.0
1065,1298,20240930,2024-09-30,4,2350000,1770000.0
1362,1552,20240930,2024-09-30,3,2348500,1723875.0
873,2120,20240930,2024-09-30,2,2348000,1761000.0
212,146,20240930,2024-09-30,3,2348000,1761000.0
1055,361,20240930,2024-09-30,3,2348000,1761000.0
919,243,20240930,2024-09-30,13,2345200,1809790.0
938,2273,20240930,2024-09-30,7,2345000,1704650.0
1435,2079,20240930,2024-09-30,19,2343500,1698875.0
1435,2122,20240930,2024-09-30,2,2341900,1746425.0
328,160,20240930,2024-09-30,2,2341700,1878780.0
1362,2326,20240930,2024-09-30,12,2341700,1634725.0
851,468,20240930,2024-09-30,4,2341200,1634050.0
1380,433,20240930,2024-09-30,1,2340000,1755000.0
470,1719,20240930,2024-09-30,1,2340000,1755000.0
625,2220,20240930,2024-09-30,1,2340000,1755000.0
1216,331,20240930,2024-09-30,1,2340000,1755000.0
228,1992,20240930,2024-09-30,3,2339700,1689775.0
74,73,20240930,2024-09-30,8,2339700,1608450.0
121,1477,20240930,2024-09-30,10,2339500,1438000.0
1356,1242,20240930,2024-09-30,1,2339000,1754250.0
420,1948,20240930,2024-09-30,1,2338600,1753950.0
1390,2060,20240930,2024-09-30,1,2338000,1753500.0
210,132,20240930,2024-09-30,2,2338000,1753500.0
1390,46,20240930,2024-09-30,6,2338000,1783500.0
49,135,20240930,2024-09-30,2,2337500,1753125.0
1219,1377,20240930,2024-09-30,25,2337200,1254475.0
671,237,20240930,2024-09-30,1,2337000,1752750.0
1409,1977,20240930,2024-09-30,3,2337000,1752750.0
1362,2079,20240930,2024-09-30,2,2333500,1744625.0
1155,2272,20240930,2024-09-30,11,2332900,1482700.0
907,2318,20240930,2024-09-30,6,2332500,1724375.0
181,997,20240930,2024-09-30,1,2332000,1749000.0
795,1948,20240930,2024-09-30,3,2331000,1748250.0
540,2001,20240930,2024-09-30,2,2329000,1659250.0
1219,1274,20240930,2024-09-30,24,2327500,1267500.0
1183,118,20240930,2024-09-30,3,2327000,1745250.0
1436,868,20240930,2024-09-30,1,2326800,1745100.0
1356,885,20240930,2024-09-30,1,2325500,1744125.0
1390,1323,20240930,2024-09-30,1,2325000,1743750.0
834,1488,20240930,2024-09-30,3,2325000,1731250.0
657,1443,20240930,2024-09-30,1,2324000,1743000.0
1386,1243,20240930,2024-09-30,2,2324000,1743000.0
1065,1719,20240930,2024-09-30,13,2323500,1798125.0
933,1540,20240930,2024-09-30,7,2321000,1697000.0
1357,199,20240930,2024-09-30,1,2320000,2088000.0
1139,1414,20240930,2024-09-30,1,2320000,1740000.0
1295,1374,20240930,2024-09-30,4,2320000,1705000.0
1163,320,20240930,2024-09-30,1,2320000,1740000.0
977,2006,20240930,2024-09-30,10,2318000,1706000.0
109,308,20240930,2024-09-30,6,2316000,1354875.0
1462,2046,20240930,2024-09-30,1,2313000,1734750.0
829,2006,20240930,2024-09-30,6,2312800,1678350.0
472,2118,20240930,2024-09-30,4,2312000,1634000.0
1116,1467,20240930,2024-09-30,2,2311500,1733625.0
768,2291,20240930,2024-09-30,14,2311100,1497575.0
834,157,20240930,2024-09-30,1,2311000,1733250.0
983,335,20240930,2024-09-30,1,2311000,1733250.0
1065,259,20240930,2024-09-30,1,2311000,1733250.0
783,18,20240930,2024-09-30,1,2309500,1732125.0
1295,236,20240930,2024-09-30,6,2308000,1694750.0
384,301,20240930,2024-09-30,2,2307000,1730250.0
264,252,20240930,2024-09-30,2,2306200,1729650.0
1248,290,20240930,2024-09-30,6,2305000,1653750.0
1069,140,20240930,2024-09-30,5,2302700,1714525.0
788,235,20240930,2024-09-30,15,2301500,1565750.0
181,1004,20240930,2024-09-30,2,2300000,1662500.0
834,254,20240930,2024-09-30,4,2300000,1706250.0
905,1732,20240930,2024-09-30,1,2300000,1725000.0
905,2172,20240930,2024-09-30,2,2300000,1725000.0
795,256,20240930,2024-09-30,3,2300000,1650000.0
905,247,20240930,2024-09-30,4,2300000,1662500.0
274,1864,20240930,2024-09-30,1,2300000,1725000.0
403,1424,20240930,2024-09-30,3,2300000,1712500.0
905,1716,20240930,2024-09-30,4,2300000,1740000.0
209,254,20240930,2024-09-30,4,2299400,1737050.0
462,214,20240930,2024-09-30,1,2299000,1724250.0
104,961,20240930,2024-09-30,4,2298000,1711000.0
1295,1575,20240930,2024-09-30,22,2297100,1412525.0
1435,1496,20240930,2024-09-30,3,2297000,1719000.0
1295,1033,20240930,2024-09-30,16,2296200,1512220.0
1371,942,20240930,2024-09-30,2,2296000,1722000.0
510,2068,20240930,2024-09-30,3,2295000,1721250.0
1366,143,20240930,2024-09-30,1,2295000,1721250.0
109,1634,20240930,2024-09-30,3,2294600,1720950.0
1456,1888,20240930,2024-09-30,2,2294500,1720875.0
1362,1061,20240930,2024-09-30,4,2294500,1709750.0
324,361,20240930,2024-09-30,3,2292000,1640628.0
472,1274,20240930,2024-09-30,2,2291000,2018250.0
1295,2272,20240930,2024-09-30,4,2289000,1644250.0
657,1300,20240930,2024-09-30,5,2288600,1716450.0
618,1847,20240930,2024-09-30,1,2288000,1716000.0
1295,1230,20240930,2024-09-30,7,2287000,1667750.0
795,1288,20240930,2024-09-30,2,2285000,1713750.0
483,1825,20240930,2024-09-30,1,2285000,1713750.0
818,235,20240930,2024-09-30,34,2285000,1281250.0
163,301,20240930,2024-09-30,5,2285000,1758750.0
1295,2360,20240930,2024-09-30,15,2284100,1616785.0
795,1813,20240930,2024-09-30,2,2284000,1713000.0
857,188,20240930,2024-09-30,2,2284000,1713000.0
462,1251,20240930,2024-09-30,1,2283600,1712700.0
184,855,20240930,2024-09-30,26,2282000,1141000.0
328,186,20240930,2024-09-30,2,2281000,1710750.0
235,1977,20240930,2024-09-30,4,2280700,1748525.0
1295,1527,20240930,2024-09-30,16,2279500,1433375.0
209,368,20240930,2024-09-30,3,2279000,1709250.0
472,203,20240930,2024-09-30,4,2277500,1633125.0
618,1708,20240930,2024-09-30,1,2277000,1707750.0
618,1276,20240930,2024-09-30,1,2276000,1707000.0
1295,73,20240930,2024-09-30,8,2275000,1640750.0
1216,357,20240930,2024-09-30,2,2275000,1706250.0
393,320,20240930,2024-09-30,1,2275000,1706250.0
109,1516,20240930,2024-09-30,2,2274300,1705725.0
733,1641,20240930,2024-09-30,2,2273000,1704750.0
916,286,20240930,2024-09-30,2,2272000,1704000.0
163,1516,20240930,2024-09-30,11,2271500,1830075.0
1435,390,20240930,2024-09-30,2,2271500,1703625.0
794,477,20240930,2024-09-30,8,2270800,1745150.0
963,168,20240930,2024-09-30,2,2270000,1702500.0
540,1573,20240930,2024-09-30,2,2270000,1640000.0
109,301,20240930,2024-09-30,2,2270000,1702500.0
1429,2315,20240930,2024-09-30,4,2269600,1702200.0
830,598,20240930,2024-09-30,1,2268900,1701675.0
202,235,20240930,2024-09-30,2,2268000,1601000.0
840,961,20240930,2024-09-30,2,2268000,1701000.0
838,344,20240930,2024-09-30,1,2267000,1700250.0
951,367,20240930,2024-09-30,1,2267000,1700250.0
1375,572,20240930,2024-09-30,6,2266700,1575025.0
1295,1832,20240930,2024-09-30,6,2266500,1614875.0
1237,211,20240930,2024-09-30,1,2265000,1698750.0
665,2208,20240930,2024-09-30,1,2265000,1698750.0
629,618,20240930,2024-09-30,1,2261700,1696275.0
436,157,20240930,2024-09-30,6,2261200,1683400.0
898,1450,20240930,2024-09-30,1,2260000,1695000.0
838,341,20240930,2024-09-30,4,2260000,1695000.0
671,2048,20240930,2024-09-30,2,2260000,1695000.0
1295,602,20240930,2024-09-30,9,2259000,1484250.0
102,870,20240930,2024-09-30,1,2258900,1694175.0
170,1374,20240930,2024-09-30,3,2258000,1656000.0
322,1153,20240930,2024-09-30,5,2257000,1699950.0
1472,300,20240930,2024-09-30,8,2256000,1712000.0
618,1260,20240930,2024-09-30,1,2256000,1692000.0
1390,2118,20240930,2024-09-30,10,2255000,1792750.0
614,1384,20240930,2024-09-30,6,2254000,1563000.0
472,1382,20240930,2024-09-30,2,2253000,1907700.0
1295,624,20240930,2024-09-30,11,2252300,1515235.0
729,598,20240930,2024-09-30,1,2251500,1688625.0
491,978,20240930,2024-09-30,1,2251200,1688400.0
905,942,20240930,2024-09-30,2,2250000,1687500.0
1356,1298,20240930,2024-09-30,1,2250000,1687500.0
685,2295,20240930,2024-09-30,5,2250000,1600000.0
962,2333,20240930,2024-09-30,7,2250000,1653750.0
709,2083,20240930,2024-09-30,2,2250000,1687500.0
1065,2279,20240930,2024-09-30,3,2249500,1689125.0
235,203,20240930,2024-09-30,2,2248900,1701675.0
239,161,20240930,2024-09-30,1,2248000,1686000.0
209,160,20240930,2024-09-30,6,2247500,1685625.0
632,516,20240930,2024-09-30,10,2246400,1586300.0
393,1489,20240930,2024-09-30,4,2245000,1633750.0
829,18,20240930,2024-09-30,4,2244500,1589625.0
1097,1396,20240930,2024-09-30,1,2243000,1682250.0
682,298,20240930,2024-09-30,3,2243000,1685750.0
1390,1274,20240930,2024-09-30,7,2240300,1750225.0
618,2089,20240930,2024-09-30,1,2240000,1680000.0
1386,1839,20240930,2024-09-30,2,2240000,1630000.0
310,697,20240930,2024-09-30,9,2239600,1531160.0
239,169,20240930,2024-09-30,1,2239000,1679250.0
905,1817,20240930,2024-09-30,4,2238000,1675250.0
1432,866,20240930,2024-09-30,16,2237600,1293800.0
1295,970,20240930,2024-09-30,35,2237500,1593145.0
202,238,20240930,2024-09-30,2,2237300,1577975.0
1219,890,20240930,2024-09-30,12,2235600,1522800.0
951,2311,20240930,2024-09-30,2,2235500,1626625.0
224,355,20240930,2024-09-30,2,2235000,1676250.0
685,2322,20240930,2024-09-30,3,2235000,1667500.0
1466,2107,20240930,2024-09-30,14,2232800,1472140.0
235,1851,20240930,2024-09-30,2,2232400,1674300.0
818,873,20240930,2024-09-30,15,2231000,1612600.0
1411,1992,20240930,2024-09-30,4,2230400,1660300.0
209,1300,20240930,2024-09-30,7,2230000,1672500.0
1390,49,20240930,2024-09-30,1,2230000,1672500.0
838,429,20240930,2024-09-30,2,2230000,1672500.0
522,291,20240930,2024-09-30,3,2230000,1647500.0
1295,301,20240930,2024-09-30,6,2229600,1643450.0
97,1782,20240930,2024-09-30,15,2229200,1282100.0
905,1107,20240930,2024-09-30,1,2226100,1669575.0
795,2023,20240930,2024-09-30,2,2223000,1667250.0
1195,1031,20240930,2024-09-30,1,2221000,1665750.0
1342,2315,20240930,2024-09-30,5,2220700,1340525.0
279,1033,20240930,2024-09-30,4,2220500,1646625.0
1295,1693,20240930,2024-09-30,6,2218500,1602625.0
109,1437,20240930,2024-09-30,2,2218100,1563575.0
1270,367,20240930,2024-09-30,2,2216500,1662375.0
657,10,20240930,2024-09-30,1,2216000,1662000.0
655,2002,20240930,2024-09-30,2,2215000,1661250.0
795,1685,20240930,2024-09-30,2,2215000,1661250.0
1362,2254,20240930,2024-09-30,2,2214800,1653600.0
285,148,20240930,2024-09-30,2,2214300,1660725.0
405,1374,20240930,2024-09-30,10,2212500,1575750.0
235,261,20240930,2024-09-30,14,2210500,1835195.0
1274,1859,20240930,2024-09-30,1,2210000,1657500.0
235,250,20240930,2024-09-30,3,2210000,1687500.0
666,1672,20240930,2024-09-30,1,2210000,1657500.0
795,191,20240930,2024-09-30,3,2210000,1657500.0
974,2079,20240930,2024-09-30,4,2210000,1657500.0
1435,2097,20240930,2024-09-30,4,2209000,1654250.0
828,1051,20240930,2024-09-30,1,2207400,1655550.0
1217,1435,20240930,2024-09-30,1,2207000,1655250.0
742,306,20240930,2024-09-30,2,2205100,1653825.0
834,261,20240930,2024-09-30,3,2205000,1653750.0
376,1062,20240930,2024-09-30,1,2205000,1653750.0
522,252,20240930,2024-09-30,1,2205000,1653750.0
51,122,20240930,2024-09-30,4,2204000,1653000.0
666,854,20240930,2024-09-30,2,2203300,1652475.0
235,628,20240930,2024-09-30,1,2203000,1652250.0
1409,157,20240930,2024-09-30,3,2202000,1651500.0
1295,290,20240930,2024-09-30,5,2201500,1628625.0
479,207,20240930,2024-09-30,1,2201000,1650750.0
1363,261,20240930,2024-09-30,2,2200000,1650000.0
1010,160,20240930,2024-09-30,1,2200000,1650000.0
540,564,20240930,2024-09-30,3,2200000,1525000.0
795,312,20240930,2024-09-30,1,2200000,1650000.0
618,1830,20240930,2024-09-30,1,2200000,1650000.0
455,287,20240930,2024-09-30,1,2200000,1650000.0
963,2254,20240930,2024-09-30,1,2200000,1650000.0
454,523,20240930,2024-09-30,1,2200000,1650000.0
109,1390,20240930,2024-09-30,2,2200000,1600000.0
905,397,20240930,2024-09-30,1,2200000,1650000.0
104,906,20240930,2024-09-30,2,2200000,1625000.0
1270,831,20240930,2024-09-30,2,2200000,1665000.0
420,2058,20240930,2024-09-30,1,2199500,1649625.0
860,559,20240930,2024-09-30,2,2198000,1648500.0
1411,1395,20240930,2024-09-30,2,2197800,1609525.0
510,2073,20240930,2024-09-30,2,2197500,1648125.0
423,727,20240930,2024-09-30,1,2196000,1647000.0
1219,254,20240930,2024-09-30,33,2195500,1150250.0
462,299,20240930,2024-09-30,3,2194700,1638525.0
442,1384,20240930,2024-09-30,1,2194000,1645500.0
316,389,20240930,2024-09-30,1,2194000,1645500.0
1065,53,20240930,2024-09-30,4,2193000,1644750.0
860,1927,20240930,2024-09-30,1,2192000,1644000.0
948,302,20240930,2024-09-30,2,2191600,1643700.0
671,201,20240930,2024-09-30,3,2190000,1642500.0
671,268,20240930,2024-09-30,6,2188900,1641675.0
702,1300,20240930,2024-09-30,1,2188000,1641000.0
1196,1977,20240930,2024-09-30,1,2187600,1640700.0
732,203,20240930,2024-09-30,7,2187200,1650400.0
784,541,20240930,2024-09-30,12,2187000,1716110.0
1364,203,20240930,2024-09-30,5,2187000,1552750.0
290,437,20240930,2024-09-30,6,2186500,1594875.0
235,2248,20240930,2024-09-30,1,2186500,1639875.0
121,2040,20240930,2024-09-30,1,2186000,1639500.0
665,2258,20240930,2024-09-30,6,2185500,1639125.0
751,1066,20240930,2024-09-30,1,2184000,1638000.0
102,1526,20240930,2024-09-30,1,2183500,1637625.0
618,2002,20240930,2024-09-30,1,2182500,1636875.0
974,2272,20240930,2024-09-30,1,2182000,1636500.0
1356,870,20240930,2024-09-30,1,2181500,1636125.0
1295,360,20240930,2024-09-30,2,2181000,1585750.0
905,1540,20240930,2024-09-30,3,2180000,1614250.0
1072,24,20240930,2024-09-30,1,2178800,1634100.0
163,861,20240930,2024-09-30,15,2178000,1851300.0
628,335,20240930,2024-09-30,3,2178000,1633500.0
1202,1888,20240930,2024-09-30,1,2178000,1633500.0
851,2299,20240930,2024-09-30,3,2177800,1570850.0
190,1523,20240930,2024-09-30,5,2176600,1511250.0
671,2248,20240930,2024-09-30,2,2176400,1632300.0
415,1360,20240930,2024-09-30,5,2176200,1600900.0
434,122,20240930,2024-09-30,2,2175000,1631250.0
838,368,20240930,2024-09-30,1,2175000,1631250.0
210,137,20240930,2024-09-30,2,2175000,1631250.0
905,2043,20240930,2024-09-30,2,2175000,1631250.0
1401,1379,20240930,2024-09-30,4,2175000,1625000.0
319,2229,20240930,2024-09-30,1,2171000,1628250.0
1173,1677,20240930,2024-09-30,1,2170000,1627500.0
721,1349,20240930,2024-09-30,1,2170000,1627500.0
1435,1857,20240930,2024-09-30,4,2170000,1616250.0
462,305,20240930,2024-09-30,1,2170000,1627500.0
540,1278,20240930,2024-09-30,1,2170000,1627500.0
235,424,20240930,2024-09-30,4,2170000,1645800.0
1435,2008,20240930,2024-09-30,5,2169800,1582350.0
584,1282,20240930,2024-09-30,1,2169000,1626750.0
552,293,20240930,2024-09-30,1,2167200,1625400.0
1424,2012,20240930,2024-09-30,1,2166800,1625100.0
1331,2006,20240930,2024-09-30,4,2165000,1623750.0
951,959,20240930,2024-09-30,2,2164400,1560800.0
472,1257,20240930,2024-09-30,1,2163000,1622250.0
742,2097,20240930,2024-09-30,11,2161000,1080500.0
919,1300,20240930,2024-09-30,19,2160900,1740765.0
522,1845,20240930,2024-09-30,1,2160000,1620000.0
429,659,20240930,2024-09-30,3,2158000,1618500.0
393,1977,20240930,2024-09-30,3,2157900,1618425.0
1065,2254,20240930,2024-09-30,2,2157500,1623125.0
1000,1153,20240930,2024-09-30,4,2157000,1622750.0
477,335,20240930,2024-09-30,1,2157000,1617750.0
763,602,20240930,2024-09-30,2,2156000,1567000.0
671,1977,20240930,2024-09-30,2,2155300,1616475.0
613,1948,20240930,2024-09-30,3,2154300,1621725.0
10,256,20240930,2024-09-30,1,2154000,1615500.0
305,1977,20240930,2024-09-30,6,2152000,1609000.0
858,207,20240930,2024-09-30,1,2151000,1613250.0
1072,1926,20240930,2024-09-30,3,2150000,1575000.0
671,2258,20240930,2024-09-30,1,2150000,1612500.0
795,201,20240930,2024-09-30,2,2150000,947500.0
671,2066,20240930,2024-09-30,2,2150000,1612500.0
795,2014,20240930,2024-09-30,1,2150000,1612500.0
754,2276,20240930,2024-09-30,1,2150000,1612500.0
795,1900,20240930,2024-09-30,1,2150000,1612500.0
209,300,20240930,2024-09-30,6,2150000,1624000.0
1139,2289,20240930,2024-09-30,1,2150000,1612500.0
795,2296,20240930,2024-09-30,1,2150000,1612500.0
905,1266,20240930,2024-09-30,3,2150000,1627500.0
702,319,20240930,2024-09-30,1,2150000,1612500.0
109,170,20240930,2024-09-30,8,2150000,1075000.0
29,1467,20240930,2024-09-30,2,2150000,1612500.0
795,1493,20240930,2024-09-30,1,2150000,1612500.0
601,188,20240930,2024-09-30,3,2148000,1611000.0
582,1672,20240930,2024-09-30,1,2148000,1611000.0
548,1594,20240930,2024-09-30,1,2148000,1611000.0
1295,1061,20240930,2024-09-30,1,2147000,1610250.0
156,2279,20240930,2024-09-30,10,2144800,1377400.0
1295,1917,20240930,2024-09-30,6,2144000,1583000.0
483,1719,20240930,2024-09-30,3,2144000,1608000.0
977,280,20240930,2024-09-30,3,2142900,1557175.0
742,167,20240930,2024-09-30,5,2141000,1410750.0
316,2252,20240930,2024-09-30,1,2140000,1605000.0
742,1479,20240930,2024-09-30,13,2139000,1069500.0
963,194,20240930,2024-09-30,1,2138000,1603500.0
163,2097,20240930,2024-09-30,14,2137900,1782215.0
522,285,20240930,2024-09-30,1,2137000,1602750.0
1362,1523,20240930,2024-09-30,22,2135700,1437850.0
742,143,20240930,2024-09-30,8,2135400,1459050.0
1104,2279,20240930,2024-09-30,1,2133900,1600425.0
665,868,20240930,2024-09-30,3,2133000,1599750.0
472,1292,20240930,2024-09-30,2,2132000,1499000.0
742,355,20240930,2024-09-30,15,2132000,1066000.0
1065,1396,20240930,2024-09-30,6,2131800,1605550.0
1065,254,20240930,2024-09-30,5,2131500,1613625.0
1139,961,20240930,2024-09-30,1,2130000,1597500.0
285,1977,20240930,2024-09-30,1,2129000,1596750.0
974,2248,20240930,2024-09-30,1,2128000,1596000.0
1295,233,20240930,2024-09-30,9,2128000,1564000.0
568,1190,20240930,2024-09-30,4,2125600,1594200.0
666,62,20240930,2024-09-30,1,2125000,1593750.0
403,345,20240930,2024-09-30,1,2125000,1593750.0
709,1977,20240930,2024-09-30,1,2125000,1593750.0
795,1230,20240930,2024-09-30,1,2125000,1593750.0
1409,1118,20240930,2024-09-30,2,2124000,1593000.0
742,201,20240930,2024-09-30,7,2123700,1427775.0
235,2083,20240930,2024-09-30,10,2123200,1678400.0
479,1948,20240930,2024-09-30,5,2122500,1621875.0
664,280,20240930,2024-09-30,3,2122400,1573050.0
420,724,20240930,2024-09-30,1,2121200,1590900.0
57,169,20240930,2024-09-30,6,2121000,1548250.0
1390,599,20240930,2024-09-30,1,2121000,1590750.0
1295,353,20240930,2024-09-30,11,2121000,1514500.0
588,161,20240930,2024-09-30,3,2120000,1595000.0
552,1981,20240930,2024-09-30,2,2120000,1590000.0
963,2066,20240930,2024-09-30,2,2120000,1590000.0
795,1988,20240930,2024-09-30,2,2120000,1590000.0
856,261,20240930,2024-09-30,3,2118000,1588500.0
545,1597,20240930,2024-09-30,2,2118000,1588500.0
795,289,20240930,2024-09-30,1,2116800,1587600.0
860,608,20240930,2024-09-30,1,2115000,1586250.0
795,1987,20240930,2024-09-30,1,2115000,1586250.0
742,1383,20240930,2024-09-30,9,2114700,1213525.0
1144,1634,20240930,2024-09-30,3,2114600,1548450.0
865,158,20240930,2024-09-30,2,2113600,1585200.0
1295,168,20240930,2024-09-30,8,2113500,1530125.0
1219,895,20240930,2024-09-30,4,2112000,1494000.0
121,2080,20240930,2024-09-30,1,2112000,1584000.0
520,728,20240930,2024-09-30,2,2110000,1582500.0
795,1264,20240930,2024-09-30,3,2110000,1591000.0
479,1472,20240930,2024-09-30,3,2110000,1510000.0
1390,158,20240930,2024-09-30,3,2110000,1597500.0
1462,2082,20240930,2024-09-30,1,2109500,1582125.0
163,978,20240930,2024-09-30,16,2108800,1792480.0
235,137,20240930,2024-09-30,1,2107000,1580250.0
1295,258,20240930,2024-09-30,2,2106000,1542000.0
742,1439,20240930,2024-09-30,14,2106000,1053000.0
228,863,20240930,2024-09-30,1,2106000,1579500.0
1180,595,20240930,2024-09-30,5,2105200,1428900.0
671,761,20240930,2024-09-30,1,2105000,1578750.0
121,1438,20240930,2024-09-30,1,2105000,1578750.0
1065,367,20240930,2024-09-30,6,2105000,1593750.0
305,157,20240930,2024-09-30,15,2104600,1788910.0
197,2284,20240930,2024-09-30,2,2104000,1578000.0
754,201,20240930,2024-09-30,7,2103900,1517875.0
396,1004,20240930,2024-09-30,5,2103100,1592285.0
109,697,20240930,2024-09-30,2,2102900,1577175.0
474,1853,20240930,2024-09-30,4,2102800,1580900.0
1295,2187,20240930,2024-09-30,4,2101500,1537375.0
522,2248,20240930,2024-09-30,1,2101000,1575750.0
522,2095,20240930,2024-09-30,2,2101000,1525750.0
795,2255,20240930,2024-09-30,2,2100000,1537500.0
455,291,20240930,2024-09-30,1,2100000,1575000.0
795,810,20240930,2024-09-30,1,2100000,1575000.0
795,259,20240930,2024-09-30,1,2100000,1575000.0
1386,2006,20240930,2024-09-30,1,2100000,1575000.0
905,2386,20240930,2024-09-30,3,2100000,1575000.0
905,810,20240930,2024-09-30,3,2100000,1605000.0
364,1004,20240930,2024-09-30,1,2100000,1575000.0
1085,516,20240930,2024-09-30,3,2099500,1560450.0
209,55,20240930,2024-09-30,1,2097000,1572750.0
1295,2351,20240930,2024-09-30,9,2097000,1462950.0
305,309,20240930,2024-09-30,2,2095000,1586250.0
1027,1957,20240930,2024-09-30,2,2094300,1495725.0
1065,2207,20240930,2024-09-30,1,2093000,1569750.0
1409,2093,20240930,2024-09-30,1,2093000,1569750.0
742,2079,20240930,2024-09-30,17,2089000,1044500.0
1103,861,20240930,2024-09-30,10,2087500,1205625.0
1000,1973,20240930,2024-09-30,1,2086000,1564500.0
156,2273,20240930,2024-09-30,11,2085000,1242500.0
1448,285,20240930,2024-09-30,1,2084000,1563000.0
1295,269,20240930,2024-09-30,4,2084000,1550500.0
775,2008,20240930,2024-09-30,1,2081000,1560750.0
491,1121,20240930,2024-09-30,1,2080000,1560000.0
665,2159,20240930,2024-09-30,2,2080000,1560000.0
121,194,20240930,2024-09-30,1,2080000,1560000.0
102,541,20240930,2024-09-30,2,2077000,1557750.0
55,2319,20240930,2024-09-30,4,2076000,1500750.0
1295,1391,20240930,2024-09-30,4,2075800,1519350.0
1198,747,20240930,2024-09-30,3,2075000,1512500.0
1055,1714,20240930,2024-09-30,3,2075000,1556250.0
328,729,20240930,2024-09-30,6,2075000,1250000.0
795,184,20240930,2024-09-30,1,2075000,1556250.0
1435,355,20240930,2024-09-30,18,2074200,1479400.0
465,1466,20240930,2024-09-30,1,2074000,1555500.0
721,292,20240930,2024-09-30,1,2073300,1554975.0
1083,350,20240930,2024-09-30,2,2073000,1566050.0
483,1300,20240930,2024-09-30,2,2072500,1554375.0
666,1820,20240930,2024-09-30,1,2072000,1554000.0
1295,252,20240930,2024-09-30,7,2070700,1515525.0
1435,308,20240930,2024-09-30,9,2070500,1527875.0
403,157,20240930,2024-09-30,3,2070000,1552500.0
1390,537,20240930,2024-09-30,3,2070000,1582500.0
1228,1996,20240930,2024-09-30,1,2070000,1552500.0
795,1419,20240930,2024-09-30,1,2070000,1552500.0
1217,1634,20240930,2024-09-30,2,2069900,1552425.0
733,266,20240930,2024-09-30,1,2068000,1551000.0
285,159,20240930,2024-09-30,1,2068000,1551000.0
1362,1043,20240930,2024-09-30,4,2067000,1495250.0
784,1516,20240930,2024-09-30,5,2066600,1584090.0
380,146,20240930,2024-09-30,2,2066000,1499500.0
540,1714,20240930,2024-09-30,1,2066000,1549500.0
916,2118,20240930,2024-09-30,3,2065000,1548750.0
905,1707,20240930,2024-09-30,4,2060000,1560000.0
1166,93,20240930,2024-09-30,1,2059000,1544250.0
905,332,20240930,2024-09-30,6,2058000,1579300.0
430,549,20240930,2024-09-30,2,2057000,1542750.0
462,286,20240930,2024-09-30,6,2056500,1358000.0
1219,264,20240930,2024-09-30,5,2055500,1498500.0
708,623,20240930,2024-09-30,2,2055000,1516250.0
38,1153,20240930,2024-09-30,1,2054500,1540875.0
38,844,20240930,2024-09-30,2,2053400,1515050.0
59,285,20240930,2024-09-30,1,2053100,1539825.0
919,1385,20240930,2024-09-30,12,2050300,1617755.0
905,869,20240930,2024-09-30,3,2050000,1567500.0
988,2158,20240930,2024-09-30,2,2050000,1487500.0
733,117,20240930,2024-09-30,1,2050000,1537500.0
1357,250,20240930,2024-09-30,1,2050000,1537500.0
1427,516,20240930,2024-09-30,8,2050000,1362250.0
218,865,20240930,2024-09-30,3,2050000,1537500.0
795,540,20240930,2024-09-30,1,2050000,1537500.0
477,2268,20240930,2024-09-30,1,2048000,1536000.0
498,1619,20240930,2024-09-30,2,2047000,1435250.0
1424,2008,20240930,2024-09-30,1,2046500,1534875.0
680,135,20240930,2024-09-30,4,2046500,1434875.0
163,268,20240930,2024-09-30,11,2046000,1622050.0
945,1071,20240930,2024-09-30,4,2046000,1549500.0
1295,873,20240930,2024-09-30,4,2044000,1510500.0
1237,1227,20240930,2024-09-30,2,2042500,1531875.0
352,1086,20240930,2024-09-30,4,2042200,1481650.0
1295,1513,20240930,2024-09-30,36,2041300,1189055.0
109,177,20240930,2024-09-30,6,2040900,1020450.0
1065,1398,20240930,2024-09-30,9,2040000,1564000.0
724,640,20240930,2024-09-30,2,2040000,1517500.0
102,1380,20240930,2024-09-30,2,2039000,1529250.0
1065,722,20240930,2024-09-30,7,2038000,1552300.0
540,873,20240930,2024-09-30,2,2038000,1484750.0
538,1338,20240930,2024-09-30,6,2034000,1488000.0
59,2006,20240930,2024-09-30,1,2033100,1524825.0
237,293,20240930,2024-09-30,3,2033000,1499750.0
799,341,20240930,2024-09-30,3,2032800,1524600.0
916,268,20240930,2024-09-30,3,2031000,1523250.0
20,199,20240930,2024-09-30,1,2030000,1522500.0
1163,1298,20240930,2024-09-30,2,2030000,1522500.0
1110,238,20240930,2024-09-30,2,2030000,1397500.0
818,1391,20240930,2024-09-30,16,2029000,1374250.0
1416,991,20240930,2024-09-30,2,2028700,1521525.0
754,2270,20240930,2024-09-30,2,2025000,1512500.0
905,402,20240930,2024-09-30,3,2025000,1456250.0
92,541,20240930,2024-09-30,2,2025000,1518750.0
138,1199,20240930,2024-09-30,1,2024000,1518000.0
163,863,20240930,2024-09-30,5,2024000,1577900.0
742,1390,20240930,2024-09-30,10,2023600,1011800.0
540,1719,20240930,2024-09-30,4,2023000,1492250.0
1368,1662,20240930,2024-09-30,35,2022100,1178075.0
905,1251,20240930,2024-09-30,3,2022000,1511000.0
218,866,20240930,2024-09-30,3,2020000,1447500.0
628,342,20240930,2024-09-30,1,2020000,1515000.0
754,1519,20240930,2024-09-30,3,2020000,1452500.0
795,1547,20240930,2024-09-30,2,2020000,1515000.0
1163,1274,20240930,2024-09-30,4,2020000,1525000.0
1030,1026,20240930,2024-09-30,2,2019000,1514250.0
235,157,20240930,2024-09-30,17,2018700,1715895.0
1165,1192,20240930,2024-09-30,1,2018000,1513500.0
818,242,20240930,2024-09-30,25,2017500,1296275.0
905,1041,20240930,2024-09-30,2,2015000,1507500.0
1362,176,20240930,2024-09-30,8,2012500,1450625.0
966,1748,20240930,2024-09-30,7,2011700,1494735.0
1195,1977,20240930,2024-09-30,1,2011500,1508625.0
1065,1380,20240930,2024-09-30,10,2008500,1541875.0
235,1968,20240930,2024-09-30,7,2007400,1566090.0
754,10,20240930,2024-09-30,5,2007200,1462900.0
1362,135,20240930,2024-09-30,29,2007200,1206775.0
905,2180,20240930,2024-09-30,3,2005000,1513750.0
341,2235,20240930,2024-09-30,7,2004100,1493745.0
1065,252,20240930,2024-09-30,10,2002000,1531500.0
1175,1630,20240930,2024-09-30,1,2001900,1501425.0
4,1827,20240930,2024-09-30,1,2000000,1500000.0
316,333,20240930,2024-09-30,1,2000000,1500000.0
319,335,20240930,2024-09-30,1,2000000,1500000.0
1207,137,20240930,2024-09-30,1,2000000,1500000.0
665,844,20240930,2024-09-30,2,2000000,1500000.0
1139,956,20240930,2024-09-30,1,2000000,1500000.0
905,41,20240930,2024-09-30,2,2000000,1500000.0
1269,1844,20240930,2024-09-30,2,2000000,1437500.0
754,1839,20240930,2024-09-30,1,2000000,1500000.0
582,170,20240930,2024-09-30,1,2000000,1500000.0
625,164,20240930,2024-09-30,1,2000000,1500000.0
192,1094,20240930,2024-09-30,1,2000000,1500000.0
617,164,20240930,2024-09-30,1,2000000,1800000.0
1072,2161,20240930,2024-09-30,1,2000000,1800000.0
963,2081,20240930,2024-09-30,1,2000000,1500000.0
795,1898,20240930,2024-09-30,1,2000000,1500000.0
4,1274,20240930,2024-09-30,1,2000000,1500000.0
795,1507,20240930,2024-09-30,3,2000000,1475000.0
1207,1847,20240930,2024-09-30,1,2000000,1500000.0
1435,1573,20240930,2024-09-30,1,2000000,1500000.0
1022,1004,20240930,2024-09-30,1,2000000,1500000.0
4,291,20240930,2024-09-30,1,2000000,1500000.0
120,299,20240930,2024-09-30,1,2000000,1500000.0
905,1276,20240930,2024-09-30,2,2000000,1500000.0
50,999,20240930,2024-09-30,1,2000000,1500000.0
671,1398,20240930,2024-09-30,1,2000000,1500000.0
1270,1147,20240930,2024-09-30,1,2000000,1500000.0
94,1977,20240930,2024-09-30,1,2000000,1500000.0
1137,341,20240930,2024-09-30,1,2000000,1500000.0
1065,344,20240930,2024-09-30,1,2000000,1500000.0
977,1240,20240930,2024-09-30,1,2000000,1500000.0
951,1935,20240930,2024-09-30,1,2000000,1500000.0
1462,2079,20240930,2024-09-30,1,2000000,1500000.0
905,1520,20240930,2024-09-30,1,2000000,1500000.0
4,1298,20240930,2024-09-30,1,2000000,1500000.0
1457,46,20240930,2024-09-30,1,2000000,1500000.0
1316,321,20240930,2024-09-30,1,2000000,1500000.0
1336,211,20240930,2024-09-30,1,2000000,1500000.0
263,2295,20240930,2024-09-30,2,2000000,1450000.0
4,1081,20240930,2024-09-30,1,2000000,1500000.0
4,1279,20240930,2024-09-30,1,2000000,1500000.0
1055,348,20240930,2024-09-30,1,2000000,1500000.0
1357,1389,20240930,2024-09-30,1,2000000,1500000.0
117,247,20240930,2024-09-30,1,2000000,1800000.0
1017,357,20240930,2024-09-30,1,2000000,1500000.0
4,2145,20240930,2024-09-30,1,2000000,1500000.0
1021,1230,20240930,2024-09-30,1,2000000,1500000.0
725,942,20240930,2024-09-30,4,2000000,1250000.0
795,1724,20240930,2024-09-30,1,2000000,1500000.0
1065,2093,20240930,2024-09-30,1,2000000,1500000.0
1110,235,20240930,2024-09-30,2,2000000,1375000.0
455,322,20240930,2024-09-30,1,2000000,1500000.0
849,2105,20240930,2024-09-30,1,2000000,1500000.0
1173,126,20240930,2024-09-30,1,2000000,1500000.0
121,2246,20240930,2024-09-30,1,2000000,1500000.0
4,1554,20240930,2024-09-30,1,2000000,1500000.0
102,204,20240930,2024-09-30,1,2000000,1500000.0
201,1549,20240930,2024-09-30,1,2000000,1500000.0
197,552,20240930,2024-09-30,1,2000000,1800000.0
4,623,20240930,2024-09-30,1,2000000,1500000.0
1362,1068,20240930,2024-09-30,2,2000000,1450000.0
905,2001,20240930,2024-09-30,1,2000000,1500000.0
905,2234,20240930,2024-09-30,2,2000000,1500000.0
651,1460,20240930,2024-09-30,2,2000000,1500000.0
350,1506,20240930,2024-09-30,1,2000000,1500000.0
470,1388,20240930,2024-09-30,2,2000000,1700000.0
657,292,20240930,2024-09-30,1,2000000,1500000.0
834,1676,20240930,2024-09-30,2,2000000,1437500.0
726,1973,20240930,2024-09-30,1,2000000,1500000.0
725,923,20240930,2024-09-30,1,2000000,1500000.0
664,997,20240930,2024-09-30,1,2000000,1500000.0
671,1278,20240930,2024-09-30,1,2000000,1500000.0
197,1121,20240930,2024-09-30,1,2000000,1500000.0
974,1587,20240930,2024-09-30,1,2000000,1500000.0
462,764,20240930,2024-09-30,1,2000000,1500000.0
1139,1547,20240930,2024-09-30,1,2000000,1500000.0
121,785,20240930,2024-09-30,1,2000000,1500000.0
1000,799,20240930,2024-09-30,1,1999900,1499925.0
540,300,20240930,2024-09-30,4,1999900,1487425.0
1295,868,20240930,2024-09-30,10,1999500,1460875.0
1222,1507,20240930,2024-09-30,13,1999500,1490809.0
1435,110,20240930,2024-09-30,1,1999200,1499400.0
795,1470,20240930,2024-09-30,2,1999100,1499325.0
1034,154,20240930,2024-09-30,1,1999000,1499250.0
1431,1488,20240930,2024-09-30,9,1999000,999500.0
328,2083,20240930,2024-09-30,2,1998900,1499175.0
1065,247,20240930,2024-09-30,6,1998500,1521725.0
1390,74,20240930,2024-09-30,1,1998000,1498500.0
1295,1075,20240930,2024-09-30,2,1998000,1492250.0
1362,1557,20240930,2024-09-30,2,1996000,1459500.0
1000,2022,20240930,2024-09-30,1,1995000,1496250.0
376,2079,20240930,2024-09-30,1,1995000,1496250.0
682,176,20240930,2024-09-30,2,1995000,1511250.0
78,2326,20240930,2024-09-30,3,1994300,1470725.0
1237,1963,20240930,2024-09-30,1,1993700,1495275.0
1247,2291,20240930,2024-09-30,1,1993400,1495050.0
109,857,20240930,2024-09-30,5,1993200,1407400.0
552,1121,20240930,2024-09-30,1,1993000,1494750.0
558,111,20240930,2024-09-30,4,1992700,1499295.0
109,978,20240930,2024-09-30,8,1992100,996050.0
170,1676,20240930,2024-09-30,3,1991000,1493250.0
548,1634,20240930,2024-09-30,5,1990700,1323375.0
387,1926,20240930,2024-09-30,4,1990000,1492500.0
664,1981,20240930,2024-09-30,1,1990000,1492500.0
725,961,20240930,2024-09-30,3,1990000,1492500.0
121,1204,20240930,2024-09-30,1,1989900,1492425.0
1065,265,20240930,2024-09-30,7,1989200,1520900.0
1454,1384,20240930,2024-09-30,2,1989000,1491750.0
1065,132,20240930,2024-09-30,2,1989000,1496750.0
501,256,20240930,2024-09-30,3,1988600,1491450.0
1065,2248,20240930,2024-09-30,5,1988500,1506375.0
1000,1261,20240930,2024-09-30,1,1988400,1491300.0
688,981,20240930,2024-09-30,4,1987500,1428125.0
977,1977,20240930,2024-09-30,8,1987000,1316500.0
643,1435,20240930,2024-09-30,1,1985100,1488825.0
197,114,20240930,2024-09-30,1,1985000,1488750.0
299,1110,20240930,2024-09-30,1,1985000,1488750.0
702,1672,20240930,2024-09-30,1,1985000,1488750.0
163,1594,20240930,2024-09-30,2,1985000,1503750.0
1217,157,20240930,2024-09-30,1,1984900,1488675.0
593,344,20240930,2024-09-30,2,1984600,1488450.0
185,1970,20240930,2024-09-30,2,1984300,1363225.0
1454,1380,20240930,2024-09-30,4,1984000,1388000.0
721,845,20240930,2024-09-30,1,1983000,1487250.0
830,640,20240930,2024-09-30,7,1982800,1394600.0
393,300,20240930,2024-09-30,2,1982500,1486875.0
905,1281,20240930,2024-09-30,3,1980000,1471200.0
1364,2036,20240930,2024-09-30,1,1980000,1485000.0
905,331,20240930,2024-09-30,7,1980000,1495000.0
664,1968,20240930,2024-09-30,1,1980000,1485000.0
302,1384,20240930,2024-09-30,1,1980000,1485000.0
665,1968,20240930,2024-09-30,3,1980000,1485000.0
865,1554,20240930,2024-09-30,1,1980000,1485000.0
818,1443,20240930,2024-09-30,12,1979500,1410225.0
523,1360,20240930,2024-09-30,1,1978600,1483950.0
666,1300,20240930,2024-09-30,2,1978000,1483500.0
423,722,20240930,2024-09-30,8,1976500,1225750.0
163,199,20240930,2024-09-30,14,1976200,1679770.0
538,233,20240930,2024-09-30,5,1975600,1466700.0
582,1196,20240930,2024-09-30,1,1975000,1481250.0
353,146,20240930,2024-09-30,2,1975000,1481250.0
905,623,20240930,2024-09-30,4,1975000,1508750.0
491,1735,20240930,2024-09-30,3,1975000,1479500.0
442,545,20240930,2024-09-30,1,1974500,1480875.0
1435,1425,20240930,2024-09-30,3,1974100,1476825.0
1295,1390,20240930,2024-09-30,8,1973500,1442625.0
1390,157,20240930,2024-09-30,5,1973000,1509750.0
476,1590,20240930,2024-09-30,1,1972400,1479300.0
1362,2273,20240930,2024-09-30,8,1972200,1420600.0
520,2079,20240930,2024-09-30,3,1972000,1479000.0
107,1813,20240930,2024-09-30,19,1971000,985500.0
1411,292,20240930,2024-09-30,2,1970900,1478175.0
109,280,20240930,2024-09-30,8,1970200,985100.0
959,1977,20240930,2024-09-30,5,1969600,1232300.0
1048,1372,20240930,2024-09-30,9,1969000,1353500.0
766,286,20240930,2024-09-30,1,1968500,1476375.0
618,780,20240930,2024-09-30,1,1968000,1476000.0
671,212,20240930,2024-09-30,1,1968000,1476000.0
618,940,20240930,2024-09-30,1,1968000,1476000.0
197,1424,20240930,2024-09-30,5,1967000,1475250.0
784,1460,20240930,2024-09-30,16,1966800,1629740.0
614,1385,20240930,2024-09-30,3,1966000,1449500.0
520,2022,20240930,2024-09-30,1,1965000,1473750.0
126,1251,20240930,2024-09-30,3,1965000,1348750.0
1362,2021,20240930,2024-09-30,1,1964200,1473150.0
1435,1834,20240930,2024-09-30,7,1963500,1448875.0
552,122,20240930,2024-09-30,4,1963500,1487625.0
702,1822,20240930,2024-09-30,1,1962000,1471500.0
436,2394,20240930,2024-09-30,2,1962000,1396500.0
1021,760,20240930,2024-09-30,1,1961000,1470750.0
1065,2066,20240930,2024-09-30,7,1960000,1480000.0
977,559,20240930,2024-09-30,1,1960000,1470000.0
951,816,20240930,2024-09-30,1,1959300,1469475.0
462,122,20240930,2024-09-30,2,1958300,1468725.0
10,167,20240930,2024-09-30,1,1958000,1468500.0
1269,1257,20240930,2024-09-30,1,1958000,1468500.0
488,307,20240930,2024-09-30,1,1958000,1468500.0
209,2079,20240930,2024-09-30,5,1955600,1466700.0
156,1647,20240930,2024-09-30,3,1955000,1466250.0
795,1251,20240930,2024-09-30,3,1955000,1466250.0
109,1834,20240930,2024-09-30,1,1955000,1466250.0
1435,233,20240930,2024-09-30,10,1953700,1436525.0
1065,233,20240930,2024-09-30,7,1953500,1490125.0
919,135,20240930,2024-09-30,20,1953400,1560390.0
1431,1378,20240930,2024-09-30,5,1953400,1245050.0
197,913,20240930,2024-09-30,2,1952000,1464000.0
905,816,20240930,2024-09-30,8,1950000,1501250.0
1409,593,20240930,2024-09-30,2,1950000,1462500.0
905,167,20240930,2024-09-30,2,1950000,1450000.0
192,290,20240930,2024-09-30,1,1950000,1462500.0
1454,1996,20240930,2024-09-30,1,1950000,1462500.0
156,2259,20240930,2024-09-30,4,1950000,1422500.0
239,1256,20240930,2024-09-30,1,1950000,1462500.0
235,1813,20240930,2024-09-30,2,1950000,1462500.0
584,2258,20240930,2024-09-30,1,1950000,1462500.0
618,2080,20240930,2024-09-30,1,1950000,1462500.0
1390,1660,20240930,2024-09-30,3,1949000,1476750.0
1295,1819,20240930,2024-09-30,6,1949000,1431750.0
1174,1630,20240930,2024-09-30,1,1947900,1460925.0
1065,1385,20240930,2024-09-30,11,1947500,1492125.0
857,2061,20240930,2024-09-30,1,1947000,1460250.0
919,280,20240930,2024-09-30,12,1946100,1509185.0
1185,866,20240930,2024-09-30,16,1945900,1321640.0
1357,261,20240930,2024-09-30,2,1945000,1458750.0
983,1542,20240930,2024-09-30,1,1945000,1458750.0
643,640,20240930,2024-09-30,1,1945000,1458750.0
1356,1574,20240930,2024-09-30,1,1944800,1458600.0
886,2314,20240930,2024-09-30,1,1944000,1458000.0
665,1575,20240930,2024-09-30,1,1944000,1458000.0
919,1390,20240930,2024-09-30,11,1943800,1512270.0
540,880,20240930,2024-09-30,1,1943000,1457250.0
905,377,20240930,2024-09-30,1,1942300,1456725.0
1409,355,20240930,2024-09-30,1,1942000,1456500.0
378,572,20240930,2024-09-30,2,1940300,1455225.0
1386,247,20240930,2024-09-30,2,1940000,1367500.0
520,1477,20240930,2024-09-30,1,1940000,1455000.0
1446,1398,20240930,2024-09-30,9,1939500,1268250.0
172,541,20240930,2024-09-30,7,1938000,1190500.0
1362,186,20240930,2024-09-30,11,1937400,1343700.0
666,73,20240930,2024-09-30,1,1937000,1452750.0
1065,2118,20240930,2024-09-30,8,1937000,1481100.0
671,124,20240930,2024-09-30,1,1935700,1451775.0
858,1986,20240930,2024-09-30,1,1935000,1451250.0
121,361,20240930,2024-09-30,5,1935000,1411250.0
170,1381,20240930,2024-09-30,1,1935000,1451250.0
197,2158,20240930,2024-09-30,1,1933000,1449750.0
1021,1887,20240930,2024-09-30,1,1932100,1449075.0
1217,1619,20240930,2024-09-30,1,1932000,1449000.0
1295,1520,20240930,2024-09-30,13,1931100,1156725.0
712,407,20240930,2024-09-30,1,1931000,1448250.0
1390,118,20240930,2024-09-30,2,1931000,1448250.0
665,2268,20240930,2024-09-30,4,1931000,1448250.0
818,1469,20240930,2024-09-30,17,1930800,1286730.0
951,264,20240930,2024-09-30,1,1930200,1447650.0
477,183,20240930,2024-09-30,2,1930200,1447650.0
795,970,20240930,2024-09-30,1,1930000,1447500.0
1390,882,20240930,2024-09-30,3,1930000,1477500.0
437,214,20240930,2024-09-30,3,1930000,1447500.0
618,2172,20240930,2024-09-30,1,1929700,1447275.0
742,309,20240930,2024-09-30,8,1929100,1076825.0
702,1086,20240930,2024-09-30,1,1929000,1446750.0
235,799,20240930,2024-09-30,1,1927000,1445250.0
52,1033,20240930,2024-09-30,2,1927000,1420250.0
102,1851,20240930,2024-09-30,1,1927000,1445250.0
1072,301,20240930,2024-09-30,2,1925300,1443975.0
795,2257,20240930,2024-09-30,2,1925000,1443750.0
1221,911,20240930,2024-09-30,1,1925000,1443750.0
316,361,20240930,2024-09-30,3,1925000,1443750.0
316,183,20240930,2024-09-30,3,1925000,1091750.0
109,135,20240930,2024-09-30,4,1924300,1352625.0
830,659,20240930,2024-09-30,3,1924000,1443000.0
55,2284,20240930,2024-09-30,7,1922600,1381950.0
1362,1641,20240930,2024-09-30,18,1921600,1254825.0
1219,309,20240930,2024-09-30,9,1921500,1332000.0
75,1207,20240930,2024-09-30,2,1921000,1415750.0
121,233,20240930,2024-09-30,1,1920000,1440000.0
931,2268,20240930,2024-09-30,1,1920000,1440000.0
1295,125,20240930,2024-09-30,2,1920000,1427500.0
983,863,20240930,2024-09-30,1,1919500,1439625.0
163,1719,20240930,2024-09-30,13,1919200,1600420.0
775,2215,20240930,2024-09-30,1,1919000,1439250.0
980,160,20240930,2024-09-30,1,1919000,1439250.0
109,334,20240930,2024-09-30,2,1918400,1438800.0
1065,2245,20240930,2024-09-30,3,1918000,1448500.0
51,1979,20240930,2024-09-30,1,1917000,1437750.0
919,545,20240930,2024-09-30,17,1916900,1534365.0
436,124,20240930,2024-09-30,2,1916000,1312000.0
1065,1051,20240930,2024-09-30,5,1916000,1457400.0
951,2305,20240930,2024-09-30,2,1915600,1361700.0
523,1121,20240930,2024-09-30,1,1915400,1436550.0
328,492,20240930,2024-09-30,1,1915000,1436250.0
795,1277,20240930,2024-09-30,1,1915000,1436250.0
1270,37,20240930,2024-09-30,1,1915000,1436250.0
522,303,20240930,2024-09-30,1,1915000,1436250.0
264,2079,20240930,2024-09-30,1,1913300,1434975.0
97,1742,20240930,2024-09-30,7,1913300,1337725.0
833,1368,20240930,2024-09-30,12,1913100,1380575.0
584,1274,20240930,2024-09-30,3,1913000,1314000.0
519,308,20240930,2024-09-30,1,1913000,1434750.0
393,1397,20240930,2024-09-30,2,1912200,1409150.0
1362,1511,20240930,2024-09-30,4,1911800,1423700.0
643,188,20240930,2024-09-30,4,1911200,1433400.0
618,1128,20240930,2024-09-30,1,1911000,1433250.0
522,1480,20240930,2024-09-30,1,1911000,1433250.0
754,1563,20240930,2024-09-30,4,1910500,1391625.0
1163,280,20240930,2024-09-30,9,1910000,1457500.0
384,308,20240930,2024-09-30,1,1910000,1432500.0
795,1386,20240930,2024-09-30,2,1910000,1382500.0
834,1389,20240930,2024-09-30,4,1909000,1356750.0
51,2133,20240930,2024-09-30,1,1909000,1431750.0
919,298,20240930,2024-09-30,21,1908400,1526140.0
951,1035,20240930,2024-09-30,1,1907900,1430925.0
671,165,20240930,2024-09-30,3,1907700,1430775.0
235,1608,20240930,2024-09-30,1,1906700,1430025.0
145,1184,20240930,2024-09-30,3,1906400,1429800.0
1065,978,20240930,2024-09-30,11,1906000,1458950.0
163,203,20240930,2024-09-30,14,1905400,1619590.0
995,2083,20240930,2024-09-30,9,1904600,1466560.0
951,654,20240930,2024-09-30,2,1904600,1365950.0
523,1203,20240930,2024-09-30,4,1904500,1390875.0
1036,1488,20240930,2024-09-30,2,1902800,1427100.0
1362,585,20240930,2024-09-30,1,1902600,1426950.0
109,961,20240930,2024-09-30,4,1902100,1333700.0
795,877,20240930,2024-09-30,3,1902000,1426500.0
977,2131,20240930,2024-09-30,1,1902000,1426500.0
95,1488,20240930,2024-09-30,1,1900800,1425600.0
1362,1656,20240930,2024-09-30,20,1900600,1203850.0
881,1482,20240930,2024-09-30,6,1900500,1362875.0
858,1935,20240930,2024-09-30,1,1900400,1425300.0
313,143,20240930,2024-09-30,1,1900000,1425000.0
951,1499,20240930,2024-09-30,1,1900000,1425000.0
229,940,20240930,2024-09-30,1,1900000,1425000.0
963,140,20240930,2024-09-30,1,1900000,1425000.0
121,1385,20240930,2024-09-30,1,1900000,1425000.0
605,1008,20240930,2024-09-30,1,1900000,1425000.0
468,1516,20240930,2024-09-30,1,1900000,1425000.0
1139,723,20240930,2024-09-30,1,1900000,1425000.0
702,1844,20240930,2024-09-30,2,1900000,1425000.0
905,278,20240930,2024-09-30,3,1900000,1440000.0
228,1477,20240930,2024-09-30,2,1900000,1300000.0
1270,395,20240930,2024-09-30,1,1900000,1425000.0
1195,1672,20240930,2024-09-30,1,1900000,1425000.0
905,761,20240930,2024-09-30,7,1900000,1467500.0
1139,1231,20240930,2024-09-30,1,1900000,1425000.0
612,2083,20240930,2024-09-30,5,1900000,1190000.0
163,1033,20240930,2024-09-30,6,1899300,1483405.0
1466,2048,20240930,2024-09-30,13,1898900,1416425.0
393,1992,20240930,2024-09-30,2,1898600,1423950.0
368,1833,20240930,2024-09-30,5,1898000,1428750.0
1454,1377,20240930,2024-09-30,3,1898000,1409300.0
331,961,20240930,2024-09-30,2,1897900,1423425.0
1435,2272,20240930,2024-09-30,4,1897600,1419450.0
10,335,20240930,2024-09-30,1,1897500,1423125.0
1139,2291,20240930,2024-09-30,1,1897000,1422750.0
1362,123,20240930,2024-09-30,4,1895100,1385075.0
170,1735,20240930,2024-09-30,2,1895000,1421250.0
1295,1662,20240930,2024-09-30,4,1894800,1383600.0
1072,298,20240930,2024-09-30,2,1891500,1418625.0
830,1559,20240930,2024-09-30,1,1890900,1418175.0
795,2011,20240930,2024-09-30,2,1890000,1292500.0
434,1086,20240930,2024-09-30,1,1890000,1417500.0
818,866,20240930,2024-09-30,5,1890000,1370000.0
951,1383,20240930,2024-09-30,1,1890000,1417500.0
423,1086,20240930,2024-09-30,3,1889700,1354775.0
725,1594,20240930,2024-09-30,1,1889000,1416750.0
1021,1235,20240930,2024-09-30,2,1889000,1416750.0
1065,314,20240930,2024-09-30,13,1888500,1455875.0
1000,1178,20240930,2024-09-30,6,1888200,1316290.0
264,280,20240930,2024-09-30,4,1887600,1415700.0
696,823,20240930,2024-09-30,2,1887000,1390250.0
742,138,20240930,2024-09-30,7,1886000,943000.0
127,130,20240930,2024-09-30,1,1885000,1413750.0
766,564,20240930,2024-09-30,1,1885000,1413750.0
1217,1981,20240930,2024-09-30,2,1884800,1413600.0
1106,171,20240930,2024-09-30,6,1883000,1418450.0
795,2083,20240930,2024-09-30,4,1882000,1399000.0
742,1388,20240930,2024-09-30,7,1880500,1227125.0
664,826,20240930,2024-09-30,2,1880000,1410000.0
209,130,20240930,2024-09-30,6,1880000,1424000.0
49,1422,20240930,2024-09-30,2,1880000,1410000.0
384,314,20240930,2024-09-30,1,1880000,1410000.0
38,1151,20240930,2024-09-30,3,1880000,1385000.0
163,175,20240930,2024-09-30,9,1878400,1496640.0
1230,2097,20240930,2024-09-30,2,1877400,1317375.0
224,2006,20240930,2024-09-30,2,1876600,1407450.0
932,477,20240930,2024-09-30,6,1876400,1431340.0
420,541,20240930,2024-09-30,1,1875000,1406250.0
540,2154,20240930,2024-09-30,2,1875000,1381250.0
1386,332,20240930,2024-09-30,2,1875000,1406250.0
1065,1669,20240930,2024-09-30,11,1874800,1450580.0
754,1529,20240930,2024-09-30,3,1874100,1398075.0
1362,1583,20240930,2024-09-30,2,1873000,1317250.0
420,868,20240930,2024-09-30,1,1872100,1404075.0
1270,829,20240930,2024-09-30,2,1872000,1404000.0
1390,6,20240930,2024-09-30,3,1872000,1404000.0
202,2159,20240930,2024-09-30,2,1871500,1353625.0
258,1033,20240930,2024-09-30,5,1870500,1402875.0
1163,46,20240930,2024-09-30,3,1868700,1411525.0
540,286,20240930,2024-09-30,3,1868000,1393500.0
919,1477,20240930,2024-09-30,13,1867600,1462460.0
462,1470,20240930,2024-09-30,1,1867000,1400250.0
264,1845,20240930,2024-09-30,3,1866500,1399875.0
109,305,20240930,2024-09-30,3,1865500,1336625.0
856,1061,20240930,2024-09-30,1,1865000,1398750.0
933,1674,20240930,2024-09-30,4,1865000,1348750.0
902,1466,20240930,2024-09-30,3,1865000,1398750.0
795,864,20240930,2024-09-30,3,1865000,1367500.0
170,309,20240930,2024-09-30,1,1865000,1678500.0
641,1004,20240930,2024-09-30,8,1864500,1310875.0
1435,309,20240930,2024-09-30,10,1863000,1363500.0
92,160,20240930,2024-09-30,2,1862500,1396875.0
951,643,20240930,2024-09-30,4,1862300,1334225.0
95,1647,20240930,2024-09-30,1,1861500,1396125.0
1357,860,20240930,2024-09-30,1,1860700,1395525.0
420,2260,20240930,2024-09-30,2,1860000,1395000.0
728,252,20240930,2024-09-30,2,1860000,1380000.0
197,2107,20240930,2024-09-30,1,1860000,1395000.0
310,1088,20240930,2024-09-30,4,1860000,1267250.0
671,1691,20240930,2024-09-30,1,1860000,1395000.0
1142,334,20240930,2024-09-30,2,1860000,1395000.0
668,863,20240930,2024-09-30,10,1860000,1063750.0
479,188,20240930,2024-09-30,7,1859400,1417050.0
1275,1384,20240930,2024-09-30,1,1859000,1394250.0
279,1004,20240930,2024-09-30,4,1858800,1332850.0
420,299,20240930,2024-09-30,1,1858500,1393875.0
671,1279,20240930,2024-09-30,4,1856400,1392300.0
963,1420,20240930,2024-09-30,2,1856000,1163335.2
1435,148,20240930,2024-09-30,4,1855500,1384125.0
1208,186,20240930,2024-09-30,1,1855100,1391325.0
795,1282,20240930,2024-09-30,2,1855000,1391250.0
742,128,20240930,2024-09-30,2,1854700,1341025.0
665,2264,20240930,2024-09-30,2,1854000,1390500.0
1163,1834,20240930,2024-09-30,5,1854000,1405600.0
1409,119,20240930,2024-09-30,2,1853700,1390275.0
742,161,20240930,2024-09-30,14,1853000,926500.0
109,252,20240930,2024-09-30,4,1851000,1274375.0
988,482,20240930,2024-09-30,1,1850000,1387500.0
320,255,20240930,2024-09-30,1,1850000,1387500.0
795,560,20240930,2024-09-30,2,1850000,1300000.0
197,316,20240930,2024-09-30,1,1850000,1387500.0
1034,156,20240930,2024-09-30,2,1850000,1387500.0
834,2158,20240930,2024-09-30,1,1850000,1387500.0
1055,2006,20240930,2024-09-30,1,1850000,1387500.0
14,163,20240930,2024-09-30,6,1850000,1387500.0
905,284,20240930,2024-09-30,1,1850000,1387500.0
665,1471,20240930,2024-09-30,1,1850000,1387500.0
1300,2021,20240930,2024-09-30,1,1850000,1387500.0
235,2006,20240930,2024-09-30,13,1850000,1572500.0
618,613,20240930,2024-09-30,1,1849000,1386750.0
208,529,20240930,2024-09-30,1,1848600,1386450.0
462,355,20240930,2024-09-30,2,1847300,1385475.0
905,832,20240930,2024-09-30,3,1845000,1410750.0
552,1968,20240930,2024-09-30,3,1845000,1413750.0
664,2015,20240930,2024-09-30,1,1845000,1383750.0
1362,191,20240930,2024-09-30,13,1844900,1288700.0
726,2097,20240930,2024-09-30,1,1844500,1383375.0
163,165,20240930,2024-09-30,13,1844400,1567740.0
1065,1523,20240930,2024-09-30,8,1844000,1416200.0
422,1004,20240930,2024-09-30,4,1843900,1307925.0
1431,866,20240930,2024-09-30,2,1842500,1625175.0
749,891,20240930,2024-09-30,10,1842200,1233125.0
1244,1118,20240930,2024-09-30,2,1841000,1380750.0
708,942,20240930,2024-09-30,6,1841000,1360750.0
1236,1540,20240930,2024-09-30,1,1840900,1380675.0
830,1968,20240930,2024-09-30,2,1840600,1380450.0
155,2016,20240930,2024-09-30,1,1840000,1380000.0
1362,124,20240930,2024-09-30,1,1840000,1380000.0
1139,1527,20240930,2024-09-30,1,1840000,1380000.0
1390,302,20240930,2024-09-30,5,1840000,1421500.0
393,361,20240930,2024-09-30,3,1839800,1342350.0
696,826,20240930,2024-09-30,3,1839700,1341245.0
584,1847,20240930,2024-09-30,3,1838000,1193500.0
905,316,20240930,2024-09-30,4,1838000,1366000.0
1435,118,20240930,2024-09-30,1,1838000,1378500.0
1435,1246,20240930,2024-09-30,2,1837500,1375625.0
109,341,20240930,2024-09-30,4,1837000,1202750.0
209,188,20240930,2024-09-30,7,1836000,1415600.0
797,2011,20240930,2024-09-30,11,1836000,1411400.0
688,1033,20240930,2024-09-30,5,1835000,1157500.0
857,294,20240930,2024-09-30,1,1833000,1374750.0
163,183,20240930,2024-09-30,13,1833000,1558050.0
27,2396,20240930,2024-09-30,1,1833000,1374750.0
442,302,20240930,2024-09-30,1,1832000,1374000.0
754,2255,20240930,2024-09-30,3,1832000,1374000.0
235,2279,20240930,2024-09-30,1,1831000,1373250.0
481,1435,20240930,2024-09-30,1,1830000,1372500.0
1065,2131,20240930,2024-09-30,4,1830000,1387500.0
795,205,20240930,2024-09-30,1,1830000,1372500.0
919,1981,20240930,2024-09-30,11,1829700,1433995.0
923,861,20240930,2024-09-30,6,1828000,1346000.0
702,1464,20240930,2024-09-30,1,1827000,1370250.0
665,191,20240930,2024-09-30,3,1827000,1370250.0
209,269,20240930,2024-09-30,2,1826500,1369875.0
465,1707,20240930,2024-09-30,1,1826000,1369500.0
305,1371,20240930,2024-09-30,1,1825000,1368750.0
1065,181,20240930,2024-09-30,5,1825000,1383750.0
1216,325,20240930,2024-09-30,1,1825000,1368750.0
1390,361,20240930,2024-09-30,4,1825000,1398750.0
264,1274,20240930,2024-09-30,3,1824800,1368600.0
1065,303,20240930,2024-09-30,9,1824000,1403700.0
857,199,20240930,2024-09-30,2,1824000,1368000.0
403,130,20240930,2024-09-30,6,1823000,1377250.0
742,942,20240930,2024-09-30,6,1823000,1036500.0
132,2119,20240930,2024-09-30,2,1822000,1366500.0
1065,842,20240930,2024-09-30,6,1821400,1383050.0
522,163,20240930,2024-09-30,2,1821000,1365750.0
849,1435,20240930,2024-09-30,1,1820000,1365000.0
905,896,20240930,2024-09-30,1,1820000,1365000.0
520,416,20240930,2024-09-30,1,1820000,1365000.0
1021,1913,20240930,2024-09-30,1,1819700,1364775.0
1295,138,20240930,2024-09-30,5,1818500,1337625.0
264,199,20240930,2024-09-30,2,1817300,1362975.0
462,1928,20240930,2024-09-30,1,1817000,1362750.0
261,146,20240930,2024-09-30,8,1816600,1215350.0
210,160,20240930,2024-09-30,3,1816200,1362150.0
1295,1566,20240930,2024-09-30,18,1815700,1254085.0
1462,183,20240930,2024-09-30,1,1815000,1361250.0
309,2083,20240930,2024-09-30,3,1813200,1309900.0
209,1948,20240930,2024-09-30,5,1813100,1386825.0
95,1424,20240930,2024-09-30,2,1810800,1358100.0
1295,492,20240930,2024-09-30,10,1810500,1316625.0
1466,1948,20240930,2024-09-30,8,1810400,1327800.0
167,1310,20240930,2024-09-30,4,1810400,1320300.0
479,2291,20240930,2024-09-30,3,1809100,1356825.0
919,1968,20240930,2024-09-30,18,1808900,1487565.0
1362,199,20240930,2024-09-30,17,1808600,1169230.0
1241,501,20240930,2024-09-30,7,1808200,1121600.0
1166,1139,20240930,2024-09-30,1,1807000,1355250.0
1445,1424,20240930,2024-09-30,3,1806100,1292075.0
126,2173,20240930,2024-09-30,1,1806000,1354500.0
1295,598,20240930,2024-09-30,7,1806000,1277000.0
420,1417,20240930,2024-09-30,3,1806000,1329500.0
1065,260,20240930,2024-09-30,7,1805800,1379350.0
92,492,20240930,2024-09-30,2,1805500,1354125.0
170,1435,20240930,2024-09-30,1,1805000,1353750.0
366,697,20240930,2024-09-30,3,1805000,1356250.0
702,541,20240930,2024-09-30,1,1805000,1353750.0
102,1153,20240930,2024-09-30,1,1804000,1353000.0
1082,46,20240930,2024-09-30,5,1803000,1363250.0
558,107,20240930,2024-09-30,1,1802800,1352100.0
1065,1253,20240930,2024-09-30,3,1802500,1361825.0
479,961,20240930,2024-09-30,5,1802300,1353225.0
702,399,20240930,2024-09-30,2,1800400,1350300.0
991,1480,20240930,2024-09-30,1,1800000,1350000.0
170,764,20240930,2024-09-30,1,1800000,1350000.0
983,1198,20240930,2024-09-30,1,1800000,1350000.0
1431,1467,20240930,2024-09-30,7,1800000,900000.0
1390,1571,20240930,2024-09-30,2,1800000,1350000.0
197,2326,20240930,2024-09-30,1,1800000,1350000.0
666,2150,20240930,2024-09-30,1,1800000,1350000.0
316,1621,20240930,2024-09-30,1,1800000,1350000.0
1055,303,20240930,2024-09-30,1,1800000,1350000.0
1,136,20240930,2024-09-30,1,1800000,1350000.0
1064,840,20240930,2024-09-30,1,1800000,1350000.0
795,855,20240930,2024-09-30,1,1800000,1350000.0
1454,157,20240930,2024-09-30,1,1800000,1350000.0
509,1523,20240930,2024-09-30,3,1800000,1150000.0
662,678,20240930,2024-09-30,2,1800000,1225000.0
1407,302,20240930,2024-09-30,4,1800000,1350000.0
1059,1396,20240930,2024-09-30,1,1800000,1620000.0
1404,164,20240930,2024-09-30,1,1800000,1350000.0
905,57,20240930,2024-09-30,2,1800000,1350000.0
117,875,20240930,2024-09-30,1,1800000,1335060.0
465,1383,20240930,2024-09-30,1,1800000,1350000.0
394,2079,20240930,2024-09-30,2,1800000,1350000.0
285,1422,20240930,2024-09-30,1,1800000,1350000.0
795,217,20240930,2024-09-30,3,1799000,1336750.0
742,361,20240930,2024-09-30,13,1799000,1078000.0
429,1620,20240930,2024-09-30,1,1798000,1348500.0
1466,165,20240930,2024-09-30,3,1797800,1335850.0
393,962,20240930,2024-09-30,3,1796400,1297300.0
1357,138,20240930,2024-09-30,1,1796300,1347225.0
795,1572,20240930,2024-09-30,3,1795000,1327500.0
1373,1360,20240930,2024-09-30,6,1795000,1283750.0
163,1968,20240930,2024-09-30,14,1794100,1524985.0
1362,252,20240930,2024-09-30,1,1794000,1345500.0
1427,2268,20240930,2024-09-30,4,1794000,1355500.0
742,1472,20240930,2024-09-30,11,1792000,896000.0
1368,1641,20240930,2024-09-30,26,1791500,982375.0
865,538,20240930,2024-09-30,1,1791500,1343625.0
1427,2254,20240930,2024-09-30,6,1791100,1095025.0
613,1981,20240930,2024-09-30,4,1791100,1343325.0
795,307,20240930,2024-09-30,2,1791000,1050420.0
1362,1235,20240930,2024-09-30,1,1790500,1342875.0
783,1958,20240930,2024-09-30,1,1790000,1342500.0
1195,1274,20240930,2024-09-30,2,1790000,1353500.0
1269,2006,20240930,2024-09-30,1,1789800,1342350.0
784,1488,20240930,2024-09-30,12,1788200,1428430.0
618,1845,20240930,2024-09-30,1,1788000,1341000.0
102,122,20240930,2024-09-30,2,1788000,1341000.0
491,1507,20240930,2024-09-30,2,1787900,1315925.0
1018,399,20240930,2024-09-30,1,1785000,1338750.0
1435,572,20240930,2024-09-30,1,1785000,1338750.0
645,2079,20240930,2024-09-30,2,1785000,1251250.0
264,882,20240930,2024-09-30,2,1784600,1338450.0
1000,1886,20240930,2024-09-30,1,1784000,1338000.0
851,211,20240930,2024-09-30,1,1782900,1337175.0
1435,1417,20240930,2024-09-30,4,1782500,1330625.0
51,1527,20240930,2024-09-30,1,1781000,1335750.0
1295,477,20240930,2024-09-30,6,1781000,1298250.0
1390,1281,20240930,2024-09-30,1,1781000,1335750.0
858,1885,20240930,2024-09-30,1,1780000,1335000.0
552,1959,20240930,2024-09-30,1,1776000,1332000.0
795,38,20240930,2024-09-30,1,1775200,1331400.0
462,650,20240930,2024-09-30,1,1775000,1331250.0
1390,1566,20240930,2024-09-30,3,1775000,1346250.0
197,1467,20240930,2024-09-30,1,1775000,1331250.0
666,1888,20240930,2024-09-30,1,1775000,1331250.0
1237,1968,20240930,2024-09-30,2,1774700,1331025.0
682,1152,20240930,2024-09-30,2,1774000,1330500.0
405,866,20240930,2024-09-30,13,1774000,1112250.0
1435,260,20240930,2024-09-30,6,1773000,1306000.0
665,203,20240930,2024-09-30,3,1772000,1329000.0
235,1948,20240930,2024-09-30,4,1772000,1369000.0
522,880,20240930,2024-09-30,1,1771000,1328250.0
1072,832,20240930,2024-09-30,1,1769800,1327350.0
1409,1981,20240930,2024-09-30,1,1769000,1326750.0
1373,1342,20240930,2024-09-30,3,1768500,1238875.0
1116,1619,20240930,2024-09-30,1,1768100,1326075.0
393,291,20240930,2024-09-30,2,1767600,1300700.0
1440,968,20240930,2024-09-30,1,1767400,1325550.0
264,335,20240930,2024-09-30,4,1767400,1325550.0
228,146,20240930,2024-09-30,5,1767300,950725.0
210,161,20240930,2024-09-30,2,1767300,1325475.0
1431,1472,20240930,2024-09-30,10,1766800,883400.0
235,1523,20240930,2024-09-30,3,1766600,1348150.0
109,2220,20240930,2024-09-30,1,1766200,353240.0
609,477,20240930,2024-09-30,1,1766000,1324500.0
1362,1660,20240930,2024-09-30,13,1765900,1194925.0
477,292,20240930,2024-09-30,1,1765000,1323750.0
795,2398,20240930,2024-09-30,3,1765000,1325750.0
742,831,20240930,2024-09-30,10,1764100,961825.0
1435,1440,20240930,2024-09-30,2,1763000,1272250.0
1219,301,20240930,2024-09-30,12,1762000,1229000.0
1295,2118,20240930,2024-09-30,8,1761700,1280025.0
1110,250,20240930,2024-09-30,7,1761000,880500.0
1295,1131,20240930,2024-09-30,2,1761000,1245750.0
407,761,20240930,2024-09-30,1,1760000,1320000.0
813,905,20240930,2024-09-30,8,1760000,1092750.0
535,314,20240930,2024-09-30,1,1760000,1320000.0
795,1616,20240930,2024-09-30,1,1760000,1320000.0
795,1414,20240930,2024-09-30,1,1759500,1319625.0
1456,1877,20240930,2024-09-30,1,1759000,1319250.0
109,1813,20240930,2024-09-30,7,1758800,1065350.0
38,18,20240930,2024-09-30,1,1758500,1318875.0
1407,1397,20240930,2024-09-30,1,1758000,1318500.0
163,2048,20240930,2024-09-30,6,1757100,1372135.0
380,1394,20240930,2024-09-30,2,1757000,1305250.0
1021,1936,20240930,2024-09-30,2,1756200,1279650.0
109,1483,20240930,2024-09-30,2,1756100,1242075.0
1021,1898,20240930,2024-09-30,3,1755700,1316775.0
1065,2054,20240930,2024-09-30,5,1755700,1330175.0
784,300,20240930,2024-09-30,8,1755400,1356820.0
671,261,20240930,2024-09-30,2,1755200,1316400.0
235,1467,20240930,2024-09-30,8,1755000,1399750.0
1077,778,20240930,2024-09-30,1,1755000,1316250.0
788,242,20240930,2024-09-30,3,1755000,1292500.0
1362,1434,20240930,2024-09-30,1,1755000,1316250.0
795,1278,20240930,2024-09-30,3,1754500,1315875.0
951,623,20240930,2024-09-30,4,1754400,1240800.0
185,2083,20240930,2024-09-30,1,1754000,1315500.0
522,176,20240930,2024-09-30,2,1754000,1278000.0
1411,269,20240930,2024-09-30,2,1753600,1290200.0
1335,2258,20240930,2024-09-30,3,1752000,1314000.0
102,280,20240930,2024-09-30,3,1752000,1314000.0
1366,161,20240930,2024-09-30,2,1752000,1314000.0
951,1524,20240930,2024-09-30,2,1751500,1238625.0
479,309,20240930,2024-09-30,3,1751000,1303250.0
905,669,20240930,2024-09-30,2,1750000,1250000.0
875,1669,20240930,2024-09-30,2,1750000,1312500.0
1347,132,20240930,2024-09-30,1,1750000,1312500.0
617,130,20240930,2024-09-30,2,1750000,1425000.0
1070,1957,20240930,2024-09-30,1,1750000,1312500.0
197,1913,20240930,2024-09-30,2,1750000,1312500.0
197,1264,20240930,2024-09-30,1,1750000,1312500.0
307,1389,20240930,2024-09-30,2,1750000,1312500.0
1163,290,20240930,2024-09-30,4,1748500,1311375.0
95,186,20240930,2024-09-30,1,1746000,1309500.0
264,2158,20240930,2024-09-30,4,1745900,1309425.0
726,2079,20240930,2024-09-30,5,1745100,1238825.0
1390,161,20240930,2024-09-30,4,1744900,1308675.0
824,2118,20240930,2024-09-30,2,1744900,1308675.0
799,319,20240930,2024-09-30,1,1744800,1308600.0
1452,545,20240930,2024-09-30,5,1744500,1187125.0
919,1496,20240930,2024-09-30,10,1744400,1344500.0
1021,1899,20240930,2024-09-30,1,1743100,1307325.0
557,1619,20240930,2024-09-30,6,1743100,1275700.0
285,125,20240930,2024-09-30,1,1743000,1307250.0
696,840,20240930,2024-09-30,1,1742900,1307175.0
929,5,20240930,2024-09-30,5,1742500,1286425.0
1065,186,20240930,2024-09-30,7,1742500,1321875.0
584,335,20240930,2024-09-30,1,1740000,1305000.0
740,938,20240930,2024-09-30,1,1740000,1305000.0
343,722,20240930,2024-09-30,2,1740000,1315300.0
328,206,20240930,2024-09-30,1,1740000,1305000.0
540,871,20240930,2024-09-30,2,1740000,1180000.0
1435,290,20240930,2024-09-30,4,1739000,1291750.0
420,203,20240930,2024-09-30,2,1738700,1304025.0
703,1895,20240930,2024-09-30,1,1738300,1303725.0
999,1511,20240930,2024-09-30,4,1737800,1278350.0
540,355,20240930,2024-09-30,3,1737000,1265250.0
919,2079,20240930,2024-09-30,14,1736800,1365350.0
110,978,20240930,2024-09-30,1,1736700,1302525.0
163,1391,20240930,2024-09-30,13,1736400,1475940.0
423,697,20240930,2024-09-30,5,1735700,1201775.0
963,869,20240930,2024-09-30,1,1735000,1301250.0
659,262,20240930,2024-09-30,1,1735000,1301250.0
832,2231,20240930,2024-09-30,8,1734000,1106100.0
1385,585,20240930,2024-09-30,2,1732500,1224375.0
1055,2043,20240930,2024-09-30,1,1732000,1299000.0
322,1178,20240930,2024-09-30,4,1732000,1301100.0
584,1239,20240930,2024-09-30,1,1732000,1299000.0
479,2118,20240930,2024-09-30,5,1731300,1298475.0
1472,306,20240930,2024-09-30,2,1730000,1297500.0
434,163,20240930,2024-09-30,1,1730000,1297500.0
403,183,20240930,2024-09-30,2,1730000,1297500.0
509,734,20240930,2024-09-30,2,1729900,1172425.0
1002,361,20240930,2024-09-30,2,1729500,1312125.0
436,181,20240930,2024-09-30,2,1729500,1297125.0
197,2118,20240930,2024-09-30,2,1729000,1441350.0
919,1888,20240930,2024-09-30,13,1728200,1350870.0
755,130,20240930,2024-09-30,2,1728000,1296000.0
1065,458,20240930,2024-09-30,1,1728000,1296000.0
235,1669,20240930,2024-09-30,2,1728000,1304000.0
963,166,20240930,2024-09-30,2,1727500,1295625.0
1166,1158,20240930,2024-09-30,1,1727000,1295250.0
605,987,20240930,2024-09-30,1,1726000,1294500.0
1357,697,20240930,2024-09-30,1,1726000,1294500.0
143,1053,20240930,2024-09-30,1,1725700,1294275.0
977,293,20240930,2024-09-30,8,1725100,1207575.0
584,1398,20240930,2024-09-30,2,1725000,1293750.0
1034,165,20240930,2024-09-30,1,1725000,1293750.0
905,1986,20240930,2024-09-30,5,1725000,1311250.0
552,1380,20240930,2024-09-30,1,1725000,1293750.0
170,161,20240930,2024-09-30,1,1725000,1293750.0
905,282,20240930,2024-09-30,3,1725000,1293750.0
109,865,20240930,2024-09-30,7,1725000,862500.0
1364,1985,20240930,2024-09-30,1,1725000,1293750.0
795,2340,20240930,2024-09-30,3,1725000,1243750.0
1295,1387,20240930,2024-09-30,6,1725000,1262500.0
440,114,20240930,2024-09-30,2,1723100,1261325.0
163,1647,20240930,2024-09-30,4,1722700,1305325.0
99,1374,20240930,2024-09-30,7,1722200,1213900.0
1295,652,20240930,2024-09-30,2,1721500,1278625.0
522,823,20240930,2024-09-30,1,1721000,1290750.0
1435,126,20240930,2024-09-30,1,1721000,1290750.0
1467,836,20240930,2024-09-30,2,1721000,1290750.0
1,167,20240930,2024-09-30,3,1720500,1305375.0
671,2006,20240930,2024-09-30,3,1720200,1290150.0
1116,1214,20240930,2024-09-30,1,1720000,1290000.0
1295,260,20240930,2024-09-30,4,1718700,1244025.0
951,306,20240930,2024-09-30,3,1717200,1287900.0
931,2125,20240930,2024-09-30,3,1717000,1152250.0
393,298,20240930,2024-09-30,2,1716200,1287150.0
931,1669,20240930,2024-09-30,1,1716000,1287000.0
477,280,20240930,2024-09-30,1,1715000,1286250.0
148,1812,20240930,2024-09-30,20,1714500,857250.0
614,1377,20240930,2024-09-30,2,1714000,1285500.0
919,188,20240930,2024-09-30,8,1713600,1331560.0
754,238,20240930,2024-09-30,5,1713000,1119750.0
10,1470,20240930,2024-09-30,1,1712900,1284675.0
436,164,20240930,2024-09-30,2,1712000,1234000.0
109,2206,20240930,2024-09-30,2,1712000,1234000.0
552,1938,20240930,2024-09-30,1,1712000,1284000.0
1295,1526,20240930,2024-09-30,23,1711400,942925.0
788,236,20240930,2024-09-30,2,1710000,1258750.0
420,260,20240930,2024-09-30,1,1710000,1282500.0
682,1865,20240930,2024-09-30,1,1710000,1282500.0
510,942,20240930,2024-09-30,1,1709100,1281825.0
1065,1288,20240930,2024-09-30,2,1709000,1281750.0
818,1389,20240930,2024-09-30,12,1709000,1042000.0
974,252,20240930,2024-09-30,2,1708000,1281000.0
1097,157,20240930,2024-09-30,4,1708000,1281000.0
1144,729,20240930,2024-09-30,2,1707300,1217975.0
1362,1321,20240930,2024-09-30,2,1707000,1267750.0
170,201,20240930,2024-09-30,2,1705500,1254125.0
1357,392,20240930,2024-09-30,1,1705000,1278750.0
540,1274,20240930,2024-09-30,2,1705000,1278750.0
109,333,20240930,2024-09-30,1,1704300,1278225.0
919,882,20240930,2024-09-30,13,1703900,1348315.0
1411,1280,20240930,2024-09-30,2,1703500,1252625.0
235,300,20240930,2024-09-30,11,1703300,1392805.0
1373,314,20240930,2024-09-30,2,1702000,1276500.0
52,997,20240930,2024-09-30,1,1702000,1276500.0
1435,286,20240930,2024-09-30,11,1700100,1233825.0
239,1251,20240930,2024-09-30,1,1700000,1275000.0
1357,849,20240930,2024-09-30,1,1700000,1275000.0
905,1834,20240930,2024-09-30,3,1700000,1290000.0
316,161,20240930,2024-09-30,1,1700000,1275000.0
1163,1264,20240930,2024-09-30,3,1700000,1275000.0
197,277,20240930,2024-09-30,2,1700000,1250000.0
665,1516,20240930,2024-09-30,1,1700000,1275000.0
905,535,20240930,2024-09-30,2,1700000,1275000.0
905,394,20240930,2024-09-30,4,1700000,1275000.0
92,935,20240930,2024-09-30,1,1700000,1275000.0
983,353,20240930,2024-09-30,1,1700000,1275000.0
1000,2002,20240930,2024-09-30,1,1700000,1275000.0
919,961,20240930,2024-09-30,15,1700000,1350000.0
784,1716,20240930,2024-09-30,1,1700000,1275000.0
905,960,20240930,2024-09-30,1,1700000,1275000.0
1427,500,20240930,2024-09-30,1,1700000,1275000.0
1097,1477,20240930,2024-09-30,1,1700000,1275000.0
197,2341,20240930,2024-09-30,2,1700000,1275000.0
1065,593,20240930,2024-09-30,8,1699500,1308575.0
977,254,20240930,2024-09-30,6,1699000,1130500.0
1034,166,20240930,2024-09-30,2,1699000,1274250.0
235,563,20240930,2024-09-30,1,1697800,1273350.0
928,2240,20240930,2024-09-30,1,1695700,1271775.0
795,919,20240930,2024-09-30,1,1695000,1271250.0
1295,555,20240930,2024-09-30,2,1695000,1183750.0
601,203,20240930,2024-09-30,1,1694300,1270725.0
1065,640,20240930,2024-09-30,6,1694000,1296400.0
1362,988,20240930,2024-09-30,10,1693900,1123800.0
1356,2079,20240930,2024-09-30,1,1693600,1270200.0
1237,1888,20240930,2024-09-30,1,1693000,1269750.0
102,1300,20240930,2024-09-30,3,1693000,1269750.0
422,981,20240930,2024-09-30,2,1693000,1244750.0
1450,1549,20240930,2024-09-30,1,1692900,1269675.0
197,961,20240930,2024-09-30,2,1692500,1269375.0
1374,1004,20240930,2024-09-30,2,1691500,1268625.0
462,1257,20240930,2024-09-30,1,1691400,1268550.0
1435,2128,20240930,2024-09-30,5,1691000,1174500.0
783,261,20240930,2024-09-30,1,1691000,1268250.0
235,158,20240930,2024-09-30,3,1690900,1283175.0
479,1477,20240930,2024-09-30,2,1690900,1268175.0
795,320,20240930,2024-09-30,1,1690000,1267500.0
1173,157,20240930,2024-09-30,3,1690000,1267500.0
520,2076,20240930,2024-09-30,1,1690000,1267500.0
666,1680,20240930,2024-09-30,1,1690000,1267500.0
1435,176,20240930,2024-09-30,5,1689300,1255725.0
197,2006,20240930,2024-09-30,3,1689000,1266750.0
1219,1685,20240930,2024-09-30,18,1689000,894500.0
586,1765,20240930,2024-09-30,7,1688800,1268000.0
109,1451,20240930,2024-09-30,3,1688700,1060900.0
569,1340,20240930,2024-09-30,6,1688500,1236375.0
1072,2048,20240930,2024-09-30,2,1688100,1266075.0
1411,1834,20240930,2024-09-30,1,1686600,1264950.0
328,2127,20240930,2024-09-30,3,1686400,1264800.0
664,1152,20240930,2024-09-30,3,1685000,1263750.0
1244,584,20240930,2024-09-30,2,1685000,1263750.0
742,2048,20240930,2024-09-30,11,1685000,842500.0
413,399,20240930,2024-09-30,1,1685000,1263750.0
1384,168,20240930,2024-09-30,1,1684000,1263000.0
235,305,20240930,2024-09-30,1,1683000,787812.3
197,1674,20240930,2024-09-30,1,1683000,1262250.0
163,2118,20240930,2024-09-30,13,1682600,1430210.0
647,1977,20240930,2024-09-30,1,1682600,1261950.0
1065,2206,20240930,2024-09-30,7,1682500,1302625.0
494,2222,20240930,2024-09-30,1,1682100,1261575.0
1065,521,20240930,2024-09-30,1,1682000,1261500.0
605,1033,20240930,2024-09-30,1,1681800,1261350.0
830,2083,20240930,2024-09-30,1,1680900,1260675.0
302,305,20240930,2024-09-30,3,1680000,1260000.0
281,627,20240930,2024-09-30,4,1680000,1235000.0
1386,2220,20240930,2024-09-30,1,1680000,1260000.0
522,948,20240930,2024-09-30,1,1680000,1260000.0
119,1121,20240930,2024-09-30,1,1679300,1259475.0
1065,880,20240930,2024-09-30,6,1679200,1281920.0
795,1970,20240930,2024-09-30,2,1679000,1259250.0
1295,1970,20240930,2024-09-30,2,1679000,1246750.0
1065,264,20240930,2024-09-30,2,1678000,1258500.0
1219,1811,20240930,2024-09-30,4,1677000,1191500.0
988,2118,20240930,2024-09-30,1,1675000,1256250.0
540,2228,20240930,2024-09-30,1,1675000,1256250.0
479,1677,20240930,2024-09-30,1,1674000,1255500.0
430,233,20240930,2024-09-30,1,1674000,1255500.0
209,545,20240930,2024-09-30,5,1674000,1255500.0
94,188,20240930,2024-09-30,2,1673000,1254750.0
491,1300,20240930,2024-09-30,2,1672800,1254600.0
18,1460,20240930,2024-09-30,7,1672000,1331500.0
1093,855,20240930,2024-09-30,5,1672000,1179000.0
393,2158,20240930,2024-09-30,1,1671000,1253250.0
988,201,20240930,2024-09-30,2,1670000,1252500.0
1065,175,20240930,2024-09-30,3,1670000,1262500.0
945,686,20240930,2024-09-30,1,1670000,1252500.0
788,247,20240930,2024-09-30,10,1669500,1194625.0
117,2158,20240930,2024-09-30,3,1667500,1188125.0
242,2105,20240930,2024-09-30,1,1667000,1250250.0
109,1257,20240930,2024-09-30,3,1666300,1002100.0
1394,1338,20240930,2024-09-30,1,1665800,1249350.0
618,161,20240930,2024-09-30,1,1665000,1248750.0
1390,138,20240930,2024-09-30,3,1665000,1278750.0
102,915,20240930,2024-09-30,1,1665000,1248750.0
977,1731,20240930,2024-09-30,4,1665000,1232500.0
1406,177,20240930,2024-09-30,5,1664800,1266600.0
491,2079,20240930,2024-09-30,4,1664800,1223600.0
97,1751,20240930,2024-09-30,26,1663800,829065.0
462,961,20240930,2024-09-30,4,1663300,1137600.0
1295,967,20240930,2024-09-30,4,1663000,1230750.0
1065,1372,20240930,2024-09-30,6,1663000,1249750.0
583,199,20240930,2024-09-30,1,1663000,1247250.0
393,1973,20240930,2024-09-30,1,1662900,1247175.0
163,188,20240930,2024-09-30,12,1662100,1412785.0
81,2193,20240930,2024-09-30,2,1662000,1221500.0
519,341,20240930,2024-09-30,1,1662000,1246500.0
905,866,20240930,2024-09-30,6,1662000,1228500.0
491,286,20240930,2024-09-30,2,1661500,1246125.0
1390,1121,20240930,2024-09-30,4,1661000,1275750.0
445,1685,20240930,2024-09-30,3,1660500,1220375.0
305,280,20240930,2024-09-30,3,1660000,1275000.0
197,2054,20240930,2024-09-30,2,1660000,1220000.0
462,2158,20240930,2024-09-30,1,1660000,1245000.0
163,299,20240930,2024-09-30,11,1659300,1347805.0
905,1086,20240930,2024-09-30,6,1659000,1259250.0
152,293,20240930,2024-09-30,3,1658000,1093500.0
1021,280,20240930,2024-09-30,1,1657000,1242750.0
1435,1669,20240930,2024-09-30,7,1656600,1211200.0
1390,260,20240930,2024-09-30,5,1656500,1302375.0
1106,166,20240930,2024-09-30,2,1656000,1242000.0
235,2079,20240930,2024-09-30,5,1656000,1297200.0
1065,1888,20240930,2024-09-30,15,1655500,1289025.0
742,623,20240930,2024-09-30,7,1655400,992800.0
702,1488,20240930,2024-09-30,1,1655000,1241250.0
1065,174,20240930,2024-09-30,1,1655000,1241250.0
1270,305,20240930,2024-09-30,1,1653600,1240200.0
523,1854,20240930,2024-09-30,1,1653300,1239975.0
192,593,20240930,2024-09-30,3,1653000,1239750.0
974,1968,20240930,2024-09-30,4,1653000,1239750.0
421,1372,20240930,2024-09-30,9,1652000,1043500.0
95,2341,20240930,2024-09-30,1,1652000,1239000.0
1072,112,20240930,2024-09-30,2,1651300,1238475.0
522,811,20240930,2024-09-30,2,1651000,1200750.0
1427,1662,20240930,2024-09-30,3,1650500,1242875.0
1441,1467,20240930,2024-09-30,4,1650000,1247500.0
795,2374,20240930,2024-09-30,1,1650000,1237500.0
510,1146,20240930,2024-09-30,1,1650000,1237500.0
552,1488,20240930,2024-09-30,1,1650000,1237500.0
1462,2006,20240930,2024-09-30,2,1650000,1237500.0
795,206,20240930,2024-09-30,2,1650000,1237500.0
665,1148,20240930,2024-09-30,1,1650000,1237500.0
988,9,20240930,2024-09-30,1,1650000,1237500.0
510,1398,20240930,2024-09-30,1,1650000,1237500.0
463,146,20240930,2024-09-30,2,1650000,1477500.0
1216,386,20240930,2024-09-30,1,1650000,1237500.0
795,1004,20240930,2024-09-30,2,1650000,1175000.0
474,981,20240930,2024-09-30,4,1648000,1169750.0
453,444,20240930,2024-09-30,2,1647500,1240375.0
522,1228,20240930,2024-09-30,2,1647000,1197750.0
170,242,20240930,2024-09-30,1,1647000,1235250.0
618,563,20240930,2024-09-30,1,1646000,1234500.0
656,820,20240930,2024-09-30,1,1646000,1234500.0
1219,256,20240930,2024-09-30,7,1645200,1177600.0
870,379,20240930,2024-09-30,1,1645100,1233825.0
1293,1542,20240930,2024-09-30,1,1645000,1233750.0
795,1905,20240930,2024-09-30,1,1645000,1233750.0
1163,1230,20240930,2024-09-30,1,1645000,1233750.0
1164,1985,20240930,2024-09-30,6,1645000,1263250.0
442,1274,20240930,2024-09-30,1,1643500,1232625.0
102,118,20240930,2024-09-30,1,1643000,1232250.0
1173,2012,20240930,2024-09-30,1,1642000,1231500.0
1409,316,20240930,2024-09-30,1,1642000,1231500.0
235,280,20240930,2024-09-30,7,1641000,1301350.0
974,2131,20240930,2024-09-30,1,1641000,1230750.0
235,135,20240930,2024-09-30,7,1640800,1298100.0
1295,639,20240930,2024-09-30,4,1640200,1201350.0
434,1523,20240930,2024-09-30,1,1640000,1230000.0
1362,1989,20240930,2024-09-30,1,1640000,1230000.0
519,261,20240930,2024-09-30,2,1640000,1230000.0
520,392,20240930,2024-09-30,1,1640000,1230000.0
901,1437,20240930,2024-09-30,3,1638000,1228500.0
1435,1959,20240930,2024-09-30,8,1637300,1204225.0
430,146,20240930,2024-09-30,3,1637000,1227750.0
307,1394,20240930,2024-09-30,2,1636000,1227000.0
543,2323,20240930,2024-09-30,3,1636000,1177000.0
442,1952,20240930,2024-09-30,1,1635400,1226550.0
1295,857,20240930,2024-09-30,8,1635300,1185225.0
479,183,20240930,2024-09-30,2,1635100,1226325.0
834,265,20240930,2024-09-30,2,1635000,1176250.0
235,154,20240930,2024-09-30,1,1635000,1226250.0
1430,1732,20240930,2024-09-30,3,1632500,1239375.0
834,2136,20240930,2024-09-30,1,1632000,1224000.0
795,352,20240930,2024-09-30,2,1631500,1186125.0
905,1935,20240930,2024-09-30,7,1630000,1233000.0
724,298,20240930,2024-09-30,2,1630000,1172500.0
1462,1288,20240930,2024-09-30,1,1630000,1222500.0
977,1121,20240930,2024-09-30,4,1629600,1212200.0
420,158,20240930,2024-09-30,1,1629000,1221750.0
1409,866,20240930,2024-09-30,1,1629000,1221750.0
306,199,20240930,2024-09-30,9,1628400,1278390.0
227,2127,20240930,2024-09-30,2,1628000,1221000.0
393,1284,20240930,2024-09-30,2,1627000,1189000.0
1454,1381,20240930,2024-09-30,2,1627000,1220250.0
1072,1905,20240930,2024-09-30,2,1626700,1170025.0
945,191,20240930,2024-09-30,1,1626500,1219875.0
1362,572,20240930,2024-09-30,4,1626400,1218550.0
726,1981,20240930,2024-09-30,2,1626000,1107000.0
264,1948,20240930,2024-09-30,1,1625000,1218750.0
1454,2206,20240930,2024-09-30,2,1625000,1218750.0
1065,1278,20240930,2024-09-30,5,1625000,1231250.0
109,166,20240930,2024-09-30,5,1625000,812500.0
618,1388,20240930,2024-09-30,1,1625000,1218750.0
1163,2136,20240930,2024-09-30,2,1625000,1218750.0
1390,1509,20240930,2024-09-30,1,1625000,1218750.0
614,1676,20240930,2024-09-30,3,1624000,1200500.0
1129,2048,20240930,2024-09-30,2,1624000,1228000.0
129,851,20240930,2024-09-30,1,1623400,1217550.0
783,545,20240930,2024-09-30,1,1623000,1217250.0
1237,2083,20240930,2024-09-30,1,1622900,1217175.0
1217,568,20240930,2024-09-30,1,1622000,1216500.0
1435,1388,20240930,2024-09-30,5,1620500,1204125.0
1365,1404,20240930,2024-09-30,1,1620000,1215000.0
197,1206,20240930,2024-09-30,1,1620000,1215000.0
671,875,20240930,2024-09-30,1,1620000,1215000.0
72,110,20240930,2024-09-30,1,1620000,1215000.0
463,1672,20240930,2024-09-30,1,1620000,1215000.0
1436,883,20240930,2024-09-30,2,1619900,1214925.0
352,729,20240930,2024-09-30,2,1619300,1151975.0
522,114,20240930,2024-09-30,1,1619000,1214250.0
522,297,20240930,2024-09-30,2,1619000,1189250.0
109,863,20240930,2024-09-30,4,1617400,1000550.0
328,188,20240930,2024-09-30,3,1616900,1212675.0
350,788,20240930,2024-09-30,8,1616300,928575.0
1435,1647,20240930,2024-09-30,5,1615500,1199125.0
403,2258,20240930,2024-09-30,1,1615000,1211250.0
671,2399,20240930,2024-09-30,1,1615000,1211250.0
666,1968,20240930,2024-09-30,2,1615000,1225250.0
905,243,20240930,2024-09-30,8,1615000,1275250.0
2,1714,20240930,2024-09-30,2,1615000,1211250.0
1055,399,20240930,2024-09-30,1,1615000,1211250.0
1065,1479,20240930,2024-09-30,6,1614000,1222500.0
440,1913,20240930,2024-09-30,1,1612200,1209150.0
586,1763,20240930,2024-09-30,3,1611000,1208250.0
1097,1424,20240930,2024-09-30,1,1610000,1207500.0
209,861,20240930,2024-09-30,5,1610000,1217500.0
109,1300,20240930,2024-09-30,5,1610000,805000.0
1000,1961,20240930,2024-09-30,1,1609300,1206975.0
630,2259,20240930,2024-09-30,2,1609000,1206750.0
1295,1714,20240930,2024-09-30,8,1608000,1169750.0
501,266,20240930,2024-09-30,4,1606600,1218450.0
795,148,20240930,2024-09-30,3,1606000,1179000.0
1407,1392,20240930,2024-09-30,1,1606000,1204500.0
1435,202,20240930,2024-09-30,2,1605700,1204275.0
664,541,20240930,2024-09-30,1,1605600,1204200.0
905,1479,20240930,2024-09-30,4,1605000,1196250.0
535,268,20240930,2024-09-30,2,1605000,1166250.0
41,2083,20240930,2024-09-30,2,1603900,1172925.0
393,2022,20240930,2024-09-30,2,1603700,1196525.0
818,1383,20240930,2024-09-30,19,1602700,1054045.0
708,978,20240930,2024-09-30,3,1600300,1175225.0
4,302,20240930,2024-09-30,1,1600000,1200000.0
974,424,20240930,2024-09-30,1,1600000,1200000.0
239,1466,20240930,2024-09-30,1,1600000,1200000.0
756,1983,20240930,2024-09-30,1,1600000,1200000.0
1386,1328,20240930,2024-09-30,1,1600000,1200000.0
273,163,20240930,2024-09-30,2,1600000,1200000.0
94,186,20240930,2024-09-30,3,1600000,1175000.0
587,870,20240930,2024-09-30,2,1600000,1162500.0
1390,1300,20240930,2024-09-30,10,1600000,1335000.0
905,1898,20240930,2024-09-30,3,1600000,1215000.0
795,564,20240930,2024-09-30,1,1600000,1200000.0
1163,294,20240930,2024-09-30,2,1600000,1210000.0
313,170,20240930,2024-09-30,1,1600000,1200000.0
905,1220,20240930,2024-09-30,1,1600000,1200000.0
197,1552,20240930,2024-09-30,2,1600000,1200000.0
1295,997,20240930,2024-09-30,11,1600000,1088750.0
1011,2342,20240930,2024-09-30,1,1600000,1200000.0
795,254,20240930,2024-09-30,2,1600000,1200000.0
522,642,20240930,2024-09-30,1,1600000,1200000.0
16,164,20240930,2024-09-30,2,1600000,1200000.0
795,950,20240930,2024-09-30,1,1600000,1200000.0
991,1693,20240930,2024-09-30,1,1600000,1200000.0
795,408,20240930,2024-09-30,1,1600000,1200000.0
209,183,20240930,2024-09-30,5,1600000,1200000.0
170,1704,20240930,2024-09-30,4,1598500,1195875.0
1435,2206,20240930,2024-09-30,5,1598200,1184900.0
1431,1388,20240930,2024-09-30,1,1598100,1198575.0
742,268,20240930,2024-09-30,6,1597500,936875.0
754,1374,20240930,2024-09-30,1,1597500,1198125.0
1424,1321,20240930,2024-09-30,1,1596500,1197375.0
818,902,20240930,2024-09-30,5,1596000,1184500.0
1362,593,20240930,2024-09-30,11,1595600,1094200.0
1072,1271,20240930,2024-09-30,1,1595500,1196625.0
795,161,20240930,2024-09-30,2,1595000,1196250.0
1163,659,20240930,2024-09-30,1,1595000,1196250.0
1200,1439,20240930,2024-09-30,1,1595000,1196250.0
239,1558,20240930,2024-09-30,1,1595000,1196250.0
1065,1249,20240930,2024-09-30,5,1595000,1222750.0
1237,1381,20240930,2024-09-30,2,1594400,1195800.0
1435,516,20240930,2024-09-30,6,1593000,1183500.0
614,869,20240930,2024-09-30,5,1593000,1193750.0
109,1719,20240930,2024-09-30,2,1593000,1179750.0
1466,494,20240930,2024-09-30,8,1591600,1228250.0
440,83,20240930,2024-09-30,3,1590000,1112075.0
838,2001,20240930,2024-09-30,1,1590000,1192500.0
235,541,20240930,2024-09-30,5,1590000,1229400.0
1384,146,20240930,2024-09-30,3,1590000,1192500.0
666,1467,20240930,2024-09-30,4,1590000,1207500.0
51,2083,20240930,2024-09-30,1,1589000,1191750.0
1065,1657,20240930,2024-09-30,3,1589000,1193650.0
1295,2075,20240930,2024-09-30,6,1588800,1160350.0
163,697,20240930,2024-09-30,11,1587100,1349035.0
1217,1631,20240930,2024-09-30,1,1587000,1190250.0
1034,183,20240930,2024-09-30,1,1586000,1189500.0
462,280,20240930,2024-09-30,5,1586000,1038625.0
1390,842,20240930,2024-09-30,1,1585000,1188750.0
905,1959,20240930,2024-09-30,5,1585000,1148750.0
1219,882,20240930,2024-09-30,22,1585000,792500.0
1216,18,20240930,2024-09-30,1,1585000,1188750.0
951,745,20240930,2024-09-30,4,1584600,1143450.0
1093,854,20240930,2024-09-30,1,1584000,1188000.0
1435,1477,20240930,2024-09-30,2,1583700,1184025.0
1219,1394,20240930,2024-09-30,19,1582500,791250.0
865,155,20240930,2024-09-30,1,1582100,1186575.0
977,1701,20240930,2024-09-30,1,1581700,1186275.0
1411,314,20240930,2024-09-30,2,1581000,1135325.0
630,2275,20240930,2024-09-30,4,1580400,1185300.0
462,380,20240930,2024-09-30,1,1580000,1185000.0
830,2341,20240930,2024-09-30,1,1580000,1185000.0
1390,637,20240930,2024-09-30,1,1580000,1185000.0
316,399,20240930,2024-09-30,1,1580000,1185000.0
184,1813,20240930,2024-09-30,8,1580000,1040000.0
614,1714,20240930,2024-09-30,4,1580000,1147500.0
309,1948,20240930,2024-09-30,2,1579600,1173450.0
393,2031,20240930,2024-09-30,1,1579400,1184550.0
1155,2249,20240930,2024-09-30,1,1579400,1184550.0
1163,353,20240930,2024-09-30,5,1579000,1191250.0
1101,46,20240930,2024-09-30,10,1578200,1258790.0
102,175,20240930,2024-09-30,1,1578000,1183500.0
857,217,20240930,2024-09-30,1,1578000,1183500.0
1390,864,20240930,2024-09-30,2,1578000,1198500.0
1362,2083,20240930,2024-09-30,3,1577900,1158425.0
430,1378,20240930,2024-09-30,1,1577600,1183200.0
632,502,20240930,2024-09-30,3,1577100,1166285.0
1362,1249,20240930,2024-09-30,2,1576800,1175100.0
170,1373,20240930,2024-09-30,2,1576000,1169500.0
919,335,20240930,2024-09-30,17,1575900,1314515.0
1362,1080,20240930,2024-09-30,3,1575800,1079350.0
905,2208,20240930,2024-09-30,1,1575000,1181250.0
1409,1957,20240930,2024-09-30,1,1575000,1181250.0
991,2083,20240930,2024-09-30,1,1575000,1181250.0
309,286,20240930,2024-09-30,1,1575000,1181250.0
1200,1670,20240930,2024-09-30,1,1575000,1181250.0
905,186,20240930,2024-09-30,4,1575000,1181250.0
664,2022,20240930,2024-09-30,1,1575000,1181250.0
1065,214,20240930,2024-09-30,4,1575000,1188750.0
584,1822,20240930,2024-09-30,4,1575000,787500.0
795,1731,20240930,2024-09-30,2,1573000,1179750.0
240,635,20240930,2024-09-30,4,1572500,1133125.0
235,331,20240930,2024-09-30,1,1572100,1179075.0
109,1421,20240930,2024-09-30,1,1572100,1179075.0
210,165,20240930,2024-09-30,2,1572000,1179000.0
403,491,20240930,2024-09-30,1,1572000,1179000.0
115,280,20240930,2024-09-30,3,1572000,1179000.0
403,1460,20240930,2024-09-30,1,1572000,1179000.0
235,334,20240930,2024-09-30,3,1571500,1189925.0
742,1391,20240930,2024-09-30,11,1571000,785500.0
1295,158,20240930,2024-09-30,3,1571000,1168250.0
440,107,20240930,2024-09-30,1,1570200,1177650.0
472,1303,20240930,2024-09-30,2,1570000,1165000.0
1116,2011,20240930,2024-09-30,1,1570000,1177500.0
811,161,20240930,2024-09-30,7,1570000,1217500.0
1010,1703,20240930,2024-09-30,5,1570000,1010000.0
523,1198,20240930,2024-09-30,2,1569000,1170500.0
1217,2339,20240930,2024-09-30,1,1568000,1176000.0
474,1033,20240930,2024-09-30,4,1568000,1026000.0
163,868,20240930,2024-09-30,9,1567900,1290815.0
1030,564,20240930,2024-09-30,3,1566400,1156050.0
742,1394,20240930,2024-09-30,7,1566200,915900.0
78,2291,20240930,2024-09-30,4,1566200,1149650.0
479,2083,20240930,2024-09-30,7,1565300,1218975.0
664,816,20240930,2024-09-30,6,1565000,1014000.0
795,299,20240930,2024-09-30,2,1565000,1173750.0
535,1835,20240930,2024-09-30,1,1565000,1173750.0
614,880,20240930,2024-09-30,4,1563500,1181625.0
1362,1220,20240930,2024-09-30,6,1563000,1126375.0
197,2337,20240930,2024-09-30,1,1563000,1172250.0
235,17,20240930,2024-09-30,1,1563000,1172250.0
708,663,20240930,2024-09-30,2,1562000,1081000.0
1390,300,20240930,2024-09-30,8,1561000,1245750.0
742,837,20240930,2024-09-30,1,1560600,1170450.0
462,1831,20240930,2024-09-30,1,1560000,1170000.0
197,1460,20240930,2024-09-30,2,1560000,1170000.0
479,161,20240930,2024-09-30,5,1558800,1184100.0
1390,1977,20240930,2024-09-30,7,1558000,1235000.0
618,2357,20240930,2024-09-30,1,1558000,1168500.0
708,640,20240930,2024-09-30,3,1557300,1142975.0
239,1009,20240930,2024-09-30,1,1557000,1167750.0
1163,306,20240930,2024-09-30,4,1557000,1195250.0
857,203,20240930,2024-09-30,1,1557000,1167750.0
501,1819,20240930,2024-09-30,4,1555700,1177345.0
522,1968,20240930,2024-09-30,1,1555000,1166250.0
669,2272,20240930,2024-09-30,1,1555000,1166250.0
403,170,20240930,2024-09-30,3,1555000,1173750.0
1295,1383,20240930,2024-09-30,7,1554000,1124250.0
1295,1040,20240930,2024-09-30,11,1553500,1075875.0
376,1888,20240930,2024-09-30,1,1552600,1164450.0
1357,1390,20240930,2024-09-30,1,1552000,1164000.0
170,1392,20240930,2024-09-30,1,1551300,1163475.0
579,2075,20240930,2024-09-30,1,1551200,1163400.0
272,1378,20240930,2024-09-30,2,1551200,1125900.0
264,2006,20240930,2024-09-30,3,1550900,1163175.0
795,2320,20240930,2024-09-30,2,1550000,1162500.0
1467,848,20240930,2024-09-30,1,1550000,1162500.0
1195,2341,20240930,2024-09-30,1,1550000,1162500.0
403,175,20240930,2024-09-30,1,1550000,1162500.0
1116,309,20240930,2024-09-30,1,1550000,1162500.0
209,2258,20240930,2024-09-30,4,1550000,1162500.0
605,1014,20240930,2024-09-30,2,1550000,1050000.0
905,1695,20240930,2024-09-30,3,1550000,1172500.0
905,378,20240930,2024-09-30,2,1550000,1162500.0
784,1952,20240930,2024-09-30,4,1549700,1197445.0
830,2273,20240930,2024-09-30,2,1549500,1162125.0
919,861,20240930,2024-09-30,13,1549300,1216905.0
1417,252,20240930,2024-09-30,1,1549000,1161750.0
197,214,20240930,2024-09-30,1,1548000,1161000.0
767,280,20240930,2024-09-30,4,1547900,1160925.0
919,593,20240930,2024-09-30,10,1547700,1185545.0
163,298,20240930,2024-09-30,11,1547300,1290405.0
1216,260,20240930,2024-09-30,1,1547000,1160250.0
1198,633,20240930,2024-09-30,3,1546000,1072000.0
472,353,20240930,2024-09-30,3,1545600,1134200.0
742,166,20240930,2024-09-30,5,1545000,937500.0
937,892,20240930,2024-09-30,13,1545000,846250.0
1362,583,20240930,2024-09-30,3,1545000,1147500.0
618,442,20240930,2024-09-30,1,1545000,1158750.0
933,1677,20240930,2024-09-30,2,1545000,1121250.0
368,1817,20240930,2024-09-30,4,1544500,1158375.0
1362,1009,20240930,2024-09-30,1,1542800,1157100.0
614,1392,20240930,2024-09-30,2,1542500,1156875.0
163,1662,20240930,2024-09-30,12,1542400,1311040.0
1295,186,20240930,2024-09-30,18,1542100,1103875.0
919,130,20240930,2024-09-30,13,1542100,1235785.0
873,495,20240930,2024-09-30,2,1541500,1143625.0
857,2079,20240930,2024-09-30,3,1541000,1155750.0
380,1398,20240930,2024-09-30,2,1540000,1092500.0
49,1968,20240930,2024-09-30,2,1540000,1155000.0
1270,351,20240930,2024-09-30,1,1540000,1155000.0
403,883,20240930,2024-09-30,1,1540000,1155000.0
1295,930,20240930,2024-09-30,17,1539100,1082775.0
834,1834,20240930,2024-09-30,1,1539000,1154250.0
104,956,20240930,2024-09-30,2,1539000,1104250.0
522,268,20240930,2024-09-30,4,1538000,1091000.0
613,1987,20240930,2024-09-30,1,1538000,1153500.0
1216,411,20240930,2024-09-30,2,1537500,1153125.0
818,1691,20240930,2024-09-30,9,1537000,1079000.0
393,942,20240930,2024-09-30,4,1535600,1101700.0
552,505,20240930,2024-09-30,1,1535200,1151400.0
1269,1221,20240930,2024-09-30,1,1535000,1151250.0
298,864,20240930,2024-09-30,6,1535000,1098000.0
1065,481,20240930,2024-09-30,1,1535000,1151250.0
1072,286,20240930,2024-09-30,1,1534900,1151175.0
1295,332,20240930,2024-09-30,8,1534800,1117350.0
1217,863,20240930,2024-09-30,1,1533500,1150125.0
1409,2021,20240930,2024-09-30,1,1533000,1149750.0
10,1716,20240930,2024-09-30,1,1533000,1149750.0
264,212,20240930,2024-09-30,1,1532900,1149675.0
742,1118,20240930,2024-09-30,1,1532600,1149450.0
1407,303,20240930,2024-09-30,3,1532000,1149000.0
1409,169,20240930,2024-09-30,1,1530800,1148100.0
795,1377,20240930,2024-09-30,1,1530000,1147500.0
905,7,20240930,2024-09-30,1,1530000,1147500.0
283,853,20240930,2024-09-30,1,1530000,1147500.0
1242,1977,20240930,2024-09-30,1,1530000,1147500.0
671,188,20240930,2024-09-30,1,1530000,1147500.0
1243,981,20240930,2024-09-30,5,1530000,1005500.0
685,1203,20240930,2024-09-30,1,1530000,1147500.0
1409,211,20240930,2024-09-30,3,1530000,1147500.0
1295,1464,20240930,2024-09-30,2,1529500,1134625.0
977,961,20240930,2024-09-30,5,1529000,1116750.0
170,1614,20240930,2024-09-30,1,1528000,1146000.0
210,361,20240930,2024-09-30,1,1528000,1146000.0
795,1637,20240930,2024-09-30,1,1527500,1145625.0
239,188,20240930,2024-09-30,2,1527000,1145250.0
951,2083,20240930,2024-09-30,2,1526900,1145175.0
1362,761,20240930,2024-09-30,8,1526100,1058335.0
1407,298,20240930,2024-09-30,2,1526000,1144500.0
81,2148,20240930,2024-09-30,2,1526000,1107000.0
1237,2048,20240930,2024-09-30,1,1525600,1144200.0
846,1722,20240930,2024-09-30,4,1525000,1121250.0
1401,1672,20240930,2024-09-30,4,1525000,881250.0
520,334,20240930,2024-09-30,1,1525000,1143750.0
109,236,20240930,2024-09-30,2,1524000,1143000.0
1295,920,20240930,2024-09-30,14,1523200,940270.0
264,541,20240930,2024-09-30,2,1522000,1141500.0
763,640,20240930,2024-09-30,3,1521000,965750.0
436,169,20240930,2024-09-30,2,1521000,1015750.0
1093,860,20240930,2024-09-30,3,1520800,1140600.0
1435,300,20240930,2024-09-30,16,1520700,1083025.0
1062,2006,20240930,2024-09-30,1,1520500,1140375.0
963,151,20240930,2024-09-30,1,1520000,1140000.0
795,868,20240930,2024-09-30,1,1520000,1140000.0
197,623,20240930,2024-09-30,1,1520000,1140000.0
665,163,20240930,2024-09-30,1,1520000,1140000.0
752,1374,20240930,2024-09-30,8,1520000,1035750.0
197,2221,20240930,2024-09-30,1,1518000,1138500.0
293,298,20240930,2024-09-30,3,1518000,1138500.0
477,1372,20240930,2024-09-30,1,1518000,1138500.0
70,107,20240930,2024-09-30,3,1517500,1152165.0
36,124,20240930,2024-09-30,1,1517500,1138125.0
1000,1147,20240930,2024-09-30,10,1517100,1101350.0
163,1004,20240930,2024-09-30,11,1517000,1289450.0
742,823,20240930,2024-09-30,9,1517000,904750.0
418,201,20240930,2024-09-30,1,1515600,1136700.0
453,477,20240930,2024-09-30,5,1515500,1157125.0
1246,1067,20240930,2024-09-30,3,1515100,1136325.0
1329,1203,20240930,2024-09-30,3,1515000,1143750.0
197,256,20240930,2024-09-30,2,1515000,1016250.0
834,868,20240930,2024-09-30,2,1515000,1111250.0
1295,331,20240930,2024-09-30,6,1514700,1109775.0
965,261,20240930,2024-09-30,3,1514000,1135500.0
170,1467,20240930,2024-09-30,1,1514000,1135500.0
1362,1647,20240930,2024-09-30,8,1514000,1062375.0
117,362,20240930,2024-09-30,2,1513000,1134750.0
1362,2284,20240930,2024-09-30,4,1512000,1083000.0
1436,1510,20240930,2024-09-30,3,1511500,1127375.0
483,106,20240930,2024-09-30,1,1510200,1132650.0
933,1704,20240930,2024-09-30,7,1510000,1072500.0
1055,2087,20240930,2024-09-30,1,1510000,1132500.0
434,160,20240930,2024-09-30,1,1510000,1132500.0
905,1811,20240930,2024-09-30,2,1510000,1132500.0
102,2233,20240930,2024-09-30,1,1510000,1132500.0
109,2151,20240930,2024-09-30,2,1510000,1032500.0
584,161,20240930,2024-09-30,3,1509000,972000.0
305,191,20240930,2024-09-30,1,1509000,1131750.0
618,2173,20240930,2024-09-30,1,1508900,1131675.0
1034,175,20240930,2024-09-30,2,1508400,1131300.0
1435,361,20240930,2024-09-30,21,1507500,1051250.0
1295,697,20240930,2024-09-30,6,1507200,1097900.0
1018,1300,20240930,2024-09-30,2,1507000,1130250.0
919,1488,20240930,2024-09-30,15,1506200,1210400.0
724,951,20240930,2024-09-30,1,1506000,1129500.0
1217,842,20240930,2024-09-30,1,1505600,1129200.0
795,1040,20240930,2024-09-30,3,1505000,1128750.0
7,598,20240930,2024-09-30,11,1504600,991575.0
1435,1488,20240930,2024-09-30,3,1504300,1124475.0
931,2248,20240930,2024-09-30,2,1504000,1248000.0
664,122,20240930,2024-09-30,1,1503500,1127625.0
742,233,20240930,2024-09-30,7,1502400,831800.0
109,1669,20240930,2024-09-30,3,1501000,939500.0
522,2299,20240930,2024-09-30,1,1501000,1125750.0
1462,2027,20240930,2024-09-30,1,1500000,1125000.0
835,1374,20240930,2024-09-30,3,1500000,1000000.0
305,355,20240930,2024-09-30,4,1500000,1140000.0
902,1392,20240930,2024-09-30,1,1500000,1125000.0
1163,1948,20240930,2024-09-30,6,1500000,1155000.0
905,1527,20240930,2024-09-30,2,1500000,1125000.0
440,87,20240930,2024-09-30,1,1500000,1125000.0
851,1051,20240930,2024-09-30,1,1500000,750000.0
779,163,20240930,2024-09-30,1,1500000,1125000.0
662,1398,20240930,2024-09-30,4,1500000,1075000.0
905,2137,20240930,2024-09-30,1,1500000,1125000.0
4,606,20240930,2024-09-30,1,1500000,1125000.0
1441,1977,20240930,2024-09-30,3,1500000,1125000.0
43,2083,20240930,2024-09-30,1,1500000,1125000.0
101,2340,20240930,2024-09-30,3,1500000,914500.0
264,2284,20240930,2024-09-30,3,1500000,1125000.0
1195,137,20240930,2024-09-30,1,1500000,1125000.0
72,1590,20240930,2024-09-30,1,1500000,1125000.0
197,1572,20240930,2024-09-30,1,1500000,1125000.0
1202,1935,20240930,2024-09-30,1,1500000,1125000.0
313,122,20240930,2024-09-30,1,1500000,1125000.0
618,492,20240930,2024-09-30,1,1500000,1125000.0
671,176,20240930,2024-09-30,1,1500000,1125000.0
905,700,20240930,2024-09-30,1,1500000,1125000.0
1366,2246,20240930,2024-09-30,1,1500000,1125000.0
209,2107,20240930,2024-09-30,4,1500000,1125000.0
905,884,20240930,2024-09-30,1,1500000,1125000.0
587,1387,20240930,2024-09-30,2,1500000,1125000.0
4,306,20240930,2024-09-30,1,1500000,1125000.0
586,1793,20240930,2024-09-30,1,1500000,1125000.0
905,738,20240930,2024-09-30,3,1500000,1135000.0
419,1680,20240930,2024-09-30,1,1500000,1125000.0
905,1985,20240930,2024-09-30,2,1500000,1125000.0
197,2320,20240930,2024-09-30,3,1500000,1100000.0
338,1714,20240930,2024-09-30,3,1500000,1000000.0
860,913,20240930,2024-09-30,1,1500000,1125000.0
1173,199,20240930,2024-09-30,1,1500000,1125000.0
96,1598,20240930,2024-09-30,2,1500000,1125000.0
983,1033,20240930,2024-09-30,1,1500000,1125000.0
170,1396,20240930,2024-09-30,2,1500000,1000000.0
540,1290,20240930,2024-09-30,1,1500000,1125000.0
671,2015,20240930,2024-09-30,2,1500000,1125000.0
1065,1639,20240930,2024-09-30,1,1500000,1125000.0
945,1082,20240930,2024-09-30,1,1500000,1125000.0
1384,167,20240930,2024-09-30,1,1500000,1125000.0
795,330,20240930,2024-09-30,1,1500000,1125000.0
1342,2296,20240930,2024-09-30,2,1500000,1150000.0
434,388,20240930,2024-09-30,1,1500000,1125000.0
479,859,20240930,2024-09-30,3,1499900,1133675.0
919,424,20240930,2024-09-30,13,1499400,1192330.0
209,1968,20240930,2024-09-30,4,1499000,1124250.0
618,293,20240930,2024-09-30,1,1498900,1124175.0
919,183,20240930,2024-09-30,12,1498300,1228555.0
235,1516,20240930,2024-09-30,3,1498200,1153650.0
1397,1383,20240930,2024-09-30,1,1498000,1123500.0
618,55,20240930,2024-09-30,1,1498000,1123500.0
236,227,20240930,2024-09-30,1,1498000,1123500.0
156,158,20240930,2024-09-30,2,1498000,998500.0
566,2342,20240930,2024-09-30,2,1497800,1078350.0
1253,853,20240930,2024-09-30,13,1497100,1003610.0
1065,589,20240930,2024-09-30,2,1497000,1125250.0
1237,1489,20240930,2024-09-30,1,1497000,1107630.3
479,341,20240930,2024-09-30,5,1496800,1167600.0
235,637,20240930,2024-09-30,2,1496600,1137450.0
258,997,20240930,2024-09-30,6,1496000,965750.0
479,1945,20240930,2024-09-30,1,1496000,1122000.0
1295,2048,20240930,2024-09-30,6,1496000,1097000.0
1021,1253,20240930,2024-09-30,1,1496000,1122000.0
788,238,20240930,2024-09-30,3,1494000,1089250.0
1362,1081,20240930,2024-09-30,11,1492000,1046475.0
1216,302,20240930,2024-09-30,1,1492000,1119000.0
1065,1832,20240930,2024-09-30,13,1491600,1185860.0
305,303,20240930,2024-09-30,3,1491000,1148250.0
628,416,20240930,2024-09-30,2,1491000,1118250.0
1362,212,20240930,2024-09-30,2,1490800,1093100.0
795,1482,20240930,2024-09-30,1,1490000,1117500.0
1390,105,20240930,2024-09-30,1,1490000,1117500.0
933,2319,20240930,2024-09-30,2,1490000,1105000.0
795,1496,20240930,2024-09-30,3,1490000,999500.0
1072,1298,20240930,2024-09-30,1,1490000,1117500.0
197,1390,20240930,2024-09-30,1,1490000,1117500.0
742,250,20240930,2024-09-30,9,1490000,745000.0
1435,1053,20240930,2024-09-30,2,1488800,1112850.0
479,203,20240930,2024-09-30,4,1488400,1106300.0
1295,854,20240930,2024-09-30,2,1488400,1110050.0
919,1460,20240930,2024-09-30,13,1488000,1189800.0
210,130,20240930,2024-09-30,1,1487500,1115625.0
1362,492,20240930,2024-09-30,17,1487300,977425.0
285,164,20240930,2024-09-30,2,1487000,1115250.0
406,935,20240930,2024-09-30,2,1486500,1076625.0
1386,268,20240930,2024-09-30,3,1485000,1088750.0
510,637,20240930,2024-09-30,1,1485000,1113750.0
795,2239,20240930,2024-09-30,1,1485000,1113750.0
795,55,20240930,2024-09-30,4,1485000,1020000.0
449,1043,20240930,2024-09-30,2,1485000,1113750.0
1173,301,20240930,2024-09-30,1,1485000,1113750.0
618,918,20240930,2024-09-30,1,1485000,1113750.0
618,799,20240930,2024-09-30,1,1485000,1113750.0
92,199,20240930,2024-09-30,2,1484700,1113525.0
1242,327,20240930,2024-09-30,1,1484000,1113000.0
202,545,20240930,2024-09-30,2,1484000,1081750.0
472,1958,20240930,2024-09-30,1,1484000,1113000.0
933,1464,20240930,2024-09-30,6,1483000,1093500.0
156,135,20240930,2024-09-30,2,1482500,1049375.0
477,997,20240930,2024-09-30,1,1480700,1110525.0
202,2054,20240930,2024-09-30,2,1480700,1073025.0
477,633,20240930,2024-09-30,1,1480500,1110375.0
477,545,20240930,2024-09-30,1,1480500,1110375.0
951,1627,20240930,2024-09-30,1,1480400,1110300.0
393,1888,20240930,2024-09-30,1,1480000,1110000.0
657,208,20240930,2024-09-30,1,1480000,1110000.0
1295,1203,20240930,2024-09-30,2,1480000,1053750.0
1295,628,20240930,2024-09-30,6,1479000,1096750.0
830,916,20240930,2024-09-30,1,1477700,1108275.0
742,861,20240930,2024-09-30,4,1476300,1054725.0
540,1674,20240930,2024-09-30,2,1476000,1082000.0
882,1708,20240930,2024-09-30,9,1475300,1141755.0
963,176,20240930,2024-09-30,2,1475000,1106250.0
1390,2158,20240930,2024-09-30,4,1475000,1136250.0
905,1230,20240930,2024-09-30,4,1475000,1113750.0
522,225,20240930,2024-09-30,1,1475000,1106250.0
1227,1948,20240930,2024-09-30,3,1475000,1121250.0
1055,1993,20240930,2024-09-30,1,1475000,1106250.0
1411,300,20240930,2024-09-30,2,1474500,1043375.0
163,1383,20240930,2024-09-30,11,1474400,1253240.0
657,186,20240930,2024-09-30,1,1474300,1105725.0
1205,1647,20240930,2024-09-30,2,1474300,1115225.0
264,293,20240930,2024-09-30,3,1473700,1105275.0
671,1822,20240930,2024-09-30,2,1473100,1104825.0
742,191,20240930,2024-09-30,7,1473000,736500.0
1000,842,20240930,2024-09-30,2,1472700,1104525.0
671,170,20240930,2024-09-30,3,1472300,1104225.0
207,168,20240930,2024-09-30,1,1470500,1102875.0
665,2152,20240930,2024-09-30,1,1470000,1102500.0
1390,295,20240930,2024-09-30,1,1470000,1102500.0
153,1026,20240930,2024-09-30,3,1469900,1094925.0
775,1383,20240930,2024-09-30,1,1469000,1101750.0
614,1735,20240930,2024-09-30,3,1469000,1053650.0
868,154,20240930,2024-09-30,5,1468000,1101000.0
281,640,20240930,2024-09-30,9,1467500,918750.0
235,1249,20240930,2024-09-30,3,1466600,1107350.0
371,355,20240930,2024-09-30,2,1466500,1099875.0
1165,1163,20240930,2024-09-30,1,1466500,1099875.0
10,2307,20240930,2024-09-30,1,1466400,1099800.0
1254,1089,20240930,2024-09-30,4,1466000,1115500.0
1356,2176,20240930,2024-09-30,2,1466000,1099500.0
331,927,20240930,2024-09-30,1,1466000,1099500.0
1295,925,20240930,2024-09-30,10,1465000,1072750.0
754,2245,20240930,2024-09-30,3,1465000,982500.0
1462,541,20240930,2024-09-30,4,1465000,1069750.0
754,211,20240930,2024-09-30,6,1465000,1063750.0
51,1970,20240930,2024-09-30,2,1464000,1098000.0
420,361,20240930,2024-09-30,1,1464000,1098000.0
977,2206,20240930,2024-09-30,4,1463700,1082775.0
163,303,20240930,2024-09-30,11,1463000,1243550.0
126,2220,20240930,2024-09-30,1,1463000,1097250.0
905,1554,20240930,2024-09-30,2,1463000,1112250.0
1219,1716,20240930,2024-09-30,16,1462500,845625.0
510,1669,20240930,2024-09-30,1,1462000,1096500.0
954,2275,20240930,2024-09-30,4,1461400,1109350.0
52,170,20240930,2024-09-30,2,1461000,1045750.0
97,1761,20240930,2024-09-30,7,1460800,1011370.0
94,1417,20240930,2024-09-30,2,1460000,1095000.0
901,1464,20240930,2024-09-30,2,1460000,1095000.0
625,166,20240930,2024-09-30,1,1460000,1095000.0
459,866,20240930,2024-09-30,1,1460000,1095000.0
1219,905,20240930,2024-09-30,20,1460000,730000.0
10,293,20240930,2024-09-30,2,1459800,1094850.0
1006,1651,20240930,2024-09-30,3,1459500,1106475.0
558,87,20240930,2024-09-30,6,1458700,1085605.0
163,1221,20240930,2024-09-30,4,1458500,1086225.0
671,1937,20240930,2024-09-30,1,1458000,1093500.0
818,1460,20240930,2024-09-30,14,1458000,914000.0
1072,299,20240930,2024-09-30,2,1457600,1093200.0
1116,242,20240930,2024-09-30,1,1456000,1092000.0
1427,2246,20240930,2024-09-30,2,1456000,1042000.0
420,130,20240930,2024-09-30,1,1455500,1091625.0
671,949,20240930,2024-09-30,1,1455500,1091625.0
128,539,20240930,2024-09-30,1,1455000,1091250.0
1431,1374,20240930,2024-09-30,2,1453400,1040050.0
1282,1950,20240930,2024-09-30,1,1453000,1089750.0
1173,2083,20240930,2024-09-30,2,1453000,1089750.0
1163,541,20240930,2024-09-30,2,1451500,1088625.0
163,1679,20240930,2024-09-30,9,1450700,1202595.0
632,2401,20240930,2024-09-30,2,1450300,1087725.0
1435,179,20240930,2024-09-30,1,1450200,1087650.0
682,882,20240930,2024-09-30,4,1450000,1132500.0
905,640,20240930,2024-09-30,8,1450000,1070000.0
429,130,20240930,2024-09-30,1,1450000,1087500.0
643,978,20240930,2024-09-30,1,1450000,1087500.0
1061,1832,20240930,2024-09-30,2,1450000,1062500.0
905,501,20240930,2024-09-30,3,1450000,1102500.0
463,1395,20240930,2024-09-30,1,1450000,1305000.0
1065,937,20240930,2024-09-30,1,1450000,1087500.0
1424,378,20240930,2024-09-30,1,1450000,1087500.0
33,1714,20240930,2024-09-30,2,1450000,1062500.0
773,697,20240930,2024-09-30,2,1450000,1087500.0
1026,1977,20240930,2024-09-30,2,1450000,1087500.0
919,1948,20240930,2024-09-30,13,1449900,1158975.0
965,298,20240930,2024-09-30,1,1449000,1086750.0
74,114,20240930,2024-09-30,6,1448000,993050.0
618,1528,20240930,2024-09-30,1,1448000,1086000.0
43,2054,20240930,2024-09-30,2,1447500,1085625.0
767,302,20240930,2024-09-30,4,1447400,1085550.0
857,2008,20240930,2024-09-30,1,1447000,1085250.0
109,1388,20240930,2024-09-30,4,1447000,822750.0
1435,2157,20240930,2024-09-30,1,1446200,1084650.0
1295,935,20240930,2024-09-30,18,1446000,1060280.0
1295,2150,20240930,2024-09-30,4,1446000,1067000.0
981,566,20240930,2024-09-30,1,1445700,1084275.0
1390,2176,20240930,2024-09-30,3,1445000,1113750.0
1200,1898,20240930,2024-09-30,1,1445000,1083750.0
1367,983,20240930,2024-09-30,7,1445000,932750.0
1435,1466,20240930,2024-09-30,1,1445000,1083750.0
316,138,20240930,2024-09-30,2,1445000,1083750.0
742,290,20240930,2024-09-30,6,1445000,722500.0
164,160,20240930,2024-09-30,1,1445000,1083750.0
614,1387,20240930,2024-09-30,2,1445000,1083750.0
834,361,20240930,2024-09-30,1,1444500,1083375.0
51,268,20240930,2024-09-30,1,1444000,1083000.0
436,2277,20240930,2024-09-30,1,1444000,1083000.0
82,1963,20240930,2024-09-30,2,1444000,1083000.0
618,418,20240930,2024-09-30,1,1443000,1082250.0
795,1356,20240930,2024-09-30,1,1443000,1082250.0
1435,2268,20240930,2024-09-30,5,1442400,1061800.0
97,1737,20240930,2024-09-30,8,1442200,855075.0
520,322,20240930,2024-09-30,2,1442000,1081500.0
582,2099,20240930,2024-09-30,1,1442000,1081500.0
420,133,20240930,2024-09-30,1,1441700,1081275.0
208,2107,20240930,2024-09-30,5,1441500,1031125.0
1362,750,20240930,2024-09-30,1,1441400,1081050.0
853,1121,20240930,2024-09-30,3,1441200,1050900.0
264,1251,20240930,2024-09-30,1,1441000,1080750.0
163,314,20240930,2024-09-30,11,1440200,1224170.0
510,623,20240930,2024-09-30,1,1440000,1080000.0
1386,626,20240930,2024-09-30,2,1440000,1067500.0
434,927,20240930,2024-09-30,2,1440000,1080000.0
931,2123,20240930,2024-09-30,4,1440000,1020000.0
665,1992,20240930,2024-09-30,2,1440000,1080000.0
784,261,20240930,2024-09-30,10,1439900,1173915.0
491,1424,20240930,2024-09-30,2,1439100,1079325.0
1431,853,20240930,2024-09-30,2,1437300,1027975.0
1005,46,20240930,2024-09-30,3,1437200,1092900.0
10,237,20240930,2024-09-30,1,1437000,1077750.0
1366,1977,20240930,2024-09-30,2,1437000,1077750.0
405,855,20240930,2024-09-30,6,1436500,828625.0
163,291,20240930,2024-09-30,7,1436000,1160600.0
795,2129,20240930,2024-09-30,1,1436000,1077000.0
795,2019,20240930,2024-09-30,1,1435000,1076250.0
1390,1935,20240930,2024-09-30,7,1435000,1148250.0
858,2036,20240930,2024-09-30,1,1435000,1076250.0
434,593,20240930,2024-09-30,1,1435000,1076250.0
916,1822,20240930,2024-09-30,1,1434000,1075500.0
239,541,20240930,2024-09-30,2,1433000,1074750.0
403,1948,20240930,2024-09-30,3,1433000,1074750.0
1116,1488,20240930,2024-09-30,1,1432000,1074000.0
163,1300,20240930,2024-09-30,11,1431200,1216520.0
795,1003,20240930,2024-09-30,2,1431000,948250.0
348,550,20240930,2024-09-30,1,1431000,1073250.0
1065,861,20240930,2024-09-30,11,1430500,1063025.0
49,2079,20240930,2024-09-30,3,1430000,1072500.0
795,865,20240930,2024-09-30,2,1430000,1072500.0
1034,137,20240930,2024-09-30,3,1429000,1071750.0
1407,290,20240930,2024-09-30,1,1429000,1071750.0
293,264,20240930,2024-09-30,1,1428800,1071600.0
1217,135,20240930,2024-09-30,1,1428800,1071600.0
1065,1439,20240930,2024-09-30,9,1428500,1093975.0
163,1385,20240930,2024-09-30,11,1428000,1213800.0
508,2079,20240930,2024-09-30,3,1428000,1086000.0
784,1477,20240930,2024-09-30,12,1427500,1193105.0
1295,940,20240930,2024-09-30,11,1427400,1003300.0
614,2220,20240930,2024-09-30,4,1427000,1070250.0
1390,1719,20240930,2024-09-30,5,1427000,1100250.0
407,1579,20240930,2024-09-30,2,1426800,1020100.0
875,10,20240930,2024-09-30,1,1426700,1070025.0
94,122,20240930,2024-09-30,2,1426500,1019875.0
919,1374,20240930,2024-09-30,7,1426400,1087440.0
991,1719,20240930,2024-09-30,3,1426000,1069500.0
209,2307,20240930,2024-09-30,1,1425500,1069125.0
240,639,20240930,2024-09-30,2,1425300,1068975.0
889,1814,20240930,2024-09-30,2,1425000,1068750.0
1346,1888,20240930,2024-09-30,1,1425000,1068750.0
643,1597,20240930,2024-09-30,1,1425000,1068750.0
197,882,20240930,2024-09-30,1,1425000,1068750.0
1362,128,20240930,2024-09-30,1,1425000,1068750.0
996,2272,20240930,2024-09-30,4,1424400,1050800.0
227,1521,20240930,2024-09-30,1,1424000,1068000.0
1424,2094,20240930,2024-09-30,1,1424000,1068000.0
238,1529,20240930,2024-09-30,5,1423900,903550.0
309,911,20240930,2024-09-30,2,1423000,992250.0
1390,191,20240930,2024-09-30,3,1423000,1067250.0
163,46,20240930,2024-09-30,9,1422900,1177475.0
163,1496,20240930,2024-09-30,11,1422700,1176795.0
864,164,20240930,2024-09-30,3,1422400,1016800.0
824,122,20240930,2024-09-30,1,1422400,1066800.0
540,2181,20240930,2024-09-30,1,1422000,1066500.0
1260,1557,20240930,2024-09-30,13,1421100,866260.0
1166,1147,20240930,2024-09-30,1,1420400,1065300.0
510,114,20240930,2024-09-30,1,1420000,1065000.0
1139,607,20240930,2024-09-30,1,1420000,1065000.0
102,866,20240930,2024-09-30,1,1420000,1065000.0
239,1733,20240930,2024-09-30,1,1420000,1065000.0
1295,2107,20240930,2024-09-30,5,1419700,1039775.0
235,126,20240930,2024-09-30,3,1419000,1074250.0
393,541,20240930,2024-09-30,2,1418600,1063950.0
664,1948,20240930,2024-09-30,3,1417700,1063275.0
725,949,20240930,2024-09-30,3,1417000,937750.0
197,352,20240930,2024-09-30,1,1417000,1062750.0
795,198,20240930,2024-09-30,1,1417000,1062750.0
552,2036,20240930,2024-09-30,1,1416100,1062075.0
479,355,20240930,2024-09-30,5,1415100,1091325.0
1357,2341,20240930,2024-09-30,1,1415000,1061250.0
838,329,20240930,2024-09-30,1,1415000,1061250.0
199,588,20240930,2024-09-30,2,1415000,936250.0
1362,1310,20240930,2024-09-30,2,1415000,1058750.0
285,169,20240930,2024-09-30,1,1415000,1061250.0
776,1371,20240930,2024-09-30,1,1415000,1061250.0
153,981,20240930,2024-09-30,4,1414800,1041100.0
109,870,20240930,2024-09-30,5,1414500,707250.0
202,593,20240930,2024-09-30,2,1413500,985125.0
916,915,20240930,2024-09-30,1,1412000,1059000.0
39,799,20240930,2024-09-30,6,1412000,1068500.0
818,1480,20240930,2024-09-30,16,1412000,876000.0
965,279,20240930,2024-09-30,1,1412000,1059000.0
1230,2083,20240930,2024-09-30,1,1411200,1058400.0
618,33,20240930,2024-09-30,1,1410000,1057500.0
10,261,20240930,2024-09-30,1,1410000,1057500.0
1137,146,20240930,2024-09-30,2,1410000,568297.0
724,1937,20240930,2024-09-30,1,1410000,1057500.0
393,1266,20240930,2024-09-30,1,1410000,1057500.0
643,160,20240930,2024-09-30,1,1410000,1057500.0
865,1396,20240930,2024-09-30,1,1410000,1057500.0
1362,1651,20240930,2024-09-30,19,1406500,929250.0
1217,199,20240930,2024-09-30,1,1406000,1054500.0
393,258,20240930,2024-09-30,1,1406000,1054500.0
951,584,20240930,2024-09-30,2,1405500,1016625.0
264,1121,20240930,2024-09-30,2,1405400,1054050.0
1435,128,20240930,2024-09-30,5,1405000,1043750.0
1401,1693,20240930,2024-09-30,2,1405000,1051250.0
1401,1691,20240930,2024-09-30,2,1405000,1028750.0
163,1834,20240930,2024-09-30,6,1404000,1103400.0
102,2292,20240930,2024-09-30,1,1404000,1053000.0
1237,1389,20240930,2024-09-30,1,1403400,1052550.0
264,2128,20240930,2024-09-30,3,1403200,1052400.0
481,122,20240930,2024-09-30,2,1403000,1052250.0
645,1590,20240930,2024-09-30,2,1402600,1051950.0
121,1466,20240930,2024-09-30,4,1402500,916875.0
510,781,20240930,2024-09-30,1,1402000,1051500.0
1300,2006,20240930,2024-09-30,2,1402000,1051500.0
1109,2268,20240930,2024-09-30,3,1401000,1013250.0
209,353,20240930,2024-09-30,1,1400800,1050600.0
209,298,20240930,2024-09-30,4,1400000,1050000.0
974,2101,20240930,2024-09-30,1,1400000,1050000.0
577,2009,20240930,2024-09-30,2,1400000,1050000.0
795,740,20240930,2024-09-30,1,1400000,1050000.0
905,191,20240930,2024-09-30,5,1400000,1075000.0
665,1477,20240930,2024-09-30,1,1400000,1050000.0
1010,280,20240930,2024-09-30,1,1400000,1050000.0
666,1928,20240930,2024-09-30,1,1400000,1050000.0
468,2340,20240930,2024-09-30,3,1400000,1050000.0
906,237,20240930,2024-09-30,4,1400000,965000.0
434,863,20240930,2024-09-30,1,1400000,1050000.0
853,563,20240930,2024-09-30,2,1400000,1050000.0
641,1010,20240930,2024-09-30,1,1400000,1050000.0
795,2270,20240930,2024-09-30,3,1400000,925000.0
261,293,20240930,2024-09-30,3,1400000,1030000.0
974,2006,20240930,2024-09-30,1,1400000,1050000.0
163,1086,20240930,2024-09-30,6,1400000,1110000.0
489,1378,20240930,2024-09-30,1,1400000,1050000.0
666,1834,20240930,2024-09-30,1,1400000,1050000.0
126,1820,20240930,2024-09-30,1,1400000,1050000.0
465,1460,20240930,2024-09-30,1,1400000,1050000.0
582,728,20240930,2024-09-30,1,1400000,1050000.0
1000,2006,20240930,2024-09-30,1,1400000,1050000.0
1077,1926,20240930,2024-09-30,1,1400000,1050000.0
905,1338,20240930,2024-09-30,3,1400000,1047500.0
197,177,20240930,2024-09-30,1,1400000,1050000.0
197,1507,20240930,2024-09-30,1,1400000,1050000.0
197,1152,20240930,2024-09-30,1,1400000,1050000.0
487,2284,20240930,2024-09-30,1,1400000,1050000.0
1060,2315,20240930,2024-09-30,5,1400000,1023150.0
272,861,20240930,2024-09-30,3,1400000,700000.0
228,541,20240930,2024-09-30,1,1399500,1049625.0
1435,254,20240930,2024-09-30,4,1399400,1038300.0
1270,268,20240930,2024-09-30,1,1399000,1049250.0
380,1573,20240930,2024-09-30,1,1399000,1049250.0
235,1300,20240930,2024-09-30,3,1399000,1069600.0
10,868,20240930,2024-09-30,1,1398800,1049100.0
510,2097,20240930,2024-09-30,1,1398000,1048500.0
416,2048,20240930,2024-09-30,1,1397800,1048350.0
264,161,20240930,2024-09-30,3,1397400,1048050.0
180,997,20240930,2024-09-30,2,1396300,984725.0
100,1591,20240930,2024-09-30,2,1396200,1047150.0
1321,935,20240930,2024-09-30,7,1395200,947650.0
285,165,20240930,2024-09-30,2,1395000,1046250.0
1427,1641,20240930,2024-09-30,2,1395000,1027500.0
830,280,20240930,2024-09-30,1,1394800,1046100.0
109,181,20240930,2024-09-30,5,1394600,902475.0
264,1832,20240930,2024-09-30,1,1393800,1045350.0
1065,1392,20240930,2024-09-30,7,1393500,1065125.0
479,237,20240930,2024-09-30,1,1393000,1044750.0
235,2179,20240930,2024-09-30,1,1393000,1044750.0
865,2319,20240930,2024-09-30,1,1392800,1044600.0
1295,1488,20240930,2024-09-30,3,1392000,1034000.0
767,290,20240930,2024-09-30,1,1392000,1044000.0
240,640,20240930,2024-09-30,3,1391600,968700.0
102,537,20240930,2024-09-30,1,1391000,1043250.0
235,2273,20240930,2024-09-30,1,1390300,1042725.0
488,2079,20240930,2024-09-30,2,1390300,1030225.0
403,100,20240930,2024-09-30,1,1390000,1042500.0
1219,1837,20240930,2024-09-30,2,1390000,1036250.0
155,308,20240930,2024-09-30,1,1390000,1042500.0
316,363,20240930,2024-09-30,1,1390000,1042500.0
587,1464,20240930,2024-09-30,1,1390000,1042500.0
1072,98,20240930,2024-09-30,1,1389500,1042125.0
907,2312,20240930,2024-09-30,5,1387500,995625.0
406,925,20240930,2024-09-30,3,1387500,1012275.0
662,2036,20240930,2024-09-30,2,1387100,1040325.0
584,188,20240930,2024-09-30,1,1387000,1040250.0
795,1179,20240930,2024-09-30,1,1387000,1040250.0
933,1680,20240930,2024-09-30,10,1386000,987000.0
617,2268,20240930,2024-09-30,4,1386000,1039500.0
1362,2001,20240930,2024-09-30,2,1386000,1039500.0
264,2042,20240930,2024-09-30,1,1386000,1039500.0
795,172,20240930,2024-09-30,2,1385000,1038750.0
209,335,20240930,2024-09-30,4,1385000,1038750.0
209,2158,20240930,2024-09-30,5,1385000,1062250.0
1105,265,20240930,2024-09-30,3,1385000,976250.0
795,2071,20240930,2024-09-30,2,1385000,982500.0
1356,1377,20240930,2024-09-30,1,1385000,1038750.0
951,146,20240930,2024-09-30,1,1384200,1038150.0
520,1619,20240930,2024-09-30,1,1384000,1038000.0
522,199,20240930,2024-09-30,1,1384000,1038000.0
420,1221,20240930,2024-09-30,1,1384000,1038000.0
305,293,20240930,2024-09-30,9,1384000,1141400.0
467,1986,20240930,2024-09-30,1,1383400,1037550.0
51,2046,20240930,2024-09-30,1,1383000,1037250.0
643,623,20240930,2024-09-30,1,1383000,1037250.0
1065,334,20240930,2024-09-30,3,1382500,1045125.0
1471,1338,20240930,2024-09-30,2,1382400,1036800.0
978,1703,20240930,2024-09-30,15,1381200,979470.0
742,155,20240930,2024-09-30,2,1381100,1010825.0
933,302,20240930,2024-09-30,3,1381000,910750.0
1219,235,20240930,2024-09-30,15,1381000,839250.0
520,1632,20240930,2024-09-30,1,1381000,1035750.0
671,1387,20240930,2024-09-30,2,1381000,1035750.0
479,252,20240930,2024-09-30,3,1380100,1035075.0
343,687,20240930,2024-09-30,1,1380000,1035000.0
614,2224,20240930,2024-09-30,2,1380000,1035000.0
584,157,20240930,2024-09-30,4,1380000,833750.0
117,2187,20240930,2024-09-30,1,1379000,1034250.0
197,823,20240930,2024-09-30,2,1378000,1008500.0
795,2101,20240930,2024-09-30,1,1378000,1033500.0
919,161,20240930,2024-09-30,13,1377900,1121215.0
479,50,20240930,2024-09-30,1,1377000,1032750.0
813,892,20240930,2024-09-30,4,1376200,884350.0
209,85,20240930,2024-09-30,1,1376100,1032075.0
977,747,20240930,2024-09-30,2,1375400,1031550.0
18,1467,20240930,2024-09-30,6,1375000,1053750.0
1093,1374,20240930,2024-09-30,3,1375000,993750.0
2,1388,20240930,2024-09-30,1,1375000,1031250.0
905,971,20240930,2024-09-30,3,1375000,1046250.0
795,1575,20240930,2024-09-30,1,1375000,1031250.0
197,1543,20240930,2024-09-30,1,1375000,1031250.0
494,1305,20240930,2024-09-30,2,1375000,1021250.0
163,2272,20240930,2024-09-30,7,1374600,1119010.0
1070,1069,20240930,2024-09-30,1,1374500,1030875.0
51,869,20240930,2024-09-30,1,1374500,1030875.0
445,1049,20240930,2024-09-30,1,1374400,1030800.0
209,2016,20240930,2024-09-30,1,1374000,1030500.0
818,1693,20240930,2024-09-30,15,1373000,716250.0
859,64,20240930,2024-09-30,1,1373000,1029750.0
1362,594,20240930,2024-09-30,3,1373000,1017250.0
1059,1460,20240930,2024-09-30,2,1373000,1029750.0
162,855,20240930,2024-09-30,8,1372700,686350.0
305,1414,20240930,2024-09-30,1,1371000,1233900.0
907,2296,20240930,2024-09-30,2,1370800,1015600.0
552,268,20240930,2024-09-30,2,1370000,1027500.0
996,2270,20240930,2024-09-30,1,1370000,1027500.0
1435,247,20240930,2024-09-30,3,1369000,1014250.0
1121,983,20240930,2024-09-30,9,1368900,684450.0
951,1981,20240930,2024-09-30,2,1368400,1026300.0
520,361,20240930,2024-09-30,2,1368000,1026000.0
931,1660,20240930,2024-09-30,1,1368000,1026000.0
795,331,20240930,2024-09-30,2,1368000,1026000.0
209,38,20240930,2024-09-30,1,1367300,1025475.0
434,1928,20240930,2024-09-30,1,1366000,1024500.0
520,1973,20240930,2024-09-30,2,1366000,1024500.0
671,233,20240930,2024-09-30,1,1365900,1024425.0
1059,1397,20240930,2024-09-30,2,1365000,1023750.0
109,1704,20240930,2024-09-30,1,1365000,1023750.0
163,2268,20240930,2024-09-30,10,1365000,1160250.0
109,1579,20240930,2024-09-30,1,1364600,1023450.0
657,868,20240930,2024-09-30,1,1364500,1023375.0
264,138,20240930,2024-09-30,3,1364500,1023375.0
252,1398,20240930,2024-09-30,2,1364200,1023150.0
1173,151,20240930,2024-09-30,1,1364000,1023000.0
285,161,20240930,2024-09-30,3,1364000,1023000.0
742,1379,20240930,2024-09-30,3,1363900,847925.0
830,1086,20240930,2024-09-30,1,1363200,1022400.0
702,1228,20240930,2024-09-30,2,1363000,1022250.0
163,53,20240930,2024-09-30,8,1362700,1099795.0
613,1977,20240930,2024-09-30,6,1362500,919645.0
121,164,20240930,2024-09-30,5,1362500,989375.0
1346,2088,20240930,2024-09-30,1,1362000,1021500.0
1163,305,20240930,2024-09-30,4,1361500,1042125.0
1435,1470,20240930,2024-09-30,1,1361000,1020750.0
1262,375,20240930,2024-09-30,1,1360500,1020375.0
1435,367,20240930,2024-09-30,3,1360000,1012500.0
29,1488,20240930,2024-09-30,1,1360000,1020000.0
1343,1310,20240930,2024-09-30,4,1360000,873750.0
552,756,20240930,2024-09-30,1,1360000,1020000.0
479,978,20240930,2024-09-30,6,1358000,1042250.0
742,285,20240930,2024-09-30,5,1358000,791500.0
629,761,20240930,2024-09-30,2,1358000,1009750.0
239,1228,20240930,2024-09-30,1,1357000,1017750.0
795,2329,20240930,2024-09-30,3,1356500,979875.0
1163,363,20240930,2024-09-30,2,1356000,1017000.0
472,332,20240930,2024-09-30,1,1356000,1017000.0
510,1408,20240930,2024-09-30,1,1356000,1017000.0
1410,2097,20240930,2024-09-30,2,1355600,1016700.0
393,2,20240930,2024-09-30,1,1355200,1016400.0
916,308,20240930,2024-09-30,1,1355000,1016250.0
651,2275,20240930,2024-09-30,1,1355000,1016250.0
977,2079,20240930,2024-09-30,8,1355000,923750.0
643,1391,20240930,2024-09-30,1,1353900,1015425.0
671,363,20240930,2024-09-30,2,1351400,1013550.0
1362,1086,20240930,2024-09-30,15,1351200,940400.0
857,1088,20240930,2024-09-30,2,1351000,1013250.0
421,857,20240930,2024-09-30,2,1351000,919500.0
655,2015,20240930,2024-09-30,2,1351000,1088250.0
754,956,20240930,2024-09-30,4,1350900,990450.0
1386,367,20240930,2024-09-30,1,1350000,1012500.0
754,199,20240930,2024-09-30,4,1350000,992500.0
272,865,20240930,2024-09-30,4,1350000,675000.0
261,1480,20240930,2024-09-30,1,1350000,1012500.0
795,2151,20240930,2024-09-30,2,1350000,987500.0
170,2079,20240930,2024-09-30,1,1350000,1012500.0
947,1403,20240930,2024-09-30,1,1350000,1012500.0
513,146,20240930,2024-09-30,3,1350000,1017500.0
905,126,20240930,2024-09-30,5,1350000,1045000.0
905,1839,20240930,2024-09-30,2,1350000,1012500.0
795,977,20240930,2024-09-30,3,1350000,993750.0
306,191,20240930,2024-09-30,7,1350000,1082500.0
506,492,20240930,2024-09-30,3,1350000,1027500.0
1390,1992,20240930,2024-09-30,8,1350000,1117500.0
102,291,20240930,2024-09-30,1,1350000,1012500.0
795,2386,20240930,2024-09-30,1,1350000,1012500.0
905,555,20240930,2024-09-30,1,1350000,1012500.0
905,1922,20240930,2024-09-30,5,1350000,1007500.0
1390,2384,20240930,2024-09-30,1,1350000,1012500.0
905,598,20240930,2024-09-30,1,1350000,1012500.0
706,940,20240930,2024-09-30,3,1349800,1012350.0
537,722,20240930,2024-09-30,1,1349200,1011900.0
1466,2108,20240930,2024-09-30,3,1349000,924250.0
1292,598,20240930,2024-09-30,3,1349000,1026750.0
1368,2079,20240930,2024-09-30,2,1348700,886525.0
163,170,20240930,2024-09-30,9,1348000,1145800.0
783,146,20240930,2024-09-30,1,1347000,1010250.0
1219,174,20240930,2024-09-30,2,1346000,1009500.0
671,334,20240930,2024-09-30,2,1345500,1009125.0
264,188,20240930,2024-09-30,3,1345100,1008825.0
77,1310,20240930,2024-09-30,6,1345000,863750.0
1390,1435,20240930,2024-09-30,4,1345000,1038750.0
1065,2159,20240930,2024-09-30,4,1345000,1016250.0
1219,2184,20240930,2024-09-30,11,1345000,672500.0
1409,217,20240930,2024-09-30,1,1344000,1008000.0
1243,984,20240930,2024-09-30,2,1343900,984175.0
170,1378,20240930,2024-09-30,2,1343000,1007250.0
393,1227,20240930,2024-09-30,1,1343000,1007250.0
1072,816,20240930,2024-09-30,2,1342000,906500.0
784,280,20240930,2024-09-30,10,1341100,1114665.0
1065,843,20240930,2024-09-30,2,1340000,1010000.0
1454,1396,20240930,2024-09-30,3,1340000,980000.0
430,164,20240930,2024-09-30,2,1340000,1005000.0
102,2036,20240930,2024-09-30,1,1340000,1005000.0
1295,990,20240930,2024-09-30,2,1339600,959700.0
584,341,20240930,2024-09-30,2,1339000,1004250.0
1431,237,20240930,2024-09-30,5,1339000,804250.0
865,355,20240930,2024-09-30,1,1338900,1004175.0
1295,1701,20240930,2024-09-30,2,1338900,1004175.0
99,905,20240930,2024-09-30,8,1338400,897780.0
109,138,20240930,2024-09-30,6,1338000,669000.0
1295,829,20240930,2024-09-30,2,1338000,997250.0
264,211,20240930,2024-09-30,2,1337400,1003050.0
1466,1992,20240930,2024-09-30,8,1337000,1101050.0
682,477,20240930,2024-09-30,2,1336000,1017000.0
795,824,20240930,2024-09-30,1,1335000,1001250.0
373,262,20240930,2024-09-30,1,1335000,1001250.0
754,1467,20240930,2024-09-30,3,1335000,988750.0
1362,2336,20240930,2024-09-30,2,1334700,951025.0
109,602,20240930,2024-09-30,1,1334200,1000650.0
657,2225,20240930,2024-09-30,1,1334200,1000650.0
784,177,20240930,2024-09-30,7,1334100,1035675.0
1065,1230,20240930,2024-09-30,7,1333500,1014625.0
1390,280,20240930,2024-09-30,6,1333500,1075125.0
305,971,20240930,2024-09-30,1,1333000,999750.0
512,157,20240930,2024-09-30,4,1332600,874450.0
94,1619,20240930,2024-09-30,1,1332500,999375.0
102,1278,20240930,2024-09-30,3,1332000,1014000.0
552,1383,20240930,2024-09-30,2,1332000,1014000.0
380,1374,20240930,2024-09-30,1,1331000,998250.0
1065,299,20240930,2024-09-30,13,1331000,1042000.0
1180,545,20240930,2024-09-30,2,1330000,972500.0
977,1719,20240930,2024-09-30,8,1330000,890000.0
209,125,20240930,2024-09-30,5,1330000,1009000.0
618,2153,20240930,2024-09-30,1,1330000,997500.0
905,242,20240930,2024-09-30,3,1330000,985000.0
698,2339,20240930,2024-09-30,1,1330000,997500.0
1042,2279,20240930,2024-09-30,1,1330000,997500.0
795,2389,20240930,2024-09-30,1,1330000,997500.0
11,930,20240930,2024-09-30,7,1330000,1032500.0
1335,2272,20240930,2024-09-30,1,1330000,997500.0
905,826,20240930,2024-09-30,8,1330000,972500.0
522,1235,20240930,2024-09-30,1,1330000,997500.0
849,199,20240930,2024-09-30,2,1330000,997500.0
430,1251,20240930,2024-09-30,1,1329900,997425.0
1435,167,20240930,2024-09-30,3,1329000,989250.0
919,1388,20240930,2024-09-30,15,1328700,1129395.0
393,1424,20240930,2024-09-30,2,1327500,964375.0
1106,167,20240930,2024-09-30,1,1327000,995250.0
264,870,20240930,2024-09-30,1,1326600,994950.0
685,1109,20240930,2024-09-30,1,1326000,994500.0
206,76,20240930,2024-09-30,2,1325100,943825.0
905,1970,20240930,2024-09-30,5,1325000,996250.0
669,2258,20240930,2024-09-30,2,1325000,993750.0
1436,623,20240930,2024-09-30,1,1324700,900796.0
1163,1851,20240930,2024-09-30,2,1324500,993375.0
10,2131,20240930,2024-09-30,1,1323900,992925.0
1399,293,20240930,2024-09-30,1,1323400,992550.0
1166,697,20240930,2024-09-30,1,1323000,992250.0
216,146,20240930,2024-09-30,2,1323000,992250.0
965,301,20240930,2024-09-30,1,1322200,991650.0
1222,1529,20240930,2024-09-30,3,1321400,903550.0
156,1644,20240930,2024-09-30,9,1321000,784500.0
209,265,20240930,2024-09-30,2,1320500,990375.0
273,146,20240930,2024-09-30,2,1320100,990075.0
795,1816,20240930,2024-09-30,2,1320000,990000.0
618,678,20240930,2024-09-30,1,1320000,990000.0
784,1251,20240930,2024-09-30,1,1320000,990000.0
49,2272,20240930,2024-09-30,2,1320000,990000.0
811,130,20240930,2024-09-30,5,1320000,1005000.0
1065,883,20240930,2024-09-30,14,1320000,1038550.0
685,2329,20240930,2024-09-30,11,1319500,889625.0
1417,559,20240930,2024-09-30,2,1319000,989250.0
109,862,20240930,2024-09-30,2,1318800,951600.0
1368,2268,20240930,2024-09-30,34,1318800,659400.0
1405,1547,20240930,2024-09-30,9,1318700,1051835.0
742,286,20240930,2024-09-30,11,1318100,659050.0
1232,1953,20240930,2024-09-30,1,1318000,988500.0
1065,238,20240930,2024-09-30,1,1318000,988500.0
1295,2248,20240930,2024-09-30,4,1318000,969750.0
380,290,20240930,2024-09-30,2,1317700,975775.0
420,192,20240930,2024-09-30,1,1317500,988125.0
1362,747,20240930,2024-09-30,1,1317100,987825.0
728,883,20240930,2024-09-30,2,1317000,919000.0
1021,355,20240930,2024-09-30,2,1317000,919000.0
1065,211,20240930,2024-09-30,7,1316500,1008275.0
742,927,20240930,2024-09-30,5,1315500,865375.0
919,2268,20240930,2024-09-30,7,1315500,1043175.0
109,351,20240930,2024-09-30,2,1315400,986550.0
121,1487,20240930,2024-09-30,1,1315000,986250.0
881,1437,20240930,2024-09-30,6,1313900,910425.0
988,1832,20240930,2024-09-30,3,1313500,947625.0
102,2006,20240930,2024-09-30,3,1313000,984750.0
945,1072,20240930,2024-09-30,2,1312000,984000.0
1466,497,20240930,2024-09-30,16,1311700,1109695.0
102,2083,20240930,2024-09-30,2,1311000,983250.0
618,1837,20240930,2024-09-30,1,1311000,983250.0
1065,1519,20240930,2024-09-30,5,1311000,1004350.0
750,915,20240930,2024-09-30,3,1310300,990225.0
483,2389,20240930,2024-09-30,1,1310000,982500.0
520,1708,20240930,2024-09-30,1,1310000,982500.0
163,1888,20240930,2024-09-30,11,1310000,1113500.0
795,249,20240930,2024-09-30,1,1310000,982500.0
587,1719,20240930,2024-09-30,1,1310000,982500.0
905,205,20240930,2024-09-30,3,1310000,988500.0
1295,1372,20240930,2024-09-30,2,1310000,970000.0
1219,290,20240930,2024-09-30,3,1310000,905000.0
851,2323,20240930,2024-09-30,3,1310000,980000.0
264,2022,20240930,2024-09-30,1,1309800,982350.0
197,1249,20240930,2024-09-30,1,1309000,981750.0
403,855,20240930,2024-09-30,1,1308700,981525.0
109,1672,20240930,2024-09-30,2,1308700,981525.0
25,2112,20240930,2024-09-30,1,1308300,981225.0
520,2001,20240930,2024-09-30,1,1308000,981000.0
1295,482,20240930,2024-09-30,2,1307400,968050.0
919,2272,20240930,2024-09-30,10,1307000,1010950.0
584,1261,20240930,2024-09-30,1,1306500,979875.0
235,522,20240930,2024-09-30,1,1306100,979575.0
1129,2008,20240930,2024-09-30,1,1305000,978750.0
671,1516,20240930,2024-09-30,2,1305000,978750.0
1386,1822,20240930,2024-09-30,2,1305000,978750.0
1390,1442,20240930,2024-09-30,1,1304000,978000.0
25,997,20240930,2024-09-30,1,1303500,977625.0
1065,240,20240930,2024-09-30,2,1303500,987975.0
1435,268,20240930,2024-09-30,9,1303400,951300.0
1003,547,20240930,2024-09-30,3,1303000,985050.0
754,1121,20240930,2024-09-30,1,1303000,977250.0
302,286,20240930,2024-09-30,3,1302500,976875.0
1295,971,20240930,2024-09-30,25,1300900,705065.0
1435,1230,20240930,2024-09-30,3,1300500,971625.0
420,1118,20240930,2024-09-30,2,1300000,975000.0
1077,343,20240930,2024-09-30,1,1300000,975000.0
209,1845,20240930,2024-09-30,3,1300000,975000.0
991,1384,20240930,2024-09-30,1,1300000,975000.0
209,1714,20240930,2024-09-30,4,1300000,975000.0
302,291,20240930,2024-09-30,1,1300000,975000.0
905,1275,20240930,2024-09-30,1,1300000,975000.0
282,1004,20240930,2024-09-30,1,1300000,975000.0
795,2184,20240930,2024-09-30,1,1300000,975000.0
95,945,20240930,2024-09-30,1,1300000,975000.0
838,293,20240930,2024-09-30,1,1300000,975000.0
228,302,20240930,2024-09-30,4,1300000,850000.0
863,1033,20240930,2024-09-30,3,1300000,837500.0
864,183,20240930,2024-09-30,3,1300000,950000.0
1390,160,20240930,2024-09-30,8,1300000,1075000.0
827,130,20240930,2024-09-30,1,1300000,975000.0
963,1981,20240930,2024-09-30,1,1300000,975000.0
218,1374,20240930,2024-09-30,1,1300000,975000.0
209,2118,20240930,2024-09-30,5,1300000,993000.0
905,2159,20240930,2024-09-30,1,1300000,975000.0
958,314,20240930,2024-09-30,1,1299600,974700.0
584,2248,20240930,2024-09-30,1,1299000,974250.0
1179,1043,20240930,2024-09-30,5,1298400,1001530.0
1357,1298,20240930,2024-09-30,2,1298300,973725.0
742,192,20240930,2024-09-30,2,1298300,899150.0
615,2079,20240930,2024-09-30,1,1298000,973500.0
1356,1572,20240930,2024-09-30,2,1298000,948500.0
795,1477,20240930,2024-09-30,3,1298000,973500.0
200,161,20240930,2024-09-30,7,1298000,988300.0
1390,353,20240930,2024-09-30,3,1298000,1003500.0
36,2111,20240930,2024-09-30,1,1297100,972825.0
501,288,20240930,2024-09-30,1,1295000,971250.0
614,1379,20240930,2024-09-30,4,1295000,983950.0
981,545,20240930,2024-09-30,2,1295000,971250.0
860,981,20240930,2024-09-30,1,1294500,970875.0
235,1507,20240930,2024-09-30,2,1294000,985500.0
916,298,20240930,2024-09-30,1,1294000,970500.0
522,154,20240930,2024-09-30,1,1294000,970500.0
479,361,20240930,2024-09-30,4,1293000,972750.0
784,961,20240930,2024-09-30,3,1292700,969525.0
668,855,20240930,2024-09-30,9,1292000,704000.0
1295,2151,20240930,2024-09-30,4,1292000,944000.0
664,308,20240930,2024-09-30,4,1291800,956350.0
1233,2097,20240930,2024-09-30,4,1291600,968700.0
510,211,20240930,2024-09-30,1,1291200,968400.0
1139,1113,20240930,2024-09-30,1,1290000,967500.0
916,280,20240930,2024-09-30,2,1290000,967500.0
1409,186,20240930,2024-09-30,2,1290000,967500.0
621,121,20240930,2024-09-30,1,1290000,967500.0
995,2006,20240930,2024-09-30,10,1289500,1042575.0
1034,160,20240930,2024-09-30,2,1289000,966750.0
235,854,20240930,2024-09-30,1,1289000,966750.0
1337,541,20240930,2024-09-30,5,1289000,984250.0
1295,184,20240930,2024-09-30,4,1288000,946000.0
1428,1459,20240930,2024-09-30,7,1288000,846375.0
393,785,20240930,2024-09-30,1,1288000,966000.0
1072,262,20240930,2024-09-30,3,1287800,947100.0
1237,1086,20240930,2024-09-30,1,1287100,965325.0
1195,1496,20240930,2024-09-30,1,1287000,965250.0
69,122,20240930,2024-09-30,8,1286000,920600.0
742,308,20240930,2024-09-30,5,1286000,643000.0
1366,167,20240930,2024-09-30,1,1285000,963750.0
1390,1564,20240930,2024-09-30,1,1285000,963750.0
905,495,20240930,2024-09-30,1,1284000,963000.0
209,2047,20240930,2024-09-30,1,1284000,963000.0
1295,595,20240930,2024-09-30,7,1283400,1011300.0
666,2079,20240930,2024-09-30,1,1283000,962250.0
754,1641,20240930,2024-09-30,8,1282700,768225.0
829,1152,20240930,2024-09-30,3,1282200,955400.0
518,1487,20240930,2024-09-30,6,1281500,961525.0
1282,2043,20240930,2024-09-30,7,1280700,1013275.0
807,997,20240930,2024-09-30,1,1280600,960450.0
256,978,20240930,2024-09-30,1,1280500,960375.0
420,978,20240930,2024-09-30,1,1280500,960375.0
1169,370,20240930,2024-09-30,1,1280500,960375.0
742,2341,20240930,2024-09-30,3,1280000,865000.0
316,164,20240930,2024-09-30,2,1280000,960000.0
393,624,20240930,2024-09-30,2,1280000,935000.0
898,1686,20240930,2024-09-30,1,1280000,960000.0
1167,1092,20240930,2024-09-30,1,1279700,959775.0
900,859,20240930,2024-09-30,5,1279600,903450.0
859,46,20240930,2024-09-30,3,1279600,959700.0
1362,201,20240930,2024-09-30,9,1279500,871750.0
483,1274,20240930,2024-09-30,2,1278500,958875.0
682,2184,20240930,2024-09-30,3,1278500,988875.0
671,421,20240930,2024-09-30,1,1278000,958500.0
393,353,20240930,2024-09-30,1,1277800,958350.0
9,1010,20240930,2024-09-30,1,1277500,958125.0
901,1482,20240930,2024-09-30,3,1277000,957750.0
781,320,20240930,2024-09-30,1,1277000,957750.0
522,2268,20240930,2024-09-30,3,1277000,957750.0
510,1922,20240930,2024-09-30,1,1277000,957750.0
121,130,20240930,2024-09-30,6,1277000,820250.0
123,494,20240930,2024-09-30,2,1276500,944875.0
919,2097,20240930,2024-09-30,10,1276500,1019285.0
1327,1693,20240930,2024-09-30,3,1276000,957000.0
974,2254,20240930,2024-09-30,1,1276000,957000.0
264,630,20240930,2024-09-30,1,1276000,957000.0
1390,411,20240930,2024-09-30,2,1276000,972000.0
721,1823,20240930,2024-09-30,1,1275300,956475.0
795,1680,20240930,2024-09-30,2,1275000,956250.0
905,1382,20240930,2024-09-30,1,1275000,956250.0
397,226,20240930,2024-09-30,1,1275000,956250.0
666,570,20240930,2024-09-30,1,1275000,956250.0
905,128,20240930,2024-09-30,6,1275000,973750.0
264,2279,20240930,2024-09-30,1,1275000,956250.0
905,1110,20240930,2024-09-30,1,1275000,956250.0
1390,298,20240930,2024-09-30,5,1275000,1001250.0
1065,169,20240930,2024-09-30,9,1275000,983250.0
1220,355,20240930,2024-09-30,5,1274500,976025.0
1217,482,20240930,2024-09-30,1,1274000,955500.0
92,1338,20240930,2024-09-30,1,1274000,955500.0
420,1733,20240930,2024-09-30,1,1273800,955350.0
784,183,20240930,2024-09-30,11,1273600,1057290.0
1042,2272,20240930,2024-09-30,1,1273000,954750.0
95,143,20240930,2024-09-30,1,1272000,954000.0
1219,867,20240930,2024-09-30,1,1271700,953775.0
117,2097,20240930,2024-09-30,2,1271000,890750.0
479,305,20240930,2024-09-30,4,1271000,953250.0
613,1968,20240930,2024-09-30,3,1270600,952950.0
398,1398,20240930,2024-09-30,8,1270500,977675.0
376,1977,20240930,2024-09-30,1,1270000,952500.0
966,1806,20240930,2024-09-30,2,1270000,952500.0
52,1004,20240930,2024-09-30,3,1270000,933750.0
905,1375,20240930,2024-09-30,3,1270000,935000.0
1390,1672,20240930,2024-09-30,5,1270000,1012500.0
442,1300,20240930,2024-09-30,1,1270000,952500.0
838,57,20240930,2024-09-30,1,1270000,952500.0
795,2070,20240930,2024-09-30,1,1270000,952500.0
977,1378,20240930,2024-09-30,9,1270000,848750.0
1295,1691,20240930,2024-09-30,6,1269500,919625.0
156,130,20240930,2024-09-30,2,1269000,931750.0
1295,1986,20240930,2024-09-30,2,1269000,933000.0
1373,1330,20240930,2024-09-30,4,1269000,945500.0
614,883,20240930,2024-09-30,3,1269000,876750.0
36,492,20240930,2024-09-30,1,1268800,951600.0
1368,151,20240930,2024-09-30,1,1268000,951000.0
483,2033,20240930,2024-09-30,1,1268000,951000.0
754,2248,20240930,2024-09-30,4,1267900,948425.0
680,165,20240930,2024-09-30,3,1267500,825625.0
682,164,20240930,2024-09-30,6,1267000,1025250.0
1435,2158,20240930,2024-09-30,5,1266500,927375.0
479,1121,20240930,2024-09-30,4,1266100,979575.0
1065,138,20240930,2024-09-30,9,1265900,979425.0
1421,484,20240930,2024-09-30,1,1265200,948900.0
183,2118,20240930,2024-09-30,3,1265000,873750.0
286,541,20240930,2024-09-30,3,1265000,948750.0
1462,163,20240930,2024-09-30,1,1265000,948750.0
795,314,20240930,2024-09-30,3,1265000,827500.0
838,1479,20240930,2024-09-30,2,1264500,948375.0
783,164,20240930,2024-09-30,2,1264000,948000.0
538,1327,20240930,2024-09-30,4,1264000,846000.0
7,616,20240930,2024-09-30,12,1263900,793570.0
1295,1928,20240930,2024-09-30,2,1263500,922625.0
237,261,20240930,2024-09-30,1,1263000,947250.0
1070,492,20240930,2024-09-30,1,1262900,947175.0
128,541,20240930,2024-09-30,2,1262800,947100.0
209,1851,20240930,2024-09-30,1,1262100,946575.0
1065,294,20240930,2024-09-30,5,1261500,959775.0
767,906,20240930,2024-09-30,1,1261400,946050.0
505,598,20240930,2024-09-30,5,1261000,905750.0
702,1843,20240930,2024-09-30,1,1261000,945750.0
742,865,20240930,2024-09-30,5,1261000,630500.0
1065,285,20240930,2024-09-30,6,1261000,960750.0
1166,73,20240930,2024-09-30,3,1260200,945150.0
657,2125,20240930,2024-09-30,1,1260000,945000.0
420,2258,20240930,2024-09-30,1,1260000,945000.0
434,1387,20240930,2024-09-30,1,1260000,945000.0
163,55,20240930,2024-09-30,1,1260000,945000.0
380,1634,20240930,2024-09-30,2,1260000,925000.0
1143,723,20240930,2024-09-30,5,1260000,630000.0
10,2258,20240930,2024-09-30,1,1260000,945000.0
100,1590,20240930,2024-09-30,1,1260000,945000.0
1362,208,20240930,2024-09-30,1,1260000,945000.0
614,252,20240930,2024-09-30,4,1259900,932425.0
618,2097,20240930,2024-09-30,1,1259000,944250.0
964,1203,20240930,2024-09-30,2,1259000,944250.0
101,2284,20240930,2024-09-30,5,1258500,734805.0
272,1396,20240930,2024-09-30,1,1258000,943500.0
1065,1379,20240930,2024-09-30,6,1257000,968450.0
310,1118,20240930,2024-09-30,8,1256800,935610.0
1065,2262,20240930,2024-09-30,1,1256000,942000.0
463,2006,20240930,2024-09-30,1,1255800,941850.0
197,191,20240930,2024-09-30,2,1255500,867750.0
51,1619,20240930,2024-09-30,1,1255500,941625.0
302,309,20240930,2024-09-30,2,1255000,941250.0
1216,341,20240930,2024-09-30,1,1255000,941250.0
1219,1373,20240930,2024-09-30,21,1254500,627250.0
916,2279,20240930,2024-09-30,1,1254200,940650.0
102,570,20240930,2024-09-30,1,1254000,940500.0
655,1951,20240930,2024-09-30,2,1254000,940500.0
153,988,20240930,2024-09-30,6,1253100,823575.0
1469,866,20240930,2024-09-30,2,1252900,913950.0
795,870,20240930,2024-09-30,1,1252000,939000.0
522,697,20240930,2024-09-30,2,1252000,911750.0
919,1662,20240930,2024-09-30,9,1251600,988860.0
472,314,20240930,2024-09-30,1,1251500,938625.0
784,1691,20240930,2024-09-30,1,1251000,938250.0
463,541,20240930,2024-09-30,2,1250000,937500.0
582,220,20240930,2024-09-30,1,1250000,937500.0
795,262,20240930,2024-09-30,2,1250000,912500.0
302,298,20240930,2024-09-30,1,1250000,937500.0
462,633,20240930,2024-09-30,1,1250000,475000.0
434,166,20240930,2024-09-30,1,1250000,937500.0
1390,1520,20240930,2024-09-30,1,1250000,937500.0
235,147,20240930,2024-09-30,1,1250000,937500.0
587,1573,20240930,2024-09-30,1,1250000,937500.0
905,15,20240930,2024-09-30,2,1250000,937500.0
587,1380,20240930,2024-09-30,1,1250000,937500.0
163,1822,20240930,2024-09-30,9,1250000,1062500.0
1311,2358,20240930,2024-09-30,1,1250000,937500.0
509,1554,20240930,2024-09-30,3,1250000,925000.0
197,977,20240930,2024-09-30,2,1250000,900000.0
209,1957,20240930,2024-09-30,2,1250000,937500.0
170,53,20240930,2024-09-30,1,1250000,937500.0
384,265,20240930,2024-09-30,1,1250000,937500.0
902,1476,20240930,2024-09-30,1,1250000,937500.0
905,64,20240930,2024-09-30,1,1250000,937500.0
1390,2079,20240930,2024-09-30,8,1250000,1035500.0
1065,1916,20240930,2024-09-30,1,1250000,937500.0
946,46,20240930,2024-09-30,1,1250000,937500.0
1055,355,20240930,2024-09-30,3,1250000,952500.0
1065,137,20240930,2024-09-30,5,1249500,962975.0
310,1072,20240930,2024-09-30,7,1249100,868305.0
209,1844,20240930,2024-09-30,1,1249000,936750.0
1454,1834,20240930,2024-09-30,2,1248500,873875.0
857,305,20240930,2024-09-30,3,1248000,936000.0
319,46,20240930,2024-09-30,2,1248000,936000.0
163,125,20240930,2024-09-30,9,1247800,1060630.0
685,2296,20240930,2024-09-30,6,1247600,836300.0
754,1466,20240930,2024-09-30,4,1247500,808125.0
479,1879,20240930,2024-09-30,1,1247000,935250.0
1196,2019,20240930,2024-09-30,1,1246500,934875.0
449,465,20240930,2024-09-30,5,1246000,897000.0
671,416,20240930,2024-09-30,1,1245500,934125.0
209,1662,20240930,2024-09-30,4,1245000,945750.0
754,1573,20240930,2024-09-30,3,1245000,747500.0
838,1385,20240930,2024-09-30,1,1245000,933750.0
905,18,20240930,2024-09-30,8,1245000,958500.0
479,1279,20240930,2024-09-30,1,1245000,933750.0
1390,119,20240930,2024-09-30,1,1244000,933000.0
1368,186,20240930,2024-09-30,1,1243000,932250.0
477,1977,20240930,2024-09-30,1,1241000,930750.0
618,864,20240930,2024-09-30,1,1241000,930750.0
163,1390,20240930,2024-09-30,9,1241000,1054850.0
305,164,20240930,2024-09-30,9,1240100,1054085.0
671,516,20240930,2024-09-30,1,1240000,930000.0
1397,1384,20240930,2024-09-30,1,1240000,930000.0
1026,2097,20240930,2024-09-30,1,1240000,930000.0
664,833,20240930,2024-09-30,3,1240000,919500.0
838,1719,20240930,2024-09-30,1,1240000,930000.0
481,1662,20240930,2024-09-30,1,1240000,930000.0
742,747,20240930,2024-09-30,3,1240000,847500.0
1386,295,20240930,2024-09-30,1,1240000,930000.0
965,300,20240930,2024-09-30,1,1240000,930000.0
1295,2296,20240930,2024-09-30,2,1240000,925000.0
1384,160,20240930,2024-09-30,1,1238000,928500.0
1065,392,20240930,2024-09-30,3,1238000,933500.0
235,970,20240930,2024-09-30,1,1237700,928275.0
109,1680,20240930,2024-09-30,1,1237500,928125.0
109,107,20240930,2024-09-30,1,1237500,928125.0
163,1451,20240930,2024-09-30,7,1237200,1012620.0
522,1634,20240930,2024-09-30,1,1237000,927750.0
479,1953,20240930,2024-09-30,4,1237000,936500.0
479,162,20240930,2024-09-30,1,1237000,927750.0
163,870,20240930,2024-09-30,10,1236900,1051365.0
966,1789,20240930,2024-09-30,3,1236000,924500.0
97,1773,20240930,2024-09-30,8,1235600,836550.0
1409,2008,20240930,2024-09-30,2,1235000,926250.0
1409,300,20240930,2024-09-30,2,1235000,926250.0
668,861,20240930,2024-09-30,3,1235000,901250.0
643,1467,20240930,2024-09-30,1,1235000,926250.0
465,1385,20240930,2024-09-30,1,1235000,926250.0
1065,868,20240930,2024-09-30,7,1234700,942645.0
1237,420,20240930,2024-09-30,1,1233200,924900.0
522,974,20240930,2024-09-30,1,1233000,924750.0
813,895,20240930,2024-09-30,3,1233000,924750.0
109,1477,20240930,2024-09-30,1,1232500,924375.0
109,314,20240930,2024-09-30,2,1232200,799150.0
1361,477,20240930,2024-09-30,4,1231000,923250.0
1034,2250,20240930,2024-09-30,1,1231000,923250.0
51,280,20240930,2024-09-30,1,1231000,923250.0
1466,2105,20240930,2024-09-30,10,1230900,923765.0
783,1033,20240930,2024-09-30,1,1230000,922500.0
436,161,20240930,2024-09-30,2,1230000,872500.0
118,214,20240930,2024-09-30,1,1230000,922500.0
1356,2083,20240930,2024-09-30,1,1229500,922125.0
857,295,20240930,2024-09-30,1,1229000,921750.0
1466,2111,20240930,2024-09-30,3,1228400,896300.0
102,2175,20240930,2024-09-30,1,1227000,920250.0
813,897,20240930,2024-09-30,4,1227000,775250.0
664,335,20240930,2024-09-30,1,1226800,920100.0
1017,287,20240930,2024-09-30,1,1226400,919800.0
1295,2216,20240930,2024-09-30,2,1226000,882000.0
354,361,20240930,2024-09-30,1,1225900,919425.0
1464,2079,20240930,2024-09-30,2,1225000,918750.0
818,2184,20240930,2024-09-30,7,1225000,662500.0
795,516,20240930,2024-09-30,3,1225000,906250.0
795,1373,20240930,2024-09-30,1,1225000,918750.0
325,135,20240930,2024-09-30,1,1225000,918750.0
479,1987,20240930,2024-09-30,1,1225000,918750.0
905,2095,20240930,2024-09-30,3,1225000,918750.0
795,1537,20240930,2024-09-30,1,1225000,918750.0
659,308,20240930,2024-09-30,2,1225000,918750.0
1237,183,20240930,2024-09-30,1,1225000,918750.0
197,1987,20240930,2024-09-30,1,1225000,918750.0
1065,351,20240930,2024-09-30,6,1225000,935250.0
170,168,20240930,2024-09-30,1,1225000,918750.0
905,2395,20240930,2024-09-30,1,1225000,918750.0
197,138,20240930,2024-09-30,1,1225000,918750.0
163,869,20240930,2024-09-30,9,1223700,1040145.0
1446,1404,20240930,2024-09-30,9,1223500,895875.0
109,1948,20240930,2024-09-30,3,1223100,817325.0
912,1914,20240930,2024-09-30,1,1223100,917325.0
1097,165,20240930,2024-09-30,1,1223000,917250.0
742,154,20240930,2024-09-30,5,1222500,834375.0
522,460,20240930,2024-09-30,1,1222000,916500.0
420,188,20240930,2024-09-30,1,1221100,915825.0
84,866,20240930,2024-09-30,3,1221000,765750.0
1362,2343,20240930,2024-09-30,1,1220700,915525.0
540,67,20240930,2024-09-30,1,1220000,915000.0
302,335,20240930,2024-09-30,1,1220000,915000.0
1207,848,20240930,2024-09-30,1,1220000,915000.0
1065,243,20240930,2024-09-30,2,1220000,917000.0
430,117,20240930,2024-09-30,1,1220000,915000.0
403,882,20240930,2024-09-30,1,1220000,915000.0
1065,1088,20240930,2024-09-30,2,1220000,920000.0
851,465,20240930,2024-09-30,2,1219600,827200.0
1219,1494,20240930,2024-09-30,7,1219400,852200.0
618,71,20240930,2024-09-30,1,1218000,913500.0
754,161,20240930,2024-09-30,1,1217000,912750.0
664,316,20240930,2024-09-30,10,1215500,863465.0
617,2255,20240930,2024-09-30,1,1215000,911250.0
540,1383,20240930,2024-09-30,1,1215000,911250.0
416,1888,20240930,2024-09-30,1,1215000,911250.0
393,2043,20240930,2024-09-30,1,1215000,911250.0
830,863,20240930,2024-09-30,1,1215000,911250.0
197,1437,20240930,2024-09-30,1,1215000,911250.0
1390,355,20240930,2024-09-30,6,1215000,953750.0
197,1936,20240930,2024-09-30,1,1215000,911250.0
1411,2048,20240930,2024-09-30,3,1214900,886175.0
445,1053,20240930,2024-09-30,3,1213900,897925.0
784,138,20240930,2024-09-30,4,1213000,931050.0
1358,2048,20240930,2024-09-30,4,1212500,846875.0
1435,292,20240930,2024-09-30,4,1212100,882825.0
224,2220,20240930,2024-09-30,2,1212000,871500.0
905,1372,20240930,2024-09-30,3,1212000,916500.0
1163,1304,20240930,2024-09-30,1,1212000,909000.0
666,1977,20240930,2024-09-30,2,1212000,909000.0
933,243,20240930,2024-09-30,2,1212000,884000.0
1156,799,20240930,2024-09-30,3,1211500,896125.0
1205,1656,20240930,2024-09-30,2,1211300,908475.0
477,1572,20240930,2024-09-30,2,1211000,923250.0
1065,168,20240930,2024-09-30,9,1211000,940250.0
305,261,20240930,2024-09-30,6,1211000,983250.0
818,888,20240930,2024-09-30,8,1210000,837500.0
988,2105,20240930,2024-09-30,1,1210000,907500.0
795,1262,20240930,2024-09-30,1,1210000,907500.0
794,444,20240930,2024-09-30,3,1209400,894550.0
1295,911,20240930,2024-09-30,11,1209000,843460.0
328,203,20240930,2024-09-30,1,1208600,906450.0
742,2270,20240930,2024-09-30,1,1208200,906150.0
1065,1433,20240930,2024-09-30,1,1208000,906000.0
595,268,20240930,2024-09-30,1,1208000,906000.0
901,1494,20240930,2024-09-30,1,1208000,906000.0
102,1163,20240930,2024-09-30,1,1208000,906000.0
742,572,20240930,2024-09-30,3,1207800,843350.0
163,1529,20240930,2024-09-30,6,1207000,976050.0
1466,160,20240930,2024-09-30,8,1207000,796500.0
919,949,20240930,2024-09-30,10,1207000,967900.0
742,640,20240930,2024-09-30,8,1207000,603500.0
726,2008,20240930,2024-09-30,1,1206000,904500.0
10,1547,20240930,2024-09-30,1,1206000,904500.0
94,1992,20240930,2024-09-30,2,1205400,904050.0
905,58,20240930,2024-09-30,5,1205000,900250.0
1195,541,20240930,2024-09-30,4,1205000,923750.0
10,191,20240930,2024-09-30,1,1205000,903750.0
340,1813,20240930,2024-09-30,6,1205000,936750.0
1458,541,20240930,2024-09-30,4,1205000,778750.0
51,1995,20240930,2024-09-30,1,1204000,903000.0
170,1303,20240930,2024-09-30,1,1204000,903000.0
491,734,20240930,2024-09-30,2,1203000,852250.0
376,188,20240930,2024-09-30,1,1202000,901500.0
209,2176,20240930,2024-09-30,1,1202000,901500.0
1295,2374,20240930,2024-09-30,14,1201000,745500.0
1362,1644,20240930,2024-09-30,3,1201000,892000.0
299,122,20240930,2024-09-30,2,1201000,900750.0
905,290,20240930,2024-09-30,5,1200000,910000.0
552,361,20240930,2024-09-30,2,1200000,900000.0
701,1040,20240930,2024-09-30,1,1200000,900000.0
1139,937,20240930,2024-09-30,1,1200000,900000.0
795,975,20240930,2024-09-30,1,1200000,900000.0
795,156,20240930,2024-09-30,3,1200000,905000.0
974,1613,20240930,2024-09-30,1,1200000,900000.0
1163,1249,20240930,2024-09-30,3,1200000,920000.0
197,2349,20240930,2024-09-30,1,1200000,900000.0
683,758,20240930,2024-09-30,1,1200000,900000.0
1436,2372,20240930,2024-09-30,1,1200000,900000.0
313,1072,20240930,2024-09-30,1,1200000,900000.0
933,2372,20240930,2024-09-30,2,1200000,862500.0
328,2105,20240930,2024-09-30,2,1200000,775000.0
742,2127,20240930,2024-09-30,3,1200000,725000.0
1435,1523,20240930,2024-09-30,1,1200000,900000.0
1163,252,20240930,2024-09-30,4,1200000,900000.0
9,981,20240930,2024-09-30,3,1200000,887500.0
902,1383,20240930,2024-09-30,1,1200000,900000.0
1467,2051,20240930,2024-09-30,1,1200000,900000.0
905,1559,20240930,2024-09-30,1,1200000,900000.0
905,76,20240930,2024-09-30,1,1200000,900000.0
1234,1493,20240930,2024-09-30,5,1200000,850000.0
510,826,20240930,2024-09-30,1,1200000,900000.0
905,1731,20240930,2024-09-30,1,1200000,900000.0
163,880,20240930,2024-09-30,8,1200000,1020000.0
1295,855,20240930,2024-09-30,4,1199300,885725.0
1126,2019,20240930,2024-09-30,2,1199000,849250.0
1362,2097,20240930,2024-09-30,1,1198800,899100.0
393,256,20240930,2024-09-30,1,1198700,899025.0
157,1372,20240930,2024-09-30,8,1198600,812300.0
472,157,20240930,2024-09-30,3,1198000,836000.0
857,298,20240930,2024-09-30,2,1198000,898500.0
334,2245,20240930,2024-09-30,10,1197500,607500.0
1144,2083,20240930,2024-09-30,1,1197100,897825.0
1294,1713,20240930,2024-09-30,1,1197000,897750.0
305,341,20240930,2024-09-30,1,1197000,897750.0
102,1968,20240930,2024-09-30,3,1196300,912225.0
818,1719,20240930,2024-09-30,10,1196000,789000.0
1295,1541,20240930,2024-09-30,4,1196000,872000.0
1435,291,20240930,2024-09-30,4,1195500,889125.0
517,1068,20240930,2024-09-30,1,1195000,896250.0
742,1573,20240930,2024-09-30,6,1195000,597500.0
239,146,20240930,2024-09-30,3,1195000,911250.0
209,2315,20240930,2024-09-30,5,1195000,911250.0
974,341,20240930,2024-09-30,2,1195000,896250.0
264,361,20240930,2024-09-30,2,1194000,895500.0
277,1988,20240930,2024-09-30,1,1193900,895425.0
1435,46,20240930,2024-09-30,5,1193000,886000.0
881,1478,20240930,2024-09-30,3,1192900,846450.0
166,1132,20240930,2024-09-30,1,1192500,894375.0
1217,186,20240930,2024-09-30,2,1192300,894225.0
380,1981,20240930,2024-09-30,2,1192000,869000.0
477,253,20240930,2024-09-30,1,1191600,893700.0
420,2016,20240930,2024-09-30,1,1190300,892725.0
285,261,20240930,2024-09-30,2,1190000,767500.0
857,124,20240930,2024-09-30,1,1190000,892500.0
434,1302,20240930,2024-09-30,1,1190000,892500.0
1207,165,20240930,2024-09-30,1,1190000,892500.0
905,1257,20240930,2024-09-30,4,1190000,899000.0
671,1888,20240930,2024-09-30,1,1190000,892500.0
671,254,20240930,2024-09-30,1,1190000,892500.0
117,268,20240930,2024-09-30,2,1190000,892500.0
671,1619,20240930,2024-09-30,1,1190000,892500.0
999,1561,20240930,2024-09-30,2,1189400,892050.0
163,286,20240930,2024-09-30,8,1189000,1010650.0
102,271,20240930,2024-09-30,1,1189000,891750.0
472,1268,20240930,2024-09-30,1,1189000,891750.0
264,861,20240930,2024-09-30,2,1188900,891675.0
519,355,20240930,2024-09-30,1,1188000,891000.0
630,2270,20240930,2024-09-30,1,1188000,891000.0
491,1681,20240930,2024-09-30,3,1187600,890700.0
795,1933,20240930,2024-09-30,1,1186000,889500.0
163,866,20240930,2024-09-30,9,1185900,1008015.0
523,199,20240930,2024-09-30,1,1185800,889350.0
1295,2329,20240930,2024-09-30,2,1185300,876475.0
552,252,20240930,2024-09-30,1,1185000,1066500.0
197,165,20240930,2024-09-30,1,1185000,888750.0
980,146,20240930,2024-09-30,2,1185000,888750.0
1467,805,20240930,2024-09-30,4,1184000,875500.0
783,1615,20240930,2024-09-30,1,1184000,888000.0
1065,559,20240930,2024-09-30,9,1183500,915625.0
1219,868,20240930,2024-09-30,3,1183000,830000.0
1295,1851,20240930,2024-09-30,7,1183000,844750.0
402,2158,20240930,2024-09-30,4,1183000,787875.0
197,341,20240930,2024-09-30,1,1183000,887250.0
919,1383,20240930,2024-09-30,12,1182900,960465.0
479,2258,20240930,2024-09-30,4,1182100,896575.0
371,46,20240930,2024-09-30,1,1182000,886500.0
305,298,20240930,2024-09-30,3,1181500,911275.0
795,340,20240930,2024-09-30,2,1181300,885975.0
552,335,20240930,2024-09-30,3,1181000,900750.0
1021,2210,20240930,2024-09-30,2,1181000,885750.0
671,388,20240930,2024-09-30,1,1180800,885600.0
898,1385,20240930,2024-09-30,4,1180000,885000.0
758,2268,20240930,2024-09-30,4,1180000,852500.0
121,541,20240930,2024-09-30,5,1179000,714500.0
586,1801,20240930,2024-09-30,4,1178000,883500.0
865,179,20240930,2024-09-30,2,1177000,882750.0
1217,308,20240930,2024-09-30,1,1175600,881700.0
724,21,20240930,2024-09-30,1,1175000,881250.0
906,250,20240930,2024-09-30,4,1175000,812500.0
301,167,20240930,2024-09-30,5,1175000,605000.0
795,745,20240930,2024-09-30,1,1175000,881250.0
1362,1648,20240930,2024-09-30,8,1174400,823525.0
163,1693,20240930,2024-09-30,4,1174100,907985.0
479,1656,20240930,2024-09-30,1,1173000,879750.0
1021,1264,20240930,2024-09-30,1,1173000,879750.0
835,1373,20240930,2024-09-30,6,1172700,824250.0
1237,1121,20240930,2024-09-30,2,1171700,878775.0
109,2307,20240930,2024-09-30,1,1171500,878625.0
690,910,20240930,2024-09-30,1,1171300,878475.0
180,2296,20240930,2024-09-30,2,1171000,878250.0
1390,305,20240930,2024-09-30,8,1170000,994500.0
465,1714,20240930,2024-09-30,1,1170000,877500.0
1235,2079,20240930,2024-09-30,3,1170000,815000.0
1454,870,20240930,2024-09-30,1,1170000,877500.0
1065,241,20240930,2024-09-30,1,1170000,877500.0
264,238,20240930,2024-09-30,1,1170000,877500.0
1273,1595,20240930,2024-09-30,1,1170000,877500.0
1022,985,20240930,2024-09-30,1,1170000,877500.0
1451,1360,20240930,2024-09-30,4,1170000,860500.0
1321,974,20240930,2024-09-30,4,1170000,852500.0
197,2088,20240930,2024-09-30,1,1170000,877500.0
671,879,20240930,2024-09-30,1,1168700,876525.0
376,122,20240930,2024-09-30,1,1168700,876525.0
1237,1548,20240930,2024-09-30,1,1168600,876450.0
682,146,20240930,2024-09-30,8,1168400,993140.0
522,331,20240930,2024-09-30,1,1168000,876000.0
1061,1300,20240930,2024-09-30,2,1168000,801000.0
538,1981,20240930,2024-09-30,2,1168000,876000.0
163,361,20240930,2024-09-30,9,1168000,992800.0
117,2215,20240930,2024-09-30,1,1168000,876000.0
1219,314,20240930,2024-09-30,15,1167100,666425.0
1217,2083,20240930,2024-09-30,2,1167000,875250.0
420,119,20240930,2024-09-30,2,1166200,874650.0
618,1922,20240930,2024-09-30,1,1166000,874500.0
1454,1704,20240930,2024-09-30,1,1165500,874125.0
209,302,20240930,2024-09-30,5,1165000,883750.0
1200,285,20240930,2024-09-30,1,1165000,873750.0
766,265,20240930,2024-09-30,1,1164000,873000.0
784,2258,20240930,2024-09-30,7,1163800,935960.0
509,1529,20240930,2024-09-30,3,1162500,834375.0
597,1388,20240930,2024-09-30,2,1162000,827750.0
540,595,20240930,2024-09-30,1,1162000,871500.0
665,214,20240930,2024-09-30,2,1162000,871500.0
1163,2060,20240930,2024-09-30,1,1161400,871050.0
393,1451,20240930,2024-09-30,2,1161400,871050.0
170,1160,20240930,2024-09-30,1,1161000,870750.0
1139,1524,20240930,2024-09-30,1,1161000,870750.0
25,1310,20240930,2024-09-30,1,1160000,870000.0
49,157,20240930,2024-09-30,4,1160000,897000.0
170,1387,20240930,2024-09-30,1,1160000,870000.0
121,122,20240930,2024-09-30,2,1160000,870000.0
309,122,20240930,2024-09-30,4,1160000,580000.0
1222,1582,20240930,2024-09-30,4,1160000,851250.0
192,335,20240930,2024-09-30,2,1159300,838225.0
784,355,20240930,2024-09-30,8,1159000,951150.0
423,1107,20240930,2024-09-30,3,1158800,837850.0
1358,1168,20240930,2024-09-30,7,1158400,871910.0
726,1968,20240930,2024-09-30,6,1158300,665075.0
235,351,20240930,2024-09-30,1,1157600,868200.0
833,1367,20240930,2024-09-30,11,1157100,707925.0
264,1240,20240930,2024-09-30,1,1155000,866250.0
871,1424,20240930,2024-09-30,6,1155000,901750.0
988,1640,20240930,2024-09-30,2,1155000,766250.0
1065,1554,20240930,2024-09-30,4,1155000,876250.0
434,2284,20240930,2024-09-30,1,1155000,866250.0
422,1033,20240930,2024-09-30,2,1154900,803675.0
951,164,20240930,2024-09-30,2,1154100,865575.0
132,1178,20240930,2024-09-30,1,1154000,865500.0
1411,355,20240930,2024-09-30,2,1153400,865050.0
919,1986,20240930,2024-09-30,6,1153000,897200.0
657,722,20240930,2024-09-30,1,1153000,864750.0
228,199,20240930,2024-09-30,2,1153000,851500.0
1373,444,20240930,2024-09-30,2,1153000,839750.0
1169,335,20240930,2024-09-30,2,1152700,864525.0
479,335,20240930,2024-09-30,5,1152500,894375.0
163,1121,20240930,2024-09-30,12,1152300,979455.0
1219,865,20240930,2024-09-30,17,1152000,576000.0
1362,154,20240930,2024-09-30,7,1151500,825750.0
520,1593,20240930,2024-09-30,1,1151000,863250.0
1462,1467,20240930,2024-09-30,3,1150000,787500.0
666,1477,20240930,2024-09-30,5,1150000,887500.0
742,598,20240930,2024-09-30,4,1150000,575000.0
170,541,20240930,2024-09-30,2,1150000,762500.0
691,460,20240930,2024-09-30,8,1150000,692250.0
1065,1947,20240930,2024-09-30,4,1150000,882500.0
1357,1948,20240930,2024-09-30,1,1150000,862500.0
209,722,20240930,2024-09-30,3,1150000,862500.0
666,870,20240930,2024-09-30,1,1150000,862500.0
525,570,20240930,2024-09-30,1,1150000,862500.0
905,1472,20240930,2024-09-30,2,1150000,872500.0
871,130,20240930,2024-09-30,4,1150000,862500.0
1298,679,20240930,2024-09-30,1,1150000,862500.0
795,288,20240930,2024-09-30,1,1150000,862500.0
1390,2272,20240930,2024-09-30,2,1150000,877500.0
1427,2256,20240930,2024-09-30,1,1150000,862500.0
235,2260,20240930,2024-09-30,2,1150000,865000.0
550,997,20240930,2024-09-30,2,1150000,877500.0
434,1672,20240930,2024-09-30,2,1150000,877500.0
1059,1385,20240930,2024-09-30,3,1150000,877500.0
235,1451,20240930,2024-09-30,2,1150000,877500.0
792,2011,20240930,2024-09-30,5,1150000,882500.0
1390,238,20240930,2024-09-30,3,1150000,892500.0
1065,1896,20240930,2024-09-30,1,1149100,861825.0
1435,2264,20240930,2024-09-30,1,1149000,861750.0
354,235,20240930,2024-09-30,1,1148500,861375.0
354,238,20240930,2024-09-30,1,1148500,861375.0
235,252,20240930,2024-09-30,4,1148300,901225.0
163,181,20240930,2024-09-30,5,1147900,904615.0
1000,1146,20240930,2024-09-30,2,1147500,785000.0
1065,1651,20240930,2024-09-30,4,1147500,875375.0
420,1646,20240930,2024-09-30,1,1147300,860475.0
951,945,20240930,2024-09-30,1,1147200,860400.0
1216,353,20240930,2024-09-30,1,1147000,860250.0
462,1467,20240930,2024-09-30,1,1146000,859500.0
1391,1010,20240930,2024-09-30,5,1146000,573000.0
481,158,20240930,2024-09-30,1,1146000,859500.0
405,1372,20240930,2024-09-30,8,1146000,667000.0
1362,1968,20240930,2024-09-30,4,1146000,822000.0
1163,18,20240930,2024-09-30,3,1145600,869200.0
919,268,20240930,2024-09-30,9,1145500,923675.0
1219,248,20240930,2024-09-30,6,1145000,738250.0
1065,2341,20240930,2024-09-30,7,1145000,754500.0
1295,1711,20240930,2024-09-30,17,1145000,650250.0
860,582,20240930,2024-09-30,1,1145000,858750.0
235,564,20240930,2024-09-30,5,1145000,906250.0
1166,1981,20240930,2024-09-30,1,1144800,858600.0
305,347,20240930,2024-09-30,2,1143600,872060.0
393,302,20240930,2024-09-30,1,1143500,857625.0
1065,866,20240930,2024-09-30,6,1143000,878150.0
236,545,20240930,2024-09-30,2,1143000,857250.0
1021,1819,20240930,2024-09-30,3,1143000,732250.0
121,2394,20240930,2024-09-30,1,1143000,857250.0
540,1424,20240930,2024-09-30,1,1143000,857250.0
715,679,20240930,2024-09-30,5,1142600,812370.0
1065,2184,20240930,2024-09-30,4,1142500,866125.0
683,670,20240930,2024-09-30,4,1142300,854955.0
586,1751,20240930,2024-09-30,7,1142000,749000.0
783,2006,20240930,2024-09-30,1,1141900,856425.0
264,2118,20240930,2024-09-30,3,1141400,856050.0
436,143,20240930,2024-09-30,1,1141000,855750.0
919,211,20240930,2024-09-30,8,1140800,920570.0
1411,308,20240930,2024-09-30,1,1140600,855450.0
96,1618,20240930,2024-09-30,3,1140300,869255.0
1065,1459,20240930,2024-09-30,2,1140100,857075.0
1055,341,20240930,2024-09-30,2,1140000,855000.0
834,424,20240930,2024-09-30,2,1140000,830000.0
109,1662,20240930,2024-09-30,3,1140000,705000.0
1356,2220,20240930,2024-09-30,1,1140000,855000.0
671,1197,20240930,2024-09-30,1,1140000,855000.0
855,1351,20240930,2024-09-30,2,1140000,805000.0
420,2315,20240930,2024-09-30,2,1139100,854325.0
795,577,20240930,2024-09-30,2,1139000,854250.0
95,164,20240930,2024-09-30,1,1139000,854250.0
163,1845,20240930,2024-09-30,4,1139000,897650.0
795,1820,20240930,2024-09-30,2,1138000,753500.0
1435,1827,20240930,2024-09-30,3,1138000,847250.0
919,176,20240930,2024-09-30,5,1138000,858500.0
1044,1547,20240930,2024-09-30,4,1138000,726000.0
769,963,20240930,2024-09-30,1,1138000,853500.0
1390,199,20240930,2024-09-30,6,1137000,907750.0
510,1158,20240930,2024-09-30,2,1137000,866450.0
1020,176,20240930,2024-09-30,1,1137000,852750.0
784,361,20240930,2024-09-30,7,1136900,916365.0
802,690,20240930,2024-09-30,1,1135500,851625.0
155,1389,20240930,2024-09-30,1,1135000,851250.0
393,400,20240930,2024-09-30,1,1135000,851250.0
1316,341,20240930,2024-09-30,1,1135000,851250.0
1390,623,20240930,2024-09-30,3,1135000,878750.0
209,18,20240930,2024-09-30,2,1135000,851250.0
491,1684,20240930,2024-09-30,2,1135000,851250.0
1454,1391,20240930,2024-09-30,2,1134000,725500.0
1462,1387,20240930,2024-09-30,2,1134000,850500.0
1260,1542,20240930,2024-09-30,3,1134000,787000.0
126,882,20240930,2024-09-30,1,1134000,850500.0
1362,231,20240930,2024-09-30,3,1133700,835275.0
643,1992,20240930,2024-09-30,1,1133000,849750.0
1144,722,20240930,2024-09-30,2,1133000,824750.0
1295,235,20240930,2024-09-30,5,1132000,835250.0
1357,2154,20240930,2024-09-30,1,1130600,847950.0
163,961,20240930,2024-09-30,9,1130500,960925.0
614,877,20240930,2024-09-30,1,1130000,847500.0
680,157,20240930,2024-09-30,2,1130000,735000.0
795,1936,20240930,2024-09-30,1,1130000,847500.0
384,285,20240930,2024-09-30,1,1129500,847125.0
1435,1389,20240930,2024-09-30,7,1129500,814625.0
552,1468,20240930,2024-09-30,1,1128600,846450.0
479,1480,20240930,2024-09-30,4,1128000,794000.0
309,927,20240930,2024-09-30,2,1127500,783125.0
183,2125,20240930,2024-09-30,2,1127400,770550.0
1295,561,20240930,2024-09-30,8,1127000,848255.0
239,542,20240930,2024-09-30,1,1127000,845250.0
51,124,20240930,2024-09-30,1,1126600,844950.0
657,309,20240930,2024-09-30,1,1126500,844875.0
1295,2174,20240930,2024-09-30,4,1126500,813625.0
305,1523,20240930,2024-09-30,3,1126300,871455.0
1441,293,20240930,2024-09-30,4,1125000,871250.0
121,148,20240930,2024-09-30,1,1125000,843750.0
272,863,20240930,2024-09-30,5,1125000,762500.0
1362,2333,20240930,2024-09-30,1,1125000,843750.0
235,301,20240930,2024-09-30,3,1125000,865750.0
170,1707,20240930,2024-09-30,1,1125000,843750.0
988,861,20240930,2024-09-30,1,1125000,843750.0
1030,170,20240930,2024-09-30,3,1124000,824250.0
1220,2184,20240930,2024-09-30,1,1124000,843000.0
152,261,20240930,2024-09-30,2,1124000,811750.0
754,285,20240930,2024-09-30,1,1124000,843000.0
235,1905,20240930,2024-09-30,3,1123400,854550.0
857,1121,20240930,2024-09-30,2,1123000,842250.0
235,1396,20240930,2024-09-30,2,1123000,847250.0
652,1516,20240930,2024-09-30,5,1122500,856875.0
1217,1625,20240930,2024-09-30,1,1122000,841500.0
403,863,20240930,2024-09-30,1,1122000,841500.0
818,255,20240930,2024-09-30,21,1122000,707950.0
1362,184,20240930,2024-09-30,3,1121600,818700.0
1222,1576,20240930,2024-09-30,4,1121500,816125.0
721,125,20240930,2024-09-30,2,1121000,840750.0
479,1228,20240930,2024-09-30,3,1120100,869885.0
614,2208,20240930,2024-09-30,1,1120000,840000.0
682,1579,20240930,2024-09-30,3,1120000,785000.0
472,176,20240930,2024-09-30,1,1120000,840000.0
209,2268,20240930,2024-09-30,5,1120000,847000.0
341,2241,20240930,2024-09-30,15,1120000,842900.0
10,1968,20240930,2024-09-30,1,1120000,840000.0
205,978,20240930,2024-09-30,2,1120000,715000.0
754,1549,20240930,2024-09-30,7,1119600,819800.0
95,2268,20240930,2024-09-30,1,1119000,839250.0
905,107,20240930,2024-09-30,3,1119000,830750.0
742,132,20240930,2024-09-30,3,1118400,833300.0
1093,853,20240930,2024-09-30,7,1118000,647800.0
445,1714,20240930,2024-09-30,2,1117300,812975.0
811,135,20240930,2024-09-30,5,1117000,857750.0
163,1388,20240930,2024-09-30,9,1116100,948685.0
905,336,20240930,2024-09-30,1,1116000,837000.0
156,2268,20240930,2024-09-30,6,1116000,558000.0
1163,1300,20240930,2024-09-30,6,1116000,872600.0
1237,290,20240930,2024-09-30,1,1115800,836850.0
1362,1857,20240930,2024-09-30,2,1115500,791625.0
239,935,20240930,2024-09-30,1,1115000,836250.0
1295,41,20240930,2024-09-30,2,1114000,823000.0
594,860,20240930,2024-09-30,7,1114000,785500.0
643,417,20240930,2024-09-30,1,1114000,835500.0
522,107,20240930,2024-09-30,1,1114000,835500.0
479,260,20240930,2024-09-30,1,1113700,835275.0
28,978,20240930,2024-09-30,1,1113100,834825.0
235,53,20240930,2024-09-30,2,1112800,849600.0
90,1693,20240930,2024-09-30,2,1112400,834300.0
830,211,20240930,2024-09-30,1,1111900,833925.0
1295,915,20240930,2024-09-30,8,1111600,753700.0
1089,1523,20240930,2024-09-30,2,1111500,833625.0
302,1822,20240930,2024-09-30,1,1111000,833250.0
510,842,20240930,2024-09-30,3,1111000,833250.0
818,1450,20240930,2024-09-30,13,1111000,670500.0
51,1274,20240930,2024-09-30,2,1110700,833025.0
657,280,20240930,2024-09-30,2,1110300,832725.0
1241,514,20240930,2024-09-30,6,1110300,555150.0
1207,1992,20240930,2024-09-30,2,1110000,832500.0
1065,156,20240930,2024-09-30,4,1110000,843500.0
988,2235,20240930,2024-09-30,1,1110000,832500.0
380,1857,20240930,2024-09-30,1,1110000,832500.0
1214,2048,20240930,2024-09-30,1,1110000,832500.0
209,593,20240930,2024-09-30,3,1110000,832500.0
614,1390,20240930,2024-09-30,2,1109000,831750.0
767,301,20240930,2024-09-30,1,1109000,831750.0
510,1882,20240930,2024-09-30,1,1109000,831750.0
1198,300,20240930,2024-09-30,1,1108500,831375.0
235,927,20240930,2024-09-30,1,1108400,831300.0
235,1349,20240930,2024-09-30,2,1107000,845250.0
81,883,20240930,2024-09-30,2,1107000,792750.0
818,859,20240930,2024-09-30,11,1107000,676000.0
540,2208,20240930,2024-09-30,3,1106800,822600.0
349,2326,20240930,2024-09-30,2,1106500,791875.0
376,697,20240930,2024-09-30,1,1106000,829500.0
293,261,20240930,2024-09-30,1,1105200,828900.0
1295,969,20240930,2024-09-30,6,1105000,784000.0
1226,2083,20240930,2024-09-30,1,1105000,828750.0
510,26,20240930,2024-09-30,1,1105000,828750.0
742,559,20240930,2024-09-30,8,1105000,552500.0
121,2255,20240930,2024-09-30,1,1105000,828750.0
1269,529,20240930,2024-09-30,1,1105000,828750.0
905,2206,20240930,2024-09-30,6,1105000,809250.0
474,1865,20240930,2024-09-30,5,1104600,838450.0
916,1274,20240930,2024-09-30,2,1104600,828450.0
1017,1845,20240930,2024-09-30,1,1104400,828300.0
205,541,20240930,2024-09-30,2,1103000,827250.0
479,138,20240930,2024-09-30,2,1103000,827250.0
1217,2118,20240930,2024-09-30,2,1102900,827175.0
1264,935,20240930,2024-09-30,3,1102800,827100.0
856,293,20240930,2024-09-30,1,1102500,826875.0
202,355,20240930,2024-09-30,2,1102500,776875.0
1116,1834,20240930,2024-09-30,1,1102000,826500.0
1237,978,20240930,2024-09-30,2,1101800,763850.0
1109,2264,20240930,2024-09-30,1,1101700,826275.0
1435,1822,20240930,2024-09-30,4,1101500,817375.0
264,935,20240930,2024-09-30,2,1100200,825150.0
25,2323,20240930,2024-09-30,2,1100100,795075.0
588,1385,20240930,2024-09-30,1,1100000,825000.0
807,1300,20240930,2024-09-30,1,1100000,825000.0
838,2208,20240930,2024-09-30,1,1100000,825000.0
170,882,20240930,2024-09-30,1,1100000,825000.0
905,870,20240930,2024-09-30,3,1100000,825000.0
618,1374,20240930,2024-09-30,1,1100000,825000.0
795,165,20240930,2024-09-30,4,1100000,835500.0
1126,444,20240930,2024-09-30,1,1100000,825000.0
109,353,20240930,2024-09-30,5,1100000,550000.0
702,285,20240930,2024-09-30,1,1100000,825000.0
510,1573,20240930,2024-09-30,1,1100000,825000.0
905,1374,20240930,2024-09-30,3,1100000,835000.0
905,801,20240930,2024-09-30,1,1100000,825000.0
235,411,20240930,2024-09-30,2,1100000,825000.0
851,2291,20240930,2024-09-30,2,1100000,825000.0
898,355,20240930,2024-09-30,1,1100000,825000.0
671,1708,20240930,2024-09-30,1,1100000,825000.0
462,265,20240930,2024-09-30,2,1100000,800000.0
1357,157,20240930,2024-09-30,1,1100000,825000.0
462,302,20240930,2024-09-30,1,1100000,825000.0
1219,1489,20240930,2024-09-30,6,1100000,550000.0
463,163,20240930,2024-09-30,1,1100000,825000.0
1454,1671,20240930,2024-09-30,2,1100000,800000.0
584,2189,20240930,2024-09-30,1,1100000,825000.0
1065,1251,20240930,2024-09-30,3,1100000,835000.0
170,252,20240930,2024-09-30,1,1100000,825000.0
175,1378,20240930,2024-09-30,2,1100000,825000.0
1220,57,20240930,2024-09-30,1,1100000,825000.0
702,361,20240930,2024-09-30,1,1100000,825000.0
1295,135,20240930,2024-09-30,6,1099000,789250.0
1078,1554,20240930,2024-09-30,2,1099000,799250.0
1295,842,20240930,2024-09-30,6,1098300,801225.0
472,286,20240930,2024-09-30,1,1098300,823725.0
1320,959,20240930,2024-09-30,1,1098200,823650.0
209,1155,20240930,2024-09-30,3,1098100,823575.0
1295,305,20240930,2024-09-30,4,1098000,798500.0
1295,823,20240930,2024-09-30,6,1097600,806950.0
851,981,20240930,2024-09-30,1,1096400,822300.0
419,1696,20240930,2024-09-30,1,1096300,822225.0
1427,2278,20240930,2024-09-30,2,1096000,822000.0
980,157,20240930,2024-09-30,1,1096000,822000.0
10,1692,20240930,2024-09-30,1,1095600,821700.0
1268,640,20240930,2024-09-30,6,1095000,711750.0
209,1669,20240930,2024-09-30,4,1095000,836250.0
1472,1424,20240930,2024-09-30,1,1095000,821250.0
977,1992,20240930,2024-09-30,4,1094700,734775.0
197,2344,20240930,2024-09-30,1,1094000,820500.0
350,747,20240930,2024-09-30,7,1094000,635250.0
1285,589,20240930,2024-09-30,5,1093800,839350.0
1123,1845,20240930,2024-09-30,3,1093700,820275.0
916,1519,20240930,2024-09-30,1,1093000,819750.0
742,1392,20240930,2024-09-30,8,1092500,546250.0
1237,2203,20240930,2024-09-30,1,1092400,819300.0
393,164,20240930,2024-09-30,1,1092300,819225.0
742,666,20240930,2024-09-30,3,1092000,769000.0
309,1981,20240930,2024-09-30,4,1090300,662025.0
197,2128,20240930,2024-09-30,1,1090000,817500.0
74,1618,20240930,2024-09-30,1,1090000,817500.0
264,2122,20240930,2024-09-30,1,1089000,816750.0
987,1470,20240930,2024-09-30,5,1088900,544450.0
1082,18,20240930,2024-09-30,1,1088000,816000.0
483,2006,20240930,2024-09-30,1,1086600,977940.0
818,2176,20240930,2024-09-30,11,1086300,707955.0
522,1640,20240930,2024-09-30,2,1086000,789500.0
671,314,20240930,2024-09-30,2,1086000,814500.0
1217,1469,20240930,2024-09-30,2,1085100,813825.0
1163,301,20240930,2024-09-30,4,1085000,813750.0
235,1679,20240930,2024-09-30,3,1085000,827750.0
988,1004,20240930,2024-09-30,1,1085000,813750.0
258,1039,20240930,2024-09-30,4,1084000,773000.0
520,1951,20240930,2024-09-30,1,1084000,813000.0
721,122,20240930,2024-09-30,1,1083400,812550.0
163,598,20240930,2024-09-30,4,1083000,842350.0
1219,899,20240930,2024-09-30,8,1083000,716500.0
972,949,20240930,2024-09-30,3,1082000,611500.0
1409,883,20240930,2024-09-30,1,1082000,811500.0
479,170,20240930,2024-09-30,4,1082000,841500.0
163,309,20240930,2024-09-30,5,1081700,869445.0
919,1121,20240930,2024-09-30,7,1081200,844020.0
309,915,20240930,2024-09-30,1,1081200,810900.0
508,2048,20240930,2024-09-30,2,1080600,810450.0
209,1935,20240930,2024-09-30,4,1080000,820000.0
503,1544,20240930,2024-09-30,2,1080000,785000.0
420,593,20240930,2024-09-30,1,1080000,810000.0
1356,290,20240930,2024-09-30,1,1080000,810000.0
905,722,20240930,2024-09-30,4,1080000,833000.0
983,188,20240930,2024-09-30,1,1080000,810000.0
1163,302,20240930,2024-09-30,6,1080000,858000.0
10,1948,20240930,2024-09-30,1,1080000,810000.0
1065,321,20240930,2024-09-30,1,1079900,809925.0
1065,2136,20240930,2024-09-30,3,1079000,819250.0
1369,866,20240930,2024-09-30,20,1078600,539300.0
163,176,20240930,2024-09-30,6,1078000,883500.0
1219,1382,20240930,2024-09-30,8,1078000,642750.0
228,300,20240930,2024-09-30,1,1077800,808350.0
1065,1545,20240930,2024-09-30,5,1077000,814750.0
235,199,20240930,2024-09-30,6,1076500,875275.0
1435,2273,20240930,2024-09-30,4,1076500,797375.0
919,978,20240930,2024-09-30,9,1076500,843215.0
1295,1543,20240930,2024-09-30,11,1075600,681950.0
1219,854,20240930,2024-09-30,11,1075500,626875.0
1295,53,20240930,2024-09-30,2,1075400,787800.0
309,130,20240930,2024-09-30,5,1075000,537500.0
795,74,20240930,2024-09-30,1,1075000,806250.0
1195,1662,20240930,2024-09-30,2,1075000,806250.0
905,24,20240930,2024-09-30,2,1075000,806250.0
795,667,20240930,2024-09-30,1,1075000,806250.0
1435,2275,20240930,2024-09-30,1,1075000,806250.0
192,1708,20240930,2024-09-30,1,1075000,806250.0
1217,217,20240930,2024-09-30,1,1075000,806250.0
905,264,20240930,2024-09-30,5,1075000,828750.0
1327,1676,20240930,2024-09-30,1,1075000,806250.0
1424,157,20240930,2024-09-30,4,1074000,834900.0
393,2079,20240930,2024-09-30,3,1073200,748650.0
28,949,20240930,2024-09-30,1,1072900,804675.0
1295,64,20240930,2024-09-30,4,1072800,787100.0
479,2184,20240930,2024-09-30,4,1072500,813125.0
272,864,20240930,2024-09-30,4,1072500,698750.0
1065,2097,20240930,2024-09-30,13,1071500,867625.0
328,2400,20240930,2024-09-30,3,1071000,800050.0
420,507,20240930,2024-09-30,1,1071000,803250.0
1295,1581,20240930,2024-09-30,16,1070400,620550.0
754,978,20240930,2024-09-30,6,1070000,660000.0
988,2189,20240930,2024-09-30,1,1070000,802500.0
905,1464,20240930,2024-09-30,2,1070000,802500.0
742,1435,20240930,2024-09-30,5,1070000,535000.0
259,949,20240930,2024-09-30,1,1070000,802500.0
569,1523,20240930,2024-09-30,2,1070000,802500.0
1390,1390,20240930,2024-09-30,3,1068500,813875.0
589,1464,20240930,2024-09-30,13,1068500,534250.0
666,1004,20240930,2024-09-30,1,1068000,801000.0
1435,866,20240930,2024-09-30,1,1067200,800400.0
584,1656,20240930,2024-09-30,1,1067000,800250.0
235,169,20240930,2024-09-30,2,1065900,809425.0
209,1383,20240930,2024-09-30,3,1065000,798750.0
209,170,20240930,2024-09-30,5,1065000,835250.0
380,303,20240930,2024-09-30,1,1065000,798750.0
209,286,20240930,2024-09-30,3,1065000,798750.0
977,1516,20240930,2024-09-30,9,1065000,732500.0
163,191,20240930,2024-09-30,8,1064600,889910.0
1185,861,20240930,2024-09-30,22,1064600,715240.0
479,1383,20240930,2024-09-30,4,1064000,830500.0
1020,157,20240930,2024-09-30,1,1063000,797250.0
712,1714,20240930,2024-09-30,1,1063000,797250.0
951,961,20240930,2024-09-30,1,1062900,797175.0
1219,2158,20240930,2024-09-30,10,1062600,634300.0
209,2008,20240930,2024-09-30,3,1062500,796875.0
586,261,20240930,2024-09-30,1,1062500,796875.0
1362,1100,20240930,2024-09-30,1,1062000,796500.0
865,309,20240930,2024-09-30,1,1062000,796500.0
74,1596,20240930,2024-09-30,1,1062000,796500.0
1258,1161,20240930,2024-09-30,2,1061200,805660.0
1295,460,20240930,2024-09-30,1,1061000,795750.0
510,1439,20240930,2024-09-30,1,1060000,795000.0
481,2291,20240930,2024-09-30,1,1060000,795000.0
242,2122,20240930,2024-09-30,2,1059400,794550.0
114,2387,20240930,2024-09-30,4,1059000,794250.0
1409,170,20240930,2024-09-30,1,1059000,794250.0
235,355,20240930,2024-09-30,8,1058200,899470.0
393,761,20240930,2024-09-30,2,1057700,793275.0
1435,201,20240930,2024-09-30,10,1057500,751875.0
629,745,20240930,2024-09-30,2,1056100,792075.0
1030,997,20240930,2024-09-30,3,1055500,729125.0
200,261,20240930,2024-09-30,7,1055000,839250.0
982,303,20240930,2024-09-30,2,1055000,791250.0
685,2333,20240930,2024-09-30,2,1055000,791250.0
1390,1574,20240930,2024-09-30,1,1055000,791250.0
1466,1981,20240930,2024-09-30,6,1055000,866250.0
106,1274,20240930,2024-09-30,5,1054100,773075.0
319,314,20240930,2024-09-30,2,1054000,790500.0
234,465,20240930,2024-09-30,4,1053000,804050.0
1065,250,20240930,2024-09-30,9,1051000,813000.0
742,977,20240930,2024-09-30,5,1050500,525250.0
235,262,20240930,2024-09-30,3,1050000,795000.0
1431,246,20240930,2024-09-30,8,1050000,525000.0
1124,2287,20240930,2024-09-30,2,1050000,775000.0
811,157,20240930,2024-09-30,3,1050000,787500.0
795,729,20240930,2024-09-30,1,1050000,787500.0
1116,1377,20240930,2024-09-30,1,1050000,787500.0
795,35,20240930,2024-09-30,1,1050000,787500.0
463,1383,20240930,2024-09-30,2,1050000,937500.0
1366,1516,20240930,2024-09-30,1,1050000,787500.0
109,1952,20240930,2024-09-30,3,1050000,525000.0
905,2136,20240930,2024-09-30,3,1050000,787500.0
905,845,20240930,2024-09-30,1,1050000,787500.0
791,564,20240930,2024-09-30,3,1050000,525000.0
1065,1489,20240930,2024-09-30,3,1050000,792500.0
163,2011,20240930,2024-09-30,7,1050000,892500.0
632,188,20240930,2024-09-30,2,1050000,750000.0
477,201,20240930,2024-09-30,1,1049800,787350.0
1295,1660,20240930,2024-09-30,4,1049000,649250.0
742,593,20240930,2024-09-30,5,1047000,523500.0
1424,1309,20240930,2024-09-30,1,1047000,785250.0
905,1390,20240930,2024-09-30,5,1046400,809440.0
775,157,20240930,2024-09-30,1,1045300,783975.0
176,203,20240930,2024-09-30,2,1045000,771250.0
1356,1679,20240930,2024-09-30,1,1045000,783750.0
988,122,20240930,2024-09-30,2,1045000,797750.0
231,1300,20240930,2024-09-30,4,1045000,791250.0
1065,1926,20240930,2024-09-30,12,1043500,818075.0
235,2125,20240930,2024-09-30,2,1043500,782625.0
1065,176,20240930,2024-09-30,5,1043000,792250.0
1234,1482,20240930,2024-09-30,12,1042500,703880.0
657,301,20240930,2024-09-30,1,1042300,781725.0
1435,1480,20240930,2024-09-30,4,1042000,767750.0
462,959,20240930,2024-09-30,3,1042000,744000.0
442,264,20240930,2024-09-30,1,1041500,781125.0
403,203,20240930,2024-09-30,1,1041000,780750.0
601,186,20240930,2024-09-30,1,1040700,780525.0
1195,1004,20240930,2024-09-30,3,1040100,689335.0
905,2064,20240930,2024-09-30,1,1040000,780000.0
480,585,20240930,2024-09-30,5,1040000,746250.0
905,169,20240930,2024-09-30,5,1040000,776250.0
1346,2083,20240930,2024-09-30,2,1039000,779250.0
905,935,20240930,2024-09-30,3,1039000,766750.0
1195,1338,20240930,2024-09-30,2,1038900,784175.0
1065,1813,20240930,2024-09-30,6,1038500,797375.0
102,163,20240930,2024-09-30,2,1038000,793500.0
1217,905,20240930,2024-09-30,1,1037800,778350.0
784,143,20240930,2024-09-30,5,1037700,823275.0
462,1839,20240930,2024-09-30,1,1037700,778275.0
197,2291,20240930,2024-09-30,3,1037700,778275.0
613,2099,20240930,2024-09-30,3,1035600,761700.0
1295,1580,20240930,2024-09-30,8,1035000,763750.0
1390,1519,20240930,2024-09-30,2,1035000,786250.0
403,335,20240930,2024-09-30,2,1035000,776250.0
754,214,20240930,2024-09-30,3,1035000,776350.0
1065,1735,20240930,2024-09-30,5,1034500,742125.0
934,595,20240930,2024-09-30,5,1034500,775875.0
733,128,20240930,2024-09-30,1,1034100,775575.0
552,146,20240930,2024-09-30,1,1034000,775500.0
795,242,20240930,2024-09-30,2,1034000,750500.0
1435,1719,20240930,2024-09-30,16,1033900,711675.0
1295,756,20240930,2024-09-30,4,1033500,743875.0
305,388,20240930,2024-09-30,3,1033400,778210.0
1466,175,20240930,2024-09-30,1,1032900,774675.0
305,122,20240930,2024-09-30,10,1030500,875925.0
1435,1844,20240930,2024-09-30,3,1030000,763750.0
1390,1819,20240930,2024-09-30,2,1030000,772500.0
1435,503,20240930,2024-09-30,3,1030000,765000.0
867,169,20240930,2024-09-30,2,1030000,772500.0
403,640,20240930,2024-09-30,2,1030000,772500.0
967,1676,20240930,2024-09-30,1,1029000,771750.0
783,2083,20240930,2024-09-30,2,1029000,771750.0
479,1033,20240930,2024-09-30,2,1028500,771375.0
613,1992,20240930,2024-09-30,2,1028000,771000.0
1065,1235,20240930,2024-09-30,3,1027500,770625.0
1411,559,20240930,2024-09-30,1,1027000,770250.0
1295,314,20240930,2024-09-30,3,1026300,772225.0
1440,979,20240930,2024-09-30,1,1026000,769500.0
1435,154,20240930,2024-09-30,6,1026000,747000.0
905,1813,20240930,2024-09-30,5,1025000,790000.0
977,1397,20240930,2024-09-30,4,1025000,750000.0
905,351,20240930,2024-09-30,7,1025000,766250.0
1072,1948,20240930,2024-09-30,1,1025000,768750.0
905,2189,20240930,2024-09-30,1,1025000,768750.0
665,2136,20240930,2024-09-30,3,1025000,768750.0
905,181,20240930,2024-09-30,5,1025000,757500.0
170,291,20240930,2024-09-30,1,1025000,768750.0
742,367,20240930,2024-09-30,4,1024000,512000.0
522,1888,20240930,2024-09-30,1,1024000,768000.0
235,163,20240930,2024-09-30,4,1023500,807625.0
1435,981,20240930,2024-09-30,3,1023100,761075.0
36,499,20240930,2024-09-30,1,1022700,767025.0
309,1998,20240930,2024-09-30,1,1022400,766800.0
1065,2087,20240930,2024-09-30,2,1022000,766500.0
1454,1716,20240930,2024-09-30,3,1022000,766500.0
501,301,20240930,2024-09-30,2,1021900,773715.0
1411,261,20240930,2024-09-30,2,1021500,766125.0
393,2048,20240930,2024-09-30,1,1020800,765600.0
618,747,20240930,2024-09-30,1,1020600,765450.0
109,1914,20240930,2024-09-30,1,1020000,765000.0
671,2341,20240930,2024-09-30,1,1020000,765000.0
235,1274,20240930,2024-09-30,3,1020000,785100.0
895,1554,20240930,2024-09-30,3,1020000,510000.0
479,177,20240930,2024-09-30,1,1020000,765000.0
163,1685,20240930,2024-09-30,7,1019000,840350.0
1051,2206,20240930,2024-09-30,1,1018300,763725.0
78,2307,20240930,2024-09-30,2,1018000,758500.0
791,541,20240930,2024-09-30,3,1018000,509000.0
1065,1641,20240930,2024-09-30,7,1018000,761000.0
1044,1573,20240930,2024-09-30,3,1014500,723375.0
233,146,20240930,2024-09-30,3,1014000,760500.0
479,258,20240930,2024-09-30,3,1013000,759750.0
1295,1524,20240930,2024-09-30,11,1011800,641320.0
109,1851,20240930,2024-09-30,3,1010900,688175.0
1368,2275,20240930,2024-09-30,6,1010200,695150.0
754,942,20240930,2024-09-30,2,1010000,752500.0
14,157,20240930,2024-09-30,5,1010000,757500.0
156,132,20240930,2024-09-30,2,1010000,755000.0
479,1385,20240930,2024-09-30,1,1010000,757500.0
1417,2315,20240930,2024-09-30,3,1009500,634625.0
170,1395,20240930,2024-09-30,2,1009000,741750.0
1368,1644,20240930,2024-09-30,6,1008000,699750.0
671,1496,20240930,2024-09-30,1,1008000,756000.0
1163,869,20240930,2024-09-30,2,1008000,756000.0
1368,1642,20240930,2024-09-30,16,1007700,607275.0
339,718,20240930,2024-09-30,2,1007000,703500.0
1065,2220,20240930,2024-09-30,7,1006500,775175.0
1129,2079,20240930,2024-09-30,1,1006000,754500.0
1295,2080,20240930,2024-09-30,4,1005500,736625.0
664,276,20240930,2024-09-30,2,1005000,666250.0
901,1467,20240930,2024-09-30,2,1005000,753750.0
97,1789,20240930,2024-09-30,17,1004900,502450.0
400,1471,20240930,2024-09-30,11,1004500,585525.0
919,168,20240930,2024-09-30,12,1004500,853825.0
1183,570,20240930,2024-09-30,2,1003000,752250.0
818,1440,20240930,2024-09-30,9,1003000,600250.0
149,1139,20240930,2024-09-30,1,1003000,752250.0
240,650,20240930,2024-09-30,6,1002400,716580.0
905,155,20240930,2024-09-30,4,1002000,766500.0
1219,1387,20240930,2024-09-30,12,1001800,500900.0
479,593,20240930,2024-09-30,4,1000600,778450.0
397,693,20240930,2024-09-30,2,1000400,750300.0
1420,2329,20240930,2024-09-30,1,1000000,750000.0
286,1685,20240930,2024-09-30,2,1000000,750000.0
119,1080,20240930,2024-09-30,2,1000000,500000.0
1362,2330,20240930,2024-09-30,1,1000000,750000.0
264,1992,20240930,2024-09-30,2,1000000,750000.0
4,122,20240930,2024-09-30,1,1000000,750000.0
974,1410,20240930,2024-09-30,1,1000000,750000.0
510,1097,20240930,2024-09-30,1,1000000,750000.0
158,545,20240930,2024-09-30,1,1000000,750000.0
1216,293,20240930,2024-09-30,1,1000000,750000.0
1124,995,20240930,2024-09-30,1,1000000,900000.0
4,948,20240930,2024-09-30,1,1000000,750000.0
1427,2244,20240930,2024-09-30,1,1000000,750000.0
197,163,20240930,2024-09-30,1,1000000,750000.0
1441,2016,20240930,2024-09-30,1,1000000,750000.0
434,1851,20240930,2024-09-30,1,1000000,750000.0
1065,2284,20240930,2024-09-30,2,1000000,750000.0
258,1869,20240930,2024-09-30,1,1000000,750000.0
491,1552,20240930,2024-09-30,2,1000000,750000.0
1362,1256,20240930,2024-09-30,1,1000000,200000.0
65,1044,20240930,2024-09-30,1,1000000,750000.0
309,157,20240930,2024-09-30,2,1000000,500000.0
721,231,20240930,2024-09-30,1,1000000,750000.0
616,1062,20240930,2024-09-30,1,1000000,900000.0
873,2119,20240930,2024-09-30,2,1000000,500000.0
905,1601,20240930,2024-09-30,1,1000000,750000.0
905,2055,20240930,2024-09-30,1,1000000,750000.0
812,2131,20240930,2024-09-30,1,1000000,750000.0
734,1987,20240930,2024-09-30,1,1000000,750000.0
1356,298,20240930,2024-09-30,2,1000000,750000.0
1472,268,20240930,2024-09-30,1,1000000,750000.0
163,1998,20240930,2024-09-30,2,1000000,750000.0
274,2336,20240930,2024-09-30,1,1000000,750000.0
316,1298,20240930,2024-09-30,1,1000000,750000.0
913,2320,20240930,2024-09-30,1,1000000,750000.0
865,170,20240930,2024-09-30,1,1000000,750000.0
1357,294,20240930,2024-09-30,1,1000000,750000.0
520,2085,20240930,2024-09-30,1,1000000,750000.0
618,1266,20240930,2024-09-30,1,1000000,750000.0
795,345,20240930,2024-09-30,1,1000000,750000.0
44,2079,20240930,2024-09-30,1,1000000,750000.0
540,545,20240930,2024-09-30,2,1000000,737500.0
613,2008,20240930,2024-09-30,2,1000000,750000.0
905,887,20240930,2024-09-30,4,1000000,772500.0
1367,1017,20240930,2024-09-30,1,1000000,750000.0
228,1977,20240930,2024-09-30,2,1000000,625000.0
617,1814,20240930,2024-09-30,1,1000000,900000.0
1072,293,20240930,2024-09-30,1,1000000,900000.0
1180,578,20240930,2024-09-30,2,1000000,650000.0
860,1571,20240930,2024-09-30,1,1000000,750000.0
640,942,20240930,2024-09-30,1,1000000,750000.0
306,188,20240930,2024-09-30,5,1000000,775500.0
500,2258,20240930,2024-09-30,1,1000000,750000.0
584,2209,20240930,2024-09-30,1,1000000,750000.0
4,887,20240930,2024-09-30,1,1000000,750000.0
9,1039,20240930,2024-09-30,2,1000000,750000.0
991,1383,20240930,2024-09-30,2,1000000,662500.0
1068,170,20240930,2024-09-30,1,1000000,750000.0
724,211,20240930,2024-09-30,1,1000000,750000.0
1055,2215,20240930,2024-09-30,1,1000000,750000.0
905,675,20240930,2024-09-30,1,1000000,750000.0
1077,380,20240930,2024-09-30,1,1000000,750000.0
1356,1981,20240930,2024-09-30,1,1000000,750000.0
1392,146,20240930,2024-09-30,2,1000000,750000.0
1452,559,20240930,2024-09-30,2,1000000,625000.0
795,1837,20240930,2024-09-30,1,1000000,750000.0
92,181,20240930,2024-09-30,1,1000000,750000.0
197,1378,20240930,2024-09-30,2,1000000,625000.0
59,268,20240930,2024-09-30,1,1000000,750000.0
209,1480,20240930,2024-09-30,2,1000000,750000.0
510,1599,20240930,2024-09-30,1,1000000,750000.0
472,1662,20240930,2024-09-30,1,1000000,750000.0
10,611,20240930,2024-09-30,1,1000000,750000.0
1472,303,20240930,2024-09-30,1,1000000,750000.0
510,1188,20240930,2024-09-30,1,1000000,750000.0
617,148,20240930,2024-09-30,1,1000000,900000.0
4,1977,20240930,2024-09-30,1,1000000,750000.0
38,829,20240930,2024-09-30,1,1000000,750000.0
410,2315,20240930,2024-09-30,1,1000000,750000.0
74,1636,20240930,2024-09-30,1,1000000,750000.0
657,2118,20240930,2024-09-30,1,1000000,750000.0
462,2206,20240930,2024-09-30,1,1000000,750000.0
618,1043,20240930,2024-09-30,1,1000000,750000.0
316,341,20240930,2024-09-30,1,1000000,750000.0
864,135,20240930,2024-09-30,1,1000000,750000.0
858,2242,20240930,2024-09-30,1,1000000,750000.0
1065,449,20240930,2024-09-30,1,1000000,750000.0
453,460,20240930,2024-09-30,1,1000000,750000.0
617,1992,20240930,2024-09-30,1,1000000,900000.0
860,915,20240930,2024-09-30,1,1000000,750000.0
905,1494,20240930,2024-09-30,1,1000000,750000.0
197,53,20240930,2024-09-30,1,1000000,750000.0
905,296,20240930,2024-09-30,3,1000000,770000.0
1065,1979,20240930,2024-09-30,1,1000000,750000.0
1070,1134,20240930,2024-09-30,1,1000000,750000.0
170,853,20240930,2024-09-30,1,1000000,750000.0
1362,906,20240930,2024-09-30,1,1000000,750000.0
4,2099,20240930,2024-09-30,1,1000000,750000.0
587,1480,20240930,2024-09-30,1,1000000,750000.0
280,2295,20240930,2024-09-30,1,1000000,750000.0
846,1735,20240930,2024-09-30,2,1000000,700000.0
211,825,20240930,2024-09-30,1,1000000,750000.0
726,1300,20240930,2024-09-30,1,1000000,750000.0
462,1573,20240930,2024-09-30,2,1000000,725000.0
685,2288,20240930,2024-09-30,3,1000000,725000.0
1179,1047,20240930,2024-09-30,1,1000000,750000.0
436,147,20240930,2024-09-30,1,1000000,750000.0
560,290,20240930,2024-09-30,1,1000000,750000.0
180,1054,20240930,2024-09-30,1,1000000,750000.0
1219,1279,20240930,2024-09-30,1,1000000,750000.0
468,1977,20240930,2024-09-30,1,1000000,750000.0
197,2036,20240930,2024-09-30,1,1000000,750000.0
353,1378,20240930,2024-09-30,1,1000000,750000.0
552,260,20240930,2024-09-30,1,1000000,750000.0
933,1471,20240930,2024-09-30,2,1000000,750000.0
4,296,20240930,2024-09-30,1,1000000,750000.0
170,24,20240930,2024-09-30,1,1000000,750000.0
702,2230,20240930,2024-09-30,1,1000000,750000.0
1114,559,20240930,2024-09-30,1,1000000,750000.0
420,857,20240930,2024-09-30,1,1000000,750000.0
474,1869,20240930,2024-09-30,1,1000000,750000.0
757,157,20240930,2024-09-30,2,1000000,625000.0
121,2083,20240930,2024-09-30,1,1000000,750000.0
155,1714,20240930,2024-09-30,1,1000000,750000.0
10,1987,20240930,2024-09-30,1,1000000,750000.0
510,2015,20240930,2024-09-30,1,1000000,750000.0
657,2075,20240930,2024-09-30,1,1000000,750000.0
1034,146,20240930,2024-09-30,1,1000000,750000.0
1183,123,20240930,2024-09-30,1,1000000,750000.0
945,1079,20240930,2024-09-30,1,1000000,750000.0
29,1496,20240930,2024-09-30,1,1000000,750000.0
617,163,20240930,2024-09-30,2,1000000,825000.0
838,1981,20240930,2024-09-30,2,1000000,750000.0
637,146,20240930,2024-09-30,1,1000000,900000.0
503,1573,20240930,2024-09-30,2,1000000,500000.0
1360,477,20240930,2024-09-30,1,1000000,750000.0
795,1384,20240930,2024-09-30,1,1000000,750000.0
617,165,20240930,2024-09-30,1,1000000,900000.0
624,1685,20240930,2024-09-30,1,1000000,750000.0
905,1006,20240930,2024-09-30,1,1000000,750000.0
1362,2281,20240930,2024-09-30,2,1000000,700000.0
4,2128,20240930,2024-09-30,1,1000000,750000.0
905,2090,20240930,2024-09-30,1,1000000,750000.0
305,1834,20240930,2024-09-30,1,1000000,750000.0
657,831,20240930,2024-09-30,1,1000000,750000.0
991,1478,20240930,2024-09-30,1,1000000,750000.0
235,734,20240930,2024-09-30,1,1000000,750000.0
264,2126,20240930,2024-09-30,2,1000000,750000.0
269,997,20240930,2024-09-30,1,1000000,900000.0
965,2006,20240930,2024-09-30,1,1000000,750000.0
272,1672,20240930,2024-09-30,2,1000000,500000.0
283,1349,20240930,2024-09-30,1,1000000,750000.0
974,143,20240930,2024-09-30,1,1000000,750000.0
1061,1469,20240930,2024-09-30,2,1000000,625000.0
584,363,20240930,2024-09-30,1,1000000,750000.0
109,1280,20240930,2024-09-30,2,1000000,750000.0
393,1230,20240930,2024-09-30,1,1000000,750000.0
632,2118,20240930,2024-09-30,2,1000000,687500.0
1356,355,20240930,2024-09-30,2,1000000,712500.0
795,2001,20240930,2024-09-30,1,1000000,750000.0
380,1714,20240930,2024-09-30,2,1000000,625000.0
174,1862,20240930,2024-09-30,1,999900,749925.0
483,764,20240930,2024-09-30,1,999800,749850.0
491,1544,20240930,2024-09-30,2,999800,724850.0
235,2122,20240930,2024-09-30,1,999800,749850.0
259,906,20240930,2024-09-30,2,999500,726375.0
959,1968,20240930,2024-09-30,3,999500,648750.0
264,2151,20240930,2024-09-30,2,999100,749325.0
707,2344,20240930,2024-09-30,1,999000,749250.0
368,1822,20240930,2024-09-30,1,999000,749250.0
699,217,20240930,2024-09-30,1,999000,749250.0
522,335,20240930,2024-09-30,1,999000,749250.0
643,261,20240930,2024-09-30,1,999000,749250.0
1390,1920,20240930,2024-09-30,1,999000,749250.0
109,1839,20240930,2024-09-30,1,999000,749250.0
671,167,20240930,2024-09-30,1,999000,749250.0
671,2010,20240930,2024-09-30,1,999000,749250.0
1295,1951,20240930,2024-09-30,1,999000,749250.0
830,1039,20240930,2024-09-30,1,999000,749250.0
109,390,20240930,2024-09-30,1,999000,749250.0
808,1394,20240930,2024-09-30,1,998900,749175.0
59,407,20240930,2024-09-30,1,998600,748950.0
601,2105,20240930,2024-09-30,1,998100,748575.0
889,1813,20240930,2024-09-30,6,998000,731000.0
988,183,20240930,2024-09-30,1,998000,748500.0
1077,54,20240930,2024-09-30,1,998000,748500.0
163,186,20240930,2024-09-30,8,997600,847960.0
682,1545,20240930,2024-09-30,1,997600,748200.0
1217,2131,20240930,2024-09-30,1,997300,747975.0
393,811,20240930,2024-09-30,1,997000,747750.0
933,1374,20240930,2024-09-30,2,997000,735250.0
59,1031,20240930,2024-09-30,1,997000,747750.0
552,1626,20240930,2024-09-30,1,996600,747450.0
305,1968,20240930,2024-09-30,3,996500,777375.0
945,1066,20240930,2024-09-30,3,996400,762300.0
309,170,20240930,2024-09-30,5,995000,588750.0
311,160,20240930,2024-09-30,1,995000,746250.0
666,157,20240930,2024-09-30,2,995000,746250.0
1021,1845,20240930,2024-09-30,1,995000,746250.0
1367,1013,20240930,2024-09-30,1,995000,746250.0
179,1220,20240930,2024-09-30,1,995000,746250.0
738,437,20240930,2024-09-30,1,995000,746250.0
721,1383,20240930,2024-09-30,1,995000,746250.0
1386,1235,20240930,2024-09-30,1,995000,746250.0
216,167,20240930,2024-09-30,1,995000,746250.0
102,1711,20240930,2024-09-30,1,995000,746250.0
264,1947,20240930,2024-09-30,1,995000,746250.0
1237,2315,20240930,2024-09-30,2,995000,746250.0
347,1981,20240930,2024-09-30,1,995000,746250.0
117,877,20240930,2024-09-30,1,995000,746250.0
1195,1968,20240930,2024-09-30,1,995000,746250.0
1061,1516,20240930,2024-09-30,2,995000,621250.0
1295,1081,20240930,2024-09-30,2,995000,731250.0
988,1713,20240930,2024-09-30,1,995000,746250.0
742,229,20240930,2024-09-30,1,994500,745875.0
1124,2296,20240930,2024-09-30,1,994000,745500.0
437,191,20240930,2024-09-30,1,993200,744900.0
153,2291,20240930,2024-09-30,2,993000,707250.0
784,1992,20240930,2024-09-30,3,993000,759750.0
491,1839,20240930,2024-09-30,1,992800,744600.0
109,2208,20240930,2024-09-30,3,992800,675900.0
393,299,20240930,2024-09-30,1,992500,744375.0
293,309,20240930,2024-09-30,3,992100,756925.0
916,368,20240930,2024-09-30,1,992000,744000.0
442,977,20240930,2024-09-30,1,991900,743925.0
442,564,20240930,2024-09-30,1,991800,743850.0
618,2158,20240930,2024-09-30,2,991800,743850.0
995,1948,20240930,2024-09-30,6,991700,772945.0
70,83,20240930,2024-09-30,1,991600,743700.0
1027,2036,20240930,2024-09-30,3,991200,668400.0
540,747,20240930,2024-09-30,2,991000,730750.0
1034,171,20240930,2024-09-30,1,991000,743250.0
442,290,20240930,2024-09-30,1,991000,743250.0
1295,295,20240930,2024-09-30,2,991000,730750.0
818,240,20240930,2024-09-30,6,990000,674900.0
918,595,20240930,2024-09-30,1,990000,742500.0
209,203,20240930,2024-09-30,3,990000,751500.0
1370,1505,20240930,2024-09-30,1,990000,742500.0
834,291,20240930,2024-09-30,1,990000,742500.0
561,190,20240930,2024-09-30,1,990000,742500.0
415,704,20240930,2024-09-30,5,990000,666700.0
1295,279,20240930,2024-09-30,1,990000,742500.0
783,1338,20240930,2024-09-30,1,990000,742500.0
1435,2036,20240930,2024-09-30,3,990000,736250.0
102,355,20240930,2024-09-30,1,990000,742500.0
389,477,20240930,2024-09-30,1,990000,742500.0
1235,1987,20240930,2024-09-30,2,990000,705000.0
662,1098,20240930,2024-09-30,1,990000,742500.0
145,1147,20240930,2024-09-30,1,990000,742500.0
10,1202,20240930,2024-09-30,1,990000,742500.0
239,1388,20240930,2024-09-30,1,990000,742500.0
799,1274,20240930,2024-09-30,1,990000,742500.0
662,186,20240930,2024-09-30,1,990000,742500.0
592,148,20240930,2024-09-30,1,989600,742200.0
666,1086,20240930,2024-09-30,1,989500,742125.0
620,286,20240930,2024-09-30,1,989100,741825.0
618,53,20240930,2024-09-30,1,989000,741750.0
618,970,20240930,2024-09-30,1,989000,741750.0
479,325,20240930,2024-09-30,1,988200,741150.0
588,158,20240930,2024-09-30,4,988000,756000.0
540,2158,20240930,2024-09-30,1,988000,741000.0
579,1619,20240930,2024-09-30,3,987900,752925.0
505,661,20240930,2024-09-30,3,987000,727750.0
1269,2216,20240930,2024-09-30,1,987000,740250.0
1183,117,20240930,2024-09-30,1,986000,739500.0
795,1882,20240930,2024-09-30,1,986000,739500.0
942,1076,20240930,2024-09-30,2,986000,614500.0
613,2097,20240930,2024-09-30,2,986000,739500.0
74,1057,20240930,2024-09-30,6,985900,686425.0
462,285,20240930,2024-09-30,3,985600,705800.0
584,262,20240930,2024-09-30,1,985000,738750.0
637,160,20240930,2024-09-30,1,985000,738750.0
601,199,20240930,2024-09-30,2,985000,738750.0
795,857,20240930,2024-09-30,1,985000,738750.0
799,256,20240930,2024-09-30,1,985000,738750.0
588,1968,20240930,2024-09-30,2,985000,738750.0
1435,586,20240930,2024-09-30,1,985000,738750.0
783,1249,20240930,2024-09-30,1,985000,738750.0
302,270,20240930,2024-09-30,1,985000,738750.0
92,1645,20240930,2024-09-30,1,985000,738750.0
51,1247,20240930,2024-09-30,1,984800,738600.0
631,849,20240930,2024-09-30,3,984800,619900.0
1407,1477,20240930,2024-09-30,1,984500,738375.0
34,298,20240930,2024-09-30,1,984400,738300.0
1357,1466,20240930,2024-09-30,1,984000,738000.0
1362,2260,20240930,2024-09-30,2,983500,726125.0
1295,1501,20240930,2024-09-30,14,983300,545475.0
754,1572,20240930,2024-09-30,5,983100,714550.0
905,1280,20240930,2024-09-30,1,983000,737250.0
235,1417,20240930,2024-09-30,1,983000,737250.0
25,129,20240930,2024-09-30,1,982500,736875.0
413,355,20240930,2024-09-30,2,982000,736500.0
1113,2309,20240930,2024-09-30,1,981500,736125.0
235,296,20240930,2024-09-30,3,981200,751670.0
755,211,20240930,2024-09-30,1,981000,735750.0
664,1992,20240930,2024-09-30,2,981000,735750.0
857,1948,20240930,2024-09-30,2,981000,735750.0
1295,1669,20240930,2024-09-30,6,981000,713250.0
354,2125,20240930,2024-09-30,1,980700,735525.0
1407,1394,20240930,2024-09-30,1,980100,735075.0
163,424,20240930,2024-09-30,7,980000,833000.0
1401,1735,20240930,2024-09-30,2,980000,697500.0
491,1701,20240930,2024-09-30,3,980000,718000.0
186,861,20240930,2024-09-30,6,980000,615000.0
197,2159,20240930,2024-09-30,1,980000,735000.0
1472,314,20240930,2024-09-30,1,980000,735000.0
1380,430,20240930,2024-09-30,3,980000,740000.0
1454,122,20240930,2024-09-30,1,980000,735000.0
584,2164,20240930,2024-09-30,1,980000,735000.0
163,1479,20240930,2024-09-30,8,979200,832320.0
1065,345,20240930,2024-09-30,6,978900,761755.0
1295,282,20240930,2024-09-30,2,978200,721150.0
519,834,20240930,2024-09-30,2,978000,708500.0
703,158,20240930,2024-09-30,1,978000,733500.0
690,906,20240930,2024-09-30,1,977800,733350.0
919,2118,20240930,2024-09-30,11,977600,805960.0
6,1664,20240930,2024-09-30,6,977500,693125.0
751,697,20240930,2024-09-30,3,976600,732450.0
905,1651,20240930,2024-09-30,4,975000,761250.0
163,761,20240930,2024-09-30,6,975000,806250.0
302,201,20240930,2024-09-30,1,975000,731250.0
192,122,20240930,2024-09-30,1,975000,731250.0
916,761,20240930,2024-09-30,1,975000,731250.0
1055,870,20240930,2024-09-30,1,975000,731250.0
1200,300,20240930,2024-09-30,1,975000,731250.0
354,250,20240930,2024-09-30,1,975000,731250.0
433,176,20240930,2024-09-30,3,975000,581250.0
1403,1310,20240930,2024-09-30,11,975000,487500.0
1009,594,20240930,2024-09-30,2,975000,712500.0
159,305,20240930,2024-09-30,4,974900,731175.0
472,1300,20240930,2024-09-30,1,974000,730500.0
605,991,20240930,2024-09-30,2,973700,730275.0
919,233,20240930,2024-09-30,5,973300,752305.0
1357,1257,20240930,2024-09-30,1,973300,729975.0
523,516,20240930,2024-09-30,2,973300,692475.0
1295,2176,20240930,2024-09-30,4,972800,710850.0
712,285,20240930,2024-09-30,1,972100,729075.0
983,1274,20240930,2024-09-30,1,971900,728925.0
569,1349,20240930,2024-09-30,7,971600,718390.0
163,166,20240930,2024-09-30,7,971500,825775.0
683,649,20240930,2024-09-30,2,970900,715675.0
99,899,20240930,2024-09-30,7,970300,558125.0
795,1462,20240930,2024-09-30,1,970000,727500.0
1356,280,20240930,2024-09-30,2,970000,727500.0
197,299,20240930,2024-09-30,1,970000,727500.0
766,109,20240930,2024-09-30,1,970000,727500.0
971,638,20240930,2024-09-30,2,970000,732500.0
818,1472,20240930,2024-09-30,9,970000,570000.0
197,618,20240930,2024-09-30,2,970000,710000.0
1386,2174,20240930,2024-09-30,1,970000,727500.0
742,252,20240930,2024-09-30,3,970000,485000.0
197,1338,20240930,2024-09-30,2,970000,605000.0
1386,1284,20240930,2024-09-30,1,970000,727500.0
501,281,20240930,2024-09-30,1,969800,727350.0
170,855,20240930,2024-09-30,3,969000,720500.0
766,1968,20240930,2024-09-30,1,969000,726750.0
477,301,20240930,2024-09-30,1,969000,726750.0
163,1523,20240930,2024-09-30,7,968100,822885.0
170,321,20240930,2024-09-30,1,968000,726000.0
305,978,20240930,2024-09-30,5,968000,760300.0
264,2266,20240930,2024-09-30,1,968000,726000.0
272,1368,20240930,2024-09-30,2,967200,700400.0
479,302,20240930,2024-09-30,1,967200,725400.0
1295,785,20240930,2024-09-30,2,967000,712750.0
838,49,20240930,2024-09-30,2,967000,725250.0
1390,1398,20240930,2024-09-30,4,967000,755250.0
818,1468,20240930,2024-09-30,15,966900,627750.0
977,1523,20240930,2024-09-30,8,966400,694800.0
1295,1685,20240930,2024-09-30,6,966300,700975.0
10,146,20240930,2024-09-30,1,966000,724500.0
235,335,20240930,2024-09-30,7,965000,820250.0
643,302,20240930,2024-09-30,1,965000,723750.0
905,2058,20240930,2024-09-30,3,965000,738750.0
477,1479,20240930,2024-09-30,1,965000,723750.0
209,961,20240930,2024-09-30,4,965000,751750.0
1222,1554,20240930,2024-09-30,5,964500,628575.0
481,2272,20240930,2024-09-30,1,964000,723000.0
51,1888,20240930,2024-09-30,1,963800,722850.0
1295,2341,20240930,2024-09-30,8,963300,683725.0
894,160,20240930,2024-09-30,1,963000,722250.0
465,1693,20240930,2024-09-30,1,963000,722250.0
651,255,20240930,2024-09-30,2,963000,722250.0
264,826,20240930,2024-09-30,2,962500,721875.0
547,375,20240930,2024-09-30,1,962300,721725.0
955,961,20240930,2024-09-30,1,962100,721575.0
197,332,20240930,2024-09-30,2,962000,721500.0
479,1392,20240930,2024-09-30,1,962000,721500.0
483,1422,20240930,2024-09-30,1,961000,864900.0
1461,1371,20240930,2024-09-30,7,961000,480500.0
1466,229,20240930,2024-09-30,1,960900,720675.0
818,247,20240930,2024-09-30,10,960400,676300.0
579,2004,20240930,2024-09-30,1,960400,720300.0
784,1625,20240930,2024-09-30,1,960000,720000.0
1295,1952,20240930,2024-09-30,5,960000,700000.0
666,265,20240930,2024-09-30,1,960000,720000.0
239,329,20240930,2024-09-30,1,960000,720000.0
1409,880,20240930,2024-09-30,1,960000,720000.0
1207,175,20240930,2024-09-30,1,960000,720000.0
212,160,20240930,2024-09-30,2,960000,720000.0
477,130,20240930,2024-09-30,1,960000,720000.0
795,1670,20240930,2024-09-30,1,960000,720000.0
708,969,20240930,2024-09-30,2,959500,694625.0
919,299,20240930,2024-09-30,7,959500,750075.0
919,341,20240930,2024-09-30,10,959300,760405.0
864,166,20240930,2024-09-30,1,959000,719250.0
808,1391,20240930,2024-09-30,2,959000,719250.0
355,1572,20240930,2024-09-30,7,958900,661685.0
1362,477,20240930,2024-09-30,20,958900,590800.0
919,1523,20240930,2024-09-30,12,958400,764640.0
163,2184,20240930,2024-09-30,6,958300,767755.0
380,1071,20240930,2024-09-30,2,957300,692975.0
472,1838,20240930,2024-09-30,1,957000,717750.0
420,2272,20240930,2024-09-30,2,956800,717600.0
552,1229,20240930,2024-09-30,1,956300,717225.0
1078,302,20240930,2024-09-30,2,956000,692000.0
1219,2131,20240930,2024-09-30,3,956000,648250.0
527,1207,20240930,2024-09-30,1,955800,716850.0
1263,1559,20240930,2024-09-30,1,955000,716250.0
977,1403,20240930,2024-09-30,2,955000,711250.0
818,1390,20240930,2024-09-30,10,955000,477500.0
1352,44,20240930,2024-09-30,1,955000,716250.0
445,2004,20240930,2024-09-30,2,955000,691250.0
535,405,20240930,2024-09-30,1,955000,716250.0
1217,1992,20240930,2024-09-30,2,955000,716250.0
1237,363,20240930,2024-09-30,1,954600,715950.0
1357,1467,20240930,2024-09-30,1,954500,715875.0
522,918,20240930,2024-09-30,1,954000,599398.2
754,286,20240930,2024-09-30,1,954000,715500.0
916,285,20240930,2024-09-30,1,954000,715500.0
494,2208,20240930,2024-09-30,1,954000,715500.0
1093,859,20240930,2024-09-30,2,954000,715500.0
522,1450,20240930,2024-09-30,1,954000,715500.0
453,465,20240930,2024-09-30,2,954000,703000.0
1217,138,20240930,2024-09-30,1,953500,715125.0
2,1380,20240930,2024-09-30,3,953400,652550.0
1295,974,20240930,2024-09-30,8,953000,565250.0
1431,240,20240930,2024-09-30,5,953000,476500.0
393,940,20240930,2024-09-30,1,952000,714000.0
1061,254,20240930,2024-09-30,2,952000,589000.0
380,1403,20240930,2024-09-30,1,952000,714000.0
1435,1184,20240930,2024-09-30,1,952000,714000.0
235,151,20240930,2024-09-30,2,951200,713400.0
120,689,20240930,2024-09-30,9,950100,690335.0
888,1669,20240930,2024-09-30,1,950000,712500.0
272,1478,20240930,2024-09-30,1,950000,712500.0
1163,1235,20240930,2024-09-30,2,950000,712500.0
795,1242,20240930,2024-09-30,2,950000,687500.0
784,861,20240930,2024-09-30,4,950000,757500.0
197,72,20240930,2024-09-30,1,950000,712500.0
588,261,20240930,2024-09-30,3,950000,712500.0
615,1813,20240930,2024-09-30,1,950000,712500.0
945,1590,20240930,2024-09-30,1,950000,712500.0
864,170,20240930,2024-09-30,2,950000,712500.0
517,697,20240930,2024-09-30,2,950000,712500.0
680,170,20240930,2024-09-30,1,950000,712500.0
708,913,20240930,2024-09-30,4,950000,612500.0
378,541,20240930,2024-09-30,2,950000,675000.0
209,1981,20240930,2024-09-30,3,950000,722500.0
742,335,20240930,2024-09-30,3,950000,475000.0
784,123,20240930,2024-09-30,1,950000,712500.0
905,1706,20240930,2024-09-30,2,950000,712500.0
988,1948,20240930,2024-09-30,1,950000,712500.0
945,146,20240930,2024-09-30,1,950000,855000.0
203,2341,20240930,2024-09-30,2,950000,625000.0
788,250,20240930,2024-09-30,2,950000,712500.0
963,177,20240930,2024-09-30,1,950000,712500.0
1042,163,20240930,2024-09-30,1,950000,712500.0
520,57,20240930,2024-09-30,1,950000,712500.0
905,2176,20240930,2024-09-30,4,950000,701250.0
1295,637,20240930,2024-09-30,6,949500,662625.0
1295,747,20240930,2024-09-30,7,949000,702500.0
1104,2048,20240930,2024-09-30,1,948700,711525.0
1000,300,20240930,2024-09-30,1,948000,711000.0
430,1813,20240930,2024-09-30,1,948000,711000.0
420,1068,20240930,2024-09-30,1,947000,710250.0
1295,1504,20240930,2024-09-30,3,947000,702750.0
1362,1289,20240930,2024-09-30,1,946500,709875.0
305,1948,20240930,2024-09-30,4,946200,754270.0
1094,203,20240930,2024-09-30,1,945600,709200.0
1411,1888,20240930,2024-09-30,1,945400,850860.0
784,1948,20240930,2024-09-30,5,945400,764320.0
671,927,20240930,2024-09-30,2,945000,708750.0
584,132,20240930,2024-09-30,1,945000,708750.0
1454,1707,20240930,2024-09-30,2,945000,690000.0
197,2328,20240930,2024-09-30,1,945000,708750.0
316,2272,20240930,2024-09-30,1,945000,708750.0
505,773,20240930,2024-09-30,1,945000,708750.0
592,961,20240930,2024-09-30,2,945000,691250.0
1055,44,20240930,2024-09-30,1,945000,708750.0
1030,1974,20240930,2024-09-30,1,945000,708750.0
618,2248,20240930,2024-09-30,1,944700,708525.0
898,1390,20240930,2024-09-30,2,944000,708000.0
666,541,20240930,2024-09-30,2,944000,708000.0
977,2192,20240930,2024-09-30,1,944000,708000.0
1021,300,20240930,2024-09-30,1,944000,708000.0
415,697,20240930,2024-09-30,2,943900,670425.0
481,1349,20240930,2024-09-30,1,943000,707250.0
235,2072,20240930,2024-09-30,1,942000,706500.0
661,532,20240930,2024-09-30,2,941800,706350.0
1390,183,20240930,2024-09-30,1,941600,706200.0
403,293,20240930,2024-09-30,1,940000,705000.0
702,559,20240930,2024-09-30,1,940000,705000.0
540,2006,20240930,2024-09-30,1,940000,705000.0
491,2052,20240930,2024-09-30,1,940000,705000.0
156,1656,20240930,2024-09-30,10,940000,470000.0
170,1733,20240930,2024-09-30,1,940000,705000.0
1295,1557,20240930,2024-09-30,16,938500,524900.0
1409,73,20240930,2024-09-30,1,938400,703800.0
724,1813,20240930,2024-09-30,1,938000,703500.0
818,1385,20240930,2024-09-30,14,938000,656750.0
305,1488,20240930,2024-09-30,5,937700,747045.0
1295,1635,20240930,2024-09-30,2,937500,690625.0
1000,1971,20240930,2024-09-30,1,937500,703125.0
830,644,20240930,2024-09-30,1,937200,702900.0
479,1051,20240930,2024-09-30,1,937000,702750.0
76,1719,20240930,2024-09-30,8,937000,704500.0
522,981,20240930,2024-09-30,1,936000,702000.0
856,870,20240930,2024-09-30,1,936000,702000.0
754,1243,20240930,2024-09-30,1,935700,701775.0
540,2210,20240930,2024-09-30,2,935000,682500.0
1295,2184,20240930,2024-09-30,6,935000,668750.0
368,1847,20240930,2024-09-30,2,935000,701250.0
963,182,20240930,2024-09-30,1,935000,701250.0
209,299,20240930,2024-09-30,3,935000,716250.0
1454,880,20240930,2024-09-30,2,935000,682500.0
827,168,20240930,2024-09-30,1,935000,701250.0
1462,1477,20240930,2024-09-30,3,935000,686250.0
878,2118,20240930,2024-09-30,5,935000,715750.0
522,230,20240930,2024-09-30,1,934000,700500.0
1195,157,20240930,2024-09-30,2,934000,705500.0
231,1274,20240930,2024-09-30,4,934000,700500.0
264,869,20240930,2024-09-30,2,933600,700200.0
643,1977,20240930,2024-09-30,2,933000,699750.0
522,2013,20240930,2024-09-30,1,933000,699750.0
880,697,20240930,2024-09-30,4,932500,713625.0
965,1953,20240930,2024-09-30,1,932000,699000.0
601,227,20240930,2024-09-30,1,931900,698925.0
1362,1425,20240930,2024-09-30,3,931600,623700.0
1113,997,20240930,2024-09-30,1,931500,698625.0
818,887,20240930,2024-09-30,10,931400,651300.0
68,126,20240930,2024-09-30,3,931100,698325.0
1435,2131,20240930,2024-09-30,5,930500,665375.0
10,1495,20240930,2024-09-30,1,930300,697725.0
1427,2277,20240930,2024-09-30,3,930000,475500.0
1295,2130,20240930,2024-09-30,2,930000,685000.0
1362,1563,20240930,2024-09-30,2,930000,685000.0
618,1692,20240930,2024-09-30,1,930000,697500.0
1295,945,20240930,2024-09-30,10,930000,602500.0
742,2268,20240930,2024-09-30,4,930000,465000.0
883,1021,20240930,2024-09-30,2,930000,685000.0
240,608,20240930,2024-09-30,2,930000,672500.0
472,1263,20240930,2024-09-30,1,930000,697500.0
666,235,20240930,2024-09-30,1,930000,697500.0
523,1220,20240930,2024-09-30,4,929600,676950.0
1065,424,20240930,2024-09-30,7,929000,720650.0
331,978,20240930,2024-09-30,3,929000,640500.0
742,2262,20240930,2024-09-30,3,929000,615500.0
1437,477,20240930,2024-09-30,1,929000,696750.0
397,694,20240930,2024-09-30,1,928700,696525.0
1237,399,20240930,2024-09-30,1,928700,696525.0
235,2272,20240930,2024-09-30,2,928500,706375.0
259,942,20240930,2024-09-30,3,928400,571300.0
1195,1477,20240930,2024-09-30,2,928300,633725.0
455,259,20240930,2024-09-30,1,928000,696000.0
1072,1876,20240930,2024-09-30,1,927500,695625.0
264,820,20240930,2024-09-30,1,927400,695550.0
288,1529,20240930,2024-09-30,2,927000,695250.0
235,179,20240930,2024-09-30,2,927000,705250.0
1362,1016,20240930,2024-09-30,2,927000,695250.0
491,280,20240930,2024-09-30,2,926800,695100.0
983,1230,20240930,2024-09-30,1,926600,694950.0
335,605,20240930,2024-09-30,1,926500,694875.0
36,1203,20240930,2024-09-30,1,926500,694875.0
784,868,20240930,2024-09-30,3,926000,701730.0
857,1963,20240930,2024-09-30,1,926000,694500.0
783,300,20240930,2024-09-30,2,926000,694500.0
1219,253,20240930,2024-09-30,7,926000,619250.0
163,265,20240930,2024-09-30,8,925600,786760.0
632,2267,20240930,2024-09-30,2,925500,644125.0
479,1400,20240930,2024-09-30,1,925300,693975.0
775,308,20240930,2024-09-30,1,925200,693900.0
795,1007,20240930,2024-09-30,1,925000,693750.0
192,270,20240930,2024-09-30,1,925000,693750.0
245,733,20240930,2024-09-30,1,925000,693750.0
795,1564,20240930,2024-09-30,1,925000,693750.0
1386,2079,20240930,2024-09-30,1,925000,693750.0
905,2185,20240930,2024-09-30,1,925000,693750.0
522,1669,20240930,2024-09-30,1,925000,693750.0
905,1733,20240930,2024-09-30,2,925000,693750.0
1219,238,20240930,2024-09-30,12,925000,462500.0
1163,882,20240930,2024-09-30,3,925000,703750.0
1195,1489,20240930,2024-09-30,1,925000,693750.0
200,293,20240930,2024-09-30,8,925000,756250.0
664,2058,20240930,2024-09-30,1,925000,693750.0
945,1077,20240930,2024-09-30,3,924800,699100.0
494,2189,20240930,2024-09-30,8,924500,462250.0
1362,2400,20240930,2024-09-30,2,924000,643000.0
163,341,20240930,2024-09-30,6,924000,757400.0
584,286,20240930,2024-09-30,1,924000,693000.0
1466,2126,20240930,2024-09-30,5,923500,640375.0
794,2048,20240930,2024-09-30,1,923000,692250.0
52,2118,20240930,2024-09-30,2,922500,666875.0
164,1467,20240930,2024-09-30,1,922500,691875.0
751,199,20240930,2024-09-30,2,922500,616875.0
264,321,20240930,2024-09-30,1,922400,691800.0
442,486,20240930,2024-09-30,1,922400,691800.0
479,1820,20240930,2024-09-30,2,922300,685475.0
55,2312,20240930,2024-09-30,2,922000,654125.0
305,1460,20240930,2024-09-30,7,921500,733250.0
1386,314,20240930,2024-09-30,1,920000,690000.0
1000,1926,20240930,2024-09-30,1,920000,690000.0
1033,2392,20240930,2024-09-30,2,920000,460000.0
1183,584,20240930,2024-09-30,1,920000,690000.0
8,911,20240930,2024-09-30,1,920000,690000.0
795,997,20240930,2024-09-30,1,920000,690000.0
483,1540,20240930,2024-09-30,1,920000,690000.0
510,1968,20240930,2024-09-30,1,920000,690000.0
905,1209,20240930,2024-09-30,3,920000,647500.0
905,143,20240930,2024-09-30,2,920000,705000.0
1065,1822,20240930,2024-09-30,5,920000,702000.0
192,305,20240930,2024-09-30,1,920000,690000.0
111,1926,20240930,2024-09-30,2,919500,689625.0
679,2268,20240930,2024-09-30,4,919000,626750.0
1065,1220,20240930,2024-09-30,3,919000,690750.0
951,988,20240930,2024-09-30,2,919000,689250.0
784,169,20240930,2024-09-30,5,918900,731065.0
1427,517,20240930,2024-09-30,2,918500,688875.0
186,857,20240930,2024-09-30,7,918000,459000.0
873,2123,20240930,2024-09-30,7,916900,672665.0
702,1298,20240930,2024-09-30,2,916000,687000.0
1407,1496,20240930,2024-09-30,1,916000,687000.0
472,2150,20240930,2024-09-30,1,916000,687000.0
101,2308,20240930,2024-09-30,2,915000,667500.0
49,2258,20240930,2024-09-30,1,915000,686250.0
239,1390,20240930,2024-09-30,1,915000,686250.0
865,290,20240930,2024-09-30,1,915000,686250.0
1356,1691,20240930,2024-09-30,1,915000,686250.0
1390,239,20240930,2024-09-30,2,915000,686250.0
1065,2264,20240930,2024-09-30,1,914000,685500.0
81,2212,20240930,2024-09-30,1,914000,685500.0
1021,1227,20240930,2024-09-30,1,914000,685500.0
209,2051,20240930,2024-09-30,1,914000,685500.0
631,828,20240930,2024-09-30,1,913500,685125.0
481,1298,20240930,2024-09-30,1,913000,684750.0
94,2006,20240930,2024-09-30,1,913000,684750.0
818,1466,20240930,2024-09-30,16,913000,518250.0
285,126,20240930,2024-09-30,1,913000,684750.0
916,261,20240930,2024-09-30,1,913000,684750.0
618,302,20240930,2024-09-30,1,913000,684750.0
305,880,20240930,2024-09-30,1,912600,684450.0
1237,1977,20240930,2024-09-30,1,912300,684225.0
472,1266,20240930,2024-09-30,2,912000,634000.0
983,1719,20240930,2024-09-30,1,912000,684000.0
202,1581,20240930,2024-09-30,2,911500,658625.0
865,2125,20240930,2024-09-30,1,911400,683550.0
605,2331,20240930,2024-09-30,2,911000,595750.0
1435,1251,20240930,2024-09-30,4,910900,649425.0
1435,2151,20240930,2024-09-30,5,910600,666700.0
988,2083,20240930,2024-09-30,2,910000,682500.0
488,203,20240930,2024-09-30,2,910000,682500.0
16,1086,20240930,2024-09-30,2,910000,645000.0
258,1310,20240930,2024-09-30,2,910000,682500.0
1017,268,20240930,2024-09-30,2,910000,682500.0
209,2127,20240930,2024-09-30,3,910000,682500.0
416,107,20240930,2024-09-30,1,910000,682500.0
742,1813,20240930,2024-09-30,4,910000,605000.0
393,1968,20240930,2024-09-30,1,910000,682500.0
795,424,20240930,2024-09-30,1,910000,682500.0
1195,294,20240930,2024-09-30,1,910000,682500.0
1237,2336,20240930,2024-09-30,1,910000,682500.0
512,265,20240930,2024-09-30,1,909000,681750.0
457,842,20240930,2024-09-30,1,909000,681750.0
666,214,20240930,2024-09-30,1,908900,681675.0
1100,639,20240930,2024-09-30,8,908100,595150.0
966,1805,20240930,2024-09-30,3,908000,685850.0
584,122,20240930,2024-09-30,1,908000,681000.0
1295,1538,20240930,2024-09-30,15,907600,597950.0
586,1748,20240930,2024-09-30,5,907500,631625.0
1435,53,20240930,2024-09-30,2,907500,676875.0
179,981,20240930,2024-09-30,2,907000,680250.0
1195,1203,20240930,2024-09-30,1,906700,680025.0
1065,1086,20240930,2024-09-30,6,906200,694150.0
1390,2002,20240930,2024-09-30,1,906000,679500.0
1212,1435,20240930,2024-09-30,1,906000,679500.0
163,1274,20240930,2024-09-30,8,906000,770100.0
1358,258,20240930,2024-09-30,2,905800,689000.0
1459,2291,20240930,2024-09-30,4,905000,690250.0
522,1488,20240930,2024-09-30,1,905000,678750.0
940,1545,20240930,2024-09-30,1,904700,814230.0
1362,527,20240930,2024-09-30,1,904500,678375.0
264,1086,20240930,2024-09-30,2,904300,678225.0
177,816,20240930,2024-09-30,1,904000,678000.0
767,308,20240930,2024-09-30,2,904000,648750.0
671,419,20240930,2024-09-30,1,904000,678000.0
671,2097,20240930,2024-09-30,2,904000,678000.0
1409,107,20240930,2024-09-30,1,904000,678000.0
905,285,20240930,2024-09-30,6,902000,707250.0
875,2,20240930,2024-09-30,1,901200,675900.0
235,233,20240930,2024-09-30,1,901000,675750.0
483,877,20240930,2024-09-30,1,901000,675750.0
671,303,20240930,2024-09-30,2,900300,675225.0
109,270,20240930,2024-09-30,2,900000,450000.0
210,143,20240930,2024-09-30,1,900000,675000.0
224,1278,20240930,2024-09-30,2,900000,550000.0
209,492,20240930,2024-09-30,3,900000,680000.0
299,1733,20240930,2024-09-30,1,900000,675000.0
846,1708,20240930,2024-09-30,1,900000,675000.0
163,864,20240930,2024-09-30,6,900000,765000.0
180,1049,20240930,2024-09-30,3,900000,662500.0
942,1085,20240930,2024-09-30,1,900000,675000.0
1011,2315,20240930,2024-09-30,2,900000,675000.0
905,1573,20240930,2024-09-30,4,900000,665000.0
1065,1053,20240930,2024-09-30,2,900000,680000.0
754,280,20240930,2024-09-30,1,900000,675000.0
905,338,20240930,2024-09-30,3,900000,685000.0
209,201,20240930,2024-09-30,3,900000,675000.0
933,1467,20240930,2024-09-30,2,900000,550000.0
664,2005,20240930,2024-09-30,1,900000,675000.0
1195,2258,20240930,2024-09-30,1,900000,675000.0
587,869,20240930,2024-09-30,1,900000,675000.0
988,1086,20240930,2024-09-30,1,900000,675000.0
510,1961,20240930,2024-09-30,1,900000,675000.0
316,345,20240930,2024-09-30,1,900000,675000.0
205,157,20240930,2024-09-30,2,900000,675000.0
545,194,20240930,2024-09-30,1,900000,675000.0
663,1394,20240930,2024-09-30,1,900000,675000.0
1390,341,20240930,2024-09-30,6,900000,765000.0
286,2079,20240930,2024-09-30,2,900000,675000.0
919,2048,20240930,2024-09-30,6,900000,700000.0
552,199,20240930,2024-09-30,1,900000,675000.0
163,2248,20240930,2024-09-30,6,900000,765000.0
1030,130,20240930,2024-09-30,2,900000,675000.0
811,146,20240930,2024-09-30,3,900000,675000.0
919,1389,20240930,2024-09-30,6,900000,690000.0
795,2317,20240930,2024-09-30,1,900000,675000.0
197,2222,20240930,2024-09-30,1,900000,675000.0
163,1926,20240930,2024-09-30,6,900000,765000.0
1454,1731,20240930,2024-09-30,1,900000,675000.0
163,247,20240930,2024-09-30,7,899700,764745.0
1362,1573,20240930,2024-09-30,4,899700,663025.0
919,1396,20240930,2024-09-30,6,899500,693425.0
1000,1152,20240930,2024-09-30,1,899400,674550.0
150,864,20240930,2024-09-30,1,899200,674400.0
614,1394,20240930,2024-09-30,1,899000,674250.0
17,1360,20240930,2024-09-30,1,899000,674250.0
1466,1977,20240930,2024-09-30,8,898800,728980.0
1065,2021,20240930,2024-09-30,4,898000,687950.0
1362,1120,20240930,2024-09-30,2,897800,673350.0
919,125,20240930,2024-09-30,8,897300,712705.0
479,46,20240930,2024-09-30,4,897300,662975.0
1368,1968,20240930,2024-09-30,1,897000,672750.0
235,2173,20240930,2024-09-30,1,897000,672750.0
702,1301,20240930,2024-09-30,1,896700,672525.0
264,811,20240930,2024-09-30,2,896600,672450.0
163,2107,20240930,2024-09-30,7,895800,741530.0
702,1205,20240930,2024-09-30,1,895000,671250.0
1195,260,20240930,2024-09-30,3,895000,633750.0
1390,564,20240930,2024-09-30,4,895000,701250.0
197,203,20240930,2024-09-30,1,895000,671250.0
1207,146,20240930,2024-09-30,1,895000,671250.0
368,1235,20240930,2024-09-30,1,895000,671250.0
126,1832,20240930,2024-09-30,1,894000,670500.0
643,164,20240930,2024-09-30,1,893700,670275.0
807,1511,20240930,2024-09-30,1,893500,670125.0
235,2088,20240930,2024-09-30,2,893000,669750.0
1349,1634,20240930,2024-09-30,2,893000,669750.0
1362,178,20240930,2024-09-30,4,892900,652175.0
1065,877,20240930,2024-09-30,4,892500,684775.0
163,367,20240930,2024-09-30,4,892500,709125.0
416,1103,20240930,2024-09-30,1,892500,669375.0
299,1388,20240930,2024-09-30,1,892500,669375.0
1126,1968,20240930,2024-09-30,2,892000,669000.0
1295,306,20240930,2024-09-30,3,892000,656500.0
795,415,20240930,2024-09-30,1,892000,669000.0
1295,229,20240930,2024-09-30,2,892000,644000.0
1295,341,20240930,2024-09-30,6,891200,635900.0
235,286,20240930,2024-09-30,3,891000,688250.0
584,1935,20240930,2024-09-30,1,891000,668250.0
90,1685,20240930,2024-09-30,1,890600,667950.0
491,2027,20240930,2024-09-30,1,890500,667875.0
795,138,20240930,2024-09-30,2,890000,667500.0
933,207,20240930,2024-09-30,2,890000,648750.0
783,1385,20240930,2024-09-30,1,890000,667500.0
1195,247,20240930,2024-09-30,1,890000,667500.0
462,1274,20240930,2024-09-30,4,890000,445000.0
754,1460,20240930,2024-09-30,4,890000,532500.0
522,1516,20240930,2024-09-30,2,890000,667500.0
1030,2083,20240930,2024-09-30,2,890000,642500.0
520,1707,20240930,2024-09-30,1,890000,667500.0
163,2291,20240930,2024-09-30,4,890000,706500.0
316,2255,20240930,2024-09-30,1,890000,667500.0
552,227,20240930,2024-09-30,1,890000,667500.0
1195,2388,20240930,2024-09-30,1,889000,666750.0
1065,865,20240930,2024-09-30,7,889000,687250.0
1295,1510,20240930,2024-09-30,9,889000,653500.0
1216,46,20240930,2024-09-30,1,888600,666450.0
1295,1647,20240930,2024-09-30,4,888000,648500.0
1270,286,20240930,2024-09-30,1,888000,666000.0
689,2388,20240930,2024-09-30,2,887000,659000.0
244,268,20240930,2024-09-30,2,887000,665250.0
51,1948,20240930,2024-09-30,1,887000,665250.0
605,1043,20240930,2024-09-30,3,887000,652750.0
682,361,20240930,2024-09-30,2,886000,679500.0
97,1767,20240930,2024-09-30,7,885700,442850.0
988,2136,20240930,2024-09-30,1,885000,663750.0
795,1673,20240930,2024-09-30,1,885000,663750.0
1295,1922,20240930,2024-09-30,4,885000,651250.0
117,2165,20240930,2024-09-30,3,885000,563750.0
1139,1813,20240930,2024-09-30,3,885000,679750.0
209,1424,20240930,2024-09-30,4,885000,680250.0
371,1502,20240930,2024-09-30,2,885000,663750.0
479,307,20240930,2024-09-30,2,884700,657275.0
209,855,20240930,2024-09-30,2,884700,663525.0
1030,1572,20240930,2024-09-30,2,884000,644250.0
209,2046,20240930,2024-09-30,1,884000,663000.0
1339,1451,20240930,2024-09-30,5,883900,591950.0
292,2333,20240930,2024-09-30,4,883600,654020.0
1364,1110,20240930,2024-09-30,2,883400,662550.0
873,2399,20240930,2024-09-30,2,883400,657550.0
353,1839,20240930,2024-09-30,1,883000,662250.0
163,1389,20240930,2024-09-30,6,883000,750550.0
448,146,20240930,2024-09-30,2,882500,661875.0
411,722,20240930,2024-09-30,1,882400,661800.0
657,1992,20240930,2024-09-30,1,882400,661800.0
478,1634,20240930,2024-09-30,3,882000,664200.0
420,177,20240930,2024-09-30,1,882000,661500.0
671,1834,20240930,2024-09-30,1,882000,661500.0
726,188,20240930,2024-09-30,1,881300,660975.0
1030,2048,20240930,2024-09-30,2,881000,642000.0
1219,1707,20240930,2024-09-30,20,881000,440500.0
163,1619,20240930,2024-09-30,8,881000,748850.0
926,1039,20240930,2024-09-30,1,880800,660600.0
1237,1390,20240930,2024-09-30,1,880500,660375.0
479,2277,20240930,2024-09-30,2,880000,660000.0
1435,2248,20240930,2024-09-30,3,880000,652500.0
4,905,20240930,2024-09-30,1,880000,660000.0
393,1239,20240930,2024-09-30,2,880000,651250.0
1030,285,20240930,2024-09-30,2,880000,641250.0
933,1685,20240930,2024-09-30,2,880000,647500.0
988,299,20240930,2024-09-30,1,880000,660000.0
209,186,20240930,2024-09-30,3,880000,660000.0
825,1264,20240930,2024-09-30,1,880000,660000.0
102,2291,20240930,2024-09-30,3,880000,690000.0
1366,181,20240930,2024-09-30,1,880000,660000.0
94,1634,20240930,2024-09-30,2,879800,622350.0
993,857,20240930,2024-09-30,3,879000,546750.0
873,2106,20240930,2024-09-30,2,878700,654025.0
523,1866,20240930,2024-09-30,2,878100,658575.0
795,628,20240930,2024-09-30,2,878000,608500.0
519,1257,20240930,2024-09-30,2,877900,633425.0
1027,2097,20240930,2024-09-30,1,877600,658200.0
465,1395,20240930,2024-09-30,1,877500,658125.0
708,920,20240930,2024-09-30,2,877400,651800.0
965,2235,20240930,2024-09-30,1,877000,657750.0
163,1544,20240930,2024-09-30,6,876900,745365.0
1375,541,20240930,2024-09-30,4,876000,607000.0
966,1765,20240930,2024-09-30,10,876000,562720.0
974,1378,20240930,2024-09-30,2,876000,657000.0
393,2297,20240930,2024-09-30,1,875600,656700.0
235,1521,20240930,2024-09-30,1,875500,656625.0
818,1392,20240930,2024-09-30,16,875500,501550.0
608,1202,20240930,2024-09-30,8,875400,437700.0
197,1992,20240930,2024-09-30,2,875000,656250.0
209,1392,20240930,2024-09-30,3,875000,656250.0
816,1203,20240930,2024-09-30,2,875000,437500.0
1386,321,20240930,2024-09-30,2,875000,637500.0
1163,2083,20240930,2024-09-30,3,875000,666250.0
588,1390,20240930,2024-09-30,1,875000,656250.0
795,924,20240930,2024-09-30,1,875000,656250.0
322,1179,20240930,2024-09-30,1,875000,656250.0
588,1004,20240930,2024-09-30,2,875000,612500.0
1030,1831,20240930,2024-09-30,2,875000,637500.0
420,2014,20240930,2024-09-30,1,874000,655500.0
784,1439,20240930,2024-09-30,8,873800,742730.0
1065,191,20240930,2024-09-30,4,873500,661625.0
1435,518,20240930,2024-09-30,1,873500,655125.0
919,1719,20240930,2024-09-30,9,873100,742135.0
1134,46,20240930,2024-09-30,1,873000,654750.0
305,300,20240930,2024-09-30,7,873000,742050.0
102,2307,20240930,2024-09-30,3,873000,654750.0
97,1765,20240930,2024-09-30,13,872700,436350.0
1424,2079,20240930,2024-09-30,1,872000,654000.0
712,265,20240930,2024-09-30,1,872000,654000.0
682,300,20240930,2024-09-30,3,872000,684000.0
702,388,20240930,2024-09-30,1,870800,653100.0
239,1260,20240930,2024-09-30,1,870000,652500.0
192,1656,20240930,2024-09-30,1,870000,652500.0
510,2401,20240930,2024-09-30,1,870000,652500.0
614,868,20240930,2024-09-30,2,870000,652500.0
1390,235,20240930,2024-09-30,5,870000,709500.0
192,125,20240930,2024-09-30,1,870000,652500.0
641,1041,20240930,2024-09-30,2,870000,642500.0
643,971,20240930,2024-09-30,1,870000,652500.0
783,1948,20240930,2024-09-30,1,870000,652500.0
209,838,20240930,2024-09-30,2,870000,652500.0
419,1701,20240930,2024-09-30,1,870000,652500.0
1169,321,20240930,2024-09-30,3,869000,631750.0
1065,1377,20240930,2024-09-30,5,869000,663250.0
479,564,20240930,2024-09-30,2,868500,666375.0
483,623,20240930,2024-09-30,1,868000,651000.0
51,2079,20240930,2024-09-30,1,867600,650700.0
462,977,20240930,2024-09-30,1,867500,650625.0
501,270,20240930,2024-09-30,1,867400,650550.0
657,1221,20240930,2024-09-30,1,867000,650250.0
1295,1644,20240930,2024-09-30,2,867000,644000.0
919,564,20240930,2024-09-30,7,866600,711610.0
951,635,20240930,2024-09-30,2,866000,612000.0
702,2184,20240930,2024-09-30,1,866000,649500.0
1435,184,20240930,2024-09-30,2,865700,644275.0
1065,1851,20240930,2024-09-30,3,865700,654275.0
664,840,20240930,2024-09-30,1,865000,648750.0
742,1685,20240930,2024-09-30,2,865000,432500.0
1390,2022,20240930,2024-09-30,2,865000,663750.0
651,146,20240930,2024-09-30,3,865000,656250.0
963,183,20240930,2024-09-30,1,865000,648750.0
1295,909,20240930,2024-09-30,2,865000,636250.0
1390,370,20240930,2024-09-30,1,864000,648000.0
95,1935,20240930,2024-09-30,1,864000,648000.0
1295,54,20240930,2024-09-30,4,863900,627925.0
1409,298,20240930,2024-09-30,1,863000,647250.0
163,168,20240930,2024-09-30,7,862700,733295.0
830,2079,20240930,2024-09-30,1,862600,646950.0
49,164,20240930,2024-09-30,2,862500,646875.0
462,498,20240930,2024-09-30,1,862500,646875.0
919,1516,20240930,2024-09-30,10,861900,707615.0
420,55,20240930,2024-09-30,2,861700,646275.0
264,261,20240930,2024-09-30,2,861300,645975.0
671,147,20240930,2024-09-30,2,861200,645900.0
259,971,20240930,2024-09-30,1,861000,645750.0
1116,300,20240930,2024-09-30,2,861000,645750.0
671,122,20240930,2024-09-30,1,861000,645750.0
1072,640,20240930,2024-09-30,1,860500,645375.0
795,2312,20240930,2024-09-30,2,860000,626250.0
208,509,20240930,2024-09-30,3,860000,555000.0
795,1554,20240930,2024-09-30,1,860000,645000.0
1142,341,20240930,2024-09-30,3,860000,631000.0
337,2344,20240930,2024-09-30,1,860000,645000.0
1217,298,20240930,2024-09-30,1,860000,645000.0
163,167,20240930,2024-09-30,8,860000,731000.0
893,861,20240930,2024-09-30,6,860000,560000.0
163,158,20240930,2024-09-30,6,860000,731000.0
59,1885,20240930,2024-09-30,1,860000,645000.0
462,1496,20240930,2024-09-30,1,859700,644775.0
109,292,20240930,2024-09-30,3,859000,429500.0
1219,855,20240930,2024-09-30,7,859000,570500.0
524,961,20240930,2024-09-30,11,859000,479900.0
97,1753,20240930,2024-09-30,8,858900,429450.0
1295,1953,20240930,2024-09-30,4,858500,613875.0
1222,1521,20240930,2024-09-30,5,858200,668570.0
74,1590,20240930,2024-09-30,2,858000,636000.0
916,545,20240930,2024-09-30,1,857500,643125.0
543,2329,20240930,2024-09-30,7,857100,570685.0
1362,1905,20240930,2024-09-30,9,857100,595250.0
1454,255,20240930,2024-09-30,1,857000,642750.0
479,199,20240930,2024-09-30,2,857000,642750.0
919,1679,20240930,2024-09-30,8,856900,706635.0
7,913,20240930,2024-09-30,4,856200,578850.0
209,303,20240930,2024-09-30,1,856000,642000.0
163,137,20240930,2024-09-30,3,856000,672000.0
784,167,20240930,2024-09-30,3,855500,656625.0
209,191,20240930,2024-09-30,3,855000,641250.0
96,1624,20240930,2024-09-30,1,855000,641250.0
1093,245,20240930,2024-09-30,1,855000,641250.0
34,280,20240930,2024-09-30,1,855000,641250.0
209,564,20240930,2024-09-30,3,855000,641250.0
665,1480,20240930,2024-09-30,1,855000,641250.0
671,135,20240930,2024-09-30,2,854200,640650.0
1226,1992,20240930,2024-09-30,1,854000,640500.0
724,166,20240930,2024-09-30,1,854000,640500.0
665,341,20240930,2024-09-30,1,854000,640500.0
519,1274,20240930,2024-09-30,1,854000,640500.0
293,299,20240930,2024-09-30,2,853000,612250.0
145,831,20240930,2024-09-30,1,852700,639525.0
1435,1360,20240930,2024-09-30,2,852000,634000.0
322,1181,20240930,2024-09-30,2,852000,645500.0
1295,1707,20240930,2024-09-30,2,851000,628250.0
305,2083,20240930,2024-09-30,3,851000,653250.0
523,1641,20240930,2024-09-30,1,850100,637575.0
795,247,20240930,2024-09-30,2,850000,637500.0
197,589,20240930,2024-09-30,1,850000,637500.0
209,1719,20240930,2024-09-30,2,850000,637500.0
1142,364,20240930,2024-09-30,1,850000,637500.0
795,626,20240930,2024-09-30,1,850000,637500.0
209,202,20240930,2024-09-30,3,850000,652500.0
209,1081,20240930,2024-09-30,2,850000,637500.0
1386,1466,20240930,2024-09-30,1,850000,637500.0
983,203,20240930,2024-09-30,1,850000,637500.0
671,296,20240930,2024-09-30,1,850000,637500.0
310,256,20240930,2024-09-30,1,850000,637500.0
132,2127,20240930,2024-09-30,2,850000,550000.0
905,2396,20240930,2024-09-30,2,850000,637500.0
834,244,20240930,2024-09-30,1,850000,637500.0
885,949,20240930,2024-09-30,1,850000,637500.0
905,103,20240930,2024-09-30,1,850000,637500.0
795,1656,20240930,2024-09-30,2,850000,593750.0
200,135,20240930,2024-09-30,3,850000,652500.0
742,2248,20240930,2024-09-30,6,850000,425000.0
209,868,20240930,2024-09-30,2,850000,637500.0
795,1258,20240930,2024-09-30,1,850000,637500.0
834,255,20240930,2024-09-30,2,850000,612500.0
415,1072,20240930,2024-09-30,1,850000,637500.0
742,183,20240930,2024-09-30,4,850000,425000.0
43,2048,20240930,2024-09-30,1,850000,637500.0
742,177,20240930,2024-09-30,2,850000,425000.0
716,160,20240930,2024-09-30,1,850000,637500.0
235,312,20240930,2024-09-30,1,850000,637500.0
1435,431,20240930,2024-09-30,1,850000,637500.0
209,165,20240930,2024-09-30,2,850000,637500.0
45,163,20240930,2024-09-30,2,850000,512500.0
905,162,20240930,2024-09-30,3,850000,652500.0
645,1601,20240930,2024-09-30,1,850000,637500.0
192,211,20240930,2024-09-30,1,850000,637500.0
209,1378,20240930,2024-09-30,2,850000,637500.0
588,146,20240930,2024-09-30,3,850000,652500.0
901,1478,20240930,2024-09-30,1,850000,637500.0
37,1719,20240930,2024-09-30,1,850000,637500.0
109,1264,20240930,2024-09-30,1,850000,637500.0
209,252,20240930,2024-09-30,2,850000,637500.0
1368,2259,20240930,2024-09-30,21,849500,424750.0
919,883,20240930,2024-09-30,9,848800,676480.0
1440,952,20240930,2024-09-30,2,848000,636000.0
1104,882,20240930,2024-09-30,3,848000,529000.0
1435,1832,20240930,2024-09-30,5,847900,615925.0
1027,1992,20240930,2024-09-30,1,847400,635550.0
1180,2291,20240930,2024-09-30,2,847200,610400.0
393,1647,20240930,2024-09-30,2,847200,619150.0
163,1935,20240930,2024-09-30,7,847000,719950.0
1233,1947,20240930,2024-09-30,6,846700,666375.0
657,285,20240930,2024-09-30,1,846000,634500.0
581,997,20240930,2024-09-30,1,846000,634500.0
1409,545,20240930,2024-09-30,2,846000,634500.0
302,287,20240930,2024-09-30,1,846000,634500.0
420,1529,20240930,2024-09-30,1,845700,634275.0
540,302,20240930,2024-09-30,2,845000,627500.0
1109,2277,20240930,2024-09-30,4,845000,615000.0
209,1813,20240930,2024-09-30,2,845000,633750.0
522,217,20240930,2024-09-30,2,845000,633750.0
305,296,20240930,2024-09-30,1,845000,633750.0
1065,823,20240930,2024-09-30,6,845000,650000.0
92,227,20240930,2024-09-30,1,844000,633000.0
95,927,20240930,2024-09-30,1,844000,633000.0
78,2287,20240930,2024-09-30,1,843800,632850.0
474,1007,20240930,2024-09-30,2,842300,624225.0
702,339,20240930,2024-09-30,1,842000,631500.0
1357,883,20240930,2024-09-30,1,841500,631125.0
666,298,20240930,2024-09-30,1,841000,630750.0
239,361,20240930,2024-09-30,1,841000,630750.0
1235,1977,20240930,2024-09-30,2,841000,630750.0
1225,1968,20240930,2024-09-30,5,841000,660150.0
1390,335,20240930,2024-09-30,2,841000,640750.0
657,1459,20240930,2024-09-30,1,840000,630000.0
1055,1848,20240930,2024-09-30,1,840000,630000.0
207,163,20240930,2024-09-30,1,840000,630000.0
34,261,20240930,2024-09-30,1,840000,630000.0
742,1986,20240930,2024-09-30,5,840000,420000.0
685,2282,20240930,2024-09-30,5,840000,495000.0
202,1118,20240930,2024-09-30,2,839000,604250.0
655,2079,20240930,2024-09-30,1,838700,629025.0
1219,1298,20240930,2024-09-30,6,838500,419250.0
525,579,20240930,2024-09-30,1,837200,627900.0
584,1819,20240930,2024-09-30,1,837000,627750.0
919,823,20240930,2024-09-30,7,836200,685770.0
163,211,20240930,2024-09-30,7,836000,710600.0
824,124,20240930,2024-09-30,1,836000,627000.0
95,2248,20240930,2024-09-30,1,836000,627000.0
784,1466,20240930,2024-09-30,8,835800,710430.0
1362,511,20240930,2024-09-30,4,835500,599125.0
1219,247,20240930,2024-09-30,16,835200,417600.0
1027,2048,20240930,2024-09-30,1,835100,626325.0
754,227,20240930,2024-09-30,2,835000,601250.0
558,95,20240930,2024-09-30,4,835000,652250.0
905,249,20240930,2024-09-30,2,835000,626250.0
871,122,20240930,2024-09-30,3,835000,626250.0
1295,309,20240930,2024-09-30,4,835000,608750.0
1011,1482,20240930,2024-09-30,1,835000,626250.0
919,46,20240930,2024-09-30,6,833100,661925.0
10,298,20240930,2024-09-30,1,833000,624750.0
584,1968,20240930,2024-09-30,1,833000,624750.0
162,861,20240930,2024-09-30,1,832600,624450.0
1373,1361,20240930,2024-09-30,2,832500,624375.0
645,1603,20240930,2024-09-30,1,832500,624375.0
264,316,20240930,2024-09-30,2,832400,624300.0
1123,338,20240930,2024-09-30,3,832000,634000.0
587,157,20240930,2024-09-30,1,832000,624000.0
1466,188,20240930,2024-09-30,5,831200,623400.0
109,2083,20240930,2024-09-30,4,831000,415500.0
1295,1360,20240930,2024-09-30,4,830000,597500.0
905,1249,20240930,2024-09-30,6,830000,620000.0
128,577,20240930,2024-09-30,4,830000,595000.0
286,262,20240930,2024-09-30,1,830000,622500.0
552,137,20240930,2024-09-30,1,830000,622500.0
657,1249,20240930,2024-09-30,1,829800,622350.0
1147,697,20240930,2024-09-30,6,829700,652675.0
919,865,20240930,2024-09-30,7,829600,662900.0
1388,1923,20240930,2024-09-30,2,829000,414500.0
523,492,20240930,2024-09-30,5,828800,584100.0
678,623,20240930,2024-09-30,1,828700,621525.0
307,1378,20240930,2024-09-30,1,828000,621000.0
1065,2331,20240930,2024-09-30,2,828000,623400.0
170,1482,20240930,2024-09-30,1,828000,621000.0
434,144,20240930,2024-09-30,1,828000,621000.0
1435,183,20240930,2024-09-30,8,827500,579375.0
920,981,20240930,2024-09-30,3,827500,570625.0
479,640,20240930,2024-09-30,3,827400,625990.0
1065,2247,20240930,2024-09-30,1,827000,620250.0
754,1464,20240930,2024-09-30,8,827000,462750.0
209,310,20240930,2024-09-30,1,827000,620250.0
665,335,20240930,2024-09-30,1,826500,619875.0
51,1947,20240930,2024-09-30,2,825800,619350.0
1295,1375,20240930,2024-09-30,4,825500,594125.0
1326,676,20240930,2024-09-30,2,825000,593750.0
418,188,20240930,2024-09-30,2,825000,626250.0
874,1228,20240930,2024-09-30,4,825000,698750.0
1250,598,20240930,2024-09-30,1,825000,618750.0
905,564,20240930,2024-09-30,2,825000,618750.0
1295,1087,20240930,2024-09-30,1,825000,618750.0
540,290,20240930,2024-09-30,1,825000,618750.0
205,355,20240930,2024-09-30,1,825000,618750.0
834,1378,20240930,2024-09-30,2,825000,543750.0
128,123,20240930,2024-09-30,1,825000,618750.0
494,1286,20240930,2024-09-30,2,825000,581250.0
1303,857,20240930,2024-09-30,1,825000,618750.0
795,1081,20240930,2024-09-30,1,825000,618750.0
322,1187,20240930,2024-09-30,1,825000,618750.0
905,1468,20240930,2024-09-30,2,825000,618750.0
1272,1582,20240930,2024-09-30,2,825000,618750.0
919,2036,20240930,2024-09-30,4,824000,623000.0
481,164,20240930,2024-09-30,1,823000,617250.0
977,122,20240930,2024-09-30,7,823000,499750.0
520,364,20240930,2024-09-30,1,823000,617250.0
522,2158,20240930,2024-09-30,1,823000,617250.0
138,1207,20240930,2024-09-30,3,823000,557250.0
784,1981,20240930,2024-09-30,4,822700,647025.0
328,126,20240930,2024-09-30,1,822400,616800.0
1065,2211,20240930,2024-09-30,2,822000,621500.0
235,2147,20240930,2024-09-30,1,821500,616125.0
919,1392,20240930,2024-09-30,7,821400,673190.0
479,73,20240930,2024-09-30,3,821400,616050.0
163,477,20240930,2024-09-30,4,821200,658020.0
10,1819,20240930,2024-09-30,1,821000,615750.0
1465,1507,20240930,2024-09-30,1,821000,615750.0
44,2002,20240930,2024-09-30,1,821000,615750.0
1356,1707,20240930,2024-09-30,1,821000,615750.0
383,529,20240930,2024-09-30,3,821000,528250.0
1198,1529,20240930,2024-09-30,3,820800,410400.0
479,1714,20240930,2024-09-30,3,820300,615225.0
849,2014,20240930,2024-09-30,1,820000,615000.0
849,1594,20240930,2024-09-30,1,820000,615000.0
668,865,20240930,2024-09-30,4,820000,452500.0
1390,1731,20240930,2024-09-30,1,820000,615000.0
43,2097,20240930,2024-09-30,1,820000,615000.0
933,643,20240930,2024-09-30,2,820000,602500.0
209,1641,20240930,2024-09-30,2,820000,615000.0
1407,285,20240930,2024-09-30,1,820000,615000.0
1295,687,20240930,2024-09-30,4,820000,592500.0
706,913,20240930,2024-09-30,2,820000,615000.0
479,1507,20240930,2024-09-30,2,819500,614625.0
857,2036,20240930,2024-09-30,1,819000,614250.0
775,286,20240930,2024-09-30,1,819000,614250.0
1235,1968,20240930,2024-09-30,1,819000,614250.0
1030,559,20240930,2024-09-30,2,818800,595350.0
1219,898,20240930,2024-09-30,10,818400,409200.0
657,1847,20240930,2024-09-30,1,818400,613800.0
163,1377,20240930,2024-09-30,3,818000,628500.0
1065,1898,20240930,2024-09-30,6,817500,628125.0
512,146,20240930,2024-09-30,1,817300,612975.0
420,2247,20240930,2024-09-30,1,817000,612750.0
702,203,20240930,2024-09-30,1,817000,612750.0
983,1557,20240930,2024-09-30,1,816500,612375.0
328,687,20240930,2024-09-30,2,816000,612000.0
1409,128,20240930,2024-09-30,1,816000,612000.0
235,1153,20240930,2024-09-30,1,816000,612000.0
540,1733,20240930,2024-09-30,1,816000,612000.0
393,1276,20240930,2024-09-30,1,815600,611700.0
818,1704,20240930,2024-09-30,5,815000,609000.0
905,879,20240930,2024-09-30,3,815000,620750.0
724,261,20240930,2024-09-30,1,815000,611250.0
905,718,20240930,2024-09-30,2,815000,611250.0
824,199,20240930,2024-09-30,1,815000,611250.0
1357,325,20240930,2024-09-30,1,815000,611250.0
972,977,20240930,2024-09-30,3,815000,561250.0
1244,1122,20240930,2024-09-30,3,815000,611250.0
1219,1386,20240930,2024-09-30,9,815000,407500.0
420,1520,20240930,2024-09-30,1,814600,610950.0
1005,35,20240930,2024-09-30,2,814000,610500.0
422,2284,20240930,2024-09-30,1,814000,610500.0
522,864,20240930,2024-09-30,1,814000,610500.0
479,2272,20240930,2024-09-30,2,813500,625125.0
1440,959,20240930,2024-09-30,2,813300,609975.0
830,1672,20240930,2024-09-30,1,813300,609975.0
666,1496,20240930,2024-09-30,3,813000,609750.0
197,309,20240930,2024-09-30,1,813000,609750.0
818,1717,20240930,2024-09-30,8,813000,489000.0
14,160,20240930,2024-09-30,4,812800,624600.0
1027,2011,20240930,2024-09-30,10,812800,406400.0
430,188,20240930,2024-09-30,1,812700,609525.0
1163,2183,20240930,2024-09-30,1,812500,609375.0
940,2247,20240930,2024-09-30,1,812200,609150.0
1295,943,20240930,2024-09-30,1,811500,608625.0
479,135,20240930,2024-09-30,4,811400,638550.0
483,2290,20240930,2024-09-30,2,811400,608550.0
919,864,20240930,2024-09-30,5,811300,617625.0
784,1977,20240930,2024-09-30,6,811300,689605.0
721,193,20240930,2024-09-30,2,811000,608250.0
1424,363,20240930,2024-09-30,1,810900,608175.0
1093,905,20240930,2024-09-30,1,810000,607500.0
905,306,20240930,2024-09-30,4,810000,613500.0
671,341,20240930,2024-09-30,1,810000,607500.0
170,1257,20240930,2024-09-30,1,810000,607500.0
1195,1714,20240930,2024-09-30,2,810000,607500.0
1059,1388,20240930,2024-09-30,2,810000,607500.0
353,623,20240930,2024-09-30,1,810000,607500.0
96,1627,20240930,2024-09-30,2,810000,607500.0
974,355,20240930,2024-09-30,2,810000,607500.0
830,262,20240930,2024-09-30,1,810000,607500.0
309,300,20240930,2024-09-30,4,810000,495000.0
795,1940,20240930,2024-09-30,1,810000,607500.0
434,1845,20240930,2024-09-30,1,810000,607500.0
326,1474,20240930,2024-09-30,1,810000,607500.0
1058,545,20240930,2024-09-30,1,809900,607425.0
1237,2258,20240930,2024-09-30,2,809500,607125.0
1362,735,20240930,2024-09-30,3,809500,544625.0
1295,1072,20240930,2024-09-30,4,809500,592125.0
784,130,20240930,2024-09-30,7,809100,687735.0
1295,2284,20240930,2024-09-30,3,809000,603000.0
491,2043,20240930,2024-09-30,1,808800,606600.0
1466,503,20240930,2024-09-30,3,808700,599025.0
1163,2158,20240930,2024-09-30,4,808600,626450.0
163,1634,20240930,2024-09-30,7,808100,686885.0
462,670,20240930,2024-09-30,1,808000,606000.0
117,887,20240930,2024-09-30,1,807700,605775.0
838,1388,20240930,2024-09-30,1,807500,605625.0
92,2258,20240930,2024-09-30,1,807500,605625.0
959,2079,20240930,2024-09-30,1,807100,605325.0
1295,1559,20240930,2024-09-30,11,807100,483845.0
1409,302,20240930,2024-09-30,1,807000,605250.0
919,1905,20240930,2024-09-30,5,807000,636560.0
1214,2006,20240930,2024-09-30,1,807000,605250.0
702,2006,20240930,2024-09-30,1,807000,605250.0
662,595,20240930,2024-09-30,3,805500,554125.0
428,157,20240930,2024-09-30,1,805000,603750.0
881,1449,20240930,2024-09-30,1,805000,603750.0
639,545,20240930,2024-09-30,1,805000,603750.0
479,55,20240930,2024-09-30,2,805000,618750.0
933,1684,20240930,2024-09-30,8,805000,450000.0
858,123,20240930,2024-09-30,1,805000,603750.0
430,1981,20240930,2024-09-30,1,805000,603750.0
702,163,20240930,2024-09-30,1,805000,603750.0
818,253,20240930,2024-09-30,12,804600,541360.0
501,1264,20240930,2024-09-30,1,804600,603450.0
149,816,20240930,2024-09-30,1,804500,603375.0
97,1763,20240930,2024-09-30,4,804300,447725.0
1399,977,20240930,2024-09-30,1,804200,603150.0
229,650,20240930,2024-09-30,1,804000,603000.0
613,2054,20240930,2024-09-30,2,803500,587125.0
883,980,20240930,2024-09-30,2,803500,596375.0
163,823,20240930,2024-09-30,6,803500,682975.0
754,1483,20240930,2024-09-30,2,803000,592250.0
540,559,20240930,2024-09-30,2,803000,589750.0
919,138,20240930,2024-09-30,6,802500,632125.0
1431,1811,20240930,2024-09-30,7,802000,501000.0
1237,163,20240930,2024-09-30,1,802000,601500.0
919,1257,20240930,2024-09-30,8,801200,631020.0
1077,345,20240930,2024-09-30,1,800000,600000.0
305,375,20240930,2024-09-30,1,800000,600000.0
665,1392,20240930,2024-09-30,1,800000,600000.0
896,1121,20240930,2024-09-30,1,800000,600000.0
795,1505,20240930,2024-09-30,1,800000,600000.0
671,1488,20240930,2024-09-30,2,800000,600000.0
905,1373,20240930,2024-09-30,1,800000,600000.0
163,2398,20240930,2024-09-30,1,800000,600000.0
1030,1948,20240930,2024-09-30,2,800000,581250.0
988,135,20240930,2024-09-30,1,800000,600000.0
1390,868,20240930,2024-09-30,2,800000,615000.0
1400,2125,20240930,2024-09-30,4,800000,400000.0
520,1241,20240930,2024-09-30,1,800000,600000.0
905,1535,20240930,2024-09-30,1,800000,600000.0
49,163,20240930,2024-09-30,2,800000,600000.0
767,925,20240930,2024-09-30,1,800000,600000.0
170,1379,20240930,2024-09-30,1,800000,600000.0
754,2125,20240930,2024-09-30,3,800000,400000.0
951,157,20240930,2024-09-30,1,800000,600000.0
905,2126,20240930,2024-09-30,1,800000,600000.0
1286,2158,20240930,2024-09-30,1,800000,600000.0
963,1714,20240930,2024-09-30,1,800000,600000.0
966,1799,20240930,2024-09-30,2,800000,400000.0
197,571,20240930,2024-09-30,1,800000,600000.0
1366,1421,20240930,2024-09-30,1,800000,600000.0
403,1470,20240930,2024-09-30,1,800000,600000.0
905,132,20240930,2024-09-30,2,800000,600000.0
1339,1450,20240930,2024-09-30,2,800000,587500.0
569,1327,20240930,2024-09-30,2,800000,575000.0
905,1567,20240930,2024-09-30,1,800000,600000.0
1082,39,20240930,2024-09-30,2,800000,475000.0
784,545,20240930,2024-09-30,3,800000,630000.0
905,1469,20240930,2024-09-30,1,800000,600000.0
109,880,20240930,2024-09-30,2,800000,400000.0
898,1387,20240930,2024-09-30,1,800000,600000.0
892,1350,20240930,2024-09-30,1,800000,600000.0
784,2118,20240930,2024-09-30,3,800000,630000.0
510,381,20240930,2024-09-30,1,800000,600000.0
1139,948,20240930,2024-09-30,1,800000,600000.0
795,1919,20240930,2024-09-30,1,800000,600000.0
1001,637,20240930,2024-09-30,5,800000,400000.0
305,1986,20240930,2024-09-30,2,800000,615000.0
905,44,20240930,2024-09-30,2,800000,587500.0
1208,713,20240930,2024-09-30,1,799600,599700.0
1295,1576,20240930,2024-09-30,10,799200,496490.0
209,1516,20240930,2024-09-30,2,798500,598875.0
180,2295,20240930,2024-09-30,1,798500,598875.0
818,861,20240930,2024-09-30,13,798000,446250.0
754,1369,20240930,2024-09-30,2,798000,561000.0
552,302,20240930,2024-09-30,2,797900,598425.0
657,1672,20240930,2024-09-30,2,797500,598125.0
865,118,20240930,2024-09-30,1,797300,597975.0
1163,1827,20240930,2024-09-30,2,797100,602835.0
163,260,20240930,2024-09-30,6,797100,677535.0
1329,1198,20240930,2024-09-30,1,796800,597600.0
235,1573,20240930,2024-09-30,2,796700,612525.0
1070,1592,20240930,2024-09-30,1,796500,597375.0
647,1122,20240930,2024-09-30,1,796000,597000.0
163,857,20240930,2024-09-30,8,796000,676600.0
1065,292,20240930,2024-09-30,6,795100,625725.0
163,235,20240930,2024-09-30,6,795000,675750.0
905,138,20240930,2024-09-30,5,795000,606250.0
1472,264,20240930,2024-09-30,1,795000,596250.0
1200,2320,20240930,2024-09-30,1,795000,596250.0
1003,546,20240930,2024-09-30,2,794700,602225.0
1435,305,20240930,2024-09-30,7,794700,573525.0
1116,1992,20240930,2024-09-30,1,793000,594750.0
1445,130,20240930,2024-09-30,2,792600,544450.0
1034,159,20240930,2024-09-30,2,792500,594375.0
501,258,20240930,2024-09-30,1,792000,594000.0
248,64,20240930,2024-09-30,2,792000,594000.0
520,1977,20240930,2024-09-30,1,792000,594000.0
614,1386,20240930,2024-09-30,1,792000,594000.0
1295,1733,20240930,2024-09-30,12,791700,475595.0
657,299,20240930,2024-09-30,1,791700,593775.0
1368,2248,20240930,2024-09-30,22,791500,395750.0
153,2329,20240930,2024-09-30,1,791000,593250.0
1362,193,20240930,2024-09-30,1,790600,592950.0
671,2051,20240930,2024-09-30,2,790500,592875.0
618,1574,20240930,2024-09-30,1,790000,592500.0
849,146,20240930,2024-09-30,1,790000,592500.0
742,2125,20240930,2024-09-30,5,790000,395000.0
849,1424,20240930,2024-09-30,1,790000,592500.0
1116,163,20240930,2024-09-30,1,790000,592500.0
483,593,20240930,2024-09-30,1,790000,592500.0
209,883,20240930,2024-09-30,3,790000,592500.0
163,865,20240930,2024-09-30,6,790000,671500.0
632,1207,20240930,2024-09-30,2,789900,529925.0
1362,162,20240930,2024-09-30,2,789500,587125.0
1223,1952,20240930,2024-09-30,2,789000,591750.0
561,219,20240930,2024-09-30,1,788500,591375.0
577,2062,20240930,2024-09-30,2,788100,559825.0
1086,1506,20240930,2024-09-30,2,788000,591000.0
1295,734,20240930,2024-09-30,8,788000,518500.0
1198,1507,20240930,2024-09-30,1,787800,590850.0
728,882,20240930,2024-09-30,2,787500,590625.0
384,961,20240930,2024-09-30,1,787500,590625.0
1216,315,20240930,2024-09-30,2,787000,577750.0
235,978,20240930,2024-09-30,7,787000,668950.0
109,335,20240930,2024-09-30,3,787000,494750.0
235,232,20240930,2024-09-30,1,786500,589875.0
36,128,20240930,2024-09-30,1,786200,589650.0
742,203,20240930,2024-09-30,5,786000,393000.0
664,310,20240930,2024-09-30,1,785000,588750.0
510,300,20240930,2024-09-30,1,785000,588750.0
978,1822,20240930,2024-09-30,1,785000,588750.0
309,634,20240930,2024-09-30,2,785000,563750.0
169,146,20240930,2024-09-30,1,785000,588750.0
977,1380,20240930,2024-09-30,7,784200,545650.0
584,135,20240930,2024-09-30,1,784000,588000.0
27,1634,20240930,2024-09-30,3,783700,587775.0
1390,309,20240930,2024-09-30,3,783400,611850.0
584,125,20240930,2024-09-30,2,783000,524750.0
163,250,20240930,2024-09-30,7,782500,665125.0
393,1679,20240930,2024-09-30,1,782500,586875.0
1195,1590,20240930,2024-09-30,1,782000,586500.0
1030,1851,20240930,2024-09-30,1,782000,586500.0
1216,31,20240930,2024-09-30,1,781600,586200.0
474,1337,20240930,2024-09-30,2,781500,586125.0
152,301,20240930,2024-09-30,1,781500,586125.0
933,614,20240930,2024-09-30,5,780000,483750.0
481,166,20240930,2024-09-30,2,780000,585000.0
540,1242,20240930,2024-09-30,1,780000,585000.0
209,1477,20240930,2024-09-30,3,780000,613000.0
197,805,20240930,2024-09-30,1,780000,585000.0
1435,1426,20240930,2024-09-30,2,780000,581250.0
575,635,20240930,2024-09-30,2,780000,572500.0
197,537,20240930,2024-09-30,1,780000,585000.0
283,1363,20240930,2024-09-30,1,780000,585000.0
319,859,20240930,2024-09-30,1,780000,585000.0
466,2394,20240930,2024-09-30,1,780000,585000.0
1356,345,20240930,2024-09-30,1,780000,585000.0
542,335,20240930,2024-09-30,1,780000,585000.0
831,1020,20240930,2024-09-30,1,780000,585000.0
613,1945,20240930,2024-09-30,1,779000,584250.0
1467,1996,20240930,2024-09-30,3,779000,584250.0
905,667,20240930,2024-09-30,1,779000,584250.0
322,258,20240930,2024-09-30,5,778900,576175.0
70,96,20240930,2024-09-30,2,778500,583875.0
881,1454,20240930,2024-09-30,1,778000,583500.0
305,363,20240930,2024-09-30,3,777800,611130.0
436,1662,20240930,2024-09-30,2,777500,545625.0
830,949,20240930,2024-09-30,1,777500,583125.0
1362,516,20240930,2024-09-30,9,777200,482975.0
1453,970,20240930,2024-09-30,2,777200,582900.0
917,1542,20240930,2024-09-30,2,777000,582750.0
115,301,20240930,2024-09-30,1,777000,582750.0
442,1058,20240930,2024-09-30,1,776900,582675.0
875,4,20240930,2024-09-30,1,776700,582525.0
163,1735,20240930,2024-09-30,6,776500,660025.0
479,861,20240930,2024-09-30,3,776500,610025.0
1390,175,20240930,2024-09-30,1,776000,582000.0
92,2107,20240930,2024-09-30,1,776000,582000.0
983,1227,20240930,2024-09-30,1,775800,581850.0
972,942,20240930,2024-09-30,3,775500,581625.0
273,122,20240930,2024-09-30,1,775000,581250.0
197,1300,20240930,2024-09-30,1,775000,581250.0
666,201,20240930,2024-09-30,1,775000,581250.0
905,1952,20240930,2024-09-30,2,775000,596250.0
905,875,20240930,2024-09-30,2,775000,581250.0
905,244,20240930,2024-09-30,1,775000,581250.0
933,1549,20240930,2024-09-30,2,775000,556250.0
391,1460,20240930,2024-09-30,1,775000,581250.0
500,2259,20240930,2024-09-30,2,775000,581250.0
109,309,20240930,2024-09-30,2,775000,387500.0
919,199,20240930,2024-09-30,8,774900,633665.0
258,2329,20240930,2024-09-30,3,774000,568000.0
522,1274,20240930,2024-09-30,1,774000,580500.0
109,238,20240930,2024-09-30,1,774000,580500.0
1116,1390,20240930,2024-09-30,1,773000,579750.0
463,261,20240930,2024-09-30,1,773000,579750.0
1000,2079,20240930,2024-09-30,1,773000,579750.0
552,1378,20240930,2024-09-30,1,773000,579750.0
805,899,20240930,2024-09-30,4,773000,498500.0
1100,614,20240930,2024-09-30,5,772900,520925.0
628,332,20240930,2024-09-30,1,772600,579450.0
451,477,20240930,2024-09-30,1,772200,579150.0
10,1396,20240930,2024-09-30,1,772000,579000.0
643,2048,20240930,2024-09-30,1,772000,579000.0
671,545,20240930,2024-09-30,1,771900,578925.0
916,1472,20240930,2024-09-30,1,771000,578250.0
305,1981,20240930,2024-09-30,3,770500,607875.0
1368,2279,20240930,2024-09-30,9,770000,487250.0
36,2125,20240930,2024-09-30,2,770000,577500.0
1390,1888,20240930,2024-09-30,2,770000,592500.0
1325,1543,20240930,2024-09-30,1,770000,577500.0
158,564,20240930,2024-09-30,2,770000,577500.0
919,2206,20240930,2024-09-30,5,770000,604500.0
1390,1387,20240930,2024-09-30,2,770000,592500.0
988,2258,20240930,2024-09-30,1,770000,577500.0
126,1243,20240930,2024-09-30,2,770000,577500.0
905,1705,20240930,2024-09-30,2,770000,547500.0
856,2079,20240930,2024-09-30,1,770000,577500.0
977,306,20240930,2024-09-30,2,770000,572500.0
515,606,20240930,2024-09-30,4,769600,586050.0
1219,305,20240930,2024-09-30,5,769300,384650.0
523,1868,20240930,2024-09-30,1,769200,576900.0
1065,332,20240930,2024-09-30,4,769000,584750.0
1366,160,20240930,2024-09-30,1,769000,576750.0
1356,1230,20240930,2024-09-30,1,769000,576750.0
1195,300,20240930,2024-09-30,1,769000,576750.0
1065,864,20240930,2024-09-30,4,768800,584600.0
369,1147,20240930,2024-09-30,5,768800,384400.0
288,1520,20240930,2024-09-30,1,768600,576450.0
671,125,20240930,2024-09-30,3,768100,576075.0
156,1651,20240930,2024-09-30,10,767800,383900.0
851,186,20240930,2024-09-30,2,767700,575775.0
1000,809,20240930,2024-09-30,1,767500,575625.0
462,258,20240930,2024-09-30,1,766700,575025.0
167,1040,20240930,2024-09-30,1,766500,574875.0
1116,157,20240930,2024-09-30,1,766000,574500.0
1139,1385,20240930,2024-09-30,1,766000,574500.0
1295,1857,20240930,2024-09-30,2,766000,562000.0
974,2001,20240930,2024-09-30,1,766000,574500.0
71,107,20240930,2024-09-30,1,766000,574500.0
1217,2107,20240930,2024-09-30,1,766000,689400.0
403,626,20240930,2024-09-30,1,766000,574500.0
742,1425,20240930,2024-09-30,1,765000,573750.0
274,2304,20240930,2024-09-30,1,765000,573750.0
209,866,20240930,2024-09-30,3,765000,588750.0
1030,1704,20240930,2024-09-30,2,765000,555000.0
1195,2001,20240930,2024-09-30,1,765000,573750.0
1431,1489,20240930,2024-09-30,3,765000,382500.0
1248,302,20240930,2024-09-30,1,765000,573750.0
1435,185,20240930,2024-09-30,1,765000,573750.0
1454,659,20240930,2024-09-30,1,765000,573750.0
564,978,20240930,2024-09-30,1,765000,573750.0
197,892,20240930,2024-09-30,1,765000,573750.0
102,1981,20240930,2024-09-30,2,765000,573750.0
1386,363,20240930,2024-09-30,2,765000,555000.0
403,411,20240930,2024-09-30,1,765000,573750.0
261,1467,20240930,2024-09-30,2,765000,567500.0
1368,176,20240930,2024-09-30,7,765000,507500.0
767,291,20240930,2024-09-30,1,764600,573450.0
226,1398,20240930,2024-09-30,3,764100,573075.0
294,422,20240930,2024-09-30,10,764000,558500.0
1342,2326,20240930,2024-09-30,3,763700,381850.0
1072,2090,20240930,2024-09-30,2,763400,560050.0
1295,981,20240930,2024-09-30,7,763300,581805.0
1101,53,20240930,2024-09-30,5,763300,591535.0
1295,2136,20240930,2024-09-30,2,763000,553500.0
775,367,20240930,2024-09-30,1,763000,572250.0
654,1167,20240930,2024-09-30,1,763000,572250.0
651,254,20240930,2024-09-30,2,763000,582250.0
784,168,20240930,2024-09-30,7,762500,648125.0
1000,1549,20240930,2024-09-30,1,762300,571725.0
151,331,20240930,2024-09-30,1,762300,571725.0
1274,1857,20240930,2024-09-30,2,761500,571125.0
807,1968,20240930,2024-09-30,2,761500,571125.0
1362,1072,20240930,2024-09-30,3,761000,555750.0
1065,18,20240930,2024-09-30,4,761000,579750.0
393,1714,20240930,2024-09-30,1,760700,570525.0
790,1874,20240930,2024-09-30,1,760500,570375.0
754,869,20240930,2024-09-30,1,760500,570375.0
163,2208,20240930,2024-09-30,6,760300,646255.0
138,1210,20240930,2024-09-30,1,760000,570000.0
1106,138,20240930,2024-09-30,1,760000,570000.0
657,559,20240930,2024-09-30,1,760000,570000.0
795,1911,20240930,2024-09-30,1,760000,570000.0
239,2006,20240930,2024-09-30,1,760000,570000.0
1034,157,20240930,2024-09-30,1,760000,570000.0
664,2011,20240930,2024-09-30,1,760000,570000.0
522,1952,20240930,2024-09-30,1,760000,570000.0
156,2277,20240930,2024-09-30,7,760000,380000.0
170,2008,20240930,2024-09-30,1,760000,570000.0
239,157,20240930,2024-09-30,1,760000,570000.0
132,2107,20240930,2024-09-30,1,760000,570000.0
235,1380,20240930,2024-09-30,1,760000,570000.0
657,1460,20240930,2024-09-30,1,760000,570000.0
582,1095,20240930,2024-09-30,1,760000,570000.0
1454,1383,20240930,2024-09-30,2,760000,551250.0
795,399,20240930,2024-09-30,1,760000,570000.0
264,410,20240930,2024-09-30,1,759700,569775.0
272,855,20240930,2024-09-30,3,758200,518650.0
104,978,20240930,2024-09-30,1,758000,568500.0
51,287,20240930,2024-09-30,1,758000,568500.0
584,823,20240930,2024-09-30,1,757600,568200.0
657,545,20240930,2024-09-30,1,757600,568200.0
1065,296,20240930,2024-09-30,3,757500,573125.0
702,355,20240930,2024-09-30,2,757500,568125.0
1193,1416,20240930,2024-09-30,1,757000,567750.0
682,1477,20240930,2024-09-30,1,757000,567750.0
714,1118,20240930,2024-09-30,1,756300,567225.0
92,170,20240930,2024-09-30,2,756200,567150.0
51,594,20240930,2024-09-30,1,756200,567150.0
919,1619,20240930,2024-09-30,5,756100,592685.0
584,169,20240930,2024-09-30,1,756000,567000.0
1409,199,20240930,2024-09-30,3,756000,567000.0
1409,1888,20240930,2024-09-30,1,756000,567000.0
795,1080,20240930,2024-09-30,1,756000,567000.0
951,981,20240930,2024-09-30,2,756000,554500.0
1435,2011,20240930,2024-09-30,8,755700,543650.0
587,1467,20240930,2024-09-30,1,755000,566250.0
905,334,20240930,2024-09-30,3,755000,571750.0
919,236,20240930,2024-09-30,6,755000,616750.0
1362,2104,20240930,2024-09-30,3,755000,549000.0
479,392,20240930,2024-09-30,1,754000,565500.0
264,122,20240930,2024-09-30,2,753600,565200.0
818,872,20240930,2024-09-30,8,753200,527770.0
1027,1977,20240930,2024-09-30,6,753000,506500.0
830,545,20240930,2024-09-30,2,753000,564750.0
951,1834,20240930,2024-09-30,1,752900,564675.0
267,1019,20240930,2024-09-30,6,752000,376000.0
584,293,20240930,2024-09-30,1,752000,564000.0
1390,164,20240930,2024-09-30,3,751500,578625.0
754,1544,20240930,2024-09-30,4,751000,529500.0
228,816,20240930,2024-09-30,2,751000,375500.0
818,867,20240930,2024-09-30,16,750500,469300.0
1163,833,20240930,2024-09-30,1,750100,562575.0
51,1851,20240930,2024-09-30,1,750000,562500.0
1065,529,20240930,2024-09-30,1,750000,562500.0
272,1388,20240930,2024-09-30,2,750000,375000.0
905,1040,20240930,2024-09-30,1,750000,562500.0
288,612,20240930,2024-09-30,1,750000,562500.0
1222,1540,20240930,2024-09-30,1,750000,562500.0
605,1019,20240930,2024-09-30,1,750000,562500.0
905,2222,20240930,2024-09-30,2,750000,562500.0
905,1387,20240930,2024-09-30,3,750000,562500.0
483,971,20240930,2024-09-30,1,750000,562500.0
316,2275,20240930,2024-09-30,1,750000,562500.0
794,1424,20240930,2024-09-30,1,750000,562500.0
210,157,20240930,2024-09-30,1,750000,562500.0
905,1362,20240930,2024-09-30,1,750000,562500.0
671,184,20240930,2024-09-30,1,750000,562500.0
1078,1507,20240930,2024-09-30,2,750000,512500.0
465,1391,20240930,2024-09-30,1,750000,562500.0
865,151,20240930,2024-09-30,1,750000,562500.0
682,1529,20240930,2024-09-30,2,750000,577500.0
905,1270,20240930,2024-09-30,3,750000,572500.0
1129,1959,20240930,2024-09-30,1,750000,562500.0
591,623,20240930,2024-09-30,4,750000,582500.0
242,2116,20240930,2024-09-30,1,750000,562500.0
209,1679,20240930,2024-09-30,2,750000,562500.0
905,2003,20240930,2024-09-30,2,750000,562500.0
102,635,20240930,2024-09-30,1,750000,562500.0
472,2159,20240930,2024-09-30,1,750000,562500.0
163,2128,20240930,2024-09-30,5,750000,637500.0
209,166,20240930,2024-09-30,2,750000,562500.0
795,425,20240930,2024-09-30,1,750000,562500.0
905,1575,20240930,2024-09-30,1,750000,562500.0
1365,1417,20240930,2024-09-30,1,750000,562500.0
991,1377,20240930,2024-09-30,2,750000,562500.0
905,294,20240930,2024-09-30,1,750000,562500.0
795,1641,20240930,2024-09-30,2,750000,475000.0
1441,1220,20240930,2024-09-30,2,750000,562500.0
905,1507,20240930,2024-09-30,1,750000,562500.0
618,1563,20240930,2024-09-30,1,750000,562500.0
901,1477,20240930,2024-09-30,1,750000,562500.0
1364,128,20240930,2024-09-30,2,750000,500000.0
795,2166,20240930,2024-09-30,2,750000,512500.0
905,307,20240930,2024-09-30,3,750000,512500.0
1219,265,20240930,2024-09-30,7,750000,375000.0
163,254,20240930,2024-09-30,5,750000,637500.0
163,1278,20240930,2024-09-30,2,750000,562500.0
210,148,20240930,2024-09-30,1,750000,562500.0
905,1451,20240930,2024-09-30,7,749000,599200.0
264,2036,20240930,2024-09-30,2,748900,561675.0
443,465,20240930,2024-09-30,5,748800,542900.0
765,1051,20240930,2024-09-30,3,748500,533075.0
865,2272,20240930,2024-09-30,1,748400,561300.0
78,2288,20240930,2024-09-30,2,748400,517550.0
1195,298,20240930,2024-09-30,1,748000,561000.0
1435,203,20240930,2024-09-30,9,747800,534600.0
966,1760,20240930,2024-09-30,7,747400,518470.0
579,2023,20240930,2024-09-30,2,747200,560400.0
126,1289,20240930,2024-09-30,2,747000,560250.0
1346,1954,20240930,2024-09-30,1,747000,560250.0
523,1864,20240930,2024-09-30,2,746100,547075.0
1219,294,20240930,2024-09-30,3,746000,472000.0
1065,1039,20240930,2024-09-30,1,746000,559500.0
244,298,20240930,2024-09-30,2,746000,572000.0
584,1948,20240930,2024-09-30,1,746000,559500.0
702,2247,20240930,2024-09-30,2,746000,559500.0
163,1672,20240930,2024-09-30,6,745000,633250.0
494,2151,20240930,2024-09-30,2,745000,372500.0
1295,537,20240930,2024-09-30,2,745000,546250.0
101,2341,20240930,2024-09-30,3,745000,508750.0
982,265,20240930,2024-09-30,1,745000,558750.0
552,305,20240930,2024-09-30,1,745000,558750.0
666,280,20240930,2024-09-30,2,745000,558750.0
919,2158,20240930,2024-09-30,12,744400,607740.0
1411,199,20240930,2024-09-30,1,744200,558150.0
1435,816,20240930,2024-09-30,2,744000,558000.0
479,303,20240930,2024-09-30,2,744000,573000.0
204,1540,20240930,2024-09-30,1,744000,558000.0
742,552,20240930,2024-09-30,2,744000,458000.0
163,1392,20240930,2024-09-30,5,743900,632315.0
1295,2192,20240930,2024-09-30,4,743200,541150.0
1435,214,20240930,2024-09-30,5,743000,542250.0
982,297,20240930,2024-09-30,1,743000,557250.0
540,869,20240930,2024-09-30,1,743000,557250.0
1217,1525,20240930,2024-09-30,1,742900,557175.0
477,1251,20240930,2024-09-30,1,742500,556875.0
158,559,20240930,2024-09-30,1,742200,556650.0
522,831,20240930,2024-09-30,1,742000,556500.0
818,1388,20240930,2024-09-30,10,742000,434000.0
988,1888,20240930,2024-09-30,1,742000,556500.0
192,650,20240930,2024-09-30,1,742000,556500.0
1000,262,20240930,2024-09-30,1,741600,556200.0
1184,1372,20240930,2024-09-30,8,741500,370750.0
1295,1567,20240930,2024-09-30,11,741300,472080.0
995,1986,20240930,2024-09-30,5,741100,587725.0
1282,1977,20240930,2024-09-30,1,741000,555750.0
1065,2011,20240930,2024-09-30,10,740500,589425.0
1219,1381,20240930,2024-09-30,8,740000,370000.0
163,940,20240930,2024-09-30,3,740000,585000.0
1295,1695,20240930,2024-09-30,10,740000,524500.0
708,635,20240930,2024-09-30,2,740000,530000.0
481,2307,20240930,2024-09-30,1,740000,555000.0
834,280,20240930,2024-09-30,2,740000,462500.0
1390,961,20240930,2024-09-30,5,740000,629000.0
1295,1913,20240930,2024-09-30,2,740000,548750.0
1021,1268,20240930,2024-09-30,1,740000,555000.0
403,667,20240930,2024-09-30,1,740000,555000.0
742,1662,20240930,2024-09-30,4,740000,370000.0
272,250,20240930,2024-09-30,3,740000,430000.0
988,280,20240930,2024-09-30,1,740000,555000.0
1466,199,20240930,2024-09-30,7,740000,436500.0
795,2276,20240930,2024-09-30,1,740000,555000.0
491,977,20240930,2024-09-30,1,739100,554325.0
343,697,20240930,2024-09-30,3,739000,506750.0
1065,874,20240930,2024-09-30,3,739000,559250.0
264,1888,20240930,2024-09-30,1,739000,554250.0
170,285,20240930,2024-09-30,1,739000,554250.0
784,353,20240930,2024-09-30,1,738500,553875.0
1435,231,20240930,2024-09-30,1,738200,553650.0
657,842,20240930,2024-09-30,1,738000,553500.0
1065,2058,20240930,2024-09-30,3,738000,558500.0
316,1981,20240930,2024-09-30,2,738000,553500.0
784,165,20240930,2024-09-30,7,737900,627215.0
716,146,20240930,2024-09-30,1,737800,553350.0
1269,1243,20240930,2024-09-30,1,737500,553125.0
479,261,20240930,2024-09-30,3,737000,582750.0
258,1320,20240930,2024-09-30,3,736500,502375.0
163,593,20240930,2024-09-30,6,736500,626025.0
200,2083,20240930,2024-09-30,5,736300,583395.0
1295,1451,20240930,2024-09-30,4,736000,538250.0
420,1061,20240930,2024-09-30,1,736000,552000.0
474,1041,20240930,2024-09-30,1,735500,551625.0
310,1086,20240930,2024-09-30,4,735500,470375.0
197,2021,20240930,2024-09-30,1,735000,551250.0
1435,722,20240930,2024-09-30,2,735000,547500.0
101,2291,20240930,2024-09-30,3,735000,426250.0
754,13,20240930,2024-09-30,1,735000,551250.0
472,186,20240930,2024-09-30,1,735000,551250.0
996,2246,20240930,2024-09-30,2,735000,463750.0
1269,1251,20240930,2024-09-30,1,735000,551250.0
157,894,20240930,2024-09-30,8,734900,567865.0
834,308,20240930,2024-09-30,1,734000,550500.0
380,314,20240930,2024-09-30,2,734000,538000.0
865,2330,20240930,2024-09-30,1,733700,550275.0
483,1987,20240930,2024-09-30,1,733000,549750.0
613,2011,20240930,2024-09-30,1,732600,549450.0
1362,159,20240930,2024-09-30,1,732600,549450.0
767,959,20240930,2024-09-30,2,732500,554585.0
1137,164,20240930,2024-09-30,2,732500,549375.0
264,286,20240930,2024-09-30,2,732200,549150.0
742,347,20240930,2024-09-30,3,732000,452750.0
1409,122,20240930,2024-09-30,1,732000,549000.0
121,353,20240930,2024-09-30,1,731000,548250.0
948,2079,20240930,2024-09-30,1,730700,548025.0
128,570,20240930,2024-09-30,4,730500,550175.0
1217,1986,20240930,2024-09-30,1,730200,657180.0
951,610,20240930,2024-09-30,2,730000,535000.0
109,1253,20240930,2024-09-30,1,730000,547500.0
9,1033,20240930,2024-09-30,2,730000,547500.0
1295,192,20240930,2024-09-30,5,730000,535500.0
197,866,20240930,2024-09-30,1,730000,547500.0
1028,1140,20240930,2024-09-30,1,730000,547500.0
618,2151,20240930,2024-09-30,1,730000,547500.0
1220,353,20240930,2024-09-30,1,730000,547500.0
948,1992,20240930,2024-09-30,1,730000,547500.0
834,1227,20240930,2024-09-30,1,729800,547350.0
1162,2097,20240930,2024-09-30,3,729800,547350.0
1295,1384,20240930,2024-09-30,4,729500,529625.0
682,293,20240930,2024-09-30,5,729000,619650.0
1144,1121,20240930,2024-09-30,2,729000,546750.0
163,269,20240930,2024-09-30,5,729000,619650.0
962,2311,20240930,2024-09-30,1,729000,546750.0
235,265,20240930,2024-09-30,4,728000,583000.0
795,1290,20240930,2024-09-30,1,727700,545775.0
830,2019,20240930,2024-09-30,1,727500,545625.0
1133,1374,20240930,2024-09-30,13,727500,363750.0
1000,1148,20240930,2024-09-30,1,727500,545625.0
894,164,20240930,2024-09-30,1,727400,545550.0
682,2036,20240930,2024-09-30,1,727000,545250.0
285,1383,20240930,2024-09-30,3,727000,545250.0
1269,1240,20240930,2024-09-30,1,727000,545250.0
1362,961,20240930,2024-09-30,2,726800,545100.0
114,2397,20240930,2024-09-30,2,726100,547575.0
10,1719,20240930,2024-09-30,2,726000,544500.0
1456,1928,20240930,2024-09-30,1,726000,544500.0
1021,1263,20240930,2024-09-30,1,726000,544500.0
163,1704,20240930,2024-09-30,4,725700,583345.0
1375,545,20240930,2024-09-30,3,725000,362500.0
310,1081,20240930,2024-09-30,3,725000,533750.0
197,428,20240930,2024-09-30,1,725000,543750.0
1356,2180,20240930,2024-09-30,1,725000,543750.0
905,400,20240930,2024-09-30,3,725000,538750.0
192,296,20240930,2024-09-30,1,725000,543750.0
84,861,20240930,2024-09-30,3,725000,518750.0
197,1563,20240930,2024-09-30,1,725000,543750.0
1195,355,20240930,2024-09-30,2,725000,543750.0
510,46,20240930,2024-09-30,1,725000,543750.0
235,1816,20240930,2024-09-30,1,725000,543750.0
1472,291,20240930,2024-09-30,1,725000,543750.0
434,883,20240930,2024-09-30,2,725000,543750.0
1390,741,20240930,2024-09-30,1,725000,543750.0
795,880,20240930,2024-09-30,2,725000,525000.0
1170,594,20240930,2024-09-30,1,725000,543750.0
754,643,20240930,2024-09-30,2,725000,431250.0
209,2248,20240930,2024-09-30,2,725000,543750.0
106,413,20240930,2024-09-30,2,725000,543750.0
905,2273,20240930,2024-09-30,3,725000,558750.0
613,2048,20240930,2024-09-30,2,724100,543075.0
1427,2260,20240930,2024-09-30,2,724000,418000.0
109,875,20240930,2024-09-30,1,723600,542700.0
479,545,20240930,2024-09-30,2,723500,555125.0
20,214,20240930,2024-09-30,2,723000,542250.0
507,1619,20240930,2024-09-30,4,723000,472250.0
393,882,20240930,2024-09-30,1,722600,541950.0
376,125,20240930,2024-09-30,1,722500,541875.0
881,854,20240930,2024-09-30,1,722500,541875.0
483,961,20240930,2024-09-30,1,722500,541875.0
483,1428,20240930,2024-09-30,1,722500,541875.0
36,2123,20240930,2024-09-30,1,722500,541875.0
109,1714,20240930,2024-09-30,3,722500,461250.0
966,1738,20240930,2024-09-30,3,722000,539000.0
109,1397,20240930,2024-09-30,1,722000,541500.0
1431,863,20240930,2024-09-30,5,721700,360850.0
1431,242,20240930,2024-09-30,6,721400,360700.0
1411,722,20240930,2024-09-30,1,720700,540525.0
104,935,20240930,2024-09-30,2,720500,527875.0
664,834,20240930,2024-09-30,1,720200,540150.0
209,1466,20240930,2024-09-30,3,720000,546500.0
763,623,20240930,2024-09-30,3,720000,360000.0
1386,392,20240930,2024-09-30,1,720000,540000.0
465,1388,20240930,2024-09-30,1,720000,540000.0
442,1641,20240930,2024-09-30,1,720000,540000.0
1390,861,20240930,2024-09-30,5,720000,612000.0
905,2311,20240930,2024-09-30,1,720000,540000.0
682,158,20240930,2024-09-30,1,720000,540000.0
392,2066,20240930,2024-09-30,1,720000,540000.0
353,361,20240930,2024-09-30,1,720000,540000.0
481,1300,20240930,2024-09-30,1,720000,540000.0
1373,1352,20240930,2024-09-30,1,720000,540000.0
558,88,20240930,2024-09-30,1,720000,540000.0
1411,2097,20240930,2024-09-30,1,720000,540000.0
434,1817,20240930,2024-09-30,1,720000,540000.0
235,1867,20240930,2024-09-30,1,719200,539400.0
1086,1511,20240930,2024-09-30,4,719100,557755.0
679,1670,20240930,2024-09-30,1,719000,539250.0
430,2127,20240930,2024-09-30,1,719000,539250.0
648,2011,20240930,2024-09-30,6,719000,359500.0
1435,333,20240930,2024-09-30,2,718200,534900.0
180,2287,20240930,2024-09-30,2,718000,513500.0
1390,58,20240930,2024-09-30,1,718000,538500.0
742,1519,20240930,2024-09-30,3,718000,359000.0
666,261,20240930,2024-09-30,1,717900,538425.0
1000,283,20240930,2024-09-30,1,717500,538125.0
1072,1148,20240930,2024-09-30,1,717500,538125.0
1390,1424,20240930,2024-09-30,5,717000,609450.0
920,1033,20240930,2024-09-30,4,716500,502375.0
931,1641,20240930,2024-09-30,2,716000,462000.0
266,47,20240930,2024-09-30,1,716000,537000.0
462,1935,20240930,2024-09-30,1,715500,536625.0
1212,169,20240930,2024-09-30,1,715500,536625.0
919,1274,20240930,2024-09-30,7,715100,577835.0
197,1230,20240930,2024-09-30,1,715000,536250.0
951,2184,20240930,2024-09-30,1,715000,536250.0
16,203,20240930,2024-09-30,1,715000,536250.0
834,1388,20240930,2024-09-30,2,715000,448750.0
368,1819,20240930,2024-09-30,1,715000,536250.0
1200,107,20240930,2024-09-30,1,715000,536250.0
1470,516,20240930,2024-09-30,2,715000,473750.0
1435,1435,20240930,2024-09-30,8,715000,503750.0
391,1467,20240930,2024-09-30,1,715000,536250.0
479,287,20240930,2024-09-30,2,715000,523750.0
209,1996,20240930,2024-09-30,2,715000,536250.0
586,1806,20240930,2024-09-30,1,714500,535875.0
916,2075,20240930,2024-09-30,1,714300,535725.0
209,1153,20240930,2024-09-30,2,714000,535500.0
834,1383,20240930,2024-09-30,2,714000,498000.0
1065,1203,20240930,2024-09-30,3,714000,545500.0
491,1548,20240930,2024-09-30,2,714000,535500.0
264,396,20240930,2024-09-30,1,714000,535500.0
1366,2270,20240930,2024-09-30,1,714000,535500.0
933,635,20240930,2024-09-30,2,714000,516750.0
555,114,20240930,2024-09-30,1,713900,535425.0
1295,864,20240930,2024-09-30,4,713500,510125.0
977,163,20240930,2024-09-30,2,713000,529750.0
671,1061,20240930,2024-09-30,1,712500,534375.0
285,183,20240930,2024-09-30,1,712500,534375.0
1445,261,20240930,2024-09-30,1,712100,534075.0
53,2079,20240930,2024-09-30,2,712000,534000.0
70,73,20240930,2024-09-30,4,712000,558400.0
109,855,20240930,2024-09-30,2,712000,527750.0
10,290,20240930,2024-09-30,1,712000,534000.0
1454,1394,20240930,2024-09-30,2,712000,515250.0
641,981,20240930,2024-09-30,4,711600,355800.0
1312,1529,20240930,2024-09-30,1,711000,533250.0
280,2309,20240930,2024-09-30,5,711000,520700.0
78,2338,20240930,2024-09-30,2,711000,533250.0
851,191,20240930,2024-09-30,1,711000,533250.0
1219,1813,20240930,2024-09-30,23,710000,355000.0
916,290,20240930,2024-09-30,1,710000,532500.0
536,940,20240930,2024-09-30,2,710000,532500.0
1295,1535,20240930,2024-09-30,1,710000,532500.0
818,2131,20240930,2024-09-30,7,710000,492500.0
197,1004,20240930,2024-09-30,2,710000,495000.0
1295,2319,20240930,2024-09-30,4,710000,517500.0
1116,305,20240930,2024-09-30,1,710000,532500.0
163,1669,20240930,2024-09-30,5,709000,602650.0
582,291,20240930,2024-09-30,1,709000,531750.0
384,302,20240930,2024-09-30,2,709000,531750.0
309,183,20240930,2024-09-30,4,709000,354500.0
666,1397,20240930,2024-09-30,1,709000,531750.0
235,309,20240930,2024-09-30,1,709000,531750.0
1295,1041,20240930,2024-09-30,8,708000,467750.0
666,1526,20240930,2024-09-30,1,707500,530625.0
1065,1871,20240930,2024-09-30,1,707500,530625.0
109,948,20240930,2024-09-30,1,707400,530550.0
163,1691,20240930,2024-09-30,3,707200,551120.0
106,286,20240930,2024-09-30,2,707100,530325.0
1034,1424,20240930,2024-09-30,1,707000,530250.0
1183,1088,20240930,2024-09-30,1,707000,530250.0
1390,1507,20240930,2024-09-30,2,707000,545250.0
1219,306,20240930,2024-09-30,11,706800,353400.0
58,2128,20240930,2024-09-30,2,706800,500100.0
1116,1715,20240930,2024-09-30,1,706500,529875.0
1294,1703,20240930,2024-09-30,3,706500,536625.0
380,1389,20240930,2024-09-30,1,706000,529500.0
1466,1968,20240930,2024-09-30,3,706000,540800.0
128,1086,20240930,2024-09-30,1,706000,529500.0
1116,498,20240930,2024-09-30,1,706000,529500.0
479,290,20240930,2024-09-30,3,706000,544500.0
1411,2,20240930,2024-09-30,1,705800,529350.0
726,1948,20240930,2024-09-30,1,705600,529200.0
664,1151,20240930,2024-09-30,2,705000,528750.0
1195,492,20240930,2024-09-30,2,705000,536250.0
1409,985,20240930,2024-09-30,1,705000,528750.0
322,1194,20240930,2024-09-30,1,705000,528750.0
252,1417,20240930,2024-09-30,3,705000,508750.0
302,314,20240930,2024-09-30,2,704700,528525.0
109,1811,20240930,2024-09-30,2,704200,496900.0
197,1435,20240930,2024-09-30,1,704000,528000.0
51,1394,20240930,2024-09-30,1,704000,528000.0
1390,1251,20240930,2024-09-30,2,704000,540500.0
1362,1008,20240930,2024-09-30,2,704000,521750.0
754,1437,20240930,2024-09-30,6,703200,461350.0
306,211,20240930,2024-09-30,4,703000,552550.0
784,2272,20240930,2024-09-30,2,702700,527025.0
881,1450,20240930,2024-09-30,2,702500,510625.0
601,214,20240930,2024-09-30,2,702300,526725.0
522,2083,20240930,2024-09-30,1,702000,526500.0
1409,563,20240930,2024-09-30,2,701500,526125.0
702,2079,20240930,2024-09-30,2,701000,525750.0
679,1662,20240930,2024-09-30,2,701000,475500.0
998,409,20240930,2024-09-30,1,700000,525000.0
1390,2008,20240930,2024-09-30,4,700000,570000.0
462,915,20240930,2024-09-30,1,700000,525000.0
207,165,20240930,2024-09-30,1,700000,525000.0
109,250,20240930,2024-09-30,2,700000,350000.0
795,1842,20240930,2024-09-30,1,700000,525000.0
155,1467,20240930,2024-09-30,2,700000,525000.0
407,1507,20240930,2024-09-30,1,700000,525000.0
142,1926,20240930,2024-09-30,1,700000,525000.0
510,68,20240930,2024-09-30,1,700000,525000.0
535,2226,20240930,2024-09-30,1,700000,525000.0
141,1977,20240930,2024-09-30,1,700000,525000.0
272,1467,20240930,2024-09-30,3,700000,350000.0
905,1492,20240930,2024-09-30,1,700000,525000.0
742,353,20240930,2024-09-30,2,700000,350000.0
905,358,20240930,2024-09-30,1,700000,525000.0
1163,761,20240930,2024-09-30,3,700000,545000.0
209,204,20240930,2024-09-30,2,700000,525000.0
905,1168,20240930,2024-09-30,3,700000,550000.0
1139,1467,20240930,2024-09-30,1,700000,525000.0
811,164,20240930,2024-09-30,3,700000,535000.0
107,1467,20240930,2024-09-30,2,700000,525000.0
1206,2341,20240930,2024-09-30,2,700000,400000.0
1441,280,20240930,2024-09-30,2,700000,525000.0
624,1471,20240930,2024-09-30,2,700000,487500.0
919,1832,20240930,2024-09-30,3,700000,545000.0
552,303,20240930,2024-09-30,1,700000,525000.0
1065,535,20240930,2024-09-30,1,700000,525000.0
209,1391,20240930,2024-09-30,2,700000,525000.0
775,2006,20240930,2024-09-30,2,700000,525000.0
988,1839,20240930,2024-09-30,1,700000,525000.0
261,163,20240930,2024-09-30,1,700000,525000.0
818,2136,20240930,2024-09-30,5,700000,452500.0
483,290,20240930,2024-09-30,1,700000,525000.0
1065,721,20240930,2024-09-30,1,700000,525000.0
1247,2289,20240930,2024-09-30,1,700000,525000.0
242,2128,20240930,2024-09-30,1,700000,525000.0
1390,290,20240930,2024-09-30,4,700000,570000.0
871,170,20240930,2024-09-30,5,700000,595000.0
460,1708,20240930,2024-09-30,1,700000,525000.0
463,293,20240930,2024-09-30,2,700000,525000.0
350,2367,20240930,2024-09-30,3,700000,470000.0
1108,1482,20240930,2024-09-30,3,700000,475000.0
666,138,20240930,2024-09-30,1,700000,525000.0
1337,1948,20240930,2024-09-30,1,700000,525000.0
905,1987,20240930,2024-09-30,2,700000,525000.0
795,1844,20240930,2024-09-30,1,700000,525000.0
665,160,20240930,2024-09-30,1,700000,525000.0
305,823,20240930,2024-09-30,5,700000,595000.0
824,961,20240930,2024-09-30,1,700000,525000.0
1065,537,20240930,2024-09-30,2,700000,530000.0
270,2361,20240930,2024-09-30,2,700000,350000.0
905,1519,20240930,2024-09-30,2,700000,525000.0
818,1379,20240930,2024-09-30,8,700000,437500.0
163,1482,20240930,2024-09-30,5,700000,595000.0
375,1460,20240930,2024-09-30,1,700000,525000.0
331,966,20240930,2024-09-30,1,700000,525000.0
463,1714,20240930,2024-09-30,1,700000,525000.0
1424,1968,20240930,2024-09-30,2,699600,524700.0
384,949,20240930,2024-09-30,1,699000,524250.0
1274,1865,20240930,2024-09-30,4,699000,534250.0
919,1391,20240930,2024-09-30,6,698700,544035.0
903,1375,20240930,2024-09-30,2,698700,349350.0
1217,857,20240930,2024-09-30,1,698400,523800.0
1167,1086,20240930,2024-09-30,1,698400,523800.0
1195,1680,20240930,2024-09-30,1,698000,523500.0
479,308,20240930,2024-09-30,2,698000,517250.0
462,361,20240930,2024-09-30,1,697700,523275.0
452,1207,20240930,2024-09-30,2,697600,510700.0
1217,261,20240930,2024-09-30,1,697100,522825.0
783,861,20240930,2024-09-30,1,697000,522750.0
479,166,20240930,2024-09-30,1,697000,522750.0
1435,303,20240930,2024-09-30,13,697000,466500.0
963,361,20240930,2024-09-30,1,697000,522750.0
264,341,20240930,2024-09-30,2,696500,522375.0
493,73,20240930,2024-09-30,1,696100,522075.0
235,1395,20240930,2024-09-30,1,695600,521700.0
664,845,20240930,2024-09-30,3,695000,521250.0
641,1040,20240930,2024-09-30,3,695000,448750.0
742,1249,20240930,2024-09-30,4,695000,347500.0
977,1245,20240930,2024-09-30,2,695000,515000.0
163,169,20240930,2024-09-30,6,695000,590750.0
1142,353,20240930,2024-09-30,2,695000,531250.0
235,2127,20240930,2024-09-30,1,695000,521250.0
903,857,20240930,2024-09-30,10,695000,417500.0
951,977,20240930,2024-09-30,2,694700,496025.0
1295,330,20240930,2024-09-30,3,694600,514700.0
1237,1981,20240930,2024-09-30,1,694500,520875.0
547,355,20240930,2024-09-30,1,694400,520800.0
256,939,20240930,2024-09-30,3,694200,500570.0
1208,702,20240930,2024-09-30,1,694200,520650.0
538,1342,20240930,2024-09-30,2,694000,408000.0
209,827,20240930,2024-09-30,1,694000,520500.0
662,981,20240930,2024-09-30,1,694000,520500.0
666,2093,20240930,2024-09-30,1,693900,520425.0
1109,2248,20240930,2024-09-30,1,693900,520425.0
10,1935,20240930,2024-09-30,2,693700,520275.0
7,640,20240930,2024-09-30,1,693600,520200.0
830,2006,20240930,2024-09-30,3,693200,519900.0
479,1437,20240930,2024-09-30,2,693000,534750.0
931,511,20240930,2024-09-30,1,693000,519750.0
235,1988,20240930,2024-09-30,1,693000,519750.0
795,107,20240930,2024-09-30,1,693000,519750.0
1409,400,20240930,2024-09-30,1,692000,519000.0
1090,2394,20240930,2024-09-30,1,692000,519000.0
235,183,20240930,2024-09-30,3,692000,549000.0
893,865,20240930,2024-09-30,5,691500,488250.0
919,64,20240930,2024-09-30,3,691400,523550.0
524,614,20240930,2024-09-30,8,691200,455900.0
145,1159,20240930,2024-09-30,2,691000,518250.0
6,2258,20240930,2024-09-30,7,690700,454595.0
520,1449,20240930,2024-09-30,1,690000,517500.0
520,1988,20240930,2024-09-30,1,690000,517500.0
261,160,20240930,2024-09-30,3,690000,482500.0
795,187,20240930,2024-09-30,2,690000,505000.0
121,141,20240930,2024-09-30,1,690000,517500.0
582,1380,20240930,2024-09-30,1,690000,517500.0
1116,298,20240930,2024-09-30,2,690000,517500.0
1230,2008,20240930,2024-09-30,1,690000,517500.0
1384,135,20240930,2024-09-30,1,690000,517500.0
742,236,20240930,2024-09-30,2,690000,492500.0
873,2111,20240930,2024-09-30,3,690000,515000.0
510,1839,20240930,2024-09-30,1,690000,517500.0
1390,722,20240930,2024-09-30,5,690000,586500.0
1409,2340,20240930,2024-09-30,1,690000,517500.0
1366,137,20240930,2024-09-30,1,690000,517500.0
10,2006,20240930,2024-09-30,1,690000,517500.0
92,177,20240930,2024-09-30,1,690000,517500.0
1237,1477,20240930,2024-09-30,1,689500,517125.0
109,1935,20240930,2024-09-30,2,689400,479550.0
1163,2192,20240930,2024-09-30,1,689000,516750.0
393,1847,20240930,2024-09-30,2,689000,516750.0
273,1401,20240930,2024-09-30,1,689000,516750.0
865,1460,20240930,2024-09-30,1,688500,516375.0
358,1072,20240930,2024-09-30,1,688500,516375.0
1295,1152,20240930,2024-09-30,4,688000,491000.0
242,2120,20240930,2024-09-30,1,688000,516000.0
951,799,20240930,2024-09-30,2,687600,503200.0
933,286,20240930,2024-09-30,4,687500,421875.0
1123,1839,20240930,2024-09-30,2,687000,515250.0
163,1338,20240930,2024-09-30,5,687000,583950.0
494,1301,20240930,2024-09-30,3,686800,343400.0
1237,262,20240930,2024-09-30,1,686600,514950.0
372,949,20240930,2024-09-30,2,686100,514575.0
666,1735,20240930,2024-09-30,1,686000,514500.0
783,135,20240930,2024-09-30,1,686000,514500.0
1125,1309,20240930,2024-09-30,3,686000,343000.0
1237,1233,20240930,2024-09-30,1,685900,514425.0
900,235,20240930,2024-09-30,3,685900,495675.0
216,160,20240930,2024-09-30,1,685700,514275.0
873,194,20240930,2024-09-30,1,685200,513900.0
156,2245,20240930,2024-09-30,7,685100,342550.0
682,261,20240930,2024-09-30,5,685000,582250.0
1356,338,20240930,2024-09-30,1,685000,513750.0
453,429,20240930,2024-09-30,6,685000,451000.0
1401,1676,20240930,2024-09-30,2,685000,513750.0
988,1822,20240930,2024-09-30,1,685000,513750.0
228,268,20240930,2024-09-30,1,684500,513375.0
393,1295,20240930,2024-09-30,1,684100,513075.0
209,290,20240930,2024-09-30,1,684000,513000.0
991,1722,20240930,2024-09-30,1,684000,513000.0
170,1380,20240930,2024-09-30,1,684000,513000.0
865,1680,20240930,2024-09-30,1,684000,513000.0
264,175,20240930,2024-09-30,1,683500,512625.0
1295,1086,20240930,2024-09-30,4,683000,492250.0
754,8,20240930,2024-09-30,1,682900,512175.0
755,2165,20240930,2024-09-30,1,682700,512025.0
742,1545,20240930,2024-09-30,3,682700,341350.0
116,2216,20240930,2024-09-30,3,682500,456875.0
726,2021,20240930,2024-09-30,1,682500,511875.0
302,268,20240930,2024-09-30,1,682400,511800.0
156,160,20240930,2024-09-30,8,682300,341150.0
109,956,20240930,2024-09-30,1,682100,511575.0
350,745,20240930,2024-09-30,1,682000,511500.0
679,1641,20240930,2024-09-30,1,682000,511500.0
393,947,20240930,2024-09-30,1,681600,511200.0
322,1168,20240930,2024-09-30,1,681400,511050.0
1116,361,20240930,2024-09-30,1,681100,510825.0
239,545,20240930,2024-09-30,1,681000,510750.0
1295,1813,20240930,2024-09-30,4,681000,490750.0
163,2277,20240930,2024-09-30,5,680800,578680.0
901,1461,20240930,2024-09-30,1,680000,510000.0
666,961,20240930,2024-09-30,1,680000,510000.0
520,1243,20240930,2024-09-30,1,680000,510000.0
977,873,20240930,2024-09-30,2,680000,497500.0
864,130,20240930,2024-09-30,1,680000,510000.0
316,2328,20240930,2024-09-30,1,680000,510000.0
881,2235,20240930,2024-09-30,1,680000,510000.0
671,143,20240930,2024-09-30,2,680000,510000.0
1163,1252,20240930,2024-09-30,2,680000,510000.0
117,869,20240930,2024-09-30,1,680000,510000.0
1295,1719,20240930,2024-09-30,5,680000,485000.0
1425,2128,20240930,2024-09-30,2,680000,497500.0
316,170,20240930,2024-09-30,1,680000,510000.0
1021,163,20240930,2024-09-30,1,680000,510000.0
76,1380,20240930,2024-09-30,2,680000,510000.0
795,1417,20240930,2024-09-30,2,680000,497500.0
742,949,20240930,2024-09-30,4,680000,340000.0
589,1487,20240930,2024-09-30,13,679800,339900.0
514,824,20240930,2024-09-30,2,679700,472275.0
865,53,20240930,2024-09-30,1,679100,509325.0
902,211,20240930,2024-09-30,1,679000,509250.0
842,961,20240930,2024-09-30,3,679000,496750.0
919,252,20240930,2024-09-30,4,678800,529180.0
462,770,20240930,2024-09-30,1,678600,508950.0
1237,217,20240930,2024-09-30,1,678100,508575.0
666,253,20240930,2024-09-30,1,678000,508500.0
856,130,20240930,2024-09-30,1,678000,508500.0
491,2097,20240930,2024-09-30,3,678000,522400.0
510,400,20240930,2024-09-30,1,678000,508500.0
235,1378,20240930,2024-09-30,3,677000,527850.0
61,892,20240930,2024-09-30,5,676500,464550.0
200,2006,20240930,2024-09-30,5,676500,540025.0
702,545,20240930,2024-09-30,1,676000,507000.0
784,184,20240930,2024-09-30,3,676000,524600.0
671,43,20240930,2024-09-30,1,676000,507000.0
919,2248,20240930,2024-09-30,5,675900,531135.0
724,1968,20240930,2024-09-30,1,675300,506475.0
1364,2125,20240930,2024-09-30,1,675000,506250.0
1163,1266,20240930,2024-09-30,2,675000,506250.0
209,138,20240930,2024-09-30,3,675000,515250.0
264,1634,20240930,2024-09-30,1,675000,506250.0
1100,674,20240930,2024-09-30,3,675000,337500.0
1459,2341,20240930,2024-09-30,5,675000,532250.0
1347,184,20240930,2024-09-30,2,675000,513750.0
309,935,20240930,2024-09-30,1,675000,506250.0
795,465,20240930,2024-09-30,2,675000,468750.0
463,1570,20240930,2024-09-30,1,675000,506250.0
1065,1811,20240930,2024-09-30,2,675000,506250.0
1270,383,20240930,2024-09-30,2,675000,506250.0
742,1985,20240930,2024-09-30,2,674500,460375.0
477,640,20240930,2024-09-30,1,674000,505500.0
1368,161,20240930,2024-09-30,6,672700,462025.0
1287,1520,20240930,2024-09-30,1,672000,504000.0
522,1529,20240930,2024-09-30,2,672000,491500.0
1065,308,20240930,2024-09-30,3,671500,505375.0
524,956,20240930,2024-09-30,6,671400,463690.0
375,262,20240930,2024-09-30,1,671000,503250.0
829,1155,20240930,2024-09-30,4,670900,471925.0
1295,959,20240930,2024-09-30,13,670800,433110.0
666,1996,20240930,2024-09-30,1,670000,502500.0
483,253,20240930,2024-09-30,1,670000,502500.0
166,1116,20240930,2024-09-30,1,670000,502500.0
197,492,20240930,2024-09-30,1,670000,502500.0
1276,1982,20240930,2024-09-30,1,670000,502500.0
197,2075,20240930,2024-09-30,1,670000,502500.0
1362,570,20240930,2024-09-30,3,669400,497650.0
163,503,20240930,2024-09-30,5,669000,568650.0
1295,392,20240930,2024-09-30,2,668500,488875.0
472,1246,20240930,2024-09-30,2,668000,469750.0
251,1329,20240930,2024-09-30,2,668000,482250.0
945,700,20240930,2024-09-30,1,667900,500925.0
415,1086,20240930,2024-09-30,1,667800,500850.0
1219,308,20240930,2024-09-30,9,667700,333850.0
1096,1121,20240930,2024-09-30,4,667500,459000.0
857,1968,20240930,2024-09-30,1,667000,500250.0
1237,1383,20240930,2024-09-30,1,666200,499650.0
1226,2099,20240930,2024-09-30,1,666000,499500.0
1295,663,20240930,2024-09-30,9,666000,435075.0
261,2006,20240930,2024-09-30,1,666000,499500.0
7,635,20240930,2024-09-30,6,665600,355677.4
742,1087,20240930,2024-09-30,1,665500,499125.0
1030,2043,20240930,2024-09-30,2,665200,473900.0
491,1968,20240930,2024-09-30,1,665200,498900.0
905,773,20240930,2024-09-30,3,665000,495000.0
652,1573,20240930,2024-09-30,3,665000,503250.0
978,1708,20240930,2024-09-30,4,665000,449750.0
1295,917,20240930,2024-09-30,9,665000,417250.0
10,1398,20240930,2024-09-30,1,665000,498750.0
905,2342,20240930,2024-09-30,2,665000,508750.0
102,1384,20240930,2024-09-30,1,665000,498750.0
795,811,20240930,2024-09-30,1,665000,498750.0
948,203,20240930,2024-09-30,1,664400,498300.0
109,949,20240930,2024-09-30,4,664200,332100.0
657,122,20240930,2024-09-30,1,664000,498000.0
163,2315,20240930,2024-09-30,5,664000,564400.0
1411,146,20240930,2024-09-30,1,663700,497775.0
305,2208,20240930,2024-09-30,1,663000,497250.0
209,1926,20240930,2024-09-30,2,663000,497250.0
1295,1962,20240930,2024-09-30,2,663000,489750.0
375,1466,20240930,2024-09-30,1,663000,497250.0
235,425,20240930,2024-09-30,1,662700,497025.0
784,199,20240930,2024-09-30,7,662600,563210.0
919,1845,20240930,2024-09-30,4,662300,515315.0
1079,1450,20240930,2024-09-30,3,662300,362729.0
316,1429,20240930,2024-09-30,1,662000,496500.0
1030,868,20240930,2024-09-30,1,662000,496500.0
520,1952,20240930,2024-09-30,1,662000,496500.0
977,2158,20240930,2024-09-30,3,661900,478925.0
681,1081,20240930,2024-09-30,1,661500,496125.0
480,584,20240930,2024-09-30,1,661000,495750.0
1390,1243,20240930,2024-09-30,1,661000,495750.0
430,118,20240930,2024-09-30,1,661000,495750.0
919,367,20240930,2024-09-30,5,660600,513450.0
1169,361,20240930,2024-09-30,2,660600,495450.0
1466,2119,20240930,2024-09-30,3,660500,512275.0
429,640,20240930,2024-09-30,3,660200,504170.0
951,1121,20240930,2024-09-30,2,660000,482500.0
209,158,20240930,2024-09-30,3,660000,510000.0
901,1496,20240930,2024-09-30,1,660000,495000.0
1044,1545,20240930,2024-09-30,5,660000,330000.0
614,1397,20240930,2024-09-30,1,660000,495000.0
742,1822,20240930,2024-09-30,3,660000,330000.0
775,1300,20240930,2024-09-30,1,660000,495000.0
881,1483,20240930,2024-09-30,1,660000,495000.0
264,1981,20240930,2024-09-30,1,660000,495000.0
834,880,20240930,2024-09-30,2,660000,482500.0
131,1832,20240930,2024-09-30,1,660000,495000.0
702,265,20240930,2024-09-30,1,660000,495000.0
328,209,20240930,2024-09-30,1,660000,495000.0
614,1734,20240930,2024-09-30,1,660000,495000.0
972,927,20240930,2024-09-30,2,660000,370000.0
264,2048,20240930,2024-09-30,1,659700,494775.0
548,1626,20240930,2024-09-30,1,659600,494700.0
1295,1388,20240930,2024-09-30,4,659000,485500.0
1424,2083,20240930,2024-09-30,2,659000,494250.0
1411,1719,20240930,2024-09-30,2,659000,481750.0
121,2079,20240930,2024-09-30,3,658500,493875.0
396,1053,20240930,2024-09-30,1,658000,493500.0
10,1424,20240930,2024-09-30,1,658000,493500.0
264,1338,20240930,2024-09-30,1,658000,493500.0
919,826,20240930,2024-09-30,7,657600,533960.0
948,1424,20240930,2024-09-30,1,657500,493125.0
330,1496,20240930,2024-09-30,5,657500,558875.0
445,866,20240930,2024-09-30,1,657500,493125.0
200,2079,20240930,2024-09-30,5,657000,558450.0
1065,1033,20240930,2024-09-30,6,657000,523100.0
1384,157,20240930,2024-09-30,2,657000,492750.0
1093,856,20240930,2024-09-30,5,657000,501350.0
462,303,20240930,2024-09-30,1,657000,492750.0
857,1992,20240930,2024-09-30,2,657000,492750.0
855,1364,20240930,2024-09-30,1,656500,492375.0
523,1865,20240930,2024-09-30,1,656100,492075.0
424,2292,20240930,2024-09-30,2,656000,460750.0
368,1291,20240930,2024-09-30,1,656000,492000.0
1368,492,20240930,2024-09-30,16,655500,327750.0
742,1656,20240930,2024-09-30,2,655400,475300.0
243,477,20240930,2024-09-30,3,655200,504900.0
1356,877,20240930,2024-09-30,1,655000,491250.0
1065,1672,20240930,2024-09-30,7,655000,477850.0
1409,761,20240930,2024-09-30,1,655000,491250.0
905,396,20240930,2024-09-30,2,655000,499250.0
630,2255,20240930,2024-09-30,1,655000,491250.0
302,2138,20240930,2024-09-30,1,655000,491250.0
1295,892,20240930,2024-09-30,2,654500,478375.0
961,346,20240930,2024-09-30,2,654000,490500.0
1269,277,20240930,2024-09-30,1,653000,489750.0
824,160,20240930,2024-09-30,1,652900,489675.0
1046,1338,20240930,2024-09-30,1,652500,489375.0
905,2381,20240930,2024-09-30,1,652500,489375.0
235,207,20240930,2024-09-30,1,652000,489000.0
102,1373,20240930,2024-09-30,2,652000,489000.0
393,877,20240930,2024-09-30,1,651800,488850.0
1237,1466,20240930,2024-09-30,1,651600,488700.0
865,261,20240930,2024-09-30,1,651100,488325.0
879,5,20240930,2024-09-30,4,651100,465800.0
919,303,20240930,2024-09-30,6,651000,528350.0
445,981,20240930,2024-09-30,2,650500,462875.0
264,301,20240930,2024-09-30,2,650400,487800.0
873,494,20240930,2024-09-30,4,650000,443750.0
1295,147,20240930,2024-09-30,2,650000,450000.0
905,1621,20240930,2024-09-30,1,650000,487500.0
355,1549,20240930,2024-09-30,2,650000,437500.0
901,1460,20240930,2024-09-30,1,650000,487500.0
1364,1081,20240930,2024-09-30,2,650000,437500.0
353,335,20240930,2024-09-30,1,650000,487500.0
905,913,20240930,2024-09-30,2,650000,487500.0
1141,2341,20240930,2024-09-30,1,650000,487500.0
9,997,20240930,2024-09-30,3,650000,400000.0
875,226,20240930,2024-09-30,1,650000,487500.0
901,1440,20240930,2024-09-30,1,650000,487500.0
306,203,20240930,2024-09-30,3,650000,502500.0
784,1529,20240930,2024-09-30,2,650000,502500.0
905,137,20240930,2024-09-30,5,650000,525000.0
209,199,20240930,2024-09-30,2,650000,487500.0
905,1203,20240930,2024-09-30,1,650000,487500.0
479,1338,20240930,2024-09-30,2,650000,502500.0
479,2248,20240930,2024-09-30,2,650000,502500.0
685,2335,20240930,2024-09-30,6,650000,410000.0
905,429,20240930,2024-09-30,2,650000,502500.0
905,2150,20240930,2024-09-30,2,650000,487500.0
1322,1545,20240930,2024-09-30,1,650000,487500.0
744,2131,20240930,2024-09-30,2,650000,502500.0
109,167,20240930,2024-09-30,2,650000,325000.0
605,1036,20240930,2024-09-30,1,650000,487500.0
784,2277,20240930,2024-09-30,2,650000,502500.0
209,2279,20240930,2024-09-30,3,650000,502500.0
742,2011,20240930,2024-09-30,2,650000,325000.0
272,949,20240930,2024-09-30,2,650000,325000.0
624,1451,20240930,2024-09-30,2,650000,325000.0
197,182,20240930,2024-09-30,2,650000,487500.0
107,1811,20240930,2024-09-30,5,650000,325000.0
479,299,20240930,2024-09-30,3,650000,497500.0
724,355,20240930,2024-09-30,1,650000,487500.0
784,1385,20240930,2024-09-30,2,650000,502500.0
902,1385,20240930,2024-09-30,2,650000,487500.0
963,163,20240930,2024-09-30,2,650000,502500.0
316,1278,20240930,2024-09-30,1,650000,487500.0
905,1245,20240930,2024-09-30,2,650000,502500.0
1219,1446,20240930,2024-09-30,7,650000,325000.0
705,930,20240930,2024-09-30,2,650000,450000.0
1055,1467,20240930,2024-09-30,1,650000,487500.0
209,255,20240930,2024-09-30,2,650000,502500.0
14,164,20240930,2024-09-30,2,650000,487500.0
646,1358,20240930,2024-09-30,1,650000,487500.0
109,1641,20240930,2024-09-30,2,650000,325000.0
1390,977,20240930,2024-09-30,3,650000,517500.0
830,623,20240930,2024-09-30,2,650000,450000.0
1055,302,20240930,2024-09-30,1,650000,487500.0
1341,1129,20240930,2024-09-30,2,650000,487500.0
299,163,20240930,2024-09-30,1,650000,487500.0
569,1345,20240930,2024-09-30,1,650000,487500.0
1065,167,20240930,2024-09-30,4,650000,502500.0
1059,1395,20240930,2024-09-30,2,650000,487500.0
491,1513,20240930,2024-09-30,2,650000,450000.0
696,2006,20240930,2024-09-30,2,649700,496595.0
1295,1594,20240930,2024-09-30,4,649500,470875.0
451,465,20240930,2024-09-30,4,649100,514325.0
1266,1523,20240930,2024-09-30,1,649000,486750.0
235,1377,20240930,2024-09-30,2,649000,491850.0
1295,1338,20240930,2024-09-30,4,649000,466750.0
180,1052,20240930,2024-09-30,2,649000,449250.0
919,1379,20240930,2024-09-30,7,648300,526055.0
702,863,20240930,2024-09-30,1,648000,486000.0
795,309,20240930,2024-09-30,1,648000,486000.0
316,1963,20240930,2024-09-30,1,648000,486000.0
1166,102,20240930,2024-09-30,1,648000,486000.0
477,2165,20240930,2024-09-30,1,648000,486000.0
1013,563,20240930,2024-09-30,2,647700,485775.0
226,2006,20240930,2024-09-30,3,647600,499200.0
558,110,20240930,2024-09-30,1,647500,485625.0
1295,1925,20240930,2024-09-30,2,647200,460400.0
1357,1380,20240930,2024-09-30,1,647000,485250.0
643,199,20240930,2024-09-30,1,646900,485175.0
109,1132,20240930,2024-09-30,1,646000,484500.0
1322,1543,20240930,2024-09-30,2,646000,447000.0
733,2016,20240930,2024-09-30,1,645500,484125.0
818,1684,20240930,2024-09-30,8,645500,440250.0
784,2097,20240930,2024-09-30,4,645400,523320.0
1435,285,20240930,2024-09-30,3,645300,476475.0
205,122,20240930,2024-09-30,1,645000,483750.0
824,1898,20240930,2024-09-30,1,645000,483750.0
520,1950,20240930,2024-09-30,1,645000,483750.0
200,148,20240930,2024-09-30,3,645000,520500.0
483,1656,20240930,2024-09-30,2,645000,471125.0
795,341,20240930,2024-09-30,1,645000,483750.0
1390,2054,20240930,2024-09-30,1,645000,483750.0
522,188,20240930,2024-09-30,2,645000,458750.0
977,335,20240930,2024-09-30,1,644000,483000.0
742,354,20240930,2024-09-30,1,644000,483000.0
860,1019,20240930,2024-09-30,1,643700,482775.0
1000,68,20240930,2024-09-30,1,643700,482775.0
159,314,20240930,2024-09-30,1,643500,482625.0
1065,1986,20240930,2024-09-30,9,643500,524925.0
1163,262,20240930,2024-09-30,1,643200,482400.0
204,1733,20240930,2024-09-30,1,643000,482250.0
1195,143,20240930,2024-09-30,1,643000,482250.0
235,361,20240930,2024-09-30,7,642900,546465.0
396,988,20240930,2024-09-30,3,642800,450850.0
134,2344,20240930,2024-09-30,1,642800,482100.0
1079,1492,20240930,2024-09-30,4,642700,451270.0
807,1888,20240930,2024-09-30,2,642100,481575.0
1173,1952,20240930,2024-09-30,1,641800,481350.0
1390,1634,20240930,2024-09-30,3,641500,511125.0
1399,978,20240930,2024-09-30,1,641400,481050.0
1065,1685,20240930,2024-09-30,2,641000,494850.0
797,2077,20240930,2024-09-30,1,641000,480750.0
522,246,20240930,2024-09-30,1,641000,480750.0
1057,2054,20240930,2024-09-30,1,640600,480450.0
202,164,20240930,2024-09-30,2,640500,455375.0
708,956,20240930,2024-09-30,2,640400,467800.0
163,2125,20240930,2024-09-30,8,640300,544255.0
1295,165,20240930,2024-09-30,2,640000,467500.0
462,942,20240930,2024-09-30,2,640000,320000.0
316,23,20240930,2024-09-30,1,640000,480000.0
1219,299,20240930,2024-09-30,5,640000,320000.0
434,367,20240930,2024-09-30,1,640000,480000.0
1019,1332,20240930,2024-09-30,1,640000,480000.0
754,1478,20240930,2024-09-30,6,640000,387500.0
1195,214,20240930,2024-09-30,1,640000,480000.0
522,211,20240930,2024-09-30,1,640000,480000.0
131,1817,20240930,2024-09-30,3,640000,405000.0
522,1676,20240930,2024-09-30,1,640000,480000.0
710,937,20240930,2024-09-30,1,640000,480000.0
1390,2220,20240930,2024-09-30,4,640000,525000.0
1462,1460,20240930,2024-09-30,1,640000,480000.0
197,268,20240930,2024-09-30,1,640000,480000.0
535,2006,20240930,2024-09-30,1,640000,480000.0
1000,1972,20240930,2024-09-30,1,640000,480000.0
931,1220,20240930,2024-09-30,2,640000,455000.0
1386,2016,20240930,2024-09-30,1,640000,480000.0
1376,250,20240930,2024-09-30,4,640000,320000.0
986,146,20240930,2024-09-30,1,640000,480000.0
1061,1685,20240930,2024-09-30,1,640000,480000.0
795,2284,20240930,2024-09-30,1,640000,480000.0
479,18,20240930,2024-09-30,1,640000,480000.0
24,3,20240930,2024-09-30,1,640000,480000.0
1163,767,20240930,2024-09-30,1,640000,480000.0
933,1526,20240930,2024-09-30,2,640000,473750.0
523,1072,20240930,2024-09-30,1,639400,479550.0
671,175,20240930,2024-09-30,1,639000,479250.0
95,122,20240930,2024-09-30,1,639000,479250.0
479,2021,20240930,2024-09-30,2,638700,479025.0
951,1893,20240930,2024-09-30,1,638500,478875.0
588,298,20240930,2024-09-30,1,638000,478500.0
988,303,20240930,2024-09-30,1,638000,478500.0
742,970,20240930,2024-09-30,4,638000,319000.0
945,1101,20240930,2024-09-30,1,637500,478125.0
109,2130,20240930,2024-09-30,1,637500,478125.0
873,505,20240930,2024-09-30,1,637500,478125.0
423,1977,20240930,2024-09-30,1,637500,478125.0
671,1086,20240930,2024-09-30,1,637500,478125.0
420,764,20240930,2024-09-30,1,637500,478125.0
1246,1106,20240930,2024-09-30,1,637200,477900.0
163,1439,20240930,2024-09-30,5,637100,541535.0
893,863,20240930,2024-09-30,7,637000,355460.0
170,1816,20240930,2024-09-30,1,637000,477750.0
558,80,20240930,2024-09-30,2,637000,486250.0
942,1071,20240930,2024-09-30,2,637000,472750.0
1065,237,20240930,2024-09-30,4,636000,484750.0
1295,333,20240930,2024-09-30,2,635500,469125.0
420,211,20240930,2024-09-30,1,635400,476550.0
350,793,20240930,2024-09-30,4,635200,317600.0
639,335,20240930,2024-09-30,1,635000,476250.0
863,1043,20240930,2024-09-30,1,635000,476250.0
1357,1229,20240930,2024-09-30,1,635000,476250.0
818,246,20240930,2024-09-30,9,635000,317500.0
795,1390,20240930,2024-09-30,1,635000,476250.0
905,345,20240930,2024-09-30,2,635000,487250.0
1426,2250,20240930,2024-09-30,1,635000,476250.0
905,1450,20240930,2024-09-30,3,635000,482250.0
618,300,20240930,2024-09-30,1,635000,476250.0
1364,211,20240930,2024-09-30,2,635000,351250.0
420,308,20240930,2024-09-30,1,634700,476025.0
1154,53,20240930,2024-09-30,1,634500,475875.0
754,997,20240930,2024-09-30,1,634000,475500.0
106,87,20240930,2024-09-30,1,633100,474825.0
1390,1464,20240930,2024-09-30,1,633000,474750.0
829,1952,20240930,2024-09-30,2,633000,424750.0
420,1427,20240930,2024-09-30,2,632900,474675.0
163,214,20240930,2024-09-30,3,632100,502285.0
235,1470,20240930,2024-09-30,2,632000,489000.0
163,1379,20240930,2024-09-30,5,632000,537200.0
622,1634,20240930,2024-09-30,2,631700,473775.0
1003,577,20240930,2024-09-30,2,631700,473775.0
543,1051,20240930,2024-09-30,7,631500,400750.0
264,353,20240930,2024-09-30,1,631200,473400.0
784,2083,20240930,2024-09-30,5,631100,536435.0
479,811,20240930,2024-09-30,2,631000,488250.0
1021,1286,20240930,2024-09-30,1,631000,473250.0
1362,2307,20240930,2024-09-30,4,630800,445600.0
452,1209,20240930,2024-09-30,1,630500,472875.0
1004,1981,20240930,2024-09-30,1,630500,472875.0
479,300,20240930,2024-09-30,2,630100,472575.0
176,2183,20240930,2024-09-30,2,630000,460000.0
247,426,20240930,2024-09-30,13,630000,315000.0
197,1071,20240930,2024-09-30,1,630000,472500.0
39,730,20240930,2024-09-30,1,630000,472500.0
1409,2315,20240930,2024-09-30,1,630000,472500.0
235,8,20240930,2024-09-30,1,630000,472500.0
1362,1916,20240930,2024-09-30,1,630000,472500.0
170,361,20240930,2024-09-30,1,630000,472500.0
481,2341,20240930,2024-09-30,1,630000,472500.0
1180,552,20240930,2024-09-30,2,630000,472500.0
671,2244,20240930,2024-09-30,1,630000,472500.0
303,465,20240930,2024-09-30,1,630000,472500.0
51,868,20240930,2024-09-30,1,630000,472500.0
745,2312,20240930,2024-09-30,2,630000,367500.0
824,2130,20240930,2024-09-30,1,630000,472500.0
1217,400,20240930,2024-09-30,1,630000,472500.0
708,940,20240930,2024-09-30,5,630000,366250.0
1030,353,20240930,2024-09-30,2,630000,460000.0
1065,1284,20240930,2024-09-30,1,630000,472500.0
1167,98,20240930,2024-09-30,1,629900,472425.0
1362,1416,20240930,2024-09-30,2,629000,471750.0
1104,2006,20240930,2024-09-30,1,629000,471750.0
657,1294,20240930,2024-09-30,1,628600,471450.0
163,1349,20240930,2024-09-30,6,628500,534225.0
666,868,20240930,2024-09-30,1,628000,471000.0
1219,1483,20240930,2024-09-30,3,628000,458500.0
754,1424,20240930,2024-09-30,1,628000,471000.0
1362,723,20240930,2024-09-30,2,627600,451925.0
176,355,20240930,2024-09-30,2,627500,458125.0
209,340,20240930,2024-09-30,1,627500,470625.0
654,1148,20240930,2024-09-30,1,627100,470325.0
614,253,20240930,2024-09-30,1,627000,470250.0
726,2014,20240930,2024-09-30,1,627000,470250.0
264,268,20240930,2024-09-30,1,626900,470175.0
228,2284,20240930,2024-09-30,1,626100,469575.0
919,722,20240930,2024-09-30,3,626000,472100.0
239,1443,20240930,2024-09-30,1,626000,469500.0
1065,762,20240930,2024-09-30,2,626000,472100.0
200,1424,20240930,2024-09-30,5,625600,479700.0
511,745,20240930,2024-09-30,3,625500,312750.0
966,1798,20240930,2024-09-30,2,625200,468900.0
1466,203,20240930,2024-09-30,5,625000,437760.0
664,827,20240930,2024-09-30,1,625000,468750.0
1065,2193,20240930,2024-09-30,4,625000,481250.0
905,1703,20240930,2024-09-30,4,625000,470000.0
1083,335,20240930,2024-09-30,1,625000,468750.0
37,1707,20240930,2024-09-30,4,625000,430750.0
834,1390,20240930,2024-09-30,1,625000,468750.0
479,353,20240930,2024-09-30,1,625000,468750.0
520,1164,20240930,2024-09-30,1,625000,468750.0
988,1952,20240930,2024-09-30,1,625000,468750.0
239,978,20240930,2024-09-30,1,625000,468750.0
1011,2305,20240930,2024-09-30,1,625000,468750.0
224,877,20240930,2024-09-30,1,625000,468750.0
1441,883,20240930,2024-09-30,2,625000,468750.0
1000,707,20240930,2024-09-30,1,625000,468750.0
163,1707,20240930,2024-09-30,3,625000,498750.0
1472,261,20240930,2024-09-30,2,625000,473750.0
209,1389,20240930,2024-09-30,2,625000,481250.0
1435,424,20240930,2024-09-30,2,625000,463750.0
368,1815,20240930,2024-09-30,2,624000,468000.0
180,1006,20240930,2024-09-30,2,624000,455500.0
849,2095,20240930,2024-09-30,1,624000,468000.0
742,869,20240930,2024-09-30,3,624000,453000.0
1409,697,20240930,2024-09-30,1,623000,467250.0
657,1925,20240930,2024-09-30,1,622800,467100.0
540,1450,20240930,2024-09-30,1,622600,466950.0
415,1087,20240930,2024-09-30,3,622500,391875.0
1195,2158,20240930,2024-09-30,2,622500,429375.0
474,1867,20240930,2024-09-30,4,622300,436725.0
1295,1450,20240930,2024-09-30,4,622000,446500.0
783,292,20240930,2024-09-30,1,622000,466500.0
1065,855,20240930,2024-09-30,6,622000,498200.0
1112,1492,20240930,2024-09-30,1,621000,465750.0
163,492,20240930,2024-09-30,5,621000,527850.0
830,1004,20240930,2024-09-30,1,620800,465600.0
409,1523,20240930,2024-09-30,3,620600,480150.0
1466,183,20240930,2024-09-30,1,620500,465375.0
420,154,20240930,2024-09-30,1,620500,465375.0
1207,122,20240930,2024-09-30,1,620000,465000.0
272,1394,20240930,2024-09-30,2,620000,447500.0
316,2095,20240930,2024-09-30,1,620000,465000.0
754,1496,20240930,2024-09-30,6,620000,388750.0
742,1464,20240930,2024-09-30,4,620000,310000.0
239,623,20240930,2024-09-30,1,620000,465000.0
1065,291,20240930,2024-09-30,4,620000,477000.0
302,1226,20240930,2024-09-30,1,620000,465000.0
1390,285,20240930,2024-09-30,1,620000,465000.0
754,1441,20240930,2024-09-30,4,619600,425800.0
1295,883,20240930,2024-09-30,4,619000,451750.0
1295,957,20240930,2024-09-30,11,619000,411000.0
830,314,20240930,2024-09-30,1,619000,464250.0
1348,1679,20240930,2024-09-30,3,619000,469150.0
1295,2275,20240930,2024-09-30,4,618700,451525.0
977,1573,20240930,2024-09-30,3,618500,413875.0
1217,1594,20240930,2024-09-30,1,618500,463875.0
916,135,20240930,2024-09-30,1,618300,463725.0
305,1300,20240930,2024-09-30,2,618000,478500.0
483,1695,20240930,2024-09-30,1,618000,463500.0
783,761,20240930,2024-09-30,1,618000,463500.0
818,1706,20240930,2024-09-30,5,618000,403500.0
1237,492,20240930,2024-09-30,1,617800,463350.0
202,345,20240930,2024-09-30,2,617500,413125.0
919,942,20240930,2024-09-30,4,617500,474875.0
807,2329,20240930,2024-09-30,1,617300,462975.0
239,2258,20240930,2024-09-30,1,617000,462750.0
999,1580,20240930,2024-09-30,3,617000,456500.0
97,1771,20240930,2024-09-30,2,617000,450250.0
988,1290,20240930,2024-09-30,1,617000,462750.0
618,28,20240930,2024-09-30,1,617000,462750.0
109,1959,20240930,2024-09-30,1,616800,462600.0
264,1926,20240930,2024-09-30,1,616800,462600.0
1357,1274,20240930,2024-09-30,1,616700,462525.0
618,258,20240930,2024-09-30,1,616600,462450.0
919,265,20240930,2024-09-30,4,616400,487300.0
328,199,20240930,2024-09-30,1,616200,462150.0
510,1237,20240930,2024-09-30,1,616000,462000.0
972,948,20240930,2024-09-30,1,616000,462000.0
919,870,20240930,2024-09-30,6,616000,500580.0
97,1770,20240930,2024-09-30,6,615800,307900.0
565,2006,20240930,2024-09-30,1,615100,461325.0
1435,207,20240930,2024-09-30,2,615000,457500.0
584,1251,20240930,2024-09-30,1,615000,461250.0
1220,1619,20240930,2024-09-30,2,615000,461250.0
479,572,20240930,2024-09-30,2,615000,476250.0
1106,168,20240930,2024-09-30,2,615000,461250.0
643,1390,20240930,2024-09-30,1,615000,461250.0
977,954,20240930,2024-09-30,2,615000,453750.0
636,1177,20240930,2024-09-30,1,615000,461250.0
371,361,20240930,2024-09-30,1,615000,461250.0
42,640,20240930,2024-09-30,2,615000,461250.0
420,2218,20240930,2024-09-30,1,614900,461175.0
1295,2008,20240930,2024-09-30,5,614800,432350.0
51,201,20240930,2024-09-30,1,614400,460800.0
483,1575,20240930,2024-09-30,1,614000,460500.0
418,203,20240930,2024-09-30,2,614000,468000.0
1226,1948,20240930,2024-09-30,2,614000,398000.0
97,1750,20240930,2024-09-30,2,614000,453000.0
618,1968,20240930,2024-09-30,1,613900,460425.0
235,1959,20240930,2024-09-30,2,613800,470350.0
1411,2008,20240930,2024-09-30,1,613800,460350.0
775,264,20240930,2024-09-30,1,613700,460275.0
1237,868,20240930,2024-09-30,1,613400,460050.0
1295,325,20240930,2024-09-30,2,613400,448800.0
491,492,20240930,2024-09-30,1,613000,459750.0
209,168,20240930,2024-09-30,1,613000,459750.0
176,130,20240930,2024-09-30,1,612500,459375.0
153,1040,20240930,2024-09-30,2,612500,474375.0
420,280,20240930,2024-09-30,2,612200,409150.0
109,1118,20240930,2024-09-30,1,612000,459000.0
105,997,20240930,2024-09-30,1,611000,458250.0
930,1368,20240930,2024-09-30,14,611000,377950.0
643,961,20240930,2024-09-30,1,611000,458250.0
988,545,20240930,2024-09-30,1,611000,439920.0
754,1650,20240930,2024-09-30,5,610700,409475.0
769,935,20240930,2024-09-30,1,610600,457950.0
209,1685,20240930,2024-09-30,2,610000,457500.0
145,35,20240930,2024-09-30,1,610000,457500.0
442,2008,20240930,2024-09-30,1,610000,457500.0
1357,461,20240930,2024-09-30,1,610000,457500.0
481,2014,20240930,2024-09-30,1,610000,457500.0
522,2272,20240930,2024-09-30,1,610000,457500.0
393,157,20240930,2024-09-30,2,610000,432500.0
1086,1529,20240930,2024-09-30,3,610000,470500.0
442,1981,20240930,2024-09-30,1,610000,457500.0
651,130,20240930,2024-09-30,1,610000,457500.0
1065,2396,20240930,2024-09-30,3,610000,459500.0
742,650,20240930,2024-09-30,3,609700,357275.0
442,62,20240930,2024-09-30,1,609600,457200.0
945,1084,20240930,2024-09-30,2,609500,457125.0
170,1385,20240930,2024-09-30,1,609000,456750.0
209,109,20240930,2024-09-30,1,608500,456375.0
600,2301,20240930,2024-09-30,1,608400,456300.0
799,335,20240930,2024-09-30,2,608200,456150.0
1309,1062,20240930,2024-09-30,1,608000,456000.0
316,349,20240930,2024-09-30,1,608000,456000.0
807,1507,20240930,2024-09-30,1,608000,456000.0
1368,500,20240930,2024-09-30,13,608000,304000.0
1368,167,20240930,2024-09-30,3,608000,431000.0
682,870,20240930,2024-09-30,2,608000,471000.0
1362,167,20240930,2024-09-30,5,608000,431000.0
682,170,20240930,2024-09-30,1,608000,456000.0
477,1388,20240930,2024-09-30,1,608000,456000.0
1189,2115,20240930,2024-09-30,1,607800,455850.0
784,884,20240930,2024-09-30,2,607700,466545.0
1050,417,20240930,2024-09-30,1,607500,455625.0
799,340,20240930,2024-09-30,1,607500,455625.0
1362,335,20240930,2024-09-30,1,607500,455625.0
742,877,20240930,2024-09-30,1,607000,455250.0
1390,1209,20240930,2024-09-30,1,607000,455250.0
666,160,20240930,2024-09-30,1,606000,454500.0
1000,961,20240930,2024-09-30,1,606000,454500.0
1163,314,20240930,2024-09-30,5,606000,490100.0
569,1519,20240930,2024-09-30,2,606000,404500.0
491,1662,20240930,2024-09-30,1,606000,454500.0
1065,268,20240930,2024-09-30,8,605200,480000.0
742,265,20240930,2024-09-30,3,605000,302500.0
209,2128,20240930,2024-09-30,2,605000,453750.0
209,1388,20240930,2024-09-30,2,605000,464250.0
149,38,20240930,2024-09-30,1,605000,453750.0
209,1460,20240930,2024-09-30,2,605000,453750.0
977,593,20240930,2024-09-30,3,604500,395875.0
662,448,20240930,2024-09-30,2,603500,446375.0
1237,2014,20240930,2024-09-30,1,603300,452475.0
584,138,20240930,2024-09-30,1,603000,452250.0
420,1046,20240930,2024-09-30,1,603000,452250.0
1065,1257,20240930,2024-09-30,6,603000,470550.0
666,1691,20240930,2024-09-30,1,602500,451875.0
264,164,20240930,2024-09-30,2,602000,451500.0
163,353,20240930,2024-09-30,3,602000,466700.0
1251,1061,20240930,2024-09-30,5,601700,438775.0
919,307,20240930,2024-09-30,2,601400,461190.0
163,248,20240930,2024-09-30,5,601100,510935.0
703,163,20240930,2024-09-30,1,600800,450600.0
1431,1389,20240930,2024-09-30,2,600000,300000.0
905,353,20240930,2024-09-30,2,600000,457500.0
353,2158,20240930,2024-09-30,1,600000,450000.0
949,1619,20240930,2024-09-30,3,600000,300000.0
64,1364,20240930,2024-09-30,1,600000,450000.0
905,1051,20240930,2024-09-30,2,600000,457500.0
1207,155,20240930,2024-09-30,1,600000,450000.0
1163,1968,20240930,2024-09-30,2,600000,460000.0
163,623,20240930,2024-09-30,4,600000,510000.0
483,355,20240930,2024-09-30,1,600000,450000.0
1065,1417,20240930,2024-09-30,3,600000,460000.0
875,1662,20240930,2024-09-30,1,600000,450000.0
163,1081,20240930,2024-09-30,4,600000,510000.0
1390,188,20240930,2024-09-30,4,600000,510000.0
197,2292,20240930,2024-09-30,1,600000,450000.0
721,188,20240930,2024-09-30,2,600000,387500.0
905,1847,20240930,2024-09-30,3,600000,475000.0
163,242,20240930,2024-09-30,4,600000,510000.0
1163,367,20240930,2024-09-30,2,600000,460000.0
824,2273,20240930,2024-09-30,1,600000,450000.0
668,857,20240930,2024-09-30,4,600000,300000.0
1024,2214,20240930,2024-09-30,2,600000,362500.0
724,2341,20240930,2024-09-30,1,600000,450000.0
685,2304,20240930,2024-09-30,2,600000,375000.0
371,516,20240930,2024-09-30,1,600000,450000.0
1390,2097,20240930,2024-09-30,4,600000,510000.0
1065,290,20240930,2024-09-30,3,600000,460000.0
702,260,20240930,2024-09-30,1,600000,450000.0
284,2150,20240930,2024-09-30,2,600000,375000.0
1065,792,20240930,2024-09-30,1,600000,450000.0
163,1839,20240930,2024-09-30,4,600000,510000.0
1158,864,20240930,2024-09-30,3,600000,460000.0
1454,302,20240930,2024-09-30,1,600000,450000.0
1390,301,20240930,2024-09-30,4,600000,485000.0
1163,885,20240930,2024-09-30,2,600000,460000.0
1163,1922,20240930,2024-09-30,2,600000,460000.0
682,1460,20240930,2024-09-30,4,600000,510000.0
1195,1460,20240930,2024-09-30,3,600000,335000.0
905,1164,20240930,2024-09-30,1,600000,450000.0
197,577,20240930,2024-09-30,1,600000,450000.0
919,177,20240930,2024-09-30,3,600000,460000.0
305,545,20240930,2024-09-30,4,600000,510000.0
341,2236,20240930,2024-09-30,2,600000,437500.0
795,1304,20240930,2024-09-30,2,600000,425000.0
197,1926,20240930,2024-09-30,2,600000,425000.0
905,2021,20240930,2024-09-30,2,600000,460000.0
145,1156,20240930,2024-09-30,1,600000,450000.0
1209,1488,20240930,2024-09-30,1,600000,450000.0
1390,1380,20240930,2024-09-30,4,600000,510000.0
163,1996,20240930,2024-09-30,4,600000,510000.0
309,163,20240930,2024-09-30,3,600000,300000.0
1312,1551,20240930,2024-09-30,1,600000,450000.0
1065,1952,20240930,2024-09-30,3,600000,460000.0
829,2158,20240930,2024-09-30,1,600000,450000.0
264,866,20240930,2024-09-30,1,600000,450000.0
682,2258,20240930,2024-09-30,4,600000,510000.0
905,612,20240930,2024-09-30,2,600000,450000.0
305,1472,20240930,2024-09-30,4,600000,510000.0
611,1338,20240930,2024-09-30,2,600000,425000.0
853,566,20240930,2024-09-30,2,600000,335000.0
197,2268,20240930,2024-09-30,1,600000,450000.0
239,1477,20240930,2024-09-30,1,600000,450000.0
851,214,20240930,2024-09-30,1,600000,450000.0
1390,293,20240930,2024-09-30,3,600000,480000.0
617,157,20240930,2024-09-30,1,600000,540000.0
905,939,20240930,2024-09-30,1,600000,450000.0
509,1576,20240930,2024-09-30,1,600000,450000.0
38,307,20240930,2024-09-30,2,600000,425000.0
680,161,20240930,2024-09-30,3,600000,375000.0
682,122,20240930,2024-09-30,4,600000,510000.0
286,309,20240930,2024-09-30,2,600000,460000.0
163,559,20240930,2024-09-30,4,600000,510000.0
784,158,20240930,2024-09-30,4,600000,510000.0
1244,794,20240930,2024-09-30,1,600000,450000.0
121,214,20240930,2024-09-30,1,600000,450000.0
305,361,20240930,2024-09-30,4,600000,510000.0
724,170,20240930,2024-09-30,1,600000,450000.0
1390,956,20240930,2024-09-30,2,600000,465000.0
163,875,20240930,2024-09-30,4,600000,510000.0
1462,1679,20240930,2024-09-30,2,600000,450000.0
156,1670,20240930,2024-09-30,3,600000,300000.0
520,1971,20240930,2024-09-30,1,600000,450000.0
419,1711,20240930,2024-09-30,1,600000,450000.0
905,1545,20240930,2024-09-30,1,600000,450000.0
1409,2043,20240930,2024-09-30,1,600000,540000.0
209,1496,20240930,2024-09-30,2,600000,450000.0
316,367,20240930,2024-09-30,1,600000,450000.0
702,1816,20240930,2024-09-30,1,600000,450000.0
1163,1819,20240930,2024-09-30,2,600000,460000.0
163,1489,20240930,2024-09-30,4,600000,510000.0
1219,1395,20240930,2024-09-30,6,600000,300000.0
795,758,20240930,2024-09-30,1,600000,450000.0
682,160,20240930,2024-09-30,4,600000,510000.0
1065,256,20240930,2024-09-30,3,599500,459575.0
988,146,20240930,2024-09-30,1,599000,449250.0
462,1566,20240930,2024-09-30,2,599000,436750.0
519,1228,20240930,2024-09-30,1,599000,449250.0
305,1274,20240930,2024-09-30,4,598900,509065.0
1027,1968,20240930,2024-09-30,3,598600,404075.0
1383,1121,20240930,2024-09-30,2,598600,333810.0
919,191,20240930,2024-09-30,4,598300,458555.0
472,1245,20240930,2024-09-30,2,598000,423500.0
1200,1170,20240930,2024-09-30,1,598000,448500.0
702,2156,20240930,2024-09-30,1,598000,448500.0
708,967,20240930,2024-09-30,2,597900,448425.0
51,203,20240930,2024-09-30,1,597600,448200.0
479,235,20240930,2024-09-30,2,597100,447825.0
708,650,20240930,2024-09-30,3,597000,452750.0
552,1118,20240930,2024-09-30,1,597000,447750.0
479,1889,20240930,2024-09-30,1,597000,447750.0
993,863,20240930,2024-09-30,1,597000,447750.0
1284,1585,20240930,2024-09-30,3,596700,298350.0
1362,1658,20240930,2024-09-30,3,596300,434725.0
479,1264,20240930,2024-09-30,1,596000,447000.0
857,125,20240930,2024-09-30,1,596000,447000.0
442,488,20240930,2024-09-30,1,596000,447000.0
264,2200,20240930,2024-09-30,1,595900,446925.0
1357,1829,20240930,2024-09-30,1,595500,446625.0
1295,501,20240930,2024-09-30,2,595000,433750.0
1390,1467,20240930,2024-09-30,1,595000,446250.0
1308,606,20240930,2024-09-30,1,595000,446250.0
353,2008,20240930,2024-09-30,1,595000,446250.0
788,248,20240930,2024-09-30,2,595000,446250.0
657,1662,20240930,2024-09-30,1,595000,446250.0
121,1302,20240930,2024-09-30,1,595000,446250.0
316,184,20240930,2024-09-30,1,595000,446250.0
632,193,20240930,2024-09-30,1,594500,445875.0
272,1516,20240930,2024-09-30,2,594000,457650.0
1390,1573,20240930,2024-09-30,1,594000,445500.0
51,2002,20240930,2024-09-30,1,594000,445500.0
942,1629,20240930,2024-09-30,1,594000,445500.0
682,1466,20240930,2024-09-30,4,593900,504815.0
202,2006,20240930,2024-09-30,2,593500,432625.0
153,298,20240930,2024-09-30,2,593200,444900.0
153,1024,20240930,2024-09-30,1,593100,444825.0
857,186,20240930,2024-09-30,1,593000,444750.0
94,199,20240930,2024-09-30,1,593000,444750.0
1295,2364,20240930,2024-09-30,5,593000,388500.0
666,842,20240930,2024-09-30,1,593000,444750.0
1163,2220,20240930,2024-09-30,2,592500,454375.0
106,73,20240930,2024-09-30,1,592200,444150.0
1400,2107,20240930,2024-09-30,5,592100,396575.0
1107,1460,20240930,2024-09-30,7,592000,296000.0
170,2268,20240930,2024-09-30,1,592000,444000.0
1139,1566,20240930,2024-09-30,1,592000,444000.0
665,206,20240930,2024-09-30,1,592000,444000.0
1137,170,20240930,2024-09-30,1,592000,444000.0
666,301,20240930,2024-09-30,1,592000,444000.0
586,1746,20240930,2024-09-30,5,591300,452805.0
305,1383,20240930,2024-09-30,4,591000,502350.0
882,1703,20240930,2024-09-30,3,590600,453450.0
824,1004,20240930,2024-09-30,1,590500,442875.0
755,146,20240930,2024-09-30,1,590000,442500.0
1065,1374,20240930,2024-09-30,4,590000,451500.0
919,892,20240930,2024-09-30,7,590000,501500.0
1300,2055,20240930,2024-09-30,1,590000,442500.0
1065,1935,20240930,2024-09-30,3,590000,451500.0
302,290,20240930,2024-09-30,1,590000,442500.0
665,143,20240930,2024-09-30,1,590000,442500.0
795,959,20240930,2024-09-30,2,590000,423750.0
239,2043,20240930,2024-09-30,1,590000,442500.0
353,355,20240930,2024-09-30,1,590000,442500.0
824,1516,20240930,2024-09-30,1,590000,442500.0
591,598,20240930,2024-09-30,4,590000,476500.0
851,460,20240930,2024-09-30,4,589700,431845.0
581,1004,20240930,2024-09-30,7,589500,344750.0
420,186,20240930,2024-09-30,1,589500,442125.0
1065,1121,20240930,2024-09-30,11,589400,477600.0
491,122,20240930,2024-09-30,1,588000,441000.0
724,301,20240930,2024-09-30,1,588000,441000.0
403,361,20240930,2024-09-30,1,588000,441000.0
919,640,20240930,2024-09-30,10,587600,499460.0
1195,1466,20240930,2024-09-30,3,587500,449375.0
1163,55,20240930,2024-09-30,1,587500,440625.0
1042,138,20240930,2024-09-30,1,587000,440250.0
657,1366,20240930,2024-09-30,1,587000,440250.0
919,158,20240930,2024-09-30,3,586900,450175.0
1466,233,20240930,2024-09-30,1,586800,440100.0
881,1470,20240930,2024-09-30,3,586300,433475.0
170,854,20240930,2024-09-30,4,586100,418050.0
796,299,20240930,2024-09-30,1,586100,439575.0
109,125,20240930,2024-09-30,2,586000,293000.0
1010,1708,20240930,2024-09-30,1,586000,439500.0
144,1364,20240930,2024-09-30,1,586000,439500.0
742,341,20240930,2024-09-30,4,586000,293000.0
235,1466,20240930,2024-09-30,3,586000,469500.0
977,949,20240930,2024-09-30,3,585900,426925.0
479,843,20240930,2024-09-30,1,585300,438975.0
784,1051,20240930,2024-09-30,1,585100,438825.0
965,268,20240930,2024-09-30,1,585000,438750.0
1207,2248,20240930,2024-09-30,1,585000,438750.0
273,138,20240930,2024-09-30,1,585000,438750.0
981,572,20240930,2024-09-30,1,585000,438750.0
981,1280,20240930,2024-09-30,1,585000,438750.0
592,300,20240930,2024-09-30,2,585000,292500.0
209,1693,20240930,2024-09-30,2,585000,438750.0
589,1495,20240930,2024-09-30,4,585000,416250.0
402,889,20240930,2024-09-30,1,585000,438750.0
838,411,20240930,2024-09-30,1,585000,438750.0
479,1086,20240930,2024-09-30,2,585000,453750.0
792,1948,20240930,2024-09-30,4,585000,455250.0
442,351,20240930,2024-09-30,1,585000,438750.0
398,1977,20240930,2024-09-30,3,585000,447000.0
109,1887,20240930,2024-09-30,2,585000,365625.0
672,423,20240930,2024-09-30,1,584600,438450.0
708,938,20240930,2024-09-30,2,584500,321825.0
818,1384,20240930,2024-09-30,2,584500,428375.0
163,564,20240930,2024-09-30,5,584400,496740.0
491,1977,20240930,2024-09-30,1,583500,437625.0
1072,2004,20240930,2024-09-30,1,583000,437250.0
1219,1838,20240930,2024-09-30,8,583000,291500.0
540,1279,20240930,2024-09-30,1,583000,437250.0
162,863,20240930,2024-09-30,1,583000,437250.0
919,302,20240930,2024-09-30,7,582900,475465.0
1219,282,20240930,2024-09-30,8,582700,291350.0
1005,64,20240930,2024-09-30,2,582500,449795.0
393,254,20240930,2024-09-30,1,582500,436875.0
916,126,20240930,2024-09-30,1,582500,436875.0
665,329,20240930,2024-09-30,1,582200,436650.0
1295,1536,20240930,2024-09-30,6,582000,343500.0
1237,1926,20240930,2024-09-30,1,581900,436425.0
1435,256,20240930,2024-09-30,3,581600,424950.0
209,287,20240930,2024-09-30,1,581500,436125.0
178,1126,20240930,2024-09-30,3,580500,412405.0
538,214,20240930,2024-09-30,2,580500,435375.0
818,1707,20240930,2024-09-30,4,580000,381250.0
944,2161,20240930,2024-09-30,2,580000,290000.0
483,1466,20240930,2024-09-30,1,580000,435000.0
163,1396,20240930,2024-09-30,5,580000,493000.0
121,564,20240930,2024-09-30,1,580000,435000.0
1202,1903,20240930,2024-09-30,1,580000,435000.0
393,250,20240930,2024-09-30,2,580000,397500.0
1077,361,20240930,2024-09-30,2,580000,435000.0
163,306,20240930,2024-09-30,2,580000,450000.0
754,268,20240930,2024-09-30,1,580000,435000.0
1390,611,20240930,2024-09-30,1,580000,435000.0
491,1674,20240930,2024-09-30,4,579300,405725.0
919,1926,20240930,2024-09-30,7,579200,487320.0
99,895,20240930,2024-09-30,3,579000,455750.0
679,1656,20240930,2024-09-30,2,579000,434250.0
1466,168,20240930,2024-09-30,1,579000,434250.0
1065,949,20240930,2024-09-30,5,579000,419000.0
873,2112,20240930,2024-09-30,5,578500,383875.0
754,325,20240930,2024-09-30,1,578200,433650.0
479,492,20240930,2024-09-30,2,578000,433500.0
239,1641,20240930,2024-09-30,1,578000,433500.0
769,978,20240930,2024-09-30,2,577600,433200.0
784,188,20240930,2024-09-30,2,577500,440875.0
966,1761,20240930,2024-09-30,3,577000,432750.0
322,46,20240930,2024-09-30,2,577000,442450.0
285,1703,20240930,2024-09-30,1,577000,432750.0
305,1378,20240930,2024-09-30,4,576800,490280.0
1295,2220,20240930,2024-09-30,5,576100,414575.0
1295,1570,20240930,2024-09-30,7,576000,358350.0
665,1488,20240930,2024-09-30,1,576000,432000.0
1466,514,20240930,2024-09-30,6,575500,475175.0
1078,280,20240930,2024-09-30,2,575300,368975.0
350,782,20240930,2024-09-30,4,575000,331250.0
974,2010,20240930,2024-09-30,1,575000,431250.0
1065,1693,20240930,2024-09-30,5,575000,447750.0
209,250,20240930,2024-09-30,4,575000,449250.0
465,1387,20240930,2024-09-30,2,575000,431250.0
588,355,20240930,2024-09-30,1,575000,431250.0
905,892,20240930,2024-09-30,2,575000,431250.0
889,1811,20240930,2024-09-30,2,575000,287500.0
522,859,20240930,2024-09-30,1,575000,431250.0
795,1986,20240930,2024-09-30,2,575000,431250.0
299,2258,20240930,2024-09-30,1,575000,431250.0
1219,1844,20240930,2024-09-30,8,575000,287500.0
197,2125,20240930,2024-09-30,2,575000,412500.0
1065,158,20240930,2024-09-30,3,575000,438500.0
276,918,20240930,2024-09-30,2,575000,287500.0
109,141,20240930,2024-09-30,2,574800,287400.0
1362,268,20240930,2024-09-30,1,574500,430875.0
51,1466,20240930,2024-09-30,1,574100,430575.0
354,237,20240930,2024-09-30,1,573800,430350.0
794,2291,20240930,2024-09-30,1,573500,430125.0
1409,57,20240930,2024-09-30,1,573000,429750.0
838,87,20240930,2024-09-30,1,573000,429750.0
919,1372,20240930,2024-09-30,5,572900,486965.0
933,1081,20240930,2024-09-30,2,572000,416500.0
393,1467,20240930,2024-09-30,1,571500,428625.0
830,2097,20240930,2024-09-30,1,571200,428400.0
126,355,20240930,2024-09-30,1,571000,428250.0
1390,1488,20240930,2024-09-30,3,571000,458250.0
442,501,20240930,2024-09-30,1,571000,428250.0
1295,2093,20240930,2024-09-30,2,570900,415675.0
163,1450,20240930,2024-09-30,4,570400,484840.0
807,541,20240930,2024-09-30,2,570400,441840.0
834,293,20240930,2024-09-30,2,570000,415000.0
682,761,20240930,2024-09-30,3,570000,457500.0
905,2397,20240930,2024-09-30,3,570000,425000.0
1454,299,20240930,2024-09-30,1,570000,427500.0
873,206,20240930,2024-09-30,1,570000,427500.0
754,237,20240930,2024-09-30,3,570000,285000.0
264,2188,20240930,2024-09-30,1,570000,427500.0
811,175,20240930,2024-09-30,2,570000,427500.0
547,420,20240930,2024-09-30,1,570000,427500.0
627,363,20240930,2024-09-30,1,570000,427500.0
742,870,20240930,2024-09-30,3,570000,285000.0
1386,1638,20240930,2024-09-30,1,570000,427500.0
49,167,20240930,2024-09-30,1,570000,427500.0
1139,589,20240930,2024-09-30,1,570000,427500.0
1454,298,20240930,2024-09-30,1,570000,427500.0
522,191,20240930,2024-09-30,1,570000,427500.0
1195,191,20240930,2024-09-30,2,570000,442500.0
779,146,20240930,2024-09-30,2,570000,427500.0
420,1969,20240930,2024-09-30,1,569500,427125.0
1405,1574,20240930,2024-09-30,4,569400,448990.0
614,870,20240930,2024-09-30,1,569000,426750.0
919,2151,20240930,2024-09-30,3,569000,433650.0
1466,2104,20240930,2024-09-30,3,569000,381150.0
1295,2357,20240930,2024-09-30,12,568800,313730.0
499,1888,20240930,2024-09-30,3,568700,349125.0
552,2095,20240930,2024-09-30,1,568000,426000.0
538,1977,20240930,2024-09-30,1,568000,426000.0
106,302,20240930,2024-09-30,4,567600,427460.0
97,1799,20240930,2024-09-30,5,567300,283650.0
883,1039,20240930,2024-09-30,2,567000,425250.0
1104,864,20240930,2024-09-30,1,567000,425250.0
933,1731,20240930,2024-09-30,4,567000,362750.0
1257,416,20240930,2024-09-30,1,567000,425250.0
235,2224,20240930,2024-09-30,1,566300,424725.0
479,141,20240930,2024-09-30,1,566000,424500.0
829,1981,20240930,2024-09-30,2,566000,399500.0
97,1801,20240930,2024-09-30,5,565900,282950.0
430,1386,20240930,2024-09-30,1,565900,424425.0
671,1306,20240930,2024-09-30,1,565000,423750.0
209,367,20240930,2024-09-30,3,565000,445250.0
209,291,20240930,2024-09-30,2,565000,423750.0
1061,1693,20240930,2024-09-30,2,565000,398750.0
742,1398,20240930,2024-09-30,1,565000,423750.0
522,747,20240930,2024-09-30,2,564000,416750.0
170,1905,20240930,2024-09-30,1,564000,423000.0
272,1719,20240930,2024-09-30,2,564000,385500.0
905,1654,20240930,2024-09-30,1,564000,423000.0
1030,298,20240930,2024-09-30,2,564000,410500.0
393,1514,20240930,2024-09-30,1,564000,423000.0
614,1704,20240930,2024-09-30,3,563800,431600.0
1295,1284,20240930,2024-09-30,4,563500,402625.0
163,637,20240930,2024-09-30,2,563000,431050.0
434,203,20240930,2024-09-30,1,563000,422250.0
1435,131,20240930,2024-09-30,1,562500,421875.0
132,2108,20240930,2024-09-30,1,562000,421500.0
1295,1380,20240930,2024-09-30,2,562000,414000.0
1217,125,20240930,2024-09-30,1,562000,421500.0
163,233,20240930,2024-09-30,4,561100,476935.0
843,935,20240930,2024-09-30,2,561000,432750.0
343,316,20240930,2024-09-30,1,561000,420750.0
97,1809,20240930,2024-09-30,10,561000,280500.0
671,1658,20240930,2024-09-30,1,561000,420750.0
1362,764,20240930,2024-09-30,6,561000,386750.0
209,161,20240930,2024-09-30,2,560000,420000.0
905,123,20240930,2024-09-30,1,560000,420000.0
1219,2136,20240930,2024-09-30,6,560000,280000.0
1055,1383,20240930,2024-09-30,1,560000,420000.0
1316,394,20240930,2024-09-30,1,560000,420000.0
754,761,20240930,2024-09-30,1,560000,420000.0
1435,1654,20240930,2024-09-30,1,560000,420000.0
1142,394,20240930,2024-09-30,1,560000,420000.0
1200,942,20240930,2024-09-30,1,560000,420000.0
235,168,20240930,2024-09-30,2,560000,435000.0
1200,2257,20240930,2024-09-30,1,560000,420000.0
209,1488,20240930,2024-09-30,2,560000,420000.0
1312,1261,20240930,2024-09-30,2,559500,382125.0
409,1545,20240930,2024-09-30,2,559300,419475.0
1061,1523,20240930,2024-09-30,1,559000,419250.0
991,1389,20240930,2024-09-30,2,559000,434250.0
1030,355,20240930,2024-09-30,2,559000,406750.0
97,2231,20240930,2024-09-30,6,558800,330350.0
1104,1300,20240930,2024-09-30,1,558500,418875.0
919,169,20240930,2024-09-30,4,558300,449555.0
657,1920,20240930,2024-09-30,1,558000,418500.0
933,1468,20240930,2024-09-30,2,558000,414750.0
685,1051,20240930,2024-09-30,4,558000,371000.0
479,2206,20240930,2024-09-30,2,557800,430350.0
1435,2159,20240930,2024-09-30,2,557700,418275.0
853,302,20240930,2024-09-30,2,557600,393200.0
1438,1500,20240930,2024-09-30,2,557600,418200.0
897,1040,20240930,2024-09-30,1,557400,418050.0
1409,572,20240930,2024-09-30,1,557100,417825.0
1206,2315,20240930,2024-09-30,4,557000,330250.0
192,537,20240930,2024-09-30,2,557000,397750.0
446,855,20240930,2024-09-30,3,557000,278500.0
783,202,20240930,2024-09-30,1,557000,417750.0
1244,541,20240930,2024-09-30,1,557000,417750.0
305,1480,20240930,2024-09-30,4,556500,473025.0
315,859,20240930,2024-09-30,5,556000,457100.0
522,194,20240930,2024-09-30,1,556000,417000.0
462,572,20240930,2024-09-30,3,556000,278000.0
784,2079,20240930,2024-09-30,3,555400,441820.0
1295,2023,20240930,2024-09-30,4,555000,402500.0
977,268,20240930,2024-09-30,2,555000,407500.0
615,2315,20240930,2024-09-30,1,555000,416250.0
742,816,20240930,2024-09-30,5,555000,277500.0
479,1378,20240930,2024-09-30,3,555000,446250.0
163,1394,20240930,2024-09-30,4,554700,453045.0
824,146,20240930,2024-09-30,2,554700,423525.0
1072,1970,20240930,2024-09-30,1,554300,415725.0
163,640,20240930,2024-09-30,5,554200,471070.0
462,1523,20240930,2024-09-30,1,554000,415500.0
742,968,20240930,2024-09-30,3,554000,277000.0
319,1516,20240930,2024-09-30,1,554000,415500.0
163,561,20240930,2024-09-30,4,553900,470815.0
385,1867,20240930,2024-09-30,1,553500,415125.0
95,1851,20240930,2024-09-30,1,553300,414975.0
1226,2048,20240930,2024-09-30,1,553000,414750.0
302,388,20240930,2024-09-30,1,552800,414600.0
784,623,20240930,2024-09-30,2,552700,429525.0
109,188,20240930,2024-09-30,1,552500,414375.0
671,280,20240930,2024-09-30,1,552500,414375.0
1000,1959,20240930,2024-09-30,1,552400,414300.0
235,1394,20240930,2024-09-30,2,551500,417125.0
919,869,20240930,2024-09-30,5,551100,468435.0
849,211,20240930,2024-09-30,1,551000,413250.0
651,425,20240930,2024-09-30,1,551000,413250.0
97,1769,20240930,2024-09-30,7,550600,275300.0
264,125,20240930,2024-09-30,1,550600,412950.0
440,100,20240930,2024-09-30,1,550400,412800.0
1217,2022,20240930,2024-09-30,1,550300,412725.0
905,384,20240930,2024-09-30,1,550000,412500.0
132,2124,20240930,2024-09-30,1,550000,412500.0
1065,236,20240930,2024-09-30,2,550000,417500.0
905,266,20240930,2024-09-30,1,550000,412500.0
657,1480,20240930,2024-09-30,2,550000,362500.0
239,122,20240930,2024-09-30,1,550000,412500.0
905,2107,20240930,2024-09-30,2,550000,400000.0
1368,2277,20240930,2024-09-30,2,550000,275000.0
264,1437,20240930,2024-09-30,1,550000,412500.0
179,1004,20240930,2024-09-30,2,550000,325000.0
919,2066,20240930,2024-09-30,2,550000,417500.0
1180,593,20240930,2024-09-30,2,550000,400000.0
1274,491,20240930,2024-09-30,1,550000,412500.0
1295,1392,20240930,2024-09-30,2,550000,400000.0
818,2151,20240930,2024-09-30,7,550000,318750.0
316,1977,20240930,2024-09-30,2,550000,412500.0
1065,1464,20240930,2024-09-30,2,550000,417500.0
905,1461,20240930,2024-09-30,2,550000,412500.0
209,869,20240930,2024-09-30,2,550000,412500.0
552,961,20240930,2024-09-30,2,550000,412500.0
1390,1669,20240930,2024-09-30,3,550000,442500.0
1065,1653,20240930,2024-09-30,1,550000,412500.0
1390,559,20240930,2024-09-30,3,550000,442500.0
1295,1379,20240930,2024-09-30,2,550000,400000.0
483,703,20240930,2024-09-30,1,550000,412500.0
170,1672,20240930,2024-09-30,1,550000,412500.0
462,666,20240930,2024-09-30,1,550000,412500.0
1065,810,20240930,2024-09-30,2,550000,417500.0
905,1810,20240930,2024-09-30,2,550000,400000.0
789,2006,20240930,2024-09-30,1,550000,412500.0
550,1051,20240930,2024-09-30,3,550000,375000.0
742,2131,20240930,2024-09-30,2,550000,275000.0
209,1086,20240930,2024-09-30,2,550000,412500.0
742,2398,20240930,2024-09-30,2,550000,275000.0
1390,2107,20240930,2024-09-30,3,550000,442500.0
1295,219,20240930,2024-09-30,2,550000,400000.0
651,423,20240930,2024-09-30,2,550000,412500.0
834,1245,20240930,2024-09-30,2,550000,400000.0
1065,54,20240930,2024-09-30,2,550000,417500.0
1020,169,20240930,2024-09-30,1,550000,412500.0
156,503,20240930,2024-09-30,2,550000,275000.0
905,1437,20240930,2024-09-30,3,550000,422500.0
1435,132,20240930,2024-09-30,2,550000,410000.0
1386,1378,20240930,2024-09-30,2,550000,400000.0
919,254,20240930,2024-09-30,6,550000,442500.0
1163,282,20240930,2024-09-30,2,550000,417500.0
919,885,20240930,2024-09-30,2,550000,417500.0
905,390,20240930,2024-09-30,2,550000,412500.0
1065,217,20240930,2024-09-30,2,550000,417500.0
1295,1820,20240930,2024-09-30,2,549900,399925.0
643,293,20240930,2024-09-30,1,549900,412425.0
420,238,20240930,2024-09-30,1,549700,412275.0
264,402,20240930,2024-09-30,1,549600,412200.0
1357,1851,20240930,2024-09-30,1,549500,412125.0
1295,722,20240930,2024-09-30,2,549300,399475.0
630,2273,20240930,2024-09-30,1,549000,411750.0
420,2066,20240930,2024-09-30,1,549000,411750.0
1295,315,20240930,2024-09-30,2,549000,399250.0
951,280,20240930,2024-09-30,1,548700,411525.0
479,2268,20240930,2024-09-30,3,548000,441000.0
919,305,20240930,2024-09-30,5,547600,465460.0
184,864,20240930,2024-09-30,6,547500,273750.0
121,176,20240930,2024-09-30,1,547000,410250.0
239,149,20240930,2024-09-30,1,547000,410250.0
1397,1390,20240930,2024-09-30,1,547000,410250.0
1362,107,20240930,2024-09-30,7,546600,273300.0
919,816,20240930,2024-09-30,5,546300,442095.0
1219,2192,20240930,2024-09-30,1,546300,409725.0
818,1492,20240930,2024-09-30,8,546000,318850.0
592,978,20240930,2024-09-30,3,546000,359500.0
18,1439,20240930,2024-09-30,2,546000,409500.0
1390,137,20240930,2024-09-30,2,546000,424500.0
977,2220,20240930,2024-09-30,1,545700,409275.0
209,1168,20240930,2024-09-30,1,545500,409125.0
584,2097,20240930,2024-09-30,1,545300,408975.0
163,1572,20240930,2024-09-30,4,545000,463250.0
1409,1594,20240930,2024-09-30,1,545000,408750.0
851,210,20240930,2024-09-30,1,545000,408750.0
834,1691,20240930,2024-09-30,2,545000,396250.0
977,1714,20240930,2024-09-30,3,545000,397500.0
197,254,20240930,2024-09-30,2,545000,396250.0
588,2008,20240930,2024-09-30,1,545000,408750.0
393,545,20240930,2024-09-30,1,544000,408000.0
623,425,20240930,2024-09-30,1,544000,408000.0
1295,1533,20240930,2024-09-30,9,544000,342500.0
1219,388,20240930,2024-09-30,1,544000,408000.0
1362,771,20240930,2024-09-30,1,544000,408000.0
1367,1031,20240930,2024-09-30,1,543700,407775.0
157,899,20240930,2024-09-30,6,543500,444475.0
1065,2151,20240930,2024-09-30,3,543500,412625.0
657,2193,20240930,2024-09-30,1,543200,407400.0
818,878,20240930,2024-09-30,8,543000,311500.0
5,1529,20240930,2024-09-30,1,542500,406875.0
919,2259,20240930,2024-09-30,3,542000,411120.0
163,1476,20240930,2024-09-30,4,542000,460700.0
374,810,20240930,2024-09-30,9,541800,270900.0
784,1811,20240930,2024-09-30,2,541400,410190.0
235,1574,20240930,2024-09-30,2,541400,413550.0
420,2275,20240930,2024-09-30,1,541000,405750.0
1030,541,20240930,2024-09-30,2,541000,393250.0
479,250,20240930,2024-09-30,3,540700,435525.0
632,500,20240930,2024-09-30,7,540500,346925.0
967,1735,20240930,2024-09-30,2,540500,392875.0
1295,2215,20240930,2024-09-30,3,540200,397650.0
814,896,20240930,2024-09-30,1,540000,405000.0
1356,264,20240930,2024-09-30,1,540000,405000.0
164,164,20240930,2024-09-30,2,540000,420000.0
933,280,20240930,2024-09-30,2,540000,392500.0
988,7,20240930,2024-09-30,1,540000,405000.0
938,516,20240930,2024-09-30,1,540000,405000.0
905,2275,20240930,2024-09-30,2,540000,395000.0
1156,747,20240930,2024-09-30,1,540000,405000.0
905,362,20240930,2024-09-30,2,540000,395000.0
1427,2270,20240930,2024-09-30,2,540000,270000.0
9,1043,20240930,2024-09-30,1,540000,405000.0
795,1545,20240930,2024-09-30,3,540000,405000.0
240,563,20240930,2024-09-30,1,540000,405000.0
522,361,20240930,2024-09-30,1,540000,405000.0
393,1832,20240930,2024-09-30,1,540000,405000.0
420,163,20240930,2024-09-30,1,540000,405000.0
808,1380,20240930,2024-09-30,1,540000,405000.0
503,1583,20240930,2024-09-30,1,540000,405000.0
905,260,20240930,2024-09-30,6,540000,427500.0
109,659,20240930,2024-09-30,1,540000,405000.0
1195,170,20240930,2024-09-30,2,539000,404250.0
1219,242,20240930,2024-09-30,8,539000,269500.0
121,183,20240930,2024-09-30,2,539000,386750.0
163,570,20240930,2024-09-30,4,538800,457980.0
977,119,20240930,2024-09-30,2,538700,391525.0
491,1575,20240930,2024-09-30,1,538500,403875.0
1295,560,20240930,2024-09-30,2,538000,391000.0
264,2248,20240930,2024-09-30,1,538000,403500.0
328,122,20240930,2024-09-30,1,538000,403500.0
712,353,20240930,2024-09-30,1,538000,403500.0
52,873,20240930,2024-09-30,2,538000,341000.0
866,2118,20240930,2024-09-30,3,537500,418125.0
1295,1500,20240930,2024-09-30,9,537100,330075.0
522,492,20240930,2024-09-30,1,537000,402750.0
305,1952,20240930,2024-09-30,2,537000,417750.0
97,1792,20240930,2024-09-30,7,536900,348600.0
1429,1516,20240930,2024-09-30,1,536600,402450.0
1435,137,20240930,2024-09-30,3,536500,393625.0
1295,1562,20240930,2024-09-30,7,536000,362000.0
1282,1987,20240930,2024-09-30,1,536000,402000.0
109,564,20240930,2024-09-30,2,535800,267900.0
1289,883,20240930,2024-09-30,1,535800,401850.0
163,942,20240930,2024-09-30,5,535800,455430.0
152,286,20240930,2024-09-30,1,535500,401625.0
702,1819,20240930,2024-09-30,1,535000,401250.0
818,1685,20240930,2024-09-30,8,535000,311250.0
831,1036,20240930,2024-09-30,2,535000,388750.0
977,935,20240930,2024-09-30,5,535000,380000.0
416,1926,20240930,2024-09-30,3,534900,363675.0
479,1389,20240930,2024-09-30,2,534900,401175.0
919,1394,20240930,2024-09-30,5,534600,433080.0
754,157,20240930,2024-09-30,1,534000,400500.0
1295,2320,20240930,2024-09-30,2,534000,390500.0
1435,1152,20240930,2024-09-30,3,534000,398000.0
1295,643,20240930,2024-09-30,4,534000,412950.0
109,1837,20240930,2024-09-30,1,533000,399750.0
1431,1476,20240930,2024-09-30,4,533000,314000.0
1459,2284,20240930,2024-09-30,3,533000,424750.0
145,1161,20240930,2024-09-30,2,532700,405295.0
397,691,20240930,2024-09-30,3,532400,422170.0
558,108,20240930,2024-09-30,1,532000,399000.0
237,301,20240930,2024-09-30,1,532000,399000.0
1185,863,20240930,2024-09-30,7,531900,265950.0
163,1986,20240930,2024-09-30,5,531600,451860.0
1424,1323,20240930,2024-09-30,1,531500,398625.0
763,645,20240930,2024-09-30,1,531200,398400.0
163,316,20240930,2024-09-30,3,531000,428250.0
742,1385,20240930,2024-09-30,5,531000,265500.0
193,1830,20240930,2024-09-30,1,531000,398250.0
643,870,20240930,2024-09-30,1,531000,398250.0
1216,332,20240930,2024-09-30,2,531000,392000.0
1454,2165,20240930,2024-09-30,1,531000,398250.0
109,285,20240930,2024-09-30,3,530800,265400.0
1362,460,20240930,2024-09-30,3,530500,379625.0
200,1981,20240930,2024-09-30,4,530200,404970.0
1362,1929,20240930,2024-09-30,1,530200,397650.0
977,1948,20240930,2024-09-30,4,530000,365000.0
1295,1249,20240930,2024-09-30,2,530000,387500.0
1390,823,20240930,2024-09-30,2,530000,412500.0
109,247,20240930,2024-09-30,2,530000,335000.0
206,74,20240930,2024-09-30,2,530000,265000.0
510,820,20240930,2024-09-30,1,530000,397500.0
200,2097,20240930,2024-09-30,2,530000,397500.0
309,977,20240930,2024-09-30,2,530000,265000.0
209,314,20240930,2024-09-30,3,530000,406000.0
988,1966,20240930,2024-09-30,1,530000,397500.0
522,564,20240930,2024-09-30,1,530000,397500.0
742,880,20240930,2024-09-30,2,530000,265000.0
1386,697,20240930,2024-09-30,2,530000,391250.0
1033,2394,20240930,2024-09-30,2,530000,265000.0
1065,147,20240930,2024-09-30,2,530000,400500.0
226,2054,20240930,2024-09-30,3,529300,407495.0
1295,424,20240930,2024-09-30,1,529200,396900.0
1163,309,20240930,2024-09-30,3,529000,417150.0
1021,264,20240930,2024-09-30,1,529000,396750.0
1295,965,20240930,2024-09-30,8,529000,340750.0
1295,176,20240930,2024-09-30,2,529000,389250.0
1390,1905,20240930,2024-09-30,3,527800,417850.0
1258,1171,20240930,2024-09-30,1,527000,395250.0
1295,339,20240930,2024-09-30,4,527000,382750.0
754,1719,20240930,2024-09-30,3,526900,387675.0
235,1496,20240930,2024-09-30,2,526100,403055.0
988,1572,20240930,2024-09-30,1,526000,394500.0
1295,1251,20240930,2024-09-30,2,526000,383250.0
1348,1378,20240930,2024-09-30,5,526000,427100.0
942,1134,20240930,2024-09-30,1,526000,394500.0
1435,2004,20240930,2024-09-30,1,526000,394500.0
688,997,20240930,2024-09-30,2,525700,402525.0
1077,1888,20240930,2024-09-30,1,525600,394200.0
156,523,20240930,2024-09-30,2,525600,262800.0
1065,873,20240930,2024-09-30,2,525000,396250.0
540,2176,20240930,2024-09-30,1,525000,393750.0
742,2326,20240930,2024-09-30,2,525000,262500.0
156,172,20240930,2024-09-30,2,525000,262500.0
905,1381,20240930,2024-09-30,2,525000,393750.0
1065,1683,20240930,2024-09-30,2,525000,396250.0
905,1000,20240930,2024-09-30,1,525000,393750.0
905,1342,20240930,2024-09-30,2,525000,393750.0
1390,286,20240930,2024-09-30,3,525000,418750.0
905,959,20240930,2024-09-30,1,525000,393750.0
905,1502,20240930,2024-09-30,1,525000,393750.0
742,1266,20240930,2024-09-30,1,525000,393750.0
905,1242,20240930,2024-09-30,1,525000,393750.0
905,1490,20240930,2024-09-30,2,525000,387500.0
933,1529,20240930,2024-09-30,2,525000,387500.0
657,882,20240930,2024-09-30,1,525000,393750.0
846,1676,20240930,2024-09-30,2,525000,408750.0
1190,1349,20240930,2024-09-30,2,525000,262500.0
195,1439,20240930,2024-09-30,4,525000,411250.0
173,298,20240930,2024-09-30,2,525000,393750.0
434,261,20240930,2024-09-30,1,525000,393750.0
905,487,20240930,2024-09-30,1,525000,393750.0
1424,1977,20240930,2024-09-30,2,524900,393675.0
685,2285,20240930,2024-09-30,3,524500,262250.0
977,1716,20240930,2024-09-30,2,524100,388075.0
170,1685,20240930,2024-09-30,1,524000,393000.0
1065,1437,20240930,2024-09-30,2,524000,395400.0
59,353,20240930,2024-09-30,1,524000,393000.0
264,1984,20240930,2024-09-30,1,523800,392850.0
754,1547,20240930,2024-09-30,3,523700,261850.0
1021,287,20240930,2024-09-30,1,523500,392625.0
1089,1521,20240930,2024-09-30,1,523200,392400.0
1435,1249,20240930,2024-09-30,2,523000,386000.0
479,1929,20240930,2024-09-30,1,523000,392250.0
769,939,20240930,2024-09-30,1,522900,392175.0
181,541,20240930,2024-09-30,1,522100,391575.0
261,1488,20240930,2024-09-30,2,522000,366500.0
858,1371,20240930,2024-09-30,1,522000,391500.0
264,1646,20240930,2024-09-30,1,521900,391425.0
55,2326,20240930,2024-09-30,1,521100,390825.0
264,2125,20240930,2024-09-30,1,521000,390750.0
824,1981,20240930,2024-09-30,1,520500,390375.0
1065,73,20240930,2024-09-30,3,520500,311125.0
977,341,20240930,2024-09-30,4,520000,360000.0
209,1380,20240930,2024-09-30,2,520000,390000.0
479,1549,20240930,2024-09-30,1,520000,390000.0
830,853,20240930,2024-09-30,1,520000,390000.0
1339,1470,20240930,2024-09-30,3,520000,260000.0
873,1423,20240930,2024-09-30,2,520000,385000.0
486,1706,20240930,2024-09-30,1,520000,390000.0
1435,2024,20240930,2024-09-30,2,520000,387500.0
305,2258,20240930,2024-09-30,4,520000,442000.0
983,341,20240930,2024-09-30,1,520000,390000.0
857,1089,20240930,2024-09-30,2,520000,390000.0
657,1467,20240930,2024-09-30,1,519700,389775.0
865,1372,20240930,2024-09-30,1,519400,389550.0
163,177,20240930,2024-09-30,4,519300,441405.0
319,18,20240930,2024-09-30,1,519000,389250.0
818,1474,20240930,2024-09-30,4,519000,364000.0
1065,1209,20240930,2024-09-30,3,518500,396325.0
945,1120,20240930,2024-09-30,2,518500,388875.0
1065,128,20240930,2024-09-30,4,518100,398125.0
442,593,20240930,2024-09-30,1,518100,388575.0
1036,254,20240930,2024-09-30,1,518000,388500.0
163,278,20240930,2024-09-30,5,518000,440300.0
1295,2291,20240930,2024-09-30,2,518000,378500.0
308,1669,20240930,2024-09-30,1,517500,388125.0
1065,2128,20240930,2024-09-30,2,517000,389450.0
41,232,20240930,2024-09-30,1,516700,387525.0
109,1735,20240930,2024-09-30,1,516600,387450.0
359,866,20240930,2024-09-30,3,516400,414100.0
919,542,20240930,2024-09-30,3,516300,417225.0
1346,2011,20240930,2024-09-30,1,516000,387000.0
551,2048,20240930,2024-09-30,1,516000,387000.0
588,1496,20240930,2024-09-30,1,515000,386250.0
239,341,20240930,2024-09-30,1,515000,386250.0
767,298,20240930,2024-09-30,1,515000,386250.0
209,1385,20240930,2024-09-30,2,515000,386250.0
742,1936,20240930,2024-09-30,3,515000,257500.0
783,2097,20240930,2024-09-30,1,515000,386250.0
10,309,20240930,2024-09-30,1,515000,386250.0
200,252,20240930,2024-09-30,4,515000,416750.0
302,331,20240930,2024-09-30,1,515000,386250.0
205,163,20240930,2024-09-30,1,515000,386250.0
1362,2107,20240930,2024-09-30,3,515000,257500.0
919,73,20240930,2024-09-30,4,514800,412580.0
1072,280,20240930,2024-09-30,2,514500,292250.0
121,2184,20240930,2024-09-30,1,514000,385500.0
163,1386,20240930,2024-09-30,4,514000,436900.0
683,606,20240930,2024-09-30,3,514000,400500.0
540,1228,20240930,2024-09-30,1,514000,385500.0
547,409,20240930,2024-09-30,1,513900,385425.0
1153,1733,20240930,2024-09-30,3,513700,256850.0
1206,2291,20240930,2024-09-30,5,513600,356470.0
109,1379,20240930,2024-09-30,2,513100,256550.0
152,258,20240930,2024-09-30,1,513000,384750.0
1295,296,20240930,2024-09-30,4,513000,373500.0
1390,1374,20240930,2024-09-30,1,513000,384750.0
479,1230,20240930,2024-09-30,2,513000,384750.0
235,2095,20240930,2024-09-30,1,512500,384375.0
163,2220,20240930,2024-09-30,4,512300,435455.0
1295,1026,20240930,2024-09-30,4,512000,378200.0
1467,811,20240930,2024-09-30,2,512000,384000.0
919,1435,20240930,2024-09-30,8,511500,409775.0
1413,2235,20240930,2024-09-30,6,511200,255600.0
666,2043,20240930,2024-09-30,2,511000,390750.0
919,1004,20240930,2024-09-30,5,510600,409010.0
264,1719,20240930,2024-09-30,1,510400,382800.0
1362,785,20240930,2024-09-30,2,510100,376325.0
525,564,20240930,2024-09-30,2,510000,320000.0
520,1033,20240930,2024-09-30,1,510000,382500.0
584,158,20240930,2024-09-30,1,510000,382500.0
121,335,20240930,2024-09-30,1,510000,382500.0
1331,2054,20240930,2024-09-30,1,510000,382500.0
1409,1704,20240930,2024-09-30,1,510000,382500.0
1435,278,20240930,2024-09-30,3,510000,373750.0
905,482,20240930,2024-09-30,2,510000,382500.0
536,930,20240930,2024-09-30,1,510000,382500.0
834,253,20240930,2024-09-30,1,510000,382500.0
1163,868,20240930,2024-09-30,2,510000,382500.0
248,46,20240930,2024-09-30,1,510000,382500.0
209,863,20240930,2024-09-30,2,510000,382500.0
1116,306,20240930,2024-09-30,2,510000,382500.0
420,303,20240930,2024-09-30,1,510000,382500.0
383,498,20240930,2024-09-30,7,510000,263750.0
208,2128,20240930,2024-09-30,4,510000,328500.0
1318,667,20240930,2024-09-30,2,510000,345000.0
1295,650,20240930,2024-09-30,3,510000,358750.0
1036,1389,20240930,2024-09-30,1,510000,382500.0
1163,297,20240930,2024-09-30,2,510000,387600.0
1108,1478,20240930,2024-09-30,6,510000,255000.0
1200,2100,20240930,2024-09-30,1,510000,382500.0
671,1264,20240930,2024-09-30,1,510000,382500.0
795,446,20240930,2024-09-30,1,510000,382500.0
1166,71,20240930,2024-09-30,3,509500,347675.0
210,135,20240930,2024-09-30,1,509200,381900.0
74,1619,20240930,2024-09-30,2,509000,369250.0
483,1387,20240930,2024-09-30,1,509000,381750.0
462,1719,20240930,2024-09-30,1,509000,381750.0
106,290,20240930,2024-09-30,2,509000,338000.0
1021,363,20240930,2024-09-30,1,509000,381750.0
1362,1338,20240930,2024-09-30,19,508300,254150.0
1295,741,20240930,2024-09-30,5,508200,338650.0
74,1599,20240930,2024-09-30,1,508000,381000.0
522,2107,20240930,2024-09-30,2,508000,368500.0
285,2394,20240930,2024-09-30,1,508000,381000.0
1390,572,20240930,2024-09-30,2,508000,381000.0
197,1039,20240930,2024-09-30,1,508000,381000.0
1219,2236,20240930,2024-09-30,4,507700,253850.0
1362,2248,20240930,2024-09-30,9,507600,297900.0
783,1656,20240930,2024-09-30,2,507500,355625.0
416,1977,20240930,2024-09-30,1,507000,380250.0
163,1660,20240930,2024-09-30,4,506600,430610.0
305,1385,20240930,2024-09-30,4,506000,430100.0
1435,353,20240930,2024-09-30,3,506000,374500.0
462,290,20240930,2024-09-30,1,505500,379125.0
1435,2208,20240930,2024-09-30,2,505000,375000.0
1204,1080,20240930,2024-09-30,2,505000,252500.0
235,148,20240930,2024-09-30,4,505000,429250.0
209,1911,20240930,2024-09-30,1,505000,378750.0
621,122,20240930,2024-09-30,1,505000,378750.0
1435,1656,20240930,2024-09-30,2,505000,376250.0
782,666,20240930,2024-09-30,3,505000,372750.0
42,1088,20240930,2024-09-30,1,505000,378750.0
905,329,20240930,2024-09-30,3,505000,394250.0
905,1088,20240930,2024-09-30,3,505000,352500.0
1110,237,20240930,2024-09-30,2,505000,316250.0
1295,18,20240930,2024-09-30,2,505000,371250.0
219,1371,20240930,2024-09-30,2,505000,252500.0
274,2316,20240930,2024-09-30,2,504700,386085.0
919,203,20240930,2024-09-30,6,504500,403825.0
479,163,20240930,2024-09-30,3,504100,408075.0
170,1952,20240930,2024-09-30,2,504000,371750.0
51,1279,20240930,2024-09-30,1,504000,378000.0
163,1922,20240930,2024-09-30,2,504000,378000.0
1295,2206,20240930,2024-09-30,2,504000,353000.0
1254,1068,20240930,2024-09-30,2,504000,353000.0
285,865,20240930,2024-09-30,2,504000,378000.0
1084,108,20240930,2024-09-30,7,502000,251000.0
1198,1819,20240930,2024-09-30,2,501900,358925.0
853,559,20240930,2024-09-30,3,501600,391200.0
479,186,20240930,2024-09-30,3,501600,406200.0
754,1676,20240930,2024-09-30,3,501500,352000.0
552,236,20240930,2024-09-30,1,501400,376050.0
1435,181,20240930,2024-09-30,2,501000,372000.0
393,2315,20240930,2024-09-30,1,500500,375375.0
163,335,20240930,2024-09-30,5,500300,425255.0
109,2131,20240930,2024-09-30,1,500000,250000.0
209,2054,20240930,2024-09-30,1,500000,375000.0
264,1284,20240930,2024-09-30,1,500000,375000.0
468,122,20240930,2024-09-30,1,500000,250000.0
671,1195,20240930,2024-09-30,1,500000,375000.0
180,1045,20240930,2024-09-30,1,500000,375000.0
209,1249,20240930,2024-09-30,1,500000,375000.0
286,423,20240930,2024-09-30,1,500000,375000.0
286,1460,20240930,2024-09-30,1,500000,375000.0
664,290,20240930,2024-09-30,1,500000,375000.0
956,1641,20240930,2024-09-30,1,500000,250000.0
38,832,20240930,2024-09-30,1,500000,375000.0
522,487,20240930,2024-09-30,1,500000,250000.0
742,573,20240930,2024-09-30,1,500000,250000.0
905,413,20240930,2024-09-30,1,500000,375000.0
588,164,20240930,2024-09-30,1,500000,375000.0
742,1474,20240930,2024-09-30,1,500000,375000.0
950,541,20240930,2024-09-30,1,500000,375000.0
1441,961,20240930,2024-09-30,1,500000,375000.0
7,637,20240930,2024-09-30,1,500000,250000.0
286,437,20240930,2024-09-30,1,500000,375000.0
463,1489,20240930,2024-09-30,2,500000,390000.0
209,380,20240930,2024-09-30,1,500000,375000.0
795,1068,20240930,2024-09-30,1,500000,375000.0
858,1948,20240930,2024-09-30,1,500000,375000.0
979,293,20240930,2024-09-30,1,500000,250000.0
587,1488,20240930,2024-09-30,1,500000,250000.0
1163,1919,20240930,2024-09-30,1,500000,375000.0
1411,1704,20240930,2024-09-30,1,500000,375000.0
264,214,20240930,2024-09-30,1,500000,375000.0
754,2220,20240930,2024-09-30,1,500000,375000.0
905,1369,20240930,2024-09-30,1,500000,375000.0
1065,1843,20240930,2024-09-30,1,500000,375000.0
1417,2048,20240930,2024-09-30,1,500000,250000.0
742,292,20240930,2024-09-30,1,500000,250000.0
977,1496,20240930,2024-09-30,1,500000,375000.0
1373,1284,20240930,2024-09-30,1,500000,250000.0
511,596,20240930,2024-09-30,1,500000,250000.0
671,1936,20240930,2024-09-30,1,500000,375000.0
795,816,20240930,2024-09-30,1,500000,375000.0
821,2243,20240930,2024-09-30,1,500000,375000.0
853,541,20240930,2024-09-30,1,500000,375000.0
905,931,20240930,2024-09-30,1,500000,375000.0
905,1286,20240930,2024-09-30,1,500000,375000.0
1346,202,20240930,2024-09-30,1,500000,375000.0
666,857,20240930,2024-09-30,1,500000,375000.0
742,2220,20240930,2024-09-30,1,500000,375000.0
1021,1303,20240930,2024-09-30,1,500000,375000.0
1065,1419,20240930,2024-09-30,1,500000,375000.0
1357,1693,20240930,2024-09-30,1,500000,375000.0
286,1516,20240930,2024-09-30,1,500000,375000.0
479,1110,20240930,2024-09-30,1,500000,375000.0
479,1396,20240930,2024-09-30,2,500000,390000.0
784,19,20240930,2024-09-30,1,500000,375000.0
1173,1424,20240930,2024-09-30,1,500000,375000.0
142,85,20240930,2024-09-30,1,500000,375000.0
197,280,20240930,2024-09-30,1,500000,375000.0
525,593,20240930,2024-09-30,1,500000,375000.0
1424,1953,20240930,2024-09-30,1,500000,375000.0
1441,816,20240930,2024-09-30,1,500000,375000.0
197,1685,20240930,2024-09-30,1,500000,250000.0
767,261,20240930,2024-09-30,1,500000,375000.0
974,2083,20240930,2024-09-30,1,500000,375000.0
1139,2079,20240930,2024-09-30,1,500000,375000.0
1297,857,20240930,2024-09-30,1,500000,375000.0
121,168,20240930,2024-09-30,1,500000,375000.0
504,621,20240930,2024-09-30,1,500000,250000.0
737,243,20240930,2024-09-30,1,500000,375000.0
754,9,20240930,2024-09-30,1,500000,375000.0
905,87,20240930,2024-09-30,2,500000,375000.0
905,965,20240930,2024-09-30,1,500000,375000.0
1409,2270,20240930,2024-09-30,1,500000,375000.0
846,1706,20240930,2024-09-30,2,500000,350000.0
286,865,20240930,2024-09-30,1,500000,375000.0
1195,1276,20240930,2024-09-30,1,500000,375000.0
1454,1388,20240930,2024-09-30,3,500000,356250.0
905,835,20240930,2024-09-30,1,500000,375000.0
272,1813,20240930,2024-09-30,1,500000,250000.0
287,488,20240930,2024-09-30,1,500000,375000.0
905,859,20240930,2024-09-30,1,500000,375000.0
905,2328,20240930,2024-09-30,1,500000,375000.0
1458,545,20240930,2024-09-30,1,500000,250000.0
102,1221,20240930,2024-09-30,1,500000,375000.0
286,157,20240930,2024-09-30,1,500000,375000.0
384,977,20240930,2024-09-30,1,500000,250000.0
584,160,20240930,2024-09-30,1,500000,250000.0
694,859,20240930,2024-09-30,1,500000,250000.0
784,1986,20240930,2024-09-30,1,500000,375000.0
905,1405,20240930,2024-09-30,1,500000,375000.0
1065,1839,20240930,2024-09-30,1,500000,375000.0
588,163,20240930,2024-09-30,1,500000,375000.0
795,2275,20240930,2024-09-30,1,500000,375000.0
393,2097,20240930,2024-09-30,1,500000,375000.0
403,158,20240930,2024-09-30,1,500000,375000.0
510,47,20240930,2024-09-30,1,500000,375000.0
1312,1552,20240930,2024-09-30,1,500000,250000.0
101,541,20240930,2024-09-30,1,500000,250000.0
671,1257,20240930,2024-09-30,1,500000,375000.0
951,2220,20240930,2024-09-30,1,500000,375000.0
1237,240,20240930,2024-09-30,1,500000,375000.0
209,281,20240930,2024-09-30,1,500000,375000.0
209,2048,20240930,2024-09-30,2,500000,390000.0
309,1996,20240930,2024-09-30,1,500000,375000.0
354,1480,20240930,2024-09-30,1,500000,375000.0
584,1835,20240930,2024-09-30,1,500000,250000.0
905,1653,20240930,2024-09-30,1,500000,375000.0
988,2259,20240930,2024-09-30,1,500000,375000.0
1390,1249,20240930,2024-09-30,2,500000,390000.0
1199,1220,20240930,2024-09-30,1,500000,375000.0
209,2272,20240930,2024-09-30,2,500000,390000.0
264,1479,20240930,2024-09-30,1,500000,375000.0
601,2097,20240930,2024-09-30,1,500000,375000.0
671,1645,20240930,2024-09-30,1,500000,375000.0
905,10,20240930,2024-09-30,1,500000,375000.0
1163,2218,20240930,2024-09-30,1,500000,375000.0
1251,1081,20240930,2024-09-30,1,500000,375000.0
209,1540,20240930,2024-09-30,2,500000,390000.0
228,1467,20240930,2024-09-30,1,500000,375000.0
795,1283,20240930,2024-09-30,1,500000,375000.0
1065,1906,20240930,2024-09-30,1,500000,375000.0
1350,1300,20240930,2024-09-30,1,500000,375000.0
742,626,20240930,2024-09-30,1,500000,250000.0
830,2139,20240930,2024-09-30,1,500000,375000.0
901,1444,20240930,2024-09-30,1,500000,375000.0
92,204,20240930,2024-09-30,1,500000,375000.0
209,1986,20240930,2024-09-30,1,500000,375000.0
286,1378,20240930,2024-09-30,1,500000,375000.0
795,1580,20240930,2024-09-30,1,500000,375000.0
858,214,20240930,2024-09-30,1,500000,250000.0
96,1635,20240930,2024-09-30,1,500000,375000.0
725,977,20240930,2024-09-30,1,500000,250000.0
1251,1108,20240930,2024-09-30,1,500000,250000.0
209,829,20240930,2024-09-30,1,500000,375000.0
264,265,20240930,2024-09-30,1,500000,375000.0
272,261,20240930,2024-09-30,1,500000,250000.0
176,1259,20240930,2024-09-30,1,500000,375000.0
479,1373,20240930,2024-09-30,1,500000,375000.0
784,559,20240930,2024-09-30,1,500000,375000.0
795,1922,20240930,2024-09-30,1,500000,375000.0
1295,1071,20240930,2024-09-30,2,500000,362500.0
784,2055,20240930,2024-09-30,1,500000,375000.0
795,915,20240930,2024-09-30,1,500000,375000.0
1251,1086,20240930,2024-09-30,1,500000,375000.0
905,723,20240930,2024-09-30,2,500000,390000.0
956,1662,20240930,2024-09-30,1,500000,250000.0
1116,293,20240930,2024-09-30,1,500000,375000.0
286,292,20240930,2024-09-30,1,500000,375000.0
717,2267,20240930,2024-09-30,1,500000,250000.0
1441,1981,20240930,2024-09-30,1,500000,375000.0
209,1220,20240930,2024-09-30,1,500000,375000.0
286,1424,20240930,2024-09-30,1,500000,375000.0
289,1202,20240930,2024-09-30,1,500000,375000.0
481,1529,20240930,2024-09-30,1,500000,375000.0
988,261,20240930,2024-09-30,1,500000,115000.0
614,1378,20240930,2024-09-30,1,500000,375000.0
1284,1633,20240930,2024-09-30,1,500000,250000.0
122,1598,20240930,2024-09-30,1,500000,375000.0
286,2215,20240930,2024-09-30,1,500000,375000.0
795,1240,20240930,2024-09-30,1,500000,375000.0
1364,1107,20240930,2024-09-30,1,500000,375000.0
109,392,20240930,2024-09-30,1,500000,250000.0
795,2046,20240930,2024-09-30,1,500000,250000.0
209,233,20240930,2024-09-30,1,500000,375000.0
261,170,20240930,2024-09-30,1,500000,250000.0
742,1491,20240930,2024-09-30,1,500000,250000.0
1431,1396,20240930,2024-09-30,2,500000,250000.0
209,2090,20240930,2024-09-30,1,500000,375000.0
264,1303,20240930,2024-09-30,1,500000,375000.0
963,2250,20240930,2024-09-30,1,500000,375000.0
1065,1381,20240930,2024-09-30,1,500000,375000.0
308,2248,20240930,2024-09-30,1,500000,375000.0
1021,341,20240930,2024-09-30,2,500000,337500.0
92,158,20240930,2024-09-30,1,500000,375000.0
264,331,20240930,2024-09-30,1,500000,375000.0
286,1566,20240930,2024-09-30,1,500000,375000.0
582,1440,20240930,2024-09-30,1,500000,375000.0
1339,1714,20240930,2024-09-30,2,500000,375000.0
209,279,20240930,2024-09-30,1,500000,375000.0
491,1709,20240930,2024-09-30,1,500000,250000.0
264,697,20240930,2024-09-30,1,500000,375000.0
305,1033,20240930,2024-09-30,1,500000,375000.0
723,1977,20240930,2024-09-30,1,500000,375000.0
795,1063,20240930,2024-09-30,1,500000,375000.0
857,303,20240930,2024-09-30,1,500000,375000.0
931,1986,20240930,2024-09-30,1,500000,450000.0
1110,246,20240930,2024-09-30,1,500000,250000.0
209,1387,20240930,2024-09-30,1,500000,375000.0
664,2021,20240930,2024-09-30,1,500000,375000.0
742,129,20240930,2024-09-30,1,500000,375000.0
109,2011,20240930,2024-09-30,1,500000,250000.0
197,233,20240930,2024-09-30,1,500000,375000.0
353,265,20240930,2024-09-30,1,500000,375000.0
742,1714,20240930,2024-09-30,1,500000,250000.0
784,572,20240930,2024-09-30,1,500000,375000.0
1078,308,20240930,2024-09-30,1,500000,250000.0
919,503,20240930,2024-09-30,1,500000,375000.0
1137,163,20240930,2024-09-30,1,500000,375000.0
121,2315,20240930,2024-09-30,1,500000,375000.0
156,177,20240930,2024-09-30,1,500000,375000.0
491,1572,20240930,2024-09-30,1,500000,375000.0
673,1068,20240930,2024-09-30,3,500000,250000.0
784,1970,20240930,2024-09-30,1,500000,375000.0
1163,2030,20240930,2024-09-30,1,500000,375000.0
1411,1935,20240930,2024-09-30,1,500000,375000.0
1065,1094,20240930,2024-09-30,1,500000,375000.0
286,146,20240930,2024-09-30,1,500000,375000.0
286,1927,20240930,2024-09-30,1,500000,375000.0
905,1925,20240930,2024-09-30,1,500000,375000.0
919,1591,20240930,2024-09-30,1,500000,375000.0
1337,564,20240930,2024-09-30,1,500000,375000.0
653,1071,20240930,2024-09-30,1,500000,250000.0
1237,1511,20240930,2024-09-30,1,500000,250000.0
264,1279,20240930,2024-09-30,1,500000,375000.0
328,1421,20240930,2024-09-30,1,500000,250000.0
657,1424,20240930,2024-09-30,1,500000,375000.0
324,329,20240930,2024-09-30,1,500000,375000.0
799,370,20240930,2024-09-30,1,500000,375000.0
784,1523,20240930,2024-09-30,1,500000,375000.0
1065,1468,20240930,2024-09-30,1,500000,375000.0
1065,1936,20240930,2024-09-30,1,500000,375000.0
102,160,20240930,2024-09-30,1,500000,375000.0
784,1463,20240930,2024-09-30,1,500000,375000.0
1065,124,20240930,2024-09-30,1,500000,375000.0
1455,784,20240930,2024-09-30,1,500000,375000.0
919,229,20240930,2024-09-30,1,500000,375000.0
1366,2001,20240930,2024-09-30,1,500000,375000.0
1424,2029,20240930,2024-09-30,1,500000,375000.0
795,1367,20240930,2024-09-30,1,500000,375000.0
905,1371,20240930,2024-09-30,1,500000,375000.0
1034,191,20240930,2024-09-30,1,500000,375000.0
1065,2160,20240930,2024-09-30,1,500000,375000.0
795,763,20240930,2024-09-30,1,500000,375000.0
1462,1385,20240930,2024-09-30,1,500000,375000.0
208,157,20240930,2024-09-30,1,500000,375000.0
905,1392,20240930,2024-09-30,3,500000,337500.0
1030,2006,20240930,2024-09-30,1,500000,375000.0
109,1230,20240930,2024-09-30,2,500000,250000.0
209,296,20240930,2024-09-30,1,500000,375000.0
109,868,20240930,2024-09-30,1,500000,250000.0
239,252,20240930,2024-09-30,1,500000,375000.0
742,857,20240930,2024-09-30,1,500000,250000.0
795,1876,20240930,2024-09-30,1,500000,375000.0
784,1199,20240930,2024-09-30,1,500000,375000.0
94,1235,20240930,2024-09-30,1,500000,250000.0
977,1435,20240930,2024-09-30,1,500000,250000.0
4,355,20240930,2024-09-30,1,500000,375000.0
94,1935,20240930,2024-09-30,1,500000,250000.0
434,1072,20240930,2024-09-30,1,500000,375000.0
641,341,20240930,2024-09-30,1,500000,375000.0
1065,770,20240930,2024-09-30,1,500000,375000.0
264,1598,20240930,2024-09-30,1,500000,375000.0
264,2258,20240930,2024-09-30,1,500000,375000.0
630,1665,20240930,2024-09-30,1,500000,375000.0
662,697,20240930,2024-09-30,1,500000,375000.0
784,912,20240930,2024-09-30,1,500000,375000.0
795,212,20240930,2024-09-30,1,500000,375000.0
1241,2105,20240930,2024-09-30,1,500000,250000.0
167,999,20240930,2024-09-30,1,500000,375000.0
209,1221,20240930,2024-09-30,1,500000,375000.0
1104,2184,20240930,2024-09-30,1,500000,250000.0
228,275,20240930,2024-09-30,1,500000,250000.0
328,1977,20240930,2024-09-30,1,500000,375000.0
919,857,20240930,2024-09-30,4,500000,400000.0
919,1695,20240930,2024-09-30,1,500000,375000.0
1065,1522,20240930,2024-09-30,1,500000,375000.0
479,2341,20240930,2024-09-30,1,500000,375000.0
963,1656,20240930,2024-09-30,1,500000,375000.0
1065,1164,20240930,2024-09-30,1,500000,375000.0
1100,657,20240930,2024-09-30,1,500000,250000.0
1274,1349,20240930,2024-09-30,1,500000,375000.0
742,287,20240930,2024-09-30,1,500000,250000.0
1027,2058,20240930,2024-09-30,2,500000,250000.0
1224,1984,20240930,2024-09-30,1,500000,250000.0
1441,122,20240930,2024-09-30,1,500000,375000.0
393,290,20240930,2024-09-30,1,500000,375000.0
468,2307,20240930,2024-09-30,1,500000,375000.0
784,587,20240930,2024-09-30,1,500000,375000.0
16,700,20240930,2024-09-30,1,500000,250000.0
197,168,20240930,2024-09-30,1,500000,375000.0
197,2386,20240930,2024-09-30,1,500000,375000.0
209,1288,20240930,2024-09-30,1,500000,375000.0
264,2180,20240930,2024-09-30,1,500000,375000.0
791,637,20240930,2024-09-30,1,500000,375000.0
420,1110,20240930,2024-09-30,1,500000,375000.0
536,974,20240930,2024-09-30,1,500000,375000.0
807,330,20240930,2024-09-30,1,500000,375000.0
905,2196,20240930,2024-09-30,1,500000,375000.0
209,192,20240930,2024-09-30,1,500000,375000.0
264,1398,20240930,2024-09-30,1,500000,375000.0
448,157,20240930,2024-09-30,1,500000,375000.0
1010,1672,20240930,2024-09-30,1,500000,250000.0
1163,329,20240930,2024-09-30,1,500000,375000.0
795,169,20240930,2024-09-30,1,500000,375000.0
102,1922,20240930,2024-09-30,1,500000,375000.0
545,1629,20240930,2024-09-30,1,500000,375000.0
1065,2270,20240930,2024-09-30,1,500000,375000.0
1163,1844,20240930,2024-09-30,1,500000,375000.0
1180,2328,20240930,2024-09-30,1,500000,250000.0
1417,163,20240930,2024-09-30,1,500000,375000.0
1462,593,20240930,2024-09-30,1,500000,250000.0
264,2216,20240930,2024-09-30,1,500000,375000.0
479,1379,20240930,2024-09-30,1,500000,375000.0
685,1021,20240930,2024-09-30,1,500000,375000.0
793,1374,20240930,2024-09-30,1,500000,250000.0
889,863,20240930,2024-09-30,1,500000,250000.0
258,1036,20240930,2024-09-30,1,500000,375000.0
272,1679,20240930,2024-09-30,1,500000,250000.0
584,1952,20240930,2024-09-30,1,500000,375000.0
618,157,20240930,2024-09-30,1,500000,375000.0
545,292,20240930,2024-09-30,1,500000,375000.0
1173,424,20240930,2024-09-30,1,500000,375000.0
1424,122,20240930,2024-09-30,1,500000,375000.0
170,861,20240930,2024-09-30,1,500000,250000.0
209,1470,20240930,2024-09-30,1,500000,375000.0
264,1387,20240930,2024-09-30,1,500000,375000.0
977,948,20240930,2024-09-30,3,500000,250000.0
483,545,20240930,2024-09-30,1,500000,375000.0
163,294,20240930,2024-09-30,1,500000,375000.0
1163,416,20240930,2024-09-30,1,500000,375000.0
272,1480,20240930,2024-09-30,1,500000,250000.0
463,1389,20240930,2024-09-30,2,500000,390000.0
490,163,20240930,2024-09-30,1,500000,250000.0
951,314,20240930,2024-09-30,1,500000,375000.0
1044,1540,20240930,2024-09-30,2,500000,250000.0
600,2344,20240930,2024-09-30,2,500000,362500.0
919,1897,20240930,2024-09-30,1,500000,375000.0
1065,1692,20240930,2024-09-30,1,500000,375000.0
1441,1905,20240930,2024-09-30,1,500000,375000.0
10,397,20240930,2024-09-30,1,500000,375000.0
121,331,20240930,2024-09-30,1,500000,375000.0
977,1398,20240930,2024-09-30,1,500000,250000.0
1065,739,20240930,2024-09-30,1,500000,375000.0
436,301,20240930,2024-09-30,1,500000,375000.0
1207,132,20240930,2024-09-30,1,500000,375000.0
877,199,20240930,2024-09-30,1,500000,250000.0
353,1450,20240930,2024-09-30,1,500000,250000.0
905,1067,20240930,2024-09-30,1,500000,375000.0
905,2062,20240930,2024-09-30,1,500000,375000.0
905,2138,20240930,2024-09-30,1,500000,375000.0
1357,1424,20240930,2024-09-30,1,500000,375000.0
287,444,20240930,2024-09-30,2,500000,362500.0
795,1450,20240930,2024-09-30,1,500000,250000.0
462,564,20240930,2024-09-30,1,500000,250000.0
1461,1367,20240930,2024-09-30,1,500000,250000.0
576,137,20240930,2024-09-30,1,500000,375000.0
582,24,20240930,2024-09-30,1,500000,375000.0
588,1834,20240930,2024-09-30,1,500000,375000.0
671,1948,20240930,2024-09-30,1,500000,375000.0
272,1573,20240930,2024-09-30,1,500000,250000.0
463,361,20240930,2024-09-30,1,500000,375000.0
1065,1918,20240930,2024-09-30,1,500000,375000.0
264,1371,20240930,2024-09-30,1,500000,375000.0
905,467,20240930,2024-09-30,1,500000,375000.0
463,1286,20240930,2024-09-30,1,500000,375000.0
1144,1977,20240930,2024-09-30,1,500000,375000.0
1197,545,20240930,2024-09-30,1,500000,375000.0
1386,2253,20240930,2024-09-30,1,500000,375000.0
291,2360,20240930,2024-09-30,1,500000,250000.0
905,827,20240930,2024-09-30,1,500000,375000.0
791,2326,20240930,2024-09-30,1,500000,375000.0
795,503,20240930,2024-09-30,1,500000,375000.0
795,1928,20240930,2024-09-30,1,500000,375000.0
1441,1460,20240930,2024-09-30,1,500000,375000.0
702,1845,20240930,2024-09-30,1,500000,375000.0
795,871,20240930,2024-09-30,2,500000,300000.0
364,2309,20240930,2024-09-30,1,500000,375000.0
587,1378,20240930,2024-09-30,1,500000,375000.0
905,1544,20240930,2024-09-30,2,500000,390000.0
1163,1947,20240930,2024-09-30,1,500000,375000.0
209,301,20240930,2024-09-30,1,500000,375000.0
264,144,20240930,2024-09-30,1,500000,375000.0
1390,2058,20240930,2024-09-30,2,500000,390000.0
208,1869,20240930,2024-09-30,1,500000,375000.0
1390,1619,20240930,2024-09-30,3,500000,405000.0
74,89,20240930,2024-09-30,1,500000,250000.0
431,1380,20240930,2024-09-30,2,500000,390000.0
1000,1998,20240930,2024-09-30,1,500000,375000.0
1065,1425,20240930,2024-09-30,1,500000,375000.0
228,2136,20240930,2024-09-30,1,500000,250000.0
491,1922,20240930,2024-09-30,1,500000,375000.0
919,1053,20240930,2024-09-30,1,500000,375000.0
1021,332,20240930,2024-09-30,1,500000,375000.0
1357,308,20240930,2024-09-30,1,500000,375000.0
1467,1968,20240930,2024-09-30,1,500000,375000.0
905,1441,20240930,2024-09-30,1,500000,375000.0
1337,2036,20240930,2024-09-30,1,500000,250000.0
209,1175,20240930,2024-09-30,1,500000,375000.0
422,997,20240930,2024-09-30,1,500000,250000.0
1441,2193,20240930,2024-09-30,1,500000,375000.0
163,1635,20240930,2024-09-30,2,500000,390000.0
264,492,20240930,2024-09-30,1,500000,375000.0
1065,656,20240930,2024-09-30,1,500000,375000.0
97,1785,20240930,2024-09-30,1,500000,250000.0
109,1233,20240930,2024-09-30,2,500000,250000.0
919,1445,20240930,2024-09-30,1,500000,375000.0
860,545,20240930,2024-09-30,1,500000,375000.0
1093,248,20240930,2024-09-30,2,500000,375000.0
1295,227,20240930,2024-09-30,2,500000,368750.0
1386,298,20240930,2024-09-30,1,500000,250000.0
1401,882,20240930,2024-09-30,1,500000,375000.0
463,1392,20240930,2024-09-30,1,500000,450000.0
1065,997,20240930,2024-09-30,2,500000,380000.0
1104,1388,20240930,2024-09-30,1,500000,375000.0
121,2093,20240930,2024-09-30,1,500000,375000.0
286,1981,20240930,2024-09-30,1,500000,375000.0
919,1911,20240930,2024-09-30,1,500000,375000.0
1173,1981,20240930,2024-09-30,1,500000,375000.0
264,351,20240930,2024-09-30,1,500000,375000.0
1271,2134,20240930,2024-09-30,1,500000,250000.0
109,411,20240930,2024-09-30,1,500000,250000.0
795,2024,20240930,2024-09-30,1,500000,375000.0
1065,2209,20240930,2024-09-30,1,500000,375000.0
462,46,20240930,2024-09-30,1,500000,375000.0
671,2202,20240930,2024-09-30,1,500000,375000.0
784,1817,20240930,2024-09-30,1,500000,375000.0
1386,1714,20240930,2024-09-30,1,500000,375000.0
209,2254,20240930,2024-09-30,1,500000,375000.0
895,1519,20240930,2024-09-30,1,500000,250000.0
905,2250,20240930,2024-09-30,1,500000,375000.0
228,280,20240930,2024-09-30,1,500000,250000.0
209,956,20240930,2024-09-30,1,500000,375000.0
729,616,20240930,2024-09-30,1,500000,375000.0
784,2245,20240930,2024-09-30,1,500000,375000.0
795,1395,20240930,2024-09-30,1,500000,250000.0
148,863,20240930,2024-09-30,1,500000,250000.0
1222,1545,20240930,2024-09-30,1,500000,250000.0
1431,1394,20240930,2024-09-30,1,500000,250000.0
825,1304,20240930,2024-09-30,1,500000,375000.0
1110,242,20240930,2024-09-30,1,500000,250000.0
434,335,20240930,2024-09-30,1,500000,375000.0
742,1384,20240930,2024-09-30,1,500000,250000.0
873,118,20240930,2024-09-30,3,500000,377750.0
933,863,20240930,2024-09-30,2,500000,362500.0
1195,1948,20240930,2024-09-30,1,500000,375000.0
1373,1363,20240930,2024-09-30,1,500000,375000.0
209,1642,20240930,2024-09-30,1,500000,375000.0
1077,325,20240930,2024-09-30,1,500000,375000.0
479,1081,20240930,2024-09-30,1,500000,250000.0
479,1641,20240930,2024-09-30,1,500000,375000.0
858,1848,20240930,2024-09-30,1,500000,375000.0
905,1133,20240930,2024-09-30,1,500000,375000.0
228,301,20240930,2024-09-30,1,500000,250000.0
1040,569,20240930,2024-09-30,1,500000,375000.0
1163,303,20240930,2024-09-30,3,500000,390000.0
1163,321,20240930,2024-09-30,1,500000,375000.0
228,203,20240930,2024-09-30,1,500000,250000.0
784,1656,20240930,2024-09-30,1,500000,375000.0
797,1959,20240930,2024-09-30,1,500000,375000.0
810,861,20240930,2024-09-30,1,500000,375000.0
982,564,20240930,2024-09-30,1,500000,375000.0
97,1739,20240930,2024-09-30,1,500000,250000.0
228,880,20240930,2024-09-30,1,500000,250000.0
511,640,20240930,2024-09-30,1,500000,250000.0
651,1504,20240930,2024-09-30,1,500000,375000.0
197,755,20240930,2024-09-30,1,500000,250000.0
264,2210,20240930,2024-09-30,1,499900,374925.0
1237,269,20240930,2024-09-30,1,499900,374925.0
264,2097,20240930,2024-09-30,1,499700,374775.0
919,981,20240930,2024-09-30,5,499700,394745.0
666,1707,20240930,2024-09-30,2,499600,374700.0
514,2079,20240930,2024-09-30,2,499600,302160.0
124,1374,20240930,2024-09-30,2,499500,374625.0
645,1159,20240930,2024-09-30,1,499500,374625.0
702,1820,20240930,2024-09-30,1,499500,374625.0
59,298,20240930,2024-09-30,1,499500,374625.0
264,555,20240930,2024-09-30,1,499500,374625.0
180,1051,20240930,2024-09-30,1,499500,374625.0
477,191,20240930,2024-09-30,1,499500,374625.0
477,231,20240930,2024-09-30,1,499500,374625.0
264,1937,20240930,2024-09-30,1,499300,374475.0
724,2284,20240930,2024-09-30,1,499000,374250.0
580,697,20240930,2024-09-30,1,499000,374250.0
479,1913,20240930,2024-09-30,1,499000,374250.0
1409,1843,20240930,2024-09-30,1,499000,374250.0
857,286,20240930,2024-09-30,1,499000,374250.0
472,1261,20240930,2024-09-30,1,499000,374250.0
865,300,20240930,2024-09-30,1,499000,374250.0
472,1842,20240930,2024-09-30,1,499000,374250.0
671,1422,20240930,2024-09-30,1,499000,374250.0
481,1516,20240930,2024-09-30,1,499000,374250.0
702,1398,20240930,2024-09-30,1,499000,374250.0
1021,1879,20240930,2024-09-30,1,499000,374250.0
856,290,20240930,2024-09-30,1,499000,374250.0
153,1051,20240930,2024-09-30,1,499000,374250.0
732,232,20240930,2024-09-30,1,499000,374250.0
501,259,20240930,2024-09-30,1,499000,374250.0
10,300,20240930,2024-09-30,1,498800,374100.0
754,1502,20240930,2024-09-30,4,498800,249400.0
722,1733,20240930,2024-09-30,8,498700,249350.0
666,1280,20240930,2024-09-30,1,498500,373875.0
109,888,20240930,2024-09-30,1,498000,373500.0
686,191,20240930,2024-09-30,2,498000,382000.0
45,183,20240930,2024-09-30,1,498000,373500.0
235,545,20240930,2024-09-30,4,498000,423300.0
977,305,20240930,2024-09-30,1,498000,373500.0
1219,295,20240930,2024-09-30,2,497100,347825.0
403,1845,20240930,2024-09-30,1,497000,372750.0
522,1242,20240930,2024-09-30,1,497000,372750.0
163,425,20240930,2024-09-30,4,497000,422450.0
1296,1712,20240930,2024-09-30,2,497000,337750.0
1030,122,20240930,2024-09-30,1,497000,372750.0
1061,1708,20240930,2024-09-30,1,497000,372750.0
1295,1280,20240930,2024-09-30,2,497000,365250.0
1466,2079,20240930,2024-09-30,4,496900,390775.0
163,400,20240930,2024-09-30,4,496500,422025.0
74,1634,20240930,2024-09-30,4,496200,248100.0
637,1948,20240930,2024-09-30,1,496000,372000.0
393,244,20240930,2024-09-30,1,495900,371925.0
264,2107,20240930,2024-09-30,1,495700,371775.0
784,455,20240930,2024-09-30,1,495000,371250.0
1390,2364,20240930,2024-09-30,1,495000,371250.0
1113,1040,20240930,2024-09-30,1,495000,371250.0
226,1977,20240930,2024-09-30,2,495000,371250.0
81,2132,20240930,2024-09-30,1,495000,371250.0
1390,2386,20240930,2024-09-30,1,495000,371250.0
209,2273,20240930,2024-09-30,2,495000,371250.0
393,1259,20240930,2024-09-30,1,495000,371250.0
307,305,20240930,2024-09-30,1,495000,371250.0
702,122,20240930,2024-09-30,1,495000,371250.0
742,1670,20240930,2024-09-30,3,495000,247500.0
102,1842,20240930,2024-09-30,1,495000,371250.0
105,447,20240930,2024-09-30,1,495000,371250.0
205,2158,20240930,2024-09-30,1,495000,371250.0
479,1395,20240930,2024-09-30,1,495000,371250.0
1435,545,20240930,2024-09-30,1,495000,371250.0
102,335,20240930,2024-09-30,1,495000,371250.0
324,321,20240930,2024-09-30,1,495000,371250.0
205,309,20240930,2024-09-30,1,495000,371250.0
682,1641,20240930,2024-09-30,1,495000,371250.0
412,441,20240930,2024-09-30,1,495000,247500.0
1448,165,20240930,2024-09-30,1,495000,371250.0
1295,1934,20240930,2024-09-30,2,495000,358750.0
204,1451,20240930,2024-09-30,3,495000,247500.0
204,1523,20240930,2024-09-30,2,495000,295000.0
350,750,20240930,2024-09-30,1,495000,247500.0
494,2199,20240930,2024-09-30,1,495000,247500.0
666,882,20240930,2024-09-30,1,495000,371250.0
163,331,20240930,2024-09-30,4,494500,420325.0
1206,2305,20240930,2024-09-30,2,494500,370875.0
51,1121,20240930,2024-09-30,1,494000,370500.0
1454,1679,20240930,2024-09-30,1,494000,370500.0
235,599,20240930,2024-09-30,1,493900,370425.0
97,1757,20240930,2024-09-30,5,493700,246850.0
1167,1081,20240930,2024-09-30,4,493400,341330.0
479,233,20240930,2024-09-30,1,493000,369750.0
784,299,20240930,2024-09-30,1,492700,369525.0
1077,389,20240930,2024-09-30,1,492700,369525.0
74,110,20240930,2024-09-30,2,492600,336950.0
59,367,20240930,2024-09-30,1,492000,369000.0
725,973,20240930,2024-09-30,1,492000,369000.0
742,2002,20240930,2024-09-30,2,492000,246000.0
522,1580,20240930,2024-09-30,2,492000,344000.0
520,2056,20240930,2024-09-30,1,492000,369000.0
818,243,20240930,2024-09-30,6,492000,296000.0
1368,2261,20240930,2024-09-30,5,491800,337475.0
442,122,20240930,2024-09-30,1,491500,368625.0
919,637,20240930,2024-09-30,4,491100,392435.0
919,2136,20240930,2024-09-30,2,491100,368325.0
999,1557,20240930,2024-09-30,2,491100,368325.0
472,1276,20240930,2024-09-30,1,491000,368250.0
434,861,20240930,2024-09-30,1,491000,368250.0
784,135,20240930,2024-09-30,7,490700,417095.0
1362,2340,20240930,2024-09-30,1,490300,367725.0
1295,908,20240930,2024-09-30,5,490200,255600.0
182,1898,20240930,2024-09-30,2,490100,381665.0
235,883,20240930,2024-09-30,4,490100,416585.0
1435,392,20240930,2024-09-30,1,490000,367500.0
434,2097,20240930,2024-09-30,1,490000,367500.0
209,1922,20240930,2024-09-30,2,490000,381500.0
205,2273,20240930,2024-09-30,1,490000,367500.0
316,335,20240930,2024-09-30,1,490000,367500.0
1435,143,20240930,2024-09-30,10,490000,332500.0
197,125,20240930,2024-09-30,1,490000,367500.0
853,537,20240930,2024-09-30,2,490000,380500.0
209,1416,20240930,2024-09-30,3,490000,377500.0
540,1230,20240930,2024-09-30,1,490000,367500.0
1295,947,20240930,2024-09-30,9,489800,317150.0
1109,2262,20240930,2024-09-30,2,489700,342275.0
264,1467,20240930,2024-09-30,1,489100,366825.0
481,633,20240930,2024-09-30,1,489000,366750.0
951,940,20240930,2024-09-30,2,489000,341750.0
856,1094,20240930,2024-09-30,1,489000,440100.0
1416,1033,20240930,2024-09-30,1,489000,366750.0
202,2268,20240930,2024-09-30,2,489000,348000.0
919,217,20240930,2024-09-30,4,488900,385565.0
163,1526,20240930,2024-09-30,4,488900,415565.0
671,1714,20240930,2024-09-30,1,488700,366525.0
1195,1563,20240930,2024-09-30,1,488500,366375.0
1295,761,20240930,2024-09-30,5,488500,328875.0
1323,2313,20240930,2024-09-30,2,488000,372300.0
1390,1641,20240930,2024-09-30,2,488000,381000.0
919,1472,20240930,2024-09-30,6,487700,389545.0
264,1684,20240930,2024-09-30,1,487500,365625.0
235,2206,20240930,2024-09-30,4,487500,414375.0
1362,1649,20240930,2024-09-30,1,487500,365625.0
521,1092,20240930,2024-09-30,3,487500,347625.0
109,1594,20240930,2024-09-30,1,487100,365325.0
916,287,20240930,2024-09-30,1,487000,365250.0
1083,1243,20240930,2024-09-30,1,487000,365250.0
106,2079,20240930,2024-09-30,1,486900,365175.0
945,1083,20240930,2024-09-30,2,486900,378115.0
491,1243,20240930,2024-09-30,1,486800,365100.0
1362,2291,20240930,2024-09-30,5,486700,317525.0
671,300,20240930,2024-09-30,1,486600,364950.0
873,2113,20240930,2024-09-30,1,486400,364800.0
1357,1300,20240930,2024-09-30,2,486100,364575.0
883,869,20240930,2024-09-30,1,486000,364500.0
1018,362,20240930,2024-09-30,1,486000,364500.0
1017,328,20240930,2024-09-30,1,486000,364500.0
824,1952,20240930,2024-09-30,1,486000,364500.0
102,2334,20240930,2024-09-30,1,486000,364500.0
235,172,20240930,2024-09-30,2,486000,375500.0
1453,954,20240930,2024-09-30,2,485900,364425.0
234,448,20240930,2024-09-30,1,485800,364350.0
109,559,20240930,2024-09-30,2,485600,342800.0
784,166,20240930,2024-09-30,4,485300,412505.0
182,1919,20240930,2024-09-30,2,485100,363825.0
239,2333,20240930,2024-09-30,1,485000,363750.0
1083,358,20240930,2024-09-30,1,485000,363750.0
588,191,20240930,2024-09-30,1,485000,363750.0
963,363,20240930,2024-09-30,1,485000,363750.0
1195,279,20240930,2024-09-30,1,485000,363750.0
328,1091,20240930,2024-09-30,1,485000,363750.0
1061,1888,20240930,2024-09-30,1,485000,363750.0
1390,2128,20240930,2024-09-30,1,485000,363750.0
163,1425,20240930,2024-09-30,2,485000,378750.0
1209,1395,20240930,2024-09-30,1,485000,363750.0
795,2066,20240930,2024-09-30,1,485000,363750.0
1295,1696,20240930,2024-09-30,4,485000,327500.0
795,1062,20240930,2024-09-30,1,485000,363750.0
919,1647,20240930,2024-09-30,7,484700,411995.0
109,1819,20240930,2024-09-30,2,484500,242250.0
264,2220,20240930,2024-09-30,1,484400,363300.0
1322,1546,20240930,2024-09-30,1,484000,363000.0
1322,1583,20240930,2024-09-30,2,484000,345500.0
1042,157,20240930,2024-09-30,2,484000,363000.0
445,997,20240930,2024-09-30,2,484000,350500.0
479,268,20240930,2024-09-30,2,484000,372500.0
393,314,20240930,2024-09-30,1,483600,362700.0
919,1529,20240930,2024-09-30,4,483400,385890.0
305,1992,20240930,2024-09-30,1,483000,362250.0
1435,1451,20240930,2024-09-30,1,482200,361650.0
205,2216,20240930,2024-09-30,1,482000,361500.0
393,261,20240930,2024-09-30,2,481900,352675.0
1362,1643,20240930,2024-09-30,6,481800,308275.0
462,734,20240930,2024-09-30,2,481700,240850.0
1109,2275,20240930,2024-09-30,1,481500,361125.0
302,361,20240930,2024-09-30,1,481500,361125.0
754,1446,20240930,2024-09-30,2,481000,240500.0
200,1435,20240930,2024-09-30,2,481000,360750.0
1295,114,20240930,2024-09-30,2,480500,347875.0
393,1086,20240930,2024-09-30,1,480500,360375.0
784,46,20240930,2024-09-30,2,480400,360300.0
815,1391,20240930,2024-09-30,1,480000,360000.0
664,1149,20240930,2024-09-30,2,480000,360000.0
858,1834,20240930,2024-09-30,1,480000,360000.0
314,2014,20240930,2024-09-30,1,480000,360000.0
651,170,20240930,2024-09-30,1,480000,360000.0
1407,1378,20240930,2024-09-30,1,480000,360000.0
1139,1474,20240930,2024-09-30,2,480000,366000.0
1411,1004,20240930,2024-09-30,1,480000,360000.0
1390,201,20240930,2024-09-30,4,480000,408000.0
265,2341,20240930,2024-09-30,3,480000,352500.0
744,2206,20240930,2024-09-30,1,480000,360000.0
1163,1845,20240930,2024-09-30,3,480000,377400.0
1096,1072,20240930,2024-09-30,1,480000,240000.0
1191,2083,20240930,2024-09-30,1,480000,360000.0
627,355,20240930,2024-09-30,2,480000,360000.0
479,1590,20240930,2024-09-30,1,479600,359700.0
983,1491,20240930,2024-09-30,1,479600,359700.0
1065,977,20240930,2024-09-30,4,479500,372125.0
919,1086,20240930,2024-09-30,6,479300,382405.0
409,1511,20240930,2024-09-30,2,479000,359250.0
431,1451,20240930,2024-09-30,2,479000,372650.0
671,640,20240930,2024-09-30,1,478500,358875.0
194,146,20240930,2024-09-30,2,478400,358800.0
856,286,20240930,2024-09-30,1,478200,358650.0
1018,363,20240930,2024-09-30,1,478000,358500.0
163,1573,20240930,2024-09-30,2,478000,373500.0
187,1460,20240930,2024-09-30,16,478000,249000.0
442,130,20240930,2024-09-30,1,477800,358350.0
618,1977,20240930,2024-09-30,1,477700,358275.0
760,935,20240930,2024-09-30,1,477500,358125.0
202,2083,20240930,2024-09-30,1,477500,358125.0
919,1992,20240930,2024-09-30,6,477300,380705.0
919,155,20240930,2024-09-30,5,477200,380620.0
1427,1660,20240930,2024-09-30,1,477000,357750.0
1295,1282,20240930,2024-09-30,2,477000,345250.0
1362,737,20240930,2024-09-30,1,477000,357750.0
824,949,20240930,2024-09-30,1,477000,357750.0
1362,1007,20240930,2024-09-30,1,477000,357750.0
1248,286,20240930,2024-09-30,1,477000,357750.0
1061,2066,20240930,2024-09-30,1,477000,357750.0
951,293,20240930,2024-09-30,2,476500,357375.0
1362,2312,20240930,2024-09-30,5,476300,336900.0
479,301,20240930,2024-09-30,2,476000,367000.0
522,189,20240930,2024-09-30,2,476000,344500.0
666,45,20240930,2024-09-30,1,476000,357000.0
671,1552,20240930,2024-09-30,1,476000,357000.0
995,2079,20240930,2024-09-30,5,475500,389175.0
393,1815,20240930,2024-09-30,2,475500,350375.0
630,1651,20240930,2024-09-30,1,475300,356475.0
708,916,20240930,2024-09-30,1,475100,356325.0
742,332,20240930,2024-09-30,3,475000,237500.0
252,1986,20240930,2024-09-30,1,475000,237500.0
156,2276,20240930,2024-09-30,4,475000,237500.0
1030,1981,20240930,2024-09-30,2,475000,343750.0
1065,896,20240930,2024-09-30,2,475000,358750.0
1312,1817,20240930,2024-09-30,3,475000,323750.0
121,162,20240930,2024-09-30,1,475000,356250.0
795,2278,20240930,2024-09-30,1,475000,356250.0
109,1708,20240930,2024-09-30,1,475000,356250.0
51,1128,20240930,2024-09-30,1,475000,356250.0
1454,1278,20240930,2024-09-30,1,475000,356250.0
264,1573,20240930,2024-09-30,1,475000,356250.0
1163,888,20240930,2024-09-30,2,475000,356250.0
1065,305,20240930,2024-09-30,6,475000,398750.0
1295,148,20240930,2024-09-30,2,475000,346250.0
239,791,20240930,2024-09-30,1,475000,356250.0
335,640,20240930,2024-09-30,2,475000,331250.0
264,141,20240930,2024-09-30,1,474500,355875.0
637,1981,20240930,2024-09-30,1,474500,355875.0
99,890,20240930,2024-09-30,4,474500,300075.0
163,426,20240930,2024-09-30,4,474300,403155.0
784,1888,20240930,2024-09-30,5,474300,383155.0
1398,1996,20240930,2024-09-30,1,474000,355500.0
1061,164,20240930,2024-09-30,1,474000,355500.0
1065,1516,20240930,2024-09-30,8,474000,392550.0
1000,1181,20240930,2024-09-30,4,473900,351280.0
479,2319,20240930,2024-09-30,1,473700,355275.0
398,122,20240930,2024-09-30,3,473000,383000.0
1021,1249,20240930,2024-09-30,1,473000,354750.0
1295,2328,20240930,2024-09-30,2,473000,338500.0
1030,1212,20240930,2024-09-30,1,472500,354375.0
1144,2010,20240930,2024-09-30,1,472500,354375.0
571,696,20240930,2024-09-30,4,472400,338980.0
1246,1100,20240930,2024-09-30,1,472100,354075.0
121,2272,20240930,2024-09-30,1,472000,354000.0
742,1549,20240930,2024-09-30,3,472000,236000.0
1435,1888,20240930,2024-09-30,3,471600,347450.0
1295,2131,20240930,2024-09-30,1,471200,353400.0
919,357,20240930,2024-09-30,5,471100,375435.0
503,1540,20240930,2024-09-30,1,471000,353250.0
109,1235,20240930,2024-09-30,1,471000,353250.0
109,2174,20240930,2024-09-30,2,471000,235500.0
163,1372,20240930,2024-09-30,4,470200,399670.0
99,900,20240930,2024-09-30,1,470000,352500.0
953,561,20240930,2024-09-30,1,470000,352500.0
1100,640,20240930,2024-09-30,3,470000,235000.0
481,483,20240930,2024-09-30,1,470000,352500.0
322,1152,20240930,2024-09-30,2,470000,352500.0
87,1598,20240930,2024-09-30,2,470000,235000.0
742,570,20240930,2024-09-30,1,470000,235000.0
1435,1384,20240930,2024-09-30,1,470000,352500.0
51,935,20240930,2024-09-30,1,470000,352500.0
1386,334,20240930,2024-09-30,1,470000,352500.0
1145,2167,20240930,2024-09-30,2,469900,352425.0
323,432,20240930,2024-09-30,1,469700,328790.0
1407,305,20240930,2024-09-30,1,469000,351750.0
1163,1546,20240930,2024-09-30,1,469000,351750.0
202,309,20240930,2024-09-30,2,469000,339250.0
1384,130,20240930,2024-09-30,1,469000,351750.0
1065,235,20240930,2024-09-30,4,469000,366650.0
919,148,20240930,2024-09-30,5,468900,368565.0
1435,1220,20240930,2024-09-30,2,468900,347925.0
264,821,20240930,2024-09-30,1,468200,351150.0
1227,2023,20240930,2024-09-30,1,468000,351000.0
588,280,20240930,2024-09-30,1,468000,351000.0
683,658,20240930,2024-09-30,1,468000,351000.0
1409,168,20240930,2024-09-30,1,468000,351000.0
1072,351,20240930,2024-09-30,1,468000,351000.0
1390,1309,20240930,2024-09-30,1,468000,351000.0
197,1396,20240930,2024-09-30,1,468000,351000.0
1113,984,20240930,2024-09-30,1,467500,350625.0
408,1770,20240930,2024-09-30,3,467500,367305.0
824,2125,20240930,2024-09-30,1,467400,350550.0
657,308,20240930,2024-09-30,1,467000,350250.0
807,268,20240930,2024-09-30,2,467000,350250.0
1462,868,20240930,2024-09-30,1,467000,350250.0
393,161,20240930,2024-09-30,2,466900,343925.0
1407,1389,20240930,2024-09-30,1,466500,349875.0
1270,355,20240930,2024-09-30,1,466500,349875.0
702,869,20240930,2024-09-30,2,466000,335000.0
479,2176,20240930,2024-09-30,2,466000,364500.0
302,280,20240930,2024-09-30,1,466000,349500.0
713,482,20240930,2024-09-30,1,465600,349200.0
479,1388,20240930,2024-09-30,2,465500,349125.0
615,1466,20240930,2024-09-30,1,465300,348975.0
1409,978,20240930,2024-09-30,1,465200,348900.0
754,1662,20240930,2024-09-30,5,465000,307500.0
1021,261,20240930,2024-09-30,1,465000,348750.0
237,309,20240930,2024-09-30,1,465000,348750.0
479,637,20240930,2024-09-30,1,465000,348750.0
239,1203,20240930,2024-09-30,1,465000,348750.0
1129,1998,20240930,2024-09-30,1,465000,348750.0
1217,2125,20240930,2024-09-30,1,465000,348750.0
581,1309,20240930,2024-09-30,3,465000,232500.0
128,538,20240930,2024-09-30,1,465000,348750.0
479,2097,20240930,2024-09-30,3,465000,342500.0
255,477,20240930,2024-09-30,1,465000,348750.0
671,859,20240930,2024-09-30,1,465000,348750.0
1431,249,20240930,2024-09-30,1,465000,232500.0
190,1576,20240930,2024-09-30,1,465000,348750.0
306,214,20240930,2024-09-30,2,465000,363750.0
1217,1424,20240930,2024-09-30,1,465000,348750.0
1386,1278,20240930,2024-09-30,1,465000,348750.0
1295,879,20240930,2024-09-30,2,465000,336250.0
522,1939,20240930,2024-09-30,1,465000,348750.0
919,1987,20240930,2024-09-30,4,464300,360895.0
479,855,20240930,2024-09-30,2,464100,362835.0
95,1236,20240930,2024-09-30,1,464000,348000.0
977,255,20240930,2024-09-30,4,464000,324250.0
671,355,20240930,2024-09-30,1,464000,348000.0
353,298,20240930,2024-09-30,1,464000,348000.0
479,723,20240930,2024-09-30,1,463800,347850.0
1435,182,20240930,2024-09-30,2,463500,343875.0
946,64,20240930,2024-09-30,1,463500,347625.0
866,503,20240930,2024-09-30,3,463300,358805.0
1021,1996,20240930,2024-09-30,1,463300,347475.0
420,1905,20240930,2024-09-30,1,463200,347400.0
1024,2149,20240930,2024-09-30,1,463000,231500.0
883,870,20240930,2024-09-30,1,463000,347250.0
479,64,20240930,2024-09-30,3,463000,373250.0
657,1121,20240930,2024-09-30,1,462900,347175.0
1295,962,20240930,2024-09-30,8,462600,250700.0
1362,1398,20240930,2024-09-30,5,462500,231250.0
1435,73,20240930,2024-09-30,1,462000,346500.0
420,2083,20240930,2024-09-30,1,462000,346500.0
552,970,20240930,2024-09-30,1,462000,346500.0
614,2202,20240930,2024-09-30,2,461000,355750.0
831,1004,20240930,2024-09-30,1,460800,345600.0
479,1992,20240930,2024-09-30,1,460600,345450.0
1407,46,20240930,2024-09-30,1,460500,345375.0
865,2184,20240930,2024-09-30,1,460400,345300.0
742,1619,20240930,2024-09-30,5,460300,230150.0
145,1173,20240930,2024-09-30,1,460000,345000.0
905,291,20240930,2024-09-30,3,460000,361000.0
209,1191,20240930,2024-09-30,1,460000,345000.0
754,1471,20240930,2024-09-30,2,460000,338750.0
977,1379,20240930,2024-09-30,6,460000,292500.0
905,789,20240930,2024-09-30,1,460000,345000.0
1386,468,20240930,2024-09-30,1,460000,345000.0
1163,273,20240930,2024-09-30,1,460000,345000.0
481,2079,20240930,2024-09-30,1,460000,345000.0
1386,341,20240930,2024-09-30,2,460000,332500.0
97,1760,20240930,2024-09-30,3,460000,230000.0
462,1230,20240930,2024-09-30,4,460000,292500.0
682,977,20240930,2024-09-30,1,460000,345000.0
285,137,20240930,2024-09-30,2,460000,345000.0
792,2054,20240930,2024-09-30,3,460000,366000.0
1390,2160,20240930,2024-09-30,2,460000,345000.0
562,1311,20240930,2024-09-30,1,460000,345000.0
72,2079,20240930,2024-09-30,1,460000,345000.0
1435,155,20240930,2024-09-30,1,459800,344850.0
873,2128,20240930,2024-09-30,4,459700,323525.0
479,1209,20240930,2024-09-30,1,459500,344625.0
549,254,20240930,2024-09-30,1,459000,344250.0
1462,883,20240930,2024-09-30,1,459000,344250.0
1146,331,20240930,2024-09-30,2,458900,359175.0
919,165,20240930,2024-09-30,7,458700,389895.0
264,302,20240930,2024-09-30,1,458300,343725.0
264,2341,20240930,2024-09-30,1,458200,343650.0
1355,254,20240930,2024-09-30,2,458000,354300.0
205,260,20240930,2024-09-30,1,458000,343500.0
512,160,20240930,2024-09-30,1,457600,343200.0
1456,1898,20240930,2024-09-30,1,457500,343125.0
1195,1545,20240930,2024-09-30,1,457500,343125.0
481,1839,20240930,2024-09-30,1,457000,342750.0
483,761,20240930,2024-09-30,1,457000,342750.0
783,1271,20240930,2024-09-30,1,457000,342750.0
384,303,20240930,2024-09-30,1,457000,342750.0
479,2092,20240930,2024-09-30,2,457000,351350.0
919,2262,20240930,2024-09-30,2,456800,342600.0
145,1148,20240930,2024-09-30,1,456800,342600.0
1295,1565,20240930,2024-09-30,4,456500,318125.0
1219,1831,20240930,2024-09-30,4,456400,228200.0
1435,1274,20240930,2024-09-30,13,456200,275900.0
754,2006,20240930,2024-09-30,1,456100,342075.0
272,1572,20240930,2024-09-30,1,456000,342000.0
1321,971,20240930,2024-09-30,1,456000,342000.0
494,2365,20240930,2024-09-30,5,456000,228000.0
916,1888,20240930,2024-09-30,1,456000,342000.0
818,1372,20240930,2024-09-30,7,455700,300095.0
474,1053,20240930,2024-09-30,1,455700,341775.0
938,2245,20240930,2024-09-30,1,455500,341625.0
1065,1004,20240930,2024-09-30,7,455500,365875.0
664,1167,20240930,2024-09-30,1,455000,341250.0
522,186,20240930,2024-09-30,1,455000,341250.0
668,1811,20240930,2024-09-30,3,455000,227500.0
846,1388,20240930,2024-09-30,1,455000,341250.0
533,13,20240930,2024-09-30,1,455000,341250.0
742,175,20240930,2024-09-30,3,455000,227500.0
1386,1719,20240930,2024-09-30,1,455000,341250.0
468,564,20240930,2024-09-30,1,454800,341100.0
919,1674,20240930,2024-09-30,4,454200,356820.0
833,1374,20240930,2024-09-30,5,454000,255000.0
477,542,20240930,2024-09-30,1,454000,340500.0
479,148,20240930,2024-09-30,1,454000,340500.0
510,2083,20240930,2024-09-30,1,454000,340500.0
479,626,20240930,2024-09-30,1,453500,340125.0
1241,122,20240930,2024-09-30,1,453500,340125.0
1065,1282,20240930,2024-09-30,3,453500,350125.0
1362,773,20240930,2024-09-30,2,453200,329900.0
1195,2097,20240930,2024-09-30,1,453100,339825.0
665,882,20240930,2024-09-30,1,453000,339750.0
522,1230,20240930,2024-09-30,1,453000,339750.0
1409,367,20240930,2024-09-30,1,453000,339750.0
1390,135,20240930,2024-09-30,2,452900,354675.0
420,1639,20240930,2024-09-30,1,452900,339675.0
522,310,20240930,2024-09-30,1,452000,339000.0
589,1471,20240930,2024-09-30,3,451500,225750.0
1220,339,20240930,2024-09-30,1,451000,338250.0
264,1118,20240930,2024-09-30,1,451000,338250.0
430,168,20240930,2024-09-30,1,450900,338175.0
1065,1266,20240930,2024-09-30,3,450500,352225.0
727,633,20240930,2024-09-30,1,450400,337800.0
1390,339,20240930,2024-09-30,2,450000,352500.0
570,2329,20240930,2024-09-30,2,450000,325000.0
35,1588,20240930,2024-09-30,1,450000,225000.0
380,167,20240930,2024-09-30,2,450000,225000.0
818,871,20240930,2024-09-30,5,450000,225000.0
1163,296,20240930,2024-09-30,2,450000,347500.0
209,559,20240930,2024-09-30,2,450000,337500.0
742,294,20240930,2024-09-30,2,450000,225000.0
197,2150,20240930,2024-09-30,1,450000,337500.0
163,1959,20240930,2024-09-30,3,450000,382500.0
281,639,20240930,2024-09-30,4,450000,320000.0
589,1442,20240930,2024-09-30,3,450000,225000.0
479,169,20240930,2024-09-30,3,450000,382500.0
630,2246,20240930,2024-09-30,1,450000,337500.0
902,1488,20240930,2024-09-30,1,450000,337500.0
742,303,20240930,2024-09-30,3,450000,225000.0
305,199,20240930,2024-09-30,3,450000,382500.0
1068,165,20240930,2024-09-30,1,450000,225000.0
1358,1178,20240930,2024-09-30,1,450000,337500.0
671,1968,20240930,2024-09-30,1,450000,337500.0
785,861,20240930,2024-09-30,1,450000,337500.0
163,853,20240930,2024-09-30,3,450000,382500.0
1065,1996,20240930,2024-09-30,4,450000,347000.0
1368,1657,20240930,2024-09-30,9,450000,225000.0
112,584,20240930,2024-09-30,1,450000,337500.0
163,1819,20240930,2024-09-30,3,450000,382500.0
209,2259,20240930,2024-09-30,3,450000,345000.0
1163,322,20240930,2024-09-30,2,450000,347500.0
682,2083,20240930,2024-09-30,3,450000,382500.0
163,2151,20240930,2024-09-30,3,450000,382500.0
666,2315,20240930,2024-09-30,1,450000,337500.0
1116,857,20240930,2024-09-30,1,450000,337500.0
1376,236,20240930,2024-09-30,2,450000,275000.0
1386,340,20240930,2024-09-30,1,450000,337500.0
1443,1986,20240930,2024-09-30,1,450000,337500.0
682,541,20240930,2024-09-30,3,450000,382500.0
1390,1383,20240930,2024-09-30,3,450000,382500.0
475,617,20240930,2024-09-30,1,450000,337500.0
491,303,20240930,2024-09-30,1,450000,337500.0
1163,2011,20240930,2024-09-30,1,450000,337500.0
209,1276,20240930,2024-09-30,1,450000,337500.0
1390,640,20240930,2024-09-30,2,450000,352500.0
219,857,20240930,2024-09-30,1,450000,225000.0
682,2079,20240930,2024-09-30,3,450000,382500.0
1168,1284,20240930,2024-09-30,1,450000,337500.0
1390,1926,20240930,2024-09-30,3,450000,382500.0
1390,203,20240930,2024-09-30,3,450000,382500.0
109,1905,20240930,2024-09-30,2,450000,225000.0
163,1257,20240930,2024-09-30,3,450000,382500.0
163,2264,20240930,2024-09-30,3,450000,382500.0
1339,1468,20240930,2024-09-30,1,450000,225000.0
1291,1338,20240930,2024-09-30,1,450000,225000.0
584,1298,20240930,2024-09-30,1,450000,225000.0
522,927,20240930,2024-09-30,1,450000,337500.0
830,426,20240930,2024-09-30,1,450000,337500.0
163,172,20240930,2024-09-30,3,450000,382500.0
102,1424,20240930,2024-09-30,1,450000,337500.0
224,1274,20240930,2024-09-30,1,450000,337500.0
1390,278,20240930,2024-09-30,3,450000,382500.0
228,290,20240930,2024-09-30,1,450000,225000.0
1163,347,20240930,2024-09-30,2,450000,347500.0
726,1953,20240930,2024-09-30,1,450000,225000.0
905,55,20240930,2024-09-30,3,450000,352500.0
905,2002,20240930,2024-09-30,2,450000,352500.0
330,250,20240930,2024-09-30,3,450000,382500.0
375,1467,20240930,2024-09-30,1,450000,337500.0
163,1952,20240930,2024-09-30,4,450000,382500.0
665,564,20240930,2024-09-30,1,450000,337500.0
1454,2006,20240930,2024-09-30,1,450000,337500.0
109,1846,20240930,2024-09-30,2,450000,225000.0
1390,761,20240930,2024-09-30,3,450000,382500.0
795,1492,20240930,2024-09-30,1,450000,337500.0
742,1647,20240930,2024-09-30,2,450000,225000.0
869,168,20240930,2024-09-30,1,450000,337500.0
163,143,20240930,2024-09-30,3,450000,382500.0
1070,1622,20240930,2024-09-30,1,450000,337500.0
1199,1203,20240930,2024-09-30,1,450000,337500.0
933,1257,20240930,2024-09-30,2,450000,325000.0
905,255,20240930,2024-09-30,2,450000,337500.0
742,773,20240930,2024-09-30,1,450000,225000.0
795,1716,20240930,2024-09-30,1,450000,337500.0
1018,338,20240930,2024-09-30,1,450000,337500.0
1452,541,20240930,2024-09-30,1,450000,337500.0
1422,2036,20240930,2024-09-30,1,450000,337500.0
795,774,20240930,2024-09-30,1,450000,337500.0
209,623,20240930,2024-09-30,1,450000,337500.0
1448,926,20240930,2024-09-30,2,450000,337500.0
163,1992,20240930,2024-09-30,3,450000,382500.0
405,1373,20240930,2024-09-30,2,450000,323750.0
370,1601,20240930,2024-09-30,1,450000,225000.0
1195,880,20240930,2024-09-30,2,450000,342500.0
1340,235,20240930,2024-09-30,1,450000,225000.0
156,174,20240930,2024-09-30,3,450000,225000.0
116,2166,20240930,2024-09-30,1,450000,337500.0
795,1534,20240930,2024-09-30,1,450000,337500.0
614,1383,20240930,2024-09-30,1,450000,337500.0
1390,866,20240930,2024-09-30,3,450000,382500.0
1466,2083,20240930,2024-09-30,3,450000,382500.0
585,211,20240930,2024-09-30,1,450000,337500.0
1163,1935,20240930,2024-09-30,2,450000,337500.0
163,171,20240930,2024-09-30,3,450000,382500.0
963,132,20240930,2024-09-30,1,450000,337500.0
264,816,20240930,2024-09-30,1,450000,337500.0
1042,170,20240930,2024-09-30,1,450000,337500.0
1282,1968,20240930,2024-09-30,1,450000,337500.0
163,1867,20240930,2024-09-30,3,450000,382500.0
118,233,20240930,2024-09-30,1,450000,337500.0
10,314,20240930,2024-09-30,1,450000,337500.0
1382,1719,20240930,2024-09-30,1,450000,337500.0
163,1122,20240930,2024-09-30,3,450000,382500.0
1129,2095,20240930,2024-09-30,1,450000,337500.0
163,1905,20240930,2024-09-30,3,450000,382500.0
1390,869,20240930,2024-09-30,3,450000,382500.0
299,2075,20240930,2024-09-30,1,450000,337500.0
502,1575,20240930,2024-09-30,2,450000,225000.0
629,666,20240930,2024-09-30,1,449900,337425.0
1237,877,20240930,2024-09-30,1,449700,337275.0
669,2268,20240930,2024-09-30,2,449500,307875.0
78,2305,20240930,2024-09-30,1,449200,336900.0
1349,1610,20240930,2024-09-30,1,449200,336900.0
1295,1708,20240930,2024-09-30,2,449000,324250.0
851,474,20240930,2024-09-30,2,449000,351750.0
403,181,20240930,2024-09-30,1,449000,336750.0
102,2215,20240930,2024-09-30,2,448900,336675.0
264,329,20240930,2024-09-30,1,448500,336375.0
310,1061,20240930,2024-09-30,2,448300,344555.0
264,1693,20240930,2024-09-30,1,448100,336075.0
1240,1944,20240930,2024-09-30,1,448000,336000.0
434,167,20240930,2024-09-30,1,448000,336000.0
584,1818,20240930,2024-09-30,1,448000,336000.0
983,1523,20240930,2024-09-30,1,448000,336000.0
682,1948,20240930,2024-09-30,3,447500,380375.0
561,217,20240930,2024-09-30,1,447500,335625.0
807,1948,20240930,2024-09-30,1,447400,335550.0
1435,1243,20240930,2024-09-30,2,447000,331500.0
1269,1656,20240930,2024-09-30,1,447000,335250.0
671,128,20240930,2024-09-30,1,446200,334650.0
423,1110,20240930,2024-09-30,1,446000,334500.0
522,1121,20240930,2024-09-30,1,446000,334500.0
1295,1377,20240930,2024-09-30,2,446000,324500.0
540,1118,20240930,2024-09-30,1,446000,334500.0
709,2079,20240930,2024-09-30,1,446000,334500.0
1427,1669,20240930,2024-09-30,2,446000,328250.0
1339,1497,20240930,2024-09-30,3,445900,307200.0
483,425,20240930,2024-09-30,1,445500,334125.0
966,1801,20240930,2024-09-30,5,445500,341625.0
1454,2136,20240930,2024-09-30,1,445000,333750.0
691,462,20240930,2024-09-30,3,445000,308750.0
1295,2358,20240930,2024-09-30,3,445000,290000.0
1390,1203,20240930,2024-09-30,1,445000,333750.0
742,2058,20240930,2024-09-30,3,445000,222500.0
510,372,20240930,2024-09-30,1,445000,333750.0
4,899,20240930,2024-09-30,1,445000,333750.0
858,286,20240930,2024-09-30,1,445000,333750.0
818,1708,20240930,2024-09-30,7,445000,265000.0
795,1654,20240930,2024-09-30,1,445000,333750.0
197,869,20240930,2024-09-30,1,445000,333750.0
975,146,20240930,2024-09-30,2,445000,348250.0
209,1811,20240930,2024-09-30,1,445000,333750.0
1411,254,20240930,2024-09-30,1,444800,333600.0
354,247,20240930,2024-09-30,1,444500,333375.0
1065,1714,20240930,2024-09-30,3,444000,342000.0
519,831,20240930,2024-09-30,1,444000,333000.0
664,2083,20240930,2024-09-30,1,443900,332925.0
264,2019,20240930,2024-09-30,1,443800,332850.0
1346,2207,20240930,2024-09-30,1,443600,332700.0
673,1061,20240930,2024-09-30,3,443500,335225.0
942,1092,20240930,2024-09-30,2,442900,307175.0
682,1672,20240930,2024-09-30,3,442900,376465.0
510,1138,20240930,2024-09-30,1,442500,331875.0
1195,1719,20240930,2024-09-30,1,442500,331875.0
163,2150,20240930,2024-09-30,4,442400,376040.0
522,388,20240930,2024-09-30,1,442000,331500.0
163,2004,20240930,2024-09-30,3,442000,375700.0
510,255,20240930,2024-09-30,2,442000,337500.0
1446,157,20240930,2024-09-30,1,441000,330750.0
481,183,20240930,2024-09-30,1,441000,330750.0
1409,2291,20240930,2024-09-30,1,441000,330750.0
305,942,20240930,2024-09-30,2,440600,339850.0
1362,503,20240930,2024-09-30,7,440500,284875.0
145,1888,20240930,2024-09-30,4,440400,374340.0
420,1240,20240930,2024-09-30,1,440000,330000.0
726,1950,20240930,2024-09-30,1,440000,330000.0
163,1270,20240930,2024-09-30,2,440000,339000.0
200,165,20240930,2024-09-30,3,440000,354000.0
286,163,20240930,2024-09-30,1,440000,330000.0
350,737,20240930,2024-09-30,2,440000,330000.0
742,1529,20240930,2024-09-30,6,440000,220000.0
15,2344,20240930,2024-09-30,1,440000,330000.0
205,1714,20240930,2024-09-30,1,440000,330000.0
1219,1397,20240930,2024-09-30,5,440000,220000.0
671,1984,20240930,2024-09-30,1,440000,330000.0
860,588,20240930,2024-09-30,1,440000,330000.0
905,1189,20240930,2024-09-30,1,440000,330000.0
197,308,20240930,2024-09-30,1,440000,330000.0
977,355,20240930,2024-09-30,2,440000,292500.0
479,155,20240930,2024-09-30,2,440000,345000.0
1386,1288,20240930,2024-09-30,1,440000,330000.0
742,242,20240930,2024-09-30,2,440000,220000.0
680,177,20240930,2024-09-30,1,440000,330000.0
522,1579,20240930,2024-09-30,1,440000,330000.0
1295,936,20240930,2024-09-30,7,439500,247125.0
1230,2004,20240930,2024-09-30,1,439200,329400.0
1351,1372,20240930,2024-09-30,3,439000,332400.0
1065,2291,20240930,2024-09-30,6,439000,303150.0
775,1704,20240930,2024-09-30,1,439000,329250.0
1021,2083,20240930,2024-09-30,1,438900,329175.0
1032,1362,20240930,2024-09-30,2,438800,344100.0
643,940,20240930,2024-09-30,1,438500,328875.0
479,2209,20240930,2024-09-30,1,438500,328875.0
1065,1511,20240930,2024-09-30,2,438500,332375.0
927,1394,20240930,2024-09-30,1,438500,328875.0
818,1477,20240930,2024-09-30,6,438000,219000.0
34,1992,20240930,2024-09-30,1,438000,328500.0
479,869,20240930,2024-09-30,1,437500,328125.0
919,301,20240930,2024-09-30,4,437100,346535.0
525,584,20240930,2024-09-30,3,437000,296500.0
818,238,20240930,2024-09-30,9,437000,239500.0
1435,1257,20240930,2024-09-30,7,436600,306200.0
577,1980,20240930,2024-09-30,1,436500,218250.0
7,663,20240930,2024-09-30,2,436500,218250.0
505,673,20240930,2024-09-30,1,436400,327300.0
163,296,20240930,2024-09-30,3,436400,344740.0
1411,122,20240930,2024-09-30,1,436100,327075.0
702,214,20240930,2024-09-30,1,436000,327000.0
479,320,20240930,2024-09-30,2,436000,342000.0
102,2340,20240930,2024-09-30,2,436000,334100.0
491,2022,20240930,2024-09-30,1,435800,326850.0
508,1992,20240930,2024-09-30,1,435600,326700.0
951,1917,20240930,2024-09-30,1,435500,326625.0
479,1937,20240930,2024-09-30,1,435500,326625.0
38,818,20240930,2024-09-30,1,435500,326625.0
1390,211,20240930,2024-09-30,3,435000,349750.0
671,137,20240930,2024-09-30,1,435000,326250.0
163,1259,20240930,2024-09-30,2,435000,334750.0
743,599,20240930,2024-09-30,1,435000,326250.0
784,2340,20240930,2024-09-30,1,435000,326250.0
933,203,20240930,2024-09-30,2,435000,317500.0
472,1265,20240930,2024-09-30,2,435000,317500.0
833,1371,20240930,2024-09-30,6,435000,217500.0
272,1731,20240930,2024-09-30,1,434800,326100.0
919,761,20240930,2024-09-30,7,434800,369580.0
264,260,20240930,2024-09-30,1,434700,326025.0
681,1090,20240930,2024-09-30,2,434700,314775.0
1295,367,20240930,2024-09-30,2,434500,315875.0
163,1521,20240930,2024-09-30,2,434200,334070.0
545,1620,20240930,2024-09-30,2,434000,279500.0
1295,973,20240930,2024-09-30,4,434000,300750.0
1409,253,20240930,2024-09-30,1,434000,325500.0
163,1579,20240930,2024-09-30,3,433900,368815.0
671,869,20240930,2024-09-30,1,433500,325125.0
153,2,20240930,2024-09-30,1,433500,325125.0
109,2176,20240930,2024-09-30,3,433500,216750.0
1072,1121,20240930,2024-09-30,2,433400,287550.0
231,1266,20240930,2024-09-30,2,433000,324750.0
866,492,20240930,2024-09-30,4,433000,289750.0
102,1460,20240930,2024-09-30,1,433000,324750.0
1435,1416,20240930,2024-09-30,1,433000,324750.0
81,2130,20240930,2024-09-30,1,433000,324750.0
163,258,20240930,2024-09-30,3,432500,367625.0
1195,122,20240930,2024-09-30,3,432500,349625.0
675,1519,20240930,2024-09-30,1,432100,324075.0
818,2370,20240930,2024-09-30,1,432000,216000.0
338,1704,20240930,2024-09-30,4,432000,321250.0
545,1977,20240930,2024-09-30,1,432000,324000.0
657,293,20240930,2024-09-30,1,432000,324000.0
58,2118,20240930,2024-09-30,3,432000,326600.0
163,1814,20240930,2024-09-30,4,432000,367200.0
919,2128,20240930,2024-09-30,3,431000,341350.0
63,1905,20240930,2024-09-30,1,431000,323250.0
235,861,20240930,2024-09-30,4,431000,366350.0
1435,1590,20240930,2024-09-30,1,430800,323100.0
1270,1180,20240930,2024-09-30,1,430500,322875.0
264,1236,20240930,2024-09-30,1,430300,322725.0
919,49,20240930,2024-09-30,3,430200,331030.0
397,725,20240930,2024-09-30,1,430000,322500.0
109,593,20240930,2024-09-30,2,430000,215000.0
299,314,20240930,2024-09-30,1,430000,322500.0
1219,1851,20240930,2024-09-30,5,430000,281250.0
1386,1432,20240930,2024-09-30,2,430000,297500.0
830,2291,20240930,2024-09-30,1,430000,322500.0
62,74,20240930,2024-09-30,1,430000,322500.0
858,1212,20240930,2024-09-30,1,430000,322500.0
795,2150,20240930,2024-09-30,2,430000,285000.0
1065,501,20240930,2024-09-30,2,430000,322500.0
671,842,20240930,2024-09-30,1,429300,321975.0
1163,188,20240930,2024-09-30,1,429000,321750.0
1466,130,20240930,2024-09-30,2,429000,304250.0
1390,1460,20240930,2024-09-30,3,428000,363800.0
790,477,20240930,2024-09-30,3,428000,316550.0
353,1236,20240930,2024-09-30,1,428000,321000.0
163,1540,20240930,2024-09-30,3,428000,338400.0
370,1634,20240930,2024-09-30,2,428000,309000.0
1020,135,20240930,2024-09-30,1,428000,321000.0
270,2376,20240930,2024-09-30,1,428000,214000.0
1338,1619,20240930,2024-09-30,2,428000,321000.0
1295,1528,20240930,2024-09-30,11,428000,264750.0
551,1986,20240930,2024-09-30,1,427500,320625.0
1216,303,20240930,2024-09-30,1,427500,320625.0
1212,130,20240930,2024-09-30,1,427500,320625.0
1343,992,20240930,2024-09-30,4,427200,290600.0
742,1952,20240930,2024-09-30,4,427000,213500.0
1065,185,20240930,2024-09-30,1,427000,320250.0
436,160,20240930,2024-09-30,2,427000,307750.0
97,1780,20240930,2024-09-30,3,427000,213500.0
1435,270,20240930,2024-09-30,2,426900,316425.0
1065,1905,20240930,2024-09-30,5,426500,362525.0
726,1619,20240930,2024-09-30,1,426100,319575.0
858,305,20240930,2024-09-30,1,426000,319500.0
483,879,20240930,2024-09-30,1,426000,319500.0
163,811,20240930,2024-09-30,3,425700,361845.0
126,2193,20240930,2024-09-30,1,425500,319125.0
995,2093,20240930,2024-09-30,3,425200,342420.0
393,1480,20240930,2024-09-30,2,425000,300000.0
1390,1656,20240930,2024-09-30,2,425000,333750.0
905,114,20240930,2024-09-30,3,425000,313750.0
1390,816,20240930,2024-09-30,3,425000,361250.0
810,857,20240930,2024-09-30,1,425000,318750.0
1409,314,20240930,2024-09-30,1,425000,318750.0
1065,2215,20240930,2024-09-30,1,425000,318750.0
1390,449,20240930,2024-09-30,1,425000,318750.0
235,125,20240930,2024-09-30,2,425000,330750.0
449,445,20240930,2024-09-30,3,425000,321250.0
933,1519,20240930,2024-09-30,2,425000,312500.0
671,981,20240930,2024-09-30,1,425000,318750.0
905,2235,20240930,2024-09-30,2,425000,318750.0
742,351,20240930,2024-09-30,2,425000,212500.0
102,268,20240930,2024-09-30,1,425000,318750.0
834,1259,20240930,2024-09-30,1,425000,318750.0
905,844,20240930,2024-09-30,2,425000,318750.0
481,2186,20240930,2024-09-30,1,425000,318750.0
1031,261,20240930,2024-09-30,2,425000,318750.0
588,2043,20240930,2024-09-30,1,425000,318750.0
795,204,20240930,2024-09-30,1,425000,318750.0
618,869,20240930,2024-09-30,1,425000,318750.0
235,341,20240930,2024-09-30,5,425000,361250.0
462,1542,20240930,2024-09-30,2,425000,212500.0
1295,1243,20240930,2024-09-30,2,425000,310000.0
300,1813,20240930,2024-09-30,2,425000,212500.0
1195,801,20240930,2024-09-30,1,425000,318750.0
905,1945,20240930,2024-09-30,2,425000,328750.0
420,883,20240930,2024-09-30,1,425000,318750.0
163,1118,20240930,2024-09-30,3,425000,361250.0
628,358,20240930,2024-09-30,1,425000,318750.0
109,1697,20240930,2024-09-30,1,425000,212500.0
905,2020,20240930,2024-09-30,1,425000,318750.0
905,747,20240930,2024-09-30,2,425000,306250.0
427,1451,20240930,2024-09-30,2,425000,306250.0
420,1122,20240930,2024-09-30,1,424500,318375.0
613,2066,20240930,2024-09-30,4,424000,318055.0
703,1968,20240930,2024-09-30,2,424000,318000.0
750,940,20240930,2024-09-30,3,423700,325025.0
235,191,20240930,2024-09-30,1,423400,317550.0
224,541,20240930,2024-09-30,1,423300,317475.0
1295,166,20240930,2024-09-30,2,423200,307400.0
509,1507,20240930,2024-09-30,2,423000,298500.0
1462,1488,20240930,2024-09-30,1,423000,317250.0
1362,1199,20240930,2024-09-30,5,422900,285000.0
264,845,20240930,2024-09-30,1,422600,316950.0
1362,1298,20240930,2024-09-30,1,422500,316875.0
288,1572,20240930,2024-09-30,1,422500,316875.0
1270,377,20240930,2024-09-30,1,422500,316875.0
170,1446,20240930,2024-09-30,1,422000,316500.0
792,1986,20240930,2024-09-30,5,422000,358700.0
1368,1663,20240930,2024-09-30,11,422000,211000.0
154,444,20240930,2024-09-30,1,422000,316500.0
1065,119,20240930,2024-09-30,1,422000,316500.0
102,1383,20240930,2024-09-30,1,422000,316500.0
1409,2066,20240930,2024-09-30,1,422000,316500.0
264,287,20240930,2024-09-30,1,421500,316125.0
1295,853,20240930,2024-09-30,2,421500,309875.0
540,308,20240930,2024-09-30,1,420500,315375.0
995,2097,20240930,2024-09-30,3,420300,334415.0
919,1634,20240930,2024-09-30,3,420300,332255.0
1163,1228,20240930,2024-09-30,3,420000,332000.0
207,1460,20240930,2024-09-30,1,420000,315000.0
905,2291,20240930,2024-09-30,3,420000,291250.0
322,1148,20240930,2024-09-30,4,420000,357000.0
354,236,20240930,2024-09-30,1,420000,315000.0
605,1040,20240930,2024-09-30,2,420000,319500.0
702,329,20240930,2024-09-30,1,420000,315000.0
1319,861,20240930,2024-09-30,2,420000,245000.0
905,1432,20240930,2024-09-30,3,420000,297500.0
645,2099,20240930,2024-09-30,1,420000,315000.0
636,1968,20240930,2024-09-30,1,420000,315000.0
491,309,20240930,2024-09-30,1,420000,315000.0
112,576,20240930,2024-09-30,1,420000,210000.0
163,1970,20240930,2024-09-30,3,420000,357000.0
919,251,20240930,2024-09-30,1,420000,315000.0
147,429,20240930,2024-09-30,1,420000,315000.0
767,265,20240930,2024-09-30,1,419700,314775.0
1210,1033,20240930,2024-09-30,4,419000,304500.0
483,855,20240930,2024-09-30,1,419000,314250.0
919,238,20240930,2024-09-30,6,418700,355895.0
999,747,20240930,2024-09-30,2,418600,288950.0
128,537,20240930,2024-09-30,1,418500,313875.0
242,2107,20240930,2024-09-30,3,418500,303225.0
708,909,20240930,2024-09-30,1,418500,313875.0
618,959,20240930,2024-09-30,1,418500,313875.0
1034,131,20240930,2024-09-30,1,418000,313500.0
163,339,20240930,2024-09-30,3,418000,355300.0
1138,871,20240930,2024-09-30,1,418000,313500.0
99,1373,20240930,2024-09-30,3,418000,256000.0
1065,1394,20240930,2024-09-30,3,417500,323125.0
457,823,20240930,2024-09-30,1,417300,208650.0
331,1579,20240930,2024-09-30,1,417100,312825.0
472,1251,20240930,2024-09-30,1,417000,312750.0
1219,864,20240930,2024-09-30,9,417000,208500.0
202,1424,20240930,2024-09-30,2,416500,299875.0
882,1732,20240930,2024-09-30,2,416400,322800.0
145,46,20240930,2024-09-30,3,416300,333865.0
479,181,20240930,2024-09-30,1,416100,312075.0
951,1695,20240930,2024-09-30,1,416000,312000.0
1116,265,20240930,2024-09-30,1,416000,312000.0
552,2006,20240930,2024-09-30,1,415500,311625.0
70,114,20240930,2024-09-30,2,415100,313325.0
818,1458,20240930,2024-09-30,10,415000,283800.0
494,2375,20240930,2024-09-30,3,415000,207500.0
1401,880,20240930,2024-09-30,1,415000,311250.0
39,1917,20240930,2024-09-30,1,415000,311250.0
1019,1352,20240930,2024-09-30,1,415000,311250.0
503,1526,20240930,2024-09-30,1,415000,311250.0
520,1984,20240930,2024-09-30,1,415000,311250.0
818,2235,20240930,2024-09-30,8,415000,305500.0
575,616,20240930,2024-09-30,2,415000,316250.0
1237,2099,20240930,2024-09-30,1,415000,311250.0
525,568,20240930,2024-09-30,5,414300,334725.0
807,260,20240930,2024-09-30,1,414000,310500.0
1436,744,20240930,2024-09-30,1,414000,310500.0
302,355,20240930,2024-09-30,1,414000,310500.0
264,831,20240930,2024-09-30,1,414000,310500.0
109,2187,20240930,2024-09-30,1,414000,207000.0
181,2329,20240930,2024-09-30,1,414000,310500.0
784,1845,20240930,2024-09-30,2,413800,313460.0
919,572,20240930,2024-09-30,4,413400,351390.0
1368,1670,20240930,2024-09-30,10,413000,206500.0
857,280,20240930,2024-09-30,1,413000,309750.0
438,234,20240930,2024-09-30,1,412500,206250.0
919,2016,20240930,2024-09-30,2,412100,314075.0
1435,1839,20240930,2024-09-30,3,412000,302750.0
1407,164,20240930,2024-09-30,1,412000,309000.0
1395,2333,20240930,2024-09-30,1,412000,309000.0
1295,921,20240930,2024-09-30,6,411400,260700.0
551,1947,20240930,2024-09-30,1,411400,308550.0
1362,1928,20240930,2024-09-30,5,411400,279675.0
305,1496,20240930,2024-09-30,3,411300,349605.0
1167,1062,20240930,2024-09-30,1,411000,308250.0
1050,328,20240930,2024-09-30,1,411000,308250.0
726,2066,20240930,2024-09-30,1,411000,308250.0
1362,1257,20240930,2024-09-30,2,410900,321315.0
190,1519,20240930,2024-09-30,3,410700,270525.0
1163,1437,20240930,2024-09-30,1,410500,307875.0
1158,1813,20240930,2024-09-30,3,410000,326000.0
1435,211,20240930,2024-09-30,6,410000,285000.0
1364,1977,20240930,2024-09-30,3,410000,257500.0
1130,2138,20240930,2024-09-30,2,410000,313500.0
156,2270,20240930,2024-09-30,8,410000,205000.0
236,564,20240930,2024-09-30,1,410000,307500.0
818,1437,20240930,2024-09-30,6,410000,205000.0
520,341,20240930,2024-09-30,1,410000,307500.0
792,2083,20240930,2024-09-30,2,410000,313500.0
434,177,20240930,2024-09-30,1,410000,307500.0
618,290,20240930,2024-09-30,1,410000,307500.0
479,1936,20240930,2024-09-30,1,410000,307500.0
587,1707,20240930,2024-09-30,1,410000,307500.0
224,301,20240930,2024-09-30,1,410000,307500.0
209,2192,20240930,2024-09-30,1,410000,307500.0
1466,186,20240930,2024-09-30,4,410000,310000.0
94,1597,20240930,2024-09-30,1,410000,205000.0
795,2391,20240930,2024-09-30,1,410000,307500.0
508,1984,20240930,2024-09-30,1,409700,307275.0
145,1192,20240930,2024-09-30,1,409500,307125.0
1070,1072,20240930,2024-09-30,1,409500,307125.0
685,2323,20240930,2024-09-30,1,409000,306750.0
479,1390,20240930,2024-09-30,2,409000,321750.0
1353,488,20240930,2024-09-30,4,409000,297250.0
966,1749,20240930,2024-09-30,2,408800,306600.0
163,971,20240930,2024-09-30,3,408200,346970.0
919,2331,20240930,2024-09-30,1,408100,306075.0
671,1672,20240930,2024-09-30,1,408000,306000.0
264,842,20240930,2024-09-30,1,408000,306000.0
905,436,20240930,2024-09-30,2,408000,316800.0
957,2291,20240930,2024-09-30,4,407800,312250.0
1065,1360,20240930,2024-09-30,3,407500,320975.0
742,1274,20240930,2024-09-30,5,407100,203550.0
264,1262,20240930,2024-09-30,1,407000,305250.0
163,1945,20240930,2024-09-30,3,406500,345525.0
945,722,20240930,2024-09-30,1,406200,304650.0
997,1947,20240930,2024-09-30,1,406000,304500.0
825,261,20240930,2024-09-30,1,406000,304500.0
121,2058,20240930,2024-09-30,1,406000,304500.0
398,1416,20240930,2024-09-30,2,406000,310100.0
919,286,20240930,2024-09-30,3,405800,319930.0
235,1488,20240930,2024-09-30,4,405500,344675.0
1295,1480,20240930,2024-09-30,2,405500,291625.0
169,1662,20240930,2024-09-30,1,405500,304125.0
792,1977,20240930,2024-09-30,2,405000,316250.0
679,2264,20240930,2024-09-30,1,405000,303750.0
1390,1466,20240930,2024-09-30,2,405000,318750.0
23,203,20240930,2024-09-30,1,405000,303750.0
1404,1212,20240930,2024-09-30,1,405000,202500.0
141,2099,20240930,2024-09-30,1,405000,303750.0
538,559,20240930,2024-09-30,1,405000,303750.0
652,1563,20240930,2024-09-30,2,405000,309250.0
1091,2261,20240930,2024-09-30,1,405000,303750.0
209,1817,20240930,2024-09-30,2,405000,303750.0
117,867,20240930,2024-09-30,1,405000,303750.0
479,602,20240930,2024-09-30,1,405000,303750.0
197,351,20240930,2024-09-30,1,405000,303750.0
316,2083,20240930,2024-09-30,1,405000,303750.0
1237,1387,20240930,2024-09-30,1,405000,303750.0
905,227,20240930,2024-09-30,2,405000,309250.0
109,172,20240930,2024-09-30,1,405000,202500.0
907,2319,20240930,2024-09-30,4,405000,278750.0
163,1676,20240930,2024-09-30,4,404300,343655.0
1435,173,20240930,2024-09-30,1,404000,303000.0
197,1511,20240930,2024-09-30,1,404000,303000.0
70,1905,20240930,2024-09-30,1,404000,303000.0
916,2248,20240930,2024-09-30,1,404000,303000.0
808,1479,20240930,2024-09-30,1,403800,302850.0
866,516,20240930,2024-09-30,3,403800,322660.0
671,1300,20240930,2024-09-30,1,403700,302775.0
1426,2275,20240930,2024-09-30,1,403200,302400.0
552,1703,20240930,2024-09-30,1,403100,302325.0
1362,175,20240930,2024-09-30,6,403000,201500.0
784,335,20240930,2024-09-30,2,402700,317025.0
784,269,20240930,2024-09-30,1,402700,302025.0
783,302,20240930,2024-09-30,1,402500,301875.0
345,1036,20240930,2024-09-30,4,402500,201250.0
1065,598,20240930,2024-09-30,6,402500,272125.0
398,1992,20240930,2024-09-30,2,402500,312125.0
167,1029,20240930,2024-09-30,3,402200,289150.0
1295,1508,20240930,2024-09-30,6,402000,216000.0
479,968,20240930,2024-09-30,1,402000,301500.0
919,306,20240930,2024-09-30,5,401600,341360.0
1219,2206,20240930,2024-09-30,9,401500,200750.0
748,2062,20240930,2024-09-30,1,401500,301125.0
818,1689,20240930,2024-09-30,8,401500,276250.0
264,747,20240930,2024-09-30,1,401200,300900.0
479,794,20240930,2024-09-30,1,401100,300825.0
919,2184,20240930,2024-09-30,5,401100,340935.0
393,1304,20240930,2024-09-30,1,401000,300750.0
95,1817,20240930,2024-09-30,1,401000,300750.0
857,2097,20240930,2024-09-30,1,401000,300750.0
1387,1027,20240930,2024-09-30,5,401000,200500.0
1027,2027,20240930,2024-09-30,1,400900,300675.0
479,1922,20240930,2024-09-30,2,400900,293175.0
10,1707,20240930,2024-09-30,1,400700,300525.0
193,1822,20240930,2024-09-30,1,400500,300375.0
407,1529,20240930,2024-09-30,1,400500,300375.0
1399,304,20240930,2024-09-30,1,400100,300075.0
362,968,20240930,2024-09-30,1,400000,300000.0
919,1822,20240930,2024-09-30,4,400000,340000.0
1153,1724,20240930,2024-09-30,2,400000,300000.0
1331,2048,20240930,2024-09-30,1,400000,200000.0
919,1072,20240930,2024-09-30,2,400000,315000.0
1163,883,20240930,2024-09-30,1,400000,300000.0
905,1692,20240930,2024-09-30,2,400000,305000.0
742,333,20240930,2024-09-30,2,400000,200000.0
1065,1836,20240930,2024-09-30,1,400000,300000.0
305,160,20240930,2024-09-30,3,400000,305000.0
974,227,20240930,2024-09-30,1,400000,180000.0
1034,176,20240930,2024-09-30,1,400000,300000.0
1287,1559,20240930,2024-09-30,1,400000,200000.0
109,1820,20240930,2024-09-30,1,400000,200000.0
966,1797,20240930,2024-09-30,1,400000,200000.0
218,853,20240930,2024-09-30,3,400000,252500.0
916,2131,20240930,2024-09-30,1,400000,300000.0
742,657,20240930,2024-09-30,1,400000,200000.0
1386,370,20240930,2024-09-30,1,400000,300000.0
902,250,20240930,2024-09-30,1,400000,300000.0
520,2270,20240930,2024-09-30,1,400000,300000.0
1065,1286,20240930,2024-09-30,2,400000,305000.0
552,1948,20240930,2024-09-30,1,400000,300000.0
905,1684,20240930,2024-09-30,2,400000,300000.0
977,286,20240930,2024-09-30,1,400000,300000.0
1295,1656,20240930,2024-09-30,2,400000,290000.0
905,2245,20240930,2024-09-30,2,400000,252500.0
655,2061,20240930,2024-09-30,1,400000,300000.0
846,1389,20240930,2024-09-30,1,400000,200000.0
708,611,20240930,2024-09-30,1,400000,200000.0
855,1349,20240930,2024-09-30,1,400000,200000.0
919,610,20240930,2024-09-30,2,400000,315000.0
206,99,20240930,2024-09-30,1,400000,200000.0
431,1492,20240930,2024-09-30,2,400000,310000.0
795,561,20240930,2024-09-30,1,400000,300000.0
651,1496,20240930,2024-09-30,1,400000,300000.0
742,561,20240930,2024-09-30,1,400000,200000.0
1129,2016,20240930,2024-09-30,1,400000,300000.0
1198,734,20240930,2024-09-30,1,400000,200000.0
434,181,20240930,2024-09-30,1,400000,300000.0
479,1268,20240930,2024-09-30,1,400000,300000.0
209,552,20240930,2024-09-30,1,400000,300000.0
721,191,20240930,2024-09-30,1,400000,300000.0
1153,1681,20240930,2024-09-30,1,400000,300000.0
916,2083,20240930,2024-09-30,1,400000,300000.0
590,301,20240930,2024-09-30,1,400000,300000.0
559,2090,20240930,2024-09-30,1,400000,300000.0
1215,1570,20240930,2024-09-30,1,400000,200000.0
1415,2151,20240930,2024-09-30,1,400000,300000.0
1399,262,20240930,2024-09-30,1,400000,300000.0
901,1468,20240930,2024-09-30,1,400000,300000.0
988,164,20240930,2024-09-30,1,400000,300000.0
240,663,20240930,2024-09-30,4,400000,275000.0
1390,1040,20240930,2024-09-30,2,400000,315000.0
881,1452,20240930,2024-09-30,1,400000,200000.0
905,1431,20240930,2024-09-30,1,400000,300000.0
1269,1832,20240930,2024-09-30,1,400000,300000.0
197,697,20240930,2024-09-30,2,400000,275000.0
209,831,20240930,2024-09-30,1,400000,300000.0
1441,309,20240930,2024-09-30,1,400000,300000.0
235,165,20240930,2024-09-30,3,400000,340000.0
434,298,20240930,2024-09-30,1,400000,300000.0
603,2312,20240930,2024-09-30,2,400000,200000.0
617,2247,20240930,2024-09-30,1,400000,300000.0
128,1093,20240930,2024-09-30,1,400000,300000.0
286,810,20240930,2024-09-30,1,400000,300000.0
293,301,20240930,2024-09-30,1,400000,300000.0
305,1466,20240930,2024-09-30,3,400000,340000.0
402,882,20240930,2024-09-30,1,400000,200000.0
163,262,20240930,2024-09-30,3,400000,340000.0
1163,2097,20240930,2024-09-30,2,400000,310000.0
485,437,20240930,2024-09-30,1,400000,300000.0
977,978,20240930,2024-09-30,3,400000,245000.0
497,545,20240930,2024-09-30,1,400000,200000.0
1206,2320,20240930,2024-09-30,2,400000,300000.0
121,252,20240930,2024-09-30,1,400000,300000.0
371,1719,20240930,2024-09-30,1,400000,300000.0
109,176,20240930,2024-09-30,1,400000,200000.0
156,156,20240930,2024-09-30,1,400000,300000.0
933,1572,20240930,2024-09-30,2,400000,200000.0
235,1981,20240930,2024-09-30,3,400000,340000.0
702,2143,20240930,2024-09-30,1,400000,300000.0
830,1424,20240930,2024-09-30,1,400000,300000.0
871,157,20240930,2024-09-30,3,400000,340000.0
1347,135,20240930,2024-09-30,1,400000,300000.0
9,1004,20240930,2024-09-30,2,400000,262500.0
117,2206,20240930,2024-09-30,2,400000,287500.0
1295,2193,20240930,2024-09-30,2,400000,287500.0
113,1203,20240930,2024-09-30,1,400000,360000.0
167,290,20240930,2024-09-30,2,400000,252500.0
109,1992,20240930,2024-09-30,2,400000,200000.0
974,1953,20240930,2024-09-30,1,400000,300000.0
298,861,20240930,2024-09-30,1,400000,300000.0
1163,2208,20240930,2024-09-30,2,400000,310000.0
74,1076,20240930,2024-09-30,3,400000,200000.0
209,177,20240930,2024-09-30,1,400000,300000.0
1454,961,20240930,2024-09-30,1,400000,300000.0
442,164,20240930,2024-09-30,1,400000,300000.0
274,1052,20240930,2024-09-30,1,400000,300000.0
919,1439,20240930,2024-09-30,2,400000,315000.0
1195,164,20240930,2024-09-30,1,400000,300000.0
403,2014,20240930,2024-09-30,1,400000,300000.0
742,817,20240930,2024-09-30,1,400000,200000.0
436,2275,20240930,2024-09-30,1,400000,200000.0
51,2048,20240930,2024-09-30,1,400000,300000.0
742,184,20240930,2024-09-30,2,400000,200000.0
903,861,20240930,2024-09-30,1,400000,200000.0
985,1377,20240930,2024-09-30,1,400000,300000.0
1009,1088,20240930,2024-09-30,1,400000,200000.0
202,1274,20240930,2024-09-30,2,400000,293750.0
974,335,20240930,2024-09-30,1,400000,300000.0
1357,1222,20240930,2024-09-30,1,400000,300000.0
379,1335,20240930,2024-09-30,1,400000,200000.0
592,951,20240930,2024-09-30,1,400000,200000.0
1390,324,20240930,2024-09-30,2,400000,315000.0
1195,2194,20240930,2024-09-30,1,400000,300000.0
1195,2248,20240930,2024-09-30,1,400000,300000.0
863,997,20240930,2024-09-30,2,400000,300000.0
919,2028,20240930,2024-09-30,2,400000,315000.0
520,1981,20240930,2024-09-30,1,400000,300000.0
919,925,20240930,2024-09-30,2,400000,315000.0
680,130,20240930,2024-09-30,1,400000,300000.0
919,573,20240930,2024-09-30,2,400000,305000.0
1065,2056,20240930,2024-09-30,1,400000,300000.0
618,269,20240930,2024-09-30,1,400000,300000.0
671,2079,20240930,2024-09-30,1,400000,300000.0
1045,1026,20240930,2024-09-30,3,400000,260000.0
1316,332,20240930,2024-09-30,2,400000,300000.0
20,233,20240930,2024-09-30,1,400000,300000.0
155,146,20240930,2024-09-30,1,400000,300000.0
139,1403,20240930,2024-09-30,1,400000,360000.0
355,1547,20240930,2024-09-30,1,400000,200000.0
109,1422,20240930,2024-09-30,1,400000,200000.0
966,1747,20240930,2024-09-30,1,400000,300000.0
1447,1350,20240930,2024-09-30,2,400000,200000.0
602,477,20240930,2024-09-30,1,400000,300000.0
305,1898,20240930,2024-09-30,1,400000,300000.0
905,997,20240930,2024-09-30,2,400000,315000.0
905,1279,20240930,2024-09-30,2,400000,287500.0
1398,1952,20240930,2024-09-30,1,400000,300000.0
494,2349,20240930,2024-09-30,1,400000,300000.0
240,633,20240930,2024-09-30,1,400000,200000.0
305,163,20240930,2024-09-30,3,400000,340000.0
1065,802,20240930,2024-09-30,2,400000,200000.0
673,1086,20240930,2024-09-30,1,400000,200000.0
916,598,20240930,2024-09-30,1,400000,300000.0
1441,261,20240930,2024-09-30,1,400000,300000.0
165,1253,20240930,2024-09-30,1,400000,300000.0
209,826,20240930,2024-09-30,2,400000,310000.0
905,1380,20240930,2024-09-30,4,400000,331250.0
510,54,20240930,2024-09-30,1,400000,300000.0
916,269,20240930,2024-09-30,1,400000,300000.0
385,1312,20240930,2024-09-30,1,400000,200000.0
1163,1260,20240930,2024-09-30,2,400000,310000.0
590,302,20240930,2024-09-30,1,400000,300000.0
1358,1159,20240930,2024-09-30,2,399800,299850.0
1395,2311,20240930,2024-09-30,4,399700,301445.0
671,857,20240930,2024-09-30,1,399500,299625.0
1021,1293,20240930,2024-09-30,1,399000,299250.0
479,764,20240930,2024-09-30,1,399000,299250.0
316,364,20240930,2024-09-30,1,399000,299250.0
953,559,20240930,2024-09-30,1,398500,298875.0
742,314,20240930,2024-09-30,4,398400,199200.0
919,1696,20240930,2024-09-30,2,398000,313300.0
642,2118,20240930,2024-09-30,1,398000,298500.0
919,395,20240930,2024-09-30,1,398000,298500.0
807,882,20240930,2024-09-30,1,397800,298350.0
163,305,20240930,2024-09-30,3,397500,337875.0
163,423,20240930,2024-09-30,3,397400,337790.0
479,254,20240930,2024-09-30,3,397100,306495.0
784,1496,20240930,2024-09-30,4,397000,319900.0
51,183,20240930,2024-09-30,1,397000,297750.0
1003,544,20240930,2024-09-30,1,397000,297750.0
179,1041,20240930,2024-09-30,2,397000,309250.0
1058,637,20240930,2024-09-30,1,396900,297675.0
264,2272,20240930,2024-09-30,1,396500,297375.0
1295,584,20240930,2024-09-30,2,396300,290975.0
515,618,20240930,2024-09-30,3,396300,284725.0
589,1444,20240930,2024-09-30,10,396000,198000.0
264,2046,20240930,2024-09-30,1,396000,297000.0
205,314,20240930,2024-09-30,2,396000,310000.0
702,1289,20240930,2024-09-30,1,396000,297000.0
866,494,20240930,2024-09-30,2,395600,311260.0
995,2036,20240930,2024-09-30,3,395100,317835.0
742,186,20240930,2024-09-30,3,395000,197500.0
462,757,20240930,2024-09-30,1,395000,197500.0
97,1738,20240930,2024-09-30,14,395000,197500.0
1021,361,20240930,2024-09-30,1,395000,296250.0
1386,305,20240930,2024-09-30,1,395000,296250.0
163,1656,20240930,2024-09-30,2,395000,311250.0
472,162,20240930,2024-09-30,1,395000,296250.0
353,203,20240930,2024-09-30,1,395000,296250.0
104,942,20240930,2024-09-30,1,395000,296250.0
1000,811,20240930,2024-09-30,1,394800,296100.0
181,191,20240930,2024-09-30,1,394800,296100.0
1270,363,20240930,2024-09-30,1,394200,295650.0
919,1249,20240930,2024-09-30,5,394100,334985.0
671,247,20240930,2024-09-30,1,394000,295500.0
99,902,20240930,2024-09-30,3,394000,317900.0
518,1727,20240930,2024-09-30,3,394000,318900.0
479,826,20240930,2024-09-30,2,394000,310500.0
313,125,20240930,2024-09-30,1,393000,294750.0
951,128,20240930,2024-09-30,1,393000,294750.0
1072,805,20240930,2024-09-30,1,393000,294750.0
332,753,20240930,2024-09-30,1,393000,294750.0
102,2019,20240930,2024-09-30,2,392500,294375.0
264,545,20240930,2024-09-30,1,392400,294300.0
95,1483,20240930,2024-09-30,1,392000,294000.0
1195,2016,20240930,2024-09-30,1,392000,294000.0
724,146,20240930,2024-09-30,1,392000,294000.0
393,2220,20240930,2024-09-30,2,391500,274875.0
180,1031,20240930,2024-09-30,1,391500,293625.0
74,697,20240930,2024-09-30,1,391500,293625.0
393,1460,20240930,2024-09-30,1,391500,293625.0
671,2277,20240930,2024-09-30,1,391500,293625.0
127,165,20240930,2024-09-30,1,391000,293250.0
783,1647,20240930,2024-09-30,1,391000,293250.0
1390,367,20240930,2024-09-30,1,391000,293250.0
1065,262,20240930,2024-09-30,2,391000,293250.0
167,1033,20240930,2024-09-30,3,390400,262120.0
795,1683,20240930,2024-09-30,1,390000,292500.0
795,593,20240930,2024-09-30,2,390000,292500.0
1030,160,20240930,2024-09-30,2,390000,280000.0
1295,1227,20240930,2024-09-30,2,390000,280000.0
856,697,20240930,2024-09-30,1,390000,292500.0
1295,321,20240930,2024-09-30,2,390000,267500.0
200,170,20240930,2024-09-30,2,390000,292500.0
1055,1693,20240930,2024-09-30,1,390000,292500.0
1217,2368,20240930,2024-09-30,1,389300,291975.0
1167,1117,20240930,2024-09-30,2,389200,271900.0
235,2158,20240930,2024-09-30,4,389100,330735.0
584,191,20240930,2024-09-30,1,389000,194500.0
411,1086,20240930,2024-09-30,2,389000,291750.0
613,2046,20240930,2024-09-30,1,388900,291675.0
179,1199,20240930,2024-09-30,3,388700,313895.0
156,2249,20240930,2024-09-30,2,388300,194150.0
491,261,20240930,2024-09-30,1,388200,291150.0
945,1136,20240930,2024-09-30,1,388200,291150.0
261,1477,20240930,2024-09-30,6,388000,194000.0
1295,1827,20240930,2024-09-30,2,388000,281000.0
619,1986,20240930,2024-09-30,1,388000,291000.0
754,1545,20240930,2024-09-30,9,387600,211300.0
754,1469,20240930,2024-09-30,2,387500,278125.0
264,1685,20240930,2024-09-30,1,387500,290625.0
491,2083,20240930,2024-09-30,1,387500,290625.0
1381,942,20240930,2024-09-30,1,387500,290625.0
784,298,20240930,2024-09-30,3,387400,298320.0
585,186,20240930,2024-09-30,2,387100,277825.0
479,1619,20240930,2024-09-30,2,387000,290250.0
540,1977,20240930,2024-09-30,1,387000,290250.0
1021,1842,20240930,2024-09-30,2,387000,284000.0
224,640,20240930,2024-09-30,1,387000,290250.0
742,169,20240930,2024-09-30,4,387000,193500.0
919,1203,20240930,2024-09-30,3,386700,303695.0
310,1087,20240930,2024-09-30,2,386600,279950.0
951,1496,20240930,2024-09-30,1,386500,289875.0
966,1785,20240930,2024-09-30,1,386100,289575.0
481,2080,20240930,2024-09-30,1,386000,289500.0
1065,1887,20240930,2024-09-30,1,386000,289500.0
1386,290,20240930,2024-09-30,1,386000,289500.0
264,1619,20240930,2024-09-30,1,386000,289500.0
1219,1300,20240930,2024-09-30,1,386000,289500.0
1397,1394,20240930,2024-09-30,1,385900,289425.0
977,869,20240930,2024-09-30,6,385800,240600.0
742,863,20240930,2024-09-30,4,385500,192750.0
305,2022,20240930,2024-09-30,1,385500,289125.0
1219,1845,20240930,2024-09-30,10,385300,192650.0
795,525,20240930,2024-09-30,1,385000,288750.0
1295,351,20240930,2024-09-30,2,385000,280000.0
933,1554,20240930,2024-09-30,1,385000,288750.0
905,1155,20240930,2024-09-30,3,385000,299750.0
775,863,20240930,2024-09-30,3,385000,222250.0
1216,335,20240930,2024-09-30,1,384500,288375.0
235,572,20240930,2024-09-30,3,384300,326655.0
197,137,20240930,2024-09-30,1,384000,288000.0
643,974,20240930,2024-09-30,1,384000,288000.0
951,1378,20240930,2024-09-30,1,384000,288000.0
1404,1206,20240930,2024-09-30,2,384000,192000.0
1144,2079,20240930,2024-09-30,1,383200,287400.0
428,143,20240930,2024-09-30,1,383000,287250.0
1065,2176,20240930,2024-09-30,4,382900,307675.0
1027,1997,20240930,2024-09-30,2,382900,277175.0
1295,931,20240930,2024-09-30,7,382800,206100.0
784,2394,20240930,2024-09-30,1,382700,287025.0
754,598,20240930,2024-09-30,2,382700,191350.0
205,869,20240930,2024-09-30,1,382700,287025.0
420,2254,20240930,2024-09-30,1,382500,286875.0
671,870,20240930,2024-09-30,1,382500,286875.0
671,177,20240930,2024-09-30,1,382500,286875.0
130,2291,20240930,2024-09-30,1,382500,286875.0
92,165,20240930,2024-09-30,1,382500,286875.0
795,1381,20240930,2024-09-30,2,382500,237625.0
1390,879,20240930,2024-09-30,1,382000,286500.0
830,388,20240930,2024-09-30,1,382000,286500.0
977,1851,20240930,2024-09-30,3,382000,276500.0
449,1051,20240930,2024-09-30,1,381700,286275.0
1339,250,20240930,2024-09-30,2,381500,286125.0
919,1178,20240930,2024-09-30,3,381500,324275.0
1435,2089,20240930,2024-09-30,1,381500,286125.0
472,1298,20240930,2024-09-30,1,381000,285750.0
264,1877,20240930,2024-09-30,1,381000,285750.0
97,1743,20240930,2024-09-30,3,381000,277000.0
371,1825,20240930,2024-09-30,1,380700,285525.0
1386,188,20240930,2024-09-30,1,380000,285000.0
657,1385,20240930,2024-09-30,1,380000,285000.0
235,826,20240930,2024-09-30,3,380000,323000.0
754,949,20240930,2024-09-30,2,380000,277500.0
795,974,20240930,2024-09-30,1,380000,285000.0
792,261,20240930,2024-09-30,2,380000,285000.0
180,1038,20240930,2024-09-30,1,380000,285000.0
1065,1559,20240930,2024-09-30,1,380000,285000.0
1295,913,20240930,2024-09-30,8,379500,282375.0
1466,2121,20240930,2024-09-30,5,379200,269820.0
919,2220,20240930,2024-09-30,6,379100,322235.0
754,247,20240930,2024-09-30,7,379100,246825.0
97,1772,20240930,2024-09-30,10,379000,189500.0
479,863,20240930,2024-09-30,1,379000,284250.0
618,796,20240930,2024-09-30,1,379000,284250.0
205,988,20240930,2024-09-30,1,379000,284250.0
1342,2328,20240930,2024-09-30,2,379000,271750.0
416,913,20240930,2024-09-30,1,378900,284175.0
92,633,20240930,2024-09-30,1,378700,284025.0
1362,2245,20240930,2024-09-30,6,378700,231525.0
873,1435,20240930,2024-09-30,3,378500,268875.0
657,1452,20240930,2024-09-30,1,378500,283875.0
818,1692,20240930,2024-09-30,11,378400,202150.0
403,143,20240930,2024-09-30,1,378000,283500.0
742,1278,20240930,2024-09-30,2,378000,189000.0
1461,2238,20240930,2024-09-30,3,377900,261025.0
1295,1571,20240930,2024-09-30,3,377900,285925.0
1195,1043,20240930,2024-09-30,4,377200,295620.0
657,1243,20240930,2024-09-30,1,377000,282750.0
355,1573,20240930,2024-09-30,2,376900,291865.0
508,2099,20240930,2024-09-30,2,376800,292870.0
1343,1323,20240930,2024-09-30,5,376600,242450.0
264,2055,20240930,2024-09-30,1,376100,282075.0
479,178,20240930,2024-09-30,2,376100,297075.0
227,2125,20240930,2024-09-30,1,376000,282000.0
995,1977,20240930,2024-09-30,2,376000,294600.0
671,324,20240930,2024-09-30,1,376000,282000.0
919,143,20240930,2024-09-30,2,375800,294430.0
551,1412,20240930,2024-09-30,2,375600,187800.0
919,2054,20240930,2024-09-30,4,375600,296580.0
679,2256,20240930,2024-09-30,3,375500,231625.0
264,2245,20240930,2024-09-30,1,375500,281625.0
479,2158,20240930,2024-09-30,1,375500,281625.0
163,64,20240930,2024-09-30,3,375400,319090.0
751,1349,20240930,2024-09-30,1,375300,281475.0
1071,529,20240930,2024-09-30,2,375200,293480.0
552,1706,20240930,2024-09-30,2,375000,243750.0
804,1004,20240930,2024-09-30,3,375000,266250.0
335,626,20240930,2024-09-30,1,375000,281250.0
1095,959,20240930,2024-09-30,1,375000,281250.0
479,444,20240930,2024-09-30,1,375000,281250.0
228,164,20240930,2024-09-30,1,375000,281250.0
1388,800,20240930,2024-09-30,1,375000,187500.0
664,1155,20240930,2024-09-30,1,375000,281250.0
163,138,20240930,2024-09-30,3,375000,318750.0
818,2216,20240930,2024-09-30,2,375000,187500.0
825,355,20240930,2024-09-30,1,375000,281250.0
552,618,20240930,2024-09-30,1,375000,281250.0
286,183,20240930,2024-09-30,1,375000,281250.0
963,148,20240930,2024-09-30,1,375000,281250.0
1390,1832,20240930,2024-09-30,2,375000,293250.0
163,1680,20240930,2024-09-30,3,375000,318750.0
163,2021,20240930,2024-09-30,3,375000,318750.0
1163,332,20240930,2024-09-30,3,375000,301250.0
1313,1986,20240930,2024-09-30,1,375000,187500.0
286,192,20240930,2024-09-30,1,375000,281250.0
534,439,20240930,2024-09-30,1,375000,281250.0
742,185,20240930,2024-09-30,2,375000,187500.0
1100,598,20240930,2024-09-30,4,375000,187500.0
264,981,20240930,2024-09-30,1,375000,281250.0
483,880,20240930,2024-09-30,1,375000,281250.0
601,192,20240930,2024-09-30,1,375000,281250.0
1295,1619,20240930,2024-09-30,2,375000,268750.0
1295,1039,20240930,2024-09-30,2,375000,268750.0
948,333,20240930,2024-09-30,1,375000,281250.0
977,564,20240930,2024-09-30,2,375000,268750.0
136,2083,20240930,2024-09-30,1,375000,281250.0
905,156,20240930,2024-09-30,2,375000,268750.0
436,165,20240930,2024-09-30,1,375000,281250.0
483,1383,20240930,2024-09-30,1,375000,281250.0
1279,670,20240930,2024-09-30,1,375000,281250.0
209,1713,20240930,2024-09-30,1,375000,281250.0
299,2079,20240930,2024-09-30,1,375000,281250.0
1424,345,20240930,2024-09-30,1,375000,281250.0
1368,1651,20240930,2024-09-30,11,374500,187250.0
948,341,20240930,2024-09-30,1,374200,280650.0
614,2206,20240930,2024-09-30,1,374000,280500.0
244,305,20240930,2024-09-30,1,374000,280500.0
197,298,20240930,2024-09-30,1,374000,280500.0
657,1981,20240930,2024-09-30,1,374000,280500.0
671,1646,20240930,2024-09-30,1,374000,280500.0
1435,368,20240930,2024-09-30,1,373600,280200.0
315,860,20240930,2024-09-30,2,373000,288050.0
1390,393,20240930,2024-09-30,1,373000,279750.0
1452,593,20240930,2024-09-30,1,373000,279750.0
1295,1679,20240930,2024-09-30,2,373000,267250.0
398,199,20240930,2024-09-30,2,373000,290000.0
995,2011,20240930,2024-09-30,2,372700,294525.0
1163,1282,20240930,2024-09-30,1,372500,279375.0
830,235,20240930,2024-09-30,1,372500,279375.0
163,551,20240930,2024-09-30,3,372200,316370.0
511,610,20240930,2024-09-30,1,372200,186100.0
1322,1523,20240930,2024-09-30,1,372000,279000.0
1021,1290,20240930,2024-09-30,1,372000,279000.0
1246,1126,20240930,2024-09-30,1,371800,278850.0
1237,124,20240930,2024-09-30,1,371600,278700.0
235,6,20240930,2024-09-30,1,371200,278400.0
1072,291,20240930,2024-09-30,1,371200,278400.0
883,1033,20240930,2024-09-30,1,371000,278250.0
1295,1235,20240930,2024-09-30,3,371000,253250.0
1358,53,20240930,2024-09-30,2,370600,265450.0
1065,423,20240930,2024-09-30,5,370500,291925.0
109,1278,20240930,2024-09-30,1,370000,185000.0
1270,416,20240930,2024-09-30,1,370000,277500.0
286,1831,20240930,2024-09-30,1,370000,277500.0
1390,2328,20240930,2024-09-30,1,370000,277500.0
1107,1388,20240930,2024-09-30,6,370000,185000.0
86,477,20240930,2024-09-30,1,370000,277500.0
1390,1925,20240930,2024-09-30,3,370000,314500.0
1065,575,20240930,2024-09-30,1,370000,277500.0
1390,306,20240930,2024-09-30,3,370000,314500.0
702,484,20240930,2024-09-30,1,370000,277500.0
1361,464,20240930,2024-09-30,1,370000,277500.0
1386,333,20240930,2024-09-30,1,370000,277500.0
754,1660,20240930,2024-09-30,2,370000,185000.0
1219,1482,20240930,2024-09-30,4,370000,185000.0
311,157,20240930,2024-09-30,2,370000,260000.0
286,1656,20240930,2024-09-30,1,370000,277500.0
1295,2060,20240930,2024-09-30,2,370000,270000.0
754,235,20240930,2024-09-30,9,369900,218700.0
671,1912,20240930,2024-09-30,1,369700,277275.0
1295,388,20240930,2024-09-30,2,369500,264625.0
305,1479,20240930,2024-09-30,3,369200,313820.0
724,400,20240930,2024-09-30,1,369100,276825.0
1295,1503,20240930,2024-09-30,3,369100,251825.0
1107,865,20240930,2024-09-30,5,369000,184500.0
540,2206,20240930,2024-09-30,1,369000,276750.0
615,2002,20240930,2024-09-30,1,369000,276750.0
78,564,20240930,2024-09-30,1,369000,276750.0
10,130,20240930,2024-09-30,1,368700,276525.0
615,130,20240930,2024-09-30,1,368700,276525.0
10,161,20240930,2024-09-30,1,368400,276300.0
1072,2008,20240930,2024-09-30,1,368400,276300.0
1383,1088,20240930,2024-09-30,2,368200,276150.0
163,1898,20240930,2024-09-30,3,368000,312800.0
1109,1669,20240930,2024-09-30,1,368000,276000.0
1153,1672,20240930,2024-09-30,1,368000,184000.0
479,1888,20240930,2024-09-30,2,368000,291000.0
652,1540,20240930,2024-09-30,2,368000,291000.0
702,280,20240930,2024-09-30,1,368000,276000.0
1295,60,20240930,2024-09-30,2,367900,263425.0
1295,659,20240930,2024-09-30,4,367700,250775.0
905,370,20240930,2024-09-30,1,367500,275625.0
656,1951,20240930,2024-09-30,1,367200,275400.0
926,1004,20240930,2024-09-30,1,367100,275325.0
430,130,20240930,2024-09-30,1,367100,275325.0
51,1249,20240930,2024-09-30,1,367000,275250.0
1362,1423,20240930,2024-09-30,1,367000,275250.0
818,1703,20240930,2024-09-30,4,367000,183500.0
1198,594,20240930,2024-09-30,1,366800,275100.0
1435,191,20240930,2024-09-30,5,366500,258625.0
795,332,20240930,2024-09-30,1,366500,274875.0
264,892,20240930,2024-09-30,1,366400,274800.0
1286,252,20240930,2024-09-30,1,366000,274500.0
170,1383,20240930,2024-09-30,1,366000,274500.0
483,1516,20240930,2024-09-30,1,366000,274500.0
244,279,20240930,2024-09-30,1,366000,274500.0
51,2320,20240930,2024-09-30,1,366000,274500.0
197,1656,20240930,2024-09-30,1,366000,274500.0
1237,157,20240930,2024-09-30,1,365500,274125.0
264,2108,20240930,2024-09-30,1,365400,274050.0
756,2097,20240930,2024-09-30,1,365300,273975.0
491,1669,20240930,2024-09-30,1,365100,273825.0
662,191,20240930,2024-09-30,2,365000,261250.0
664,812,20240930,2024-09-30,1,365000,273750.0
239,247,20240930,2024-09-30,1,365000,273750.0
846,1719,20240930,2024-09-30,1,365000,273750.0
966,2229,20240930,2024-09-30,2,365000,261250.0
471,1149,20240930,2024-09-30,1,365000,273750.0
618,1004,20240930,2024-09-30,1,365000,273750.0
1097,160,20240930,2024-09-30,1,365000,273750.0
1295,984,20240930,2024-09-30,3,365000,260000.0
1219,1817,20240930,2024-09-30,9,365000,182500.0
1435,1178,20240930,2024-09-30,2,365000,270000.0
209,53,20240930,2024-09-30,2,365000,273750.0
664,842,20240930,2024-09-30,4,365000,253750.0
264,1435,20240930,2024-09-30,1,365000,273750.0
1155,2258,20240930,2024-09-30,13,364900,182450.0
109,2014,20240930,2024-09-30,1,364500,182250.0
462,1385,20240930,2024-09-30,1,364500,273375.0
977,1563,20240930,2024-09-30,2,364500,267125.0
519,826,20240930,2024-09-30,1,364400,273300.0
1362,1274,20240930,2024-09-30,11,364200,182100.0
430,861,20240930,2024-09-30,1,364000,273000.0
1335,2268,20240930,2024-09-30,2,364000,248000.0
676,559,20240930,2024-09-30,1,364000,273000.0
671,235,20240930,2024-09-30,1,363700,272775.0
337,2284,20240930,2024-09-30,1,363600,272700.0
326,1441,20240930,2024-09-30,1,363100,181550.0
109,640,20240930,2024-09-30,1,363000,272250.0
197,1482,20240930,2024-09-30,1,363000,272250.0
1435,762,20240930,2024-09-30,1,362800,272100.0
808,1386,20240930,2024-09-30,1,362000,271500.0
916,890,20240930,2024-09-30,1,362000,271500.0
479,1917,20240930,2024-09-30,1,362000,271500.0
522,177,20240930,2024-09-30,1,362000,271500.0
1362,515,20240930,2024-09-30,1,361800,271350.0
177,842,20240930,2024-09-30,3,361500,277225.0
1027,1978,20240930,2024-09-30,1,361500,271125.0
1144,1073,20240930,2024-09-30,1,361500,271125.0
866,1209,20240930,2024-09-30,3,361300,307105.0
190,1515,20240930,2024-09-30,2,361200,270900.0
1466,529,20240930,2024-09-30,4,361100,296435.0
163,906,20240930,2024-09-30,1,361000,270750.0
1107,1813,20240930,2024-09-30,6,361000,180500.0
491,545,20240930,2024-09-30,1,361000,270750.0
1362,767,20240930,2024-09-30,1,361000,270750.0
163,1851,20240930,2024-09-30,3,361000,290350.0
818,1471,20240930,2024-09-30,2,361000,180500.0
919,1641,20240930,2024-09-30,6,360700,306595.0
907,2341,20240930,2024-09-30,1,360000,270000.0
525,595,20240930,2024-09-30,2,360000,245000.0
588,961,20240930,2024-09-30,1,360000,270000.0
239,1424,20240930,2024-09-30,1,360000,270000.0
71,115,20240930,2024-09-30,1,360000,270000.0
163,764,20240930,2024-09-30,3,360000,306000.0
607,894,20240930,2024-09-30,1,360000,180000.0
685,697,20240930,2024-09-30,1,360000,180000.0
197,2330,20240930,2024-09-30,1,360000,270000.0
1205,1662,20240930,2024-09-30,1,360000,270000.0
494,2140,20240930,2024-09-30,2,360000,180000.0
1352,31,20240930,2024-09-30,1,360000,270000.0
285,1662,20240930,2024-09-30,1,360000,270000.0
4,280,20240930,2024-09-30,1,360000,270000.0
671,117,20240930,2024-09-30,1,360000,270000.0
919,1251,20240930,2024-09-30,3,360000,281000.0
360,1366,20240930,2024-09-30,1,360000,270000.0
263,1004,20240930,2024-09-30,1,360000,180000.0
52,2311,20240930,2024-09-30,1,360000,180000.0
742,805,20240930,2024-09-30,2,360000,180000.0
430,1063,20240930,2024-09-30,1,360000,270000.0
951,2125,20240930,2024-09-30,1,360000,270000.0
91,2344,20240930,2024-09-30,1,360000,270000.0
479,333,20240930,2024-09-30,1,360000,270000.0
306,233,20240930,2024-09-30,2,360000,281000.0
779,157,20240930,2024-09-30,1,360000,270000.0
1339,1464,20240930,2024-09-30,4,360000,180000.0
385,1860,20240930,2024-09-30,1,360000,270000.0
305,1467,20240930,2024-09-30,3,360000,271000.0
1386,410,20240930,2024-09-30,1,360000,270000.0
818,892,20240930,2024-09-30,1,360000,270000.0
860,572,20240930,2024-09-30,1,360000,270000.0
163,184,20240930,2024-09-30,3,359800,305830.0
919,2011,20240930,2024-09-30,5,359500,305575.0
830,1992,20240930,2024-09-30,1,359100,269325.0
59,321,20240930,2024-09-30,1,359000,269250.0
1435,2093,20240930,2024-09-30,2,359000,266750.0
1127,1037,20240930,2024-09-30,2,359000,179500.0
163,132,20240930,2024-09-30,3,359000,305150.0
1195,163,20240930,2024-09-30,1,359000,269250.0
491,1727,20240930,2024-09-30,1,358600,268950.0
148,1810,20240930,2024-09-30,5,357500,178750.0
1021,697,20240930,2024-09-30,1,357400,268050.0
302,362,20240930,2024-09-30,1,357000,267750.0
109,2240,20240930,2024-09-30,1,357000,178500.0
1362,1886,20240930,2024-09-30,3,357000,261750.0
1295,2021,20240930,2024-09-30,2,356500,257375.0
1237,2166,20240930,2024-09-30,1,356400,267300.0
1362,1507,20240930,2024-09-30,8,356400,178200.0
167,2323,20240930,2024-09-30,2,356200,229650.0
479,367,20240930,2024-09-30,2,356000,282000.0
1051,2159,20240930,2024-09-30,1,356000,178000.0
261,183,20240930,2024-09-30,2,355600,177800.0
371,302,20240930,2024-09-30,1,355500,266625.0
264,1424,20240930,2024-09-30,1,355500,266625.0
380,135,20240930,2024-09-30,1,355500,266625.0
784,1714,20240930,2024-09-30,3,355400,302090.0
1195,252,20240930,2024-09-30,1,355000,266250.0
22,1033,20240930,2024-09-30,1,355000,266250.0
510,1092,20240930,2024-09-30,1,355000,266250.0
945,1069,20240930,2024-09-30,2,355000,266250.0
838,1594,20240930,2024-09-30,1,355000,266250.0
905,885,20240930,2024-09-30,3,355000,253750.0
856,280,20240930,2024-09-30,1,355000,266250.0
516,424,20240930,2024-09-30,3,355000,195000.0
873,2122,20240930,2024-09-30,3,355000,241250.0
1241,505,20240930,2024-09-30,1,355000,266250.0
1183,124,20240930,2024-09-30,1,355000,266250.0
1441,1257,20240930,2024-09-30,1,355000,266250.0
736,309,20240930,2024-09-30,1,355000,266250.0
1417,639,20240930,2024-09-30,1,355000,266250.0
102,170,20240930,2024-09-30,1,355000,266250.0
1295,2011,20240930,2024-09-30,2,354500,255875.0
163,448,20240930,2024-09-30,3,354400,301240.0
838,1968,20240930,2024-09-30,1,354000,265500.0
442,1948,20240930,2024-09-30,1,354000,265500.0
479,2320,20240930,2024-09-30,1,354000,265500.0
932,475,20240930,2024-09-30,2,353900,262583.0
919,1886,20240930,2024-09-30,1,353800,265350.0
1065,1309,20240930,2024-09-30,2,353500,270125.0
1065,2008,20240930,2024-09-30,2,353500,270125.0
205,981,20240930,2024-09-30,2,353000,264750.0
996,2258,20240930,2024-09-30,2,353000,264750.0
1139,1121,20240930,2024-09-30,1,353000,264750.0
479,1249,20240930,2024-09-30,1,353000,264750.0
462,1544,20240930,2024-09-30,2,353000,176500.0
784,2289,20240930,2024-09-30,1,352700,264525.0
784,286,20240930,2024-09-30,2,352700,279525.0
818,2236,20240930,2024-09-30,5,352400,208890.0
7,646,20240930,2024-09-30,3,352300,176150.0
235,1375,20240930,2024-09-30,1,352300,264225.0
163,1947,20240930,2024-09-30,3,352000,299200.0
665,2079,20240930,2024-09-30,1,352000,264000.0
70,109,20240930,2024-09-30,1,351900,263925.0
784,250,20240930,2024-09-30,3,351700,298945.0
10,861,20240930,2024-09-30,1,351700,263775.0
109,503,20240930,2024-09-30,1,351000,175500.0
1051,2176,20240930,2024-09-30,1,351000,263250.0
1107,1390,20240930,2024-09-30,2,351000,175500.0
209,2028,20240930,2024-09-30,1,351000,263250.0
1399,961,20240930,2024-09-30,1,350400,262800.0
491,1693,20240930,2024-09-30,1,350300,262725.0
605,1044,20240930,2024-09-30,2,350100,262575.0
235,329,20240930,2024-09-30,3,350100,297585.0
185,2004,20240930,2024-09-30,2,350000,227500.0
209,332,20240930,2024-09-30,1,350000,262500.0
209,823,20240930,2024-09-30,1,350000,262500.0
841,974,20240930,2024-09-30,1,350000,262500.0
200,1647,20240930,2024-09-30,1,350000,262500.0
1295,923,20240930,2024-09-30,1,350000,175000.0
1409,183,20240930,2024-09-30,1,350000,262500.0
1312,1542,20240930,2024-09-30,1,350000,175000.0
231,1298,20240930,2024-09-30,1,350000,262500.0
350,731,20240930,2024-09-30,1,350000,262500.0
905,477,20240930,2024-09-30,1,350000,262500.0
1163,1926,20240930,2024-09-30,1,350000,262500.0
350,2360,20240930,2024-09-30,2,350000,175000.0
552,1672,20240930,2024-09-30,1,350000,262500.0
905,650,20240930,2024-09-30,1,350000,262500.0
963,172,20240930,2024-09-30,1,350000,262500.0
1214,1968,20240930,2024-09-30,1,350000,262500.0
1101,58,20240930,2024-09-30,1,350000,262500.0
1226,1658,20240930,2024-09-30,1,350000,175000.0
818,2242,20240930,2024-09-30,3,350000,237500.0
552,135,20240930,2024-09-30,1,350000,262500.0
588,864,20240930,2024-09-30,1,350000,262500.0
666,163,20240930,2024-09-30,1,350000,262500.0
1362,1902,20240930,2024-09-30,1,350000,262500.0
117,2159,20240930,2024-09-30,1,350000,175000.0
209,2186,20240930,2024-09-30,1,350000,262500.0
209,306,20240930,2024-09-30,1,350000,262500.0
209,1451,20240930,2024-09-30,1,350000,262500.0
483,2258,20240930,2024-09-30,1,350000,262500.0
871,135,20240930,2024-09-30,1,350000,262500.0
955,972,20240930,2024-09-30,1,350000,262500.0
295,376,20240930,2024-09-30,1,350000,262500.0
311,146,20240930,2024-09-30,2,350000,175000.0
730,1259,20240930,2024-09-30,1,350000,262500.0
742,1920,20240930,2024-09-30,1,350000,175000.0
905,1325,20240930,2024-09-30,1,350000,262500.0
905,2255,20240930,2024-09-30,1,350000,262500.0
919,1298,20240930,2024-09-30,3,350000,272500.0
1288,722,20240930,2024-09-30,1,350000,262500.0
35,1628,20240930,2024-09-30,1,350000,175000.0
109,278,20240930,2024-09-30,1,350000,175000.0
209,141,20240930,2024-09-30,1,350000,262500.0
226,1953,20240930,2024-09-30,1,350000,262500.0
479,1496,20240930,2024-09-30,2,350000,277500.0
905,1265,20240930,2024-09-30,2,350000,277500.0
173,290,20240930,2024-09-30,1,350000,262500.0
209,1141,20240930,2024-09-30,1,350000,262500.0
209,309,20240930,2024-09-30,1,350000,262500.0
1195,1516,20240930,2024-09-30,2,350000,277500.0
209,1834,20240930,2024-09-30,1,350000,262500.0
919,1387,20240930,2024-09-30,3,350000,297500.0
905,2307,20240930,2024-09-30,2,350000,212500.0
1339,1496,20240930,2024-09-30,2,350000,175000.0
881,892,20240930,2024-09-30,2,350000,175000.0
209,2212,20240930,2024-09-30,1,350000,262500.0
905,1459,20240930,2024-09-30,1,350000,262500.0
1386,1306,20240930,2024-09-30,1,350000,262500.0
109,1392,20240930,2024-09-30,1,350000,175000.0
919,1651,20240930,2024-09-30,3,350000,272500.0
1405,1573,20240930,2024-09-30,1,350000,262500.0
1093,1811,20240930,2024-09-30,1,350000,262500.0
200,130,20240930,2024-09-30,1,350000,262500.0
588,1391,20240930,2024-09-30,1,350000,262500.0
625,2087,20240930,2024-09-30,1,350000,262500.0
198,917,20240930,2024-09-30,1,350000,175000.0
1285,580,20240930,2024-09-30,1,350000,262500.0
919,269,20240930,2024-09-30,3,350000,272500.0
209,363,20240930,2024-09-30,1,350000,262500.0
309,1970,20240930,2024-09-30,1,350000,175000.0
584,165,20240930,2024-09-30,1,350000,175000.0
905,775,20240930,2024-09-30,1,350000,262500.0
209,1298,20240930,2024-09-30,1,350000,262500.0
431,1467,20240930,2024-09-30,1,350000,262500.0
479,1832,20240930,2024-09-30,2,350000,262500.0
905,373,20240930,2024-09-30,1,350000,262500.0
68,128,20240930,2024-09-30,1,350000,262500.0
552,1300,20240930,2024-09-30,1,350000,262500.0
742,424,20240930,2024-09-30,1,350000,175000.0
963,2259,20240930,2024-09-30,1,350000,262500.0
988,956,20240930,2024-09-30,1,350000,262500.0
153,984,20240930,2024-09-30,1,350000,262500.0
163,25,20240930,2024-09-30,1,350000,262500.0
1376,235,20240930,2024-09-30,1,350000,175000.0
209,1647,20240930,2024-09-30,1,350000,262500.0
1065,1707,20240930,2024-09-30,1,350000,262500.0
1441,301,20240930,2024-09-30,1,350000,262500.0
163,182,20240930,2024-09-30,1,350000,262500.0
205,1394,20240930,2024-09-30,1,350000,262500.0
588,1041,20240930,2024-09-30,1,350000,262500.0
209,1683,20240930,2024-09-30,1,350000,262500.0
871,161,20240930,2024-09-30,1,350000,262500.0
905,588,20240930,2024-09-30,1,350000,262500.0
1441,1300,20240930,2024-09-30,1,350000,262500.0
1259,1573,20240930,2024-09-30,1,350000,262500.0
220,1855,20240930,2024-09-30,1,350000,262500.0
272,1379,20240930,2024-09-30,1,350000,175000.0
1390,1986,20240930,2024-09-30,2,350000,277500.0
109,2030,20240930,2024-09-30,1,350000,175000.0
200,1338,20240930,2024-09-30,1,350000,262500.0
433,146,20240930,2024-09-30,1,350000,175000.0
463,961,20240930,2024-09-30,1,350000,262500.0
742,214,20240930,2024-09-30,1,350000,175000.0
1021,2140,20240930,2024-09-30,1,350000,175000.0
209,494,20240930,2024-09-30,1,350000,262500.0
209,844,20240930,2024-09-30,1,350000,262500.0
1390,1922,20240930,2024-09-30,2,350000,277500.0
163,1853,20240930,2024-09-30,1,350000,262500.0
195,1467,20240930,2024-09-30,1,350000,262500.0
200,128,20240930,2024-09-30,1,350000,262500.0
102,1388,20240930,2024-09-30,1,350000,262500.0
874,1261,20240930,2024-09-30,1,350000,262500.0
209,1495,20240930,2024-09-30,1,350000,262500.0
340,235,20240930,2024-09-30,1,350000,262500.0
905,2401,20240930,2024-09-30,1,350000,262500.0
742,1940,20240930,2024-09-30,1,350000,175000.0
228,191,20240930,2024-09-30,1,350000,175000.0
828,1039,20240930,2024-09-30,1,350000,262500.0
209,347,20240930,2024-09-30,1,350000,262500.0
590,280,20240930,2024-09-30,1,350000,262500.0
463,1516,20240930,2024-09-30,1,350000,262500.0
102,64,20240930,2024-09-30,1,350000,262500.0
839,927,20240930,2024-09-30,1,350000,262500.0
775,866,20240930,2024-09-30,2,350000,192500.0
919,1669,20240930,2024-09-30,3,350000,272500.0
1163,57,20240930,2024-09-30,1,350000,262500.0
1424,2023,20240930,2024-09-30,1,350000,175000.0
163,49,20240930,2024-09-30,1,350000,262500.0
14,131,20240930,2024-09-30,1,350000,262500.0
795,858,20240930,2024-09-30,1,350000,175000.0
209,1372,20240930,2024-09-30,1,350000,262500.0
463,2083,20240930,2024-09-30,1,350000,262500.0
967,1704,20240930,2024-09-30,1,350000,175000.0
588,1519,20240930,2024-09-30,1,350000,262500.0
919,264,20240930,2024-09-30,3,350000,272500.0
310,334,20240930,2024-09-30,1,350000,262500.0
1435,2341,20240930,2024-09-30,1,350000,175000.0
231,1297,20240930,2024-09-30,1,350000,262500.0
584,1233,20240930,2024-09-30,1,350000,175000.0
1295,2292,20240930,2024-09-30,1,350000,262500.0
587,1388,20240930,2024-09-30,1,350000,262500.0
1350,1251,20240930,2024-09-30,1,350000,262500.0
209,997,20240930,2024-09-30,1,350000,262500.0
988,1379,20240930,2024-09-30,1,350000,262500.0
209,420,20240930,2024-09-30,1,350000,262500.0
898,1496,20240930,2024-09-30,1,350000,262500.0
1072,302,20240930,2024-09-30,1,350000,175000.0
286,1529,20240930,2024-09-30,1,350000,262500.0
153,993,20240930,2024-09-30,1,350000,175000.0
209,1928,20240930,2024-09-30,1,350000,262500.0
200,154,20240930,2024-09-30,1,350000,262500.0
200,2193,20240930,2024-09-30,1,350000,262500.0
209,2130,20240930,2024-09-30,1,350000,262500.0
890,1349,20240930,2024-09-30,1,350000,262500.0
1388,789,20240930,2024-09-30,1,350000,175000.0
905,1470,20240930,2024-09-30,2,350000,277500.0
742,1641,20240930,2024-09-30,2,350000,175000.0
754,1546,20240930,2024-09-30,1,350000,175000.0
226,2043,20240930,2024-09-30,1,350000,262500.0
612,2006,20240930,2024-09-30,1,350000,175000.0
795,240,20240930,2024-09-30,1,350000,262500.0
866,2273,20240930,2024-09-30,1,350000,262500.0
409,1569,20240930,2024-09-30,1,350000,262500.0
463,355,20240930,2024-09-30,1,350000,262500.0
811,170,20240930,2024-09-30,1,350000,262500.0
209,579,20240930,2024-09-30,1,350000,262500.0
584,1277,20240930,2024-09-30,1,350000,175000.0
588,2083,20240930,2024-09-30,1,350000,262500.0
775,1990,20240930,2024-09-30,1,350000,262500.0
184,1811,20240930,2024-09-30,2,350000,175000.0
1348,1388,20240930,2024-09-30,1,350000,262500.0
905,2276,20240930,2024-09-30,1,350000,262500.0
1101,20,20240930,2024-09-30,1,350000,262500.0
1312,1291,20240930,2024-09-30,1,350000,175000.0
209,516,20240930,2024-09-30,1,350000,262500.0
143,997,20240930,2024-09-30,2,350000,237500.0
209,2156,20240930,2024-09-30,1,350000,262500.0
963,181,20240930,2024-09-30,1,350000,262500.0
209,845,20240930,2024-09-30,1,350000,262500.0
588,883,20240930,2024-09-30,1,350000,262500.0
905,616,20240930,2024-09-30,1,350000,262500.0
1390,734,20240930,2024-09-30,1,350000,262500.0
591,636,20240930,2024-09-30,1,350000,262500.0
1386,1968,20240930,2024-09-30,1,350000,262500.0
200,2248,20240930,2024-09-30,1,350000,262500.0
905,911,20240930,2024-09-30,1,350000,262500.0
905,503,20240930,2024-09-30,1,350000,262500.0
244,265,20240930,2024-09-30,1,350000,262500.0
714,585,20240930,2024-09-30,2,350000,225000.0
1138,886,20240930,2024-09-30,1,350000,262500.0
102,861,20240930,2024-09-30,1,350000,262500.0
905,248,20240930,2024-09-30,1,350000,262500.0
209,1280,20240930,2024-09-30,1,350000,262500.0
209,1814,20240930,2024-09-30,1,350000,262500.0
552,2046,20240930,2024-09-30,1,350000,262500.0
905,1511,20240930,2024-09-30,1,350000,262500.0
155,2046,20240930,2024-09-30,1,350000,262500.0
209,1251,20240930,2024-09-30,1,350000,262500.0
209,879,20240930,2024-09-30,1,350000,262500.0
905,363,20240930,2024-09-30,1,350000,262500.0
662,201,20240930,2024-09-30,1,350000,175000.0
1074,1677,20240930,2024-09-30,1,350000,262500.0
552,1704,20240930,2024-09-30,1,350000,262500.0
309,1989,20240930,2024-09-30,1,350000,175000.0
1166,1926,20240930,2024-09-30,1,350000,262500.0
226,2008,20240930,2024-09-30,1,350000,262500.0
1386,1242,20240930,2024-09-30,1,350000,262500.0
463,1121,20240930,2024-09-30,1,350000,262500.0
491,300,20240930,2024-09-30,2,350000,277500.0
905,177,20240930,2024-09-30,2,350000,210000.0
209,1265,20240930,2024-09-30,1,350000,262500.0
258,1311,20240930,2024-09-30,1,350000,262500.0
200,174,20240930,2024-09-30,1,350000,262500.0
209,258,20240930,2024-09-30,1,350000,262500.0
209,2043,20240930,2024-09-30,1,350000,262500.0
163,1459,20240930,2024-09-30,1,350000,262500.0
1063,444,20240930,2024-09-30,1,350000,175000.0
742,46,20240930,2024-09-30,1,350000,175000.0
163,236,20240930,2024-09-30,2,350000,277500.0
1130,2177,20240930,2024-09-30,2,350000,225000.0
1163,2076,20240930,2024-09-30,1,350000,262500.0
905,89,20240930,2024-09-30,1,350000,262500.0
1211,280,20240930,2024-09-30,1,350000,262500.0
200,1467,20240930,2024-09-30,1,350000,262500.0
209,1121,20240930,2024-09-30,1,350000,262500.0
1100,623,20240930,2024-09-30,2,350000,175000.0
1405,1711,20240930,2024-09-30,1,350000,262500.0
209,1274,20240930,2024-09-30,1,350000,262500.0
209,1660,20240930,2024-09-30,1,350000,262500.0
217,1428,20240930,2024-09-30,1,350000,262500.0
551,1424,20240930,2024-09-30,1,350000,175000.0
200,2080,20240930,2024-09-30,1,350000,262500.0
209,1437,20240930,2024-09-30,1,350000,262500.0
905,2127,20240930,2024-09-30,1,350000,262500.0
1339,1474,20240930,2024-09-30,1,350000,175000.0
353,2192,20240930,2024-09-30,1,350000,262500.0
905,853,20240930,2024-09-30,1,350000,262500.0
1083,332,20240930,2024-09-30,1,350000,262500.0
1386,258,20240930,2024-09-30,1,350000,262500.0
209,270,20240930,2024-09-30,1,350000,262500.0
871,148,20240930,2024-09-30,1,350000,262500.0
209,351,20240930,2024-09-30,1,350000,262500.0
483,2079,20240930,2024-09-30,1,350000,262500.0
645,1609,20240930,2024-09-30,1,350000,262500.0
156,157,20240930,2024-09-30,2,350000,175000.0
163,1930,20240930,2024-09-30,1,350000,262500.0
226,2083,20240930,2024-09-30,1,350000,262500.0
754,1480,20240930,2024-09-30,2,350000,250000.0
209,1573,20240930,2024-09-30,1,350000,262500.0
1460,1033,20240930,2024-09-30,1,350000,175000.0
305,1568,20240930,2024-09-30,1,350000,262500.0
462,945,20240930,2024-09-30,1,350000,175000.0
1163,879,20240930,2024-09-30,1,350000,262500.0
905,2187,20240930,2024-09-30,1,350000,262500.0
1101,64,20240930,2024-09-30,1,350000,262500.0
209,913,20240930,2024-09-30,1,350000,262500.0
209,1310,20240930,2024-09-30,1,350000,262500.0
584,2176,20240930,2024-09-30,1,350000,175000.0
1295,2340,20240930,2024-09-30,2,349500,243375.0
683,651,20240930,2024-09-30,2,349300,249025.0
252,1416,20240930,2024-09-30,1,349000,174500.0
1021,1820,20240930,2024-09-30,1,349000,261750.0
1373,1339,20240930,2024-09-30,1,348700,261525.0
695,157,20240930,2024-09-30,1,348500,261375.0
618,128,20240930,2024-09-30,1,348500,261375.0
1390,130,20240930,2024-09-30,2,348000,276000.0
861,2315,20240930,2024-09-30,2,348000,276000.0
656,847,20240930,2024-09-30,2,347600,270700.0
754,600,20240930,2024-09-30,2,347500,235625.0
1295,241,20240930,2024-09-30,2,347500,250625.0
1065,1931,20240930,2024-09-30,1,347500,260625.0
462,1298,20240930,2024-09-30,2,347500,173750.0
1302,1573,20240930,2024-09-30,1,347400,173700.0
163,2193,20240930,2024-09-30,3,347300,295205.0
109,1454,20240930,2024-09-30,4,347200,173600.0
919,2192,20240930,2024-09-30,3,347100,270035.0
1222,1511,20240930,2024-09-30,1,346600,259950.0
508,2019,20240930,2024-09-30,1,346100,259575.0
264,1300,20240930,2024-09-30,1,345900,259425.0
1237,254,20240930,2024-09-30,1,345600,259200.0
1072,1883,20240930,2024-09-30,1,345500,259125.0
754,1714,20240930,2024-09-30,8,345400,172700.0
1362,760,20240930,2024-09-30,1,345100,258825.0
742,637,20240930,2024-09-30,3,345000,172500.0
479,1545,20240930,2024-09-30,2,345000,251250.0
525,573,20240930,2024-09-30,1,345000,258750.0
1065,2324,20240930,2024-09-30,3,345000,261750.0
977,1300,20240930,2024-09-30,2,345000,253750.0
209,1087,20240930,2024-09-30,1,345000,258750.0
702,353,20240930,2024-09-30,1,345000,258750.0
1219,246,20240930,2024-09-30,4,345000,172500.0
510,969,20240930,2024-09-30,1,345000,258750.0
209,2247,20240930,2024-09-30,1,345000,258750.0
552,2079,20240930,2024-09-30,3,345000,281250.0
1386,357,20240930,2024-09-30,2,345000,258750.0
905,1228,20240930,2024-09-30,4,345000,262500.0
237,115,20240930,2024-09-30,1,345000,258750.0
1386,126,20240930,2024-09-30,1,345000,258750.0
744,252,20240930,2024-09-30,2,345000,273750.0
742,1554,20240930,2024-09-30,2,345000,172500.0
573,1215,20240930,2024-09-30,1,345000,258750.0
977,1733,20240930,2024-09-30,3,345000,247500.0
919,935,20240930,2024-09-30,3,344700,292995.0
479,1685,20240930,2024-09-30,1,344600,258450.0
807,1043,20240930,2024-09-30,2,344500,267825.0
1295,370,20240930,2024-09-30,2,344500,245875.0
1241,509,20240930,2024-09-30,2,344200,172100.0
1000,309,20240930,2024-09-30,1,344000,258000.0
919,1549,20240930,2024-09-30,2,344000,263000.0
564,961,20240930,2024-09-30,1,343800,257850.0
1435,208,20240930,2024-09-30,1,343500,257625.0
106,264,20240930,2024-09-30,1,343500,257625.0
1466,517,20240930,2024-09-30,1,343500,257625.0
671,1926,20240930,2024-09-30,1,342700,257025.0
1435,882,20240930,2024-09-30,5,342600,239450.0
208,2125,20240930,2024-09-30,1,342000,256500.0
807,300,20240930,2024-09-30,1,342000,256500.0
1018,341,20240930,2024-09-30,1,342000,256500.0
900,242,20240930,2024-09-30,1,342000,256500.0
1111,1372,20240930,2024-09-30,2,342000,171000.0
1431,1439,20240930,2024-09-30,1,342000,171000.0
539,568,20240930,2024-09-30,2,341500,256125.0
849,1968,20240930,2024-09-30,1,341500,256125.0
304,1987,20240930,2024-09-30,2,341400,237300.0
132,2128,20240930,2024-09-30,2,341300,300105.0
163,351,20240930,2024-09-30,3,341200,290020.0
1373,1359,20240930,2024-09-30,3,341200,249650.0
1295,939,20240930,2024-09-30,5,341100,270935.0
237,2049,20240930,2024-09-30,1,341100,255825.0
1295,1531,20240930,2024-09-30,5,341000,210500.0
919,126,20240930,2024-09-30,3,341000,289850.0
614,1389,20240930,2024-09-30,2,341000,255750.0
1295,1673,20240930,2024-09-30,3,341000,231750.0
966,1767,20240930,2024-09-30,2,340500,236625.0
916,2253,20240930,2024-09-30,1,340200,255150.0
1398,2006,20240930,2024-09-30,1,340000,255000.0
74,1072,20240930,2024-09-30,1,340000,255000.0
431,1464,20240930,2024-09-30,1,340000,255000.0
637,1939,20240930,2024-09-30,1,340000,255000.0
818,2160,20240930,2024-09-30,2,340000,245000.0
316,2006,20240930,2024-09-30,1,340000,255000.0
604,2344,20240930,2024-09-30,1,340000,170000.0
486,1727,20240930,2024-09-30,1,340000,255000.0
992,2352,20240930,2024-09-30,2,340000,230000.0
335,643,20240930,2024-09-30,1,340000,255000.0
434,135,20240930,2024-09-30,1,340000,255000.0
919,1033,20240930,2024-09-30,5,340000,289000.0
1163,267,20240930,2024-09-30,1,340000,255000.0
1237,260,20240930,2024-09-30,1,340000,255000.0
431,1690,20240930,2024-09-30,1,340000,255000.0
209,115,20240930,2024-09-30,1,340000,255000.0
614,1380,20240930,2024-09-30,1,340000,255000.0
742,1540,20240930,2024-09-30,2,340000,170000.0
1072,295,20240930,2024-09-30,1,339800,254850.0
163,2093,20240930,2024-09-30,3,339800,288830.0
479,2150,20240930,2024-09-30,2,339500,269625.0
1466,2109,20240930,2024-09-30,2,339500,256125.0
665,353,20240930,2024-09-30,1,339500,254625.0
10,1397,20240930,2024-09-30,1,339000,254250.0
479,882,20240930,2024-09-30,2,338800,269100.0
163,2008,20240930,2024-09-30,3,338700,287895.0
163,1310,20240930,2024-09-30,3,338200,287470.0
1409,164,20240930,2024-09-30,1,338000,253500.0
1454,2184,20240930,2024-09-30,1,338000,253500.0
398,1417,20240930,2024-09-30,1,338000,253500.0
200,882,20240930,2024-09-30,2,337800,262130.0
863,1004,20240930,2024-09-30,1,337800,253350.0
1260,1528,20240930,2024-09-30,2,337500,249075.0
1431,243,20240930,2024-09-30,1,337500,168750.0
1137,135,20240930,2024-09-30,1,337500,253125.0
754,1513,20240930,2024-09-30,1,337500,253125.0
423,679,20240930,2024-09-30,1,337500,253125.0
272,1714,20240930,2024-09-30,1,337500,253125.0
1130,2174,20240930,2024-09-30,2,337200,252900.0
665,1300,20240930,2024-09-30,1,337000,252750.0
217,161,20240930,2024-09-30,2,337000,267750.0
857,278,20240930,2024-09-30,1,337000,252750.0
857,570,20240930,2024-09-30,1,337000,252750.0
442,119,20240930,2024-09-30,1,336700,252525.0
281,614,20240930,2024-09-30,2,336700,252525.0
784,1274,20240930,2024-09-30,3,336300,285855.0
180,1039,20240930,2024-09-30,2,336200,239650.0
233,157,20240930,2024-09-30,1,336000,252000.0
1164,2036,20240930,2024-09-30,1,336000,252000.0
102,188,20240930,2024-09-30,1,336000,252000.0
825,332,20240930,2024-09-30,1,336000,252000.0
462,309,20240930,2024-09-30,3,335800,167900.0
481,2166,20240930,2024-09-30,1,335000,251250.0
818,1478,20240930,2024-09-30,6,335000,202500.0
552,298,20240930,2024-09-30,2,335000,259750.0
247,423,20240930,2024-09-30,11,335000,167500.0
1195,1492,20240930,2024-09-30,1,335000,251250.0
1435,1278,20240930,2024-09-30,6,335000,236250.0
209,256,20240930,2024-09-30,1,335000,251250.0
1362,540,20240930,2024-09-30,1,335000,251250.0
209,661,20240930,2024-09-30,1,335000,251250.0
257,1470,20240930,2024-09-30,2,335000,167500.0
160,901,20240930,2024-09-30,2,335000,167500.0
200,280,20240930,2024-09-30,2,335000,255750.0
1096,1122,20240930,2024-09-30,3,335000,251250.0
1152,1390,20240930,2024-09-30,1,335000,251250.0
1117,2258,20240930,2024-09-30,2,335000,264750.0
1077,316,20240930,2024-09-30,1,334800,251100.0
281,655,20240930,2024-09-30,2,334000,238000.0
235,1159,20240930,2024-09-30,1,334000,250500.0
71,87,20240930,2024-09-30,1,334000,250500.0
149,1178,20240930,2024-09-30,3,333700,247935.0
1295,877,20240930,2024-09-30,2,333500,243875.0
1364,729,20240930,2024-09-30,2,333500,225125.0
605,1007,20240930,2024-09-30,1,333000,249750.0
491,1527,20240930,2024-09-30,1,333000,249750.0
702,2209,20240930,2024-09-30,1,333000,249750.0
342,697,20240930,2024-09-30,1,333000,249750.0
966,1804,20240930,2024-09-30,1,333000,249750.0
1072,842,20240930,2024-09-30,1,332500,249375.0
1065,761,20240930,2024-09-30,6,332400,271800.0
1295,1704,20240930,2024-09-30,3,332000,230250.0
235,1656,20240930,2024-09-30,1,332000,249000.0
988,1672,20240930,2024-09-30,1,332000,249000.0
1065,126,20240930,2024-09-30,2,331500,250275.0
1356,367,20240930,2024-09-30,1,331300,248475.0
726,1962,20240930,2024-09-30,1,331300,165650.0
264,201,20240930,2024-09-30,1,331300,248475.0
202,332,20240930,2024-09-30,2,331200,235900.0
1368,1654,20240930,2024-09-30,8,331100,165550.0
163,2206,20240930,2024-09-30,3,331000,281350.0
1466,1996,20240930,2024-09-30,3,330700,246095.0
603,2325,20240930,2024-09-30,2,330500,165250.0
1382,1693,20240930,2024-09-30,1,330500,247875.0
916,305,20240930,2024-09-30,1,330500,247875.0
784,1300,20240930,2024-09-30,3,330200,280670.0
1407,1488,20240930,2024-09-30,1,330000,247500.0
907,2311,20240930,2024-09-30,2,330000,243750.0
209,1523,20240930,2024-09-30,2,330000,255500.0
209,633,20240930,2024-09-30,1,330000,247500.0
197,1379,20240930,2024-09-30,1,330000,247500.0
8,970,20240930,2024-09-30,2,330000,240000.0
588,253,20240930,2024-09-30,1,330000,247500.0
795,1298,20240930,2024-09-30,1,330000,247500.0
792,2079,20240930,2024-09-30,3,330000,257500.0
235,1086,20240930,2024-09-30,4,330000,280500.0
1021,366,20240930,2024-09-30,1,330000,247500.0
305,2097,20240930,2024-09-30,1,330000,247500.0
368,1261,20240930,2024-09-30,1,330000,247500.0
1386,1388,20240930,2024-09-30,1,330000,247500.0
264,163,20240930,2024-09-30,1,330000,247500.0
1409,1229,20240930,2024-09-30,1,329800,247350.0
380,286,20240930,2024-09-30,1,329400,247050.0
1345,1704,20240930,2024-09-30,1,329300,246975.0
1034,148,20240930,2024-09-30,1,329000,246750.0
1339,1480,20240930,2024-09-30,2,329000,164500.0
445,305,20240930,2024-09-30,1,329000,246750.0
784,424,20240930,2024-09-30,4,328800,279480.0
1065,857,20240930,2024-09-30,3,328500,253875.0
203,1153,20240930,2024-09-30,1,328500,246375.0
305,265,20240930,2024-09-30,2,328300,256825.0
1078,752,20240930,2024-09-30,2,328300,237475.0
924,926,20240930,2024-09-30,1,328200,246150.0
807,1040,20240930,2024-09-30,1,328000,246000.0
258,1322,20240930,2024-09-30,1,328000,246000.0
462,1540,20240930,2024-09-30,1,327500,163750.0
479,1952,20240930,2024-09-30,1,327400,245550.0
240,593,20240930,2024-09-30,1,327200,245400.0
420,175,20240930,2024-09-30,1,327200,245400.0
948,1422,20240930,2024-09-30,1,327200,245400.0
235,57,20240930,2024-09-30,3,327100,278035.0
633,1482,20240930,2024-09-30,6,327000,163500.0
1021,1827,20240930,2024-09-30,1,327000,245250.0
948,320,20240930,2024-09-30,1,327000,245250.0
310,1068,20240930,2024-09-30,2,327000,253810.0
605,1003,20240930,2024-09-30,1,327000,245250.0
1305,602,20240930,2024-09-30,1,327000,163500.0
479,1817,20240930,2024-09-30,1,327000,245250.0
109,1394,20240930,2024-09-30,1,326800,163400.0
1065,927,20240930,2024-09-30,4,326700,256775.0
1304,1499,20240930,2024-09-30,1,326500,244875.0
1123,1816,20240930,2024-09-30,2,326400,250440.0
767,303,20240930,2024-09-30,1,326300,244725.0
742,144,20240930,2024-09-30,2,326100,163050.0
1144,679,20240930,2024-09-30,1,326000,244500.0
1362,341,20240930,2024-09-30,1,325800,244350.0
977,1297,20240930,2024-09-30,1,325800,244350.0
539,576,20240930,2024-09-30,1,325800,244350.0
109,132,20240930,2024-09-30,1,325700,244275.0
995,1981,20240930,2024-09-30,1,325600,244200.0
951,913,20240930,2024-09-30,1,325500,244125.0
919,1851,20240930,2024-09-30,5,325400,276590.0
1264,959,20240930,2024-09-30,1,325000,243750.0
795,2159,20240930,2024-09-30,1,325000,243750.0
209,1657,20240930,2024-09-30,1,325000,243750.0
754,1462,20240930,2024-09-30,2,325000,162500.0
1295,745,20240930,2024-09-30,2,325000,237500.0
109,866,20240930,2024-09-30,1,325000,243750.0
905,1918,20240930,2024-09-30,1,325000,243750.0
591,673,20240930,2024-09-30,1,325000,243750.0
479,296,20240930,2024-09-30,2,325000,237500.0
434,1959,20240930,2024-09-30,1,325000,243750.0
1195,1986,20240930,2024-09-30,1,325000,243750.0
905,691,20240930,2024-09-30,1,325000,243750.0
209,563,20240930,2024-09-30,1,325000,243750.0
260,2101,20240930,2024-09-30,1,325000,243750.0
905,213,20240930,2024-09-30,1,325000,243750.0
1356,1827,20240930,2024-09-30,1,325000,243750.0
65,1050,20240930,2024-09-30,2,325000,162500.0
1219,877,20240930,2024-09-30,4,325000,162500.0
286,1072,20240930,2024-09-30,1,325000,243750.0
97,1800,20240930,2024-09-30,1,325000,162500.0
1281,1027,20240930,2024-09-30,2,325000,162500.0
666,1540,20240930,2024-09-30,1,325000,243750.0
1219,1478,20240930,2024-09-30,4,325000,162500.0
156,1648,20240930,2024-09-30,3,325000,162500.0
1198,773,20240930,2024-09-30,1,325000,162500.0
1295,39,20240930,2024-09-30,2,325000,231250.0
1032,1353,20240930,2024-09-30,2,325000,162500.0
197,1714,20240930,2024-09-30,1,325000,243750.0
1295,1110,20240930,2024-09-30,2,325000,236250.0
1100,661,20240930,2024-09-30,5,325000,162500.0
784,1819,20240930,2024-09-30,1,325000,243750.0
588,1488,20240930,2024-09-30,1,325000,243750.0
523,511,20240930,2024-09-30,1,325000,162500.0
990,361,20240930,2024-09-30,1,325000,243750.0
1436,1543,20240930,2024-09-30,2,324700,237275.0
763,634,20240930,2024-09-30,3,324500,162250.0
143,1033,20240930,2024-09-30,4,324300,216975.0
1362,1349,20240930,2024-09-30,5,324300,219975.0
1456,1922,20240930,2024-09-30,1,324000,243000.0
1097,169,20240930,2024-09-30,1,324000,243000.0
479,1118,20240930,2024-09-30,1,324000,243000.0
977,292,20240930,2024-09-30,2,324000,230500.0
792,2006,20240930,2024-09-30,3,324000,257900.0
1362,1227,20240930,2024-09-30,1,323900,242925.0
733,123,20240930,2024-09-30,1,323800,242850.0
1295,1692,20240930,2024-09-30,1,323400,242550.0
1411,137,20240930,2024-09-30,1,323200,242400.0
512,299,20240930,2024-09-30,1,323100,242325.0
1411,1426,20240930,2024-09-30,1,323000,242250.0
1295,444,20240930,2024-09-30,2,323000,234750.0
561,187,20240930,2024-09-30,1,323000,242250.0
818,1671,20240930,2024-09-30,5,323000,224750.0
1466,129,20240930,2024-09-30,5,323000,199300.0
671,55,20240930,2024-09-30,1,323000,242250.0
350,761,20240930,2024-09-30,2,322500,204375.0
1312,1228,20240930,2024-09-30,1,322400,161200.0
1070,1619,20240930,2024-09-30,2,322400,249920.0
881,903,20240930,2024-09-30,1,322400,241800.0
1446,1402,20240930,2024-09-30,2,322200,250650.0
479,1004,20240930,2024-09-30,2,322000,256500.0
1362,1935,20240930,2024-09-30,8,322000,161000.0
1157,722,20240930,2024-09-30,4,322000,273700.0
784,1389,20240930,2024-09-30,3,321900,273615.0
1358,1146,20240930,2024-09-30,4,321800,249130.0
742,2128,20240930,2024-09-30,3,321300,160650.0
479,242,20240930,2024-09-30,1,321200,240900.0
1102,892,20240930,2024-09-30,2,321000,160500.0
483,1713,20240930,2024-09-30,1,321000,240750.0
1021,2158,20240930,2024-09-30,1,321000,240750.0
919,339,20240930,2024-09-30,3,320900,252765.0
1435,287,20240930,2024-09-30,3,320400,234050.0
665,1388,20240930,2024-09-30,1,320000,240000.0
977,1544,20240930,2024-09-30,2,320000,160000.0
1375,559,20240930,2024-09-30,2,320000,202500.0
903,1374,20240930,2024-09-30,2,320000,202000.0
1467,1981,20240930,2024-09-30,1,320000,240000.0
833,1375,20240930,2024-09-30,2,320000,227500.0
197,2273,20240930,2024-09-30,1,320000,240000.0
1362,1270,20240930,2024-09-30,1,320000,240000.0
795,46,20240930,2024-09-30,1,320000,240000.0
977,1539,20240930,2024-09-30,1,320000,240000.0
1267,948,20240930,2024-09-30,1,320000,240000.0
742,2277,20240930,2024-09-30,2,320000,160000.0
957,2280,20240930,2024-09-30,2,320000,253500.0
1173,1968,20240930,2024-09-30,1,320000,240000.0
1315,2291,20240930,2024-09-30,3,320000,219500.0
1055,252,20240930,2024-09-30,1,320000,240000.0
275,536,20240930,2024-09-30,1,320000,240000.0
1106,144,20240930,2024-09-30,1,320000,240000.0
905,1676,20240930,2024-09-30,2,320000,240000.0
403,151,20240930,2024-09-30,1,320000,240000.0
999,1554,20240930,2024-09-30,2,320000,215000.0
898,1480,20240930,2024-09-30,1,320000,240000.0
257,1437,20240930,2024-09-30,4,319700,159850.0
1027,1959,20240930,2024-09-30,4,319300,159650.0
818,1455,20240930,2024-09-30,5,319000,159500.0
415,679,20240930,2024-09-30,2,319000,253850.0
824,306,20240930,2024-09-30,1,319000,239250.0
1424,2018,20240930,2024-09-30,1,319000,239250.0
1065,905,20240930,2024-09-30,1,318900,239175.0
999,745,20240930,2024-09-30,1,318600,238950.0
818,248,20240930,2024-09-30,6,318400,159200.0
1295,954,20240930,2024-09-30,7,318100,206825.0
1368,503,20240930,2024-09-30,7,318100,159050.0
1368,140,20240930,2024-09-30,8,317900,158950.0
919,1464,20240930,2024-09-30,4,317700,250045.0
1295,1867,20240930,2024-09-30,2,317600,231950.0
285,1424,20240930,2024-09-30,1,317500,238125.0
977,1266,20240930,2024-09-30,4,317500,198125.0
481,1657,20240930,2024-09-30,1,317000,237750.0
1362,1542,20240930,2024-09-30,1,317000,237750.0
860,568,20240930,2024-09-30,1,317000,237750.0
742,156,20240930,2024-09-30,1,317000,158500.0
163,816,20240930,2024-09-30,3,316900,269365.0
293,285,20240930,2024-09-30,1,316700,237525.0
479,1970,20240930,2024-09-30,1,316500,237375.0
895,1509,20240930,2024-09-30,2,316500,158250.0
1198,640,20240930,2024-09-30,2,316200,158100.0
522,1851,20240930,2024-09-30,1,316000,237000.0
264,2351,20240930,2024-09-30,1,315900,236925.0
824,1590,20240930,2024-09-30,1,315500,236625.0
1166,107,20240930,2024-09-30,2,315400,240950.0
866,1212,20240930,2024-09-30,3,315300,218100.0
316,154,20240930,2024-09-30,1,315000,236250.0
708,598,20240930,2024-09-30,1,315000,236250.0
875,1641,20240930,2024-09-30,1,315000,236250.0
1390,799,20240930,2024-09-30,1,315000,236250.0
522,1387,20240930,2024-09-30,1,315000,236250.0
707,2319,20240930,2024-09-30,1,315000,236250.0
1226,1968,20240930,2024-09-30,1,315000,236250.0
1220,341,20240930,2024-09-30,1,315000,236250.0
1368,1656,20240930,2024-09-30,8,315000,157500.0
1295,345,20240930,2024-09-30,2,315000,217500.0
413,400,20240930,2024-09-30,1,315000,236250.0
838,25,20240930,2024-09-30,1,315000,236250.0
465,1382,20240930,2024-09-30,1,315000,236250.0
226,1948,20240930,2024-09-30,1,315000,236250.0
830,1714,20240930,2024-09-30,1,315000,236250.0
264,1450,20240930,2024-09-30,1,315000,236250.0
905,418,20240930,2024-09-30,3,315000,233750.0
1211,303,20240930,2024-09-30,1,315000,236250.0
1065,2076,20240930,2024-09-30,1,315000,236250.0
935,2291,20240930,2024-09-30,1,315000,236250.0
1295,1624,20240930,2024-09-30,2,315000,230000.0
742,829,20240930,2024-09-30,1,315000,157500.0
1070,1112,20240930,2024-09-30,1,315000,236250.0
128,581,20240930,2024-09-30,1,315000,236250.0
483,1968,20240930,2024-09-30,1,315000,236250.0
1072,314,20240930,2024-09-30,1,314900,236175.0
671,1152,20240930,2024-09-30,1,314500,235875.0
1362,46,20240930,2024-09-30,1,314500,235875.0
853,534,20240930,2024-09-30,1,314000,235500.0
316,1987,20240930,2024-09-30,1,314000,235500.0
97,1791,20240930,2024-09-30,5,314000,183460.0
602,482,20240930,2024-09-30,1,313900,235425.0
966,1793,20240930,2024-09-30,1,313500,235125.0
264,192,20240930,2024-09-30,1,313200,234900.0
804,997,20240930,2024-09-30,5,313100,226060.0
847,1111,20240930,2024-09-30,2,313000,156500.0
70,355,20240930,2024-09-30,1,312600,234450.0
1435,2130,20240930,2024-09-30,1,312500,234375.0
125,347,20240930,2024-09-30,1,312000,234000.0
657,250,20240930,2024-09-30,1,312000,234000.0
551,1613,20240930,2024-09-30,1,312000,156000.0
264,310,20240930,2024-09-30,1,312000,234000.0
645,1586,20240930,2024-09-30,2,312000,246350.0
430,1460,20240930,2024-09-30,1,312000,234000.0
163,956,20240930,2024-09-30,3,311900,265115.0
919,623,20240930,2024-09-30,7,311800,265030.0
1270,403,20240930,2024-09-30,1,311500,233625.0
264,795,20240930,2024-09-30,1,311300,233475.0
153,1043,20240930,2024-09-30,3,311000,195750.0
52,857,20240930,2024-09-30,1,311000,233250.0
1436,1554,20240930,2024-09-30,2,310800,220600.0
919,1817,20240930,2024-09-30,2,310600,239010.0
420,1523,20240930,2024-09-30,1,310200,232650.0
4,911,20240930,2024-09-30,1,310000,232500.0
209,2184,20240930,2024-09-30,1,310000,232500.0
966,1757,20240930,2024-09-30,2,310000,241500.0
1021,186,20240930,2024-09-30,1,310000,232500.0
818,1373,20240930,2024-09-30,2,310000,230000.0
353,1243,20240930,2024-09-30,1,310000,232500.0
116,2215,20240930,2024-09-30,1,310000,232500.0
102,942,20240930,2024-09-30,2,310000,243500.0
988,231,20240930,2024-09-30,2,310000,220000.0
702,2210,20240930,2024-09-30,1,310000,232500.0
1195,1230,20240930,2024-09-30,1,310000,232500.0
106,1968,20240930,2024-09-30,1,310000,232500.0
491,541,20240930,2024-09-30,2,310000,220000.0
742,254,20240930,2024-09-30,3,310000,155000.0
1219,860,20240930,2024-09-30,4,310000,155000.0
1295,937,20240930,2024-09-30,7,310000,183000.0
1295,212,20240930,2024-09-30,2,310000,226250.0
610,135,20240930,2024-09-30,1,310000,232500.0
1295,1690,20240930,2024-09-30,3,309600,190550.0
657,261,20240930,2024-09-30,1,309600,232200.0
783,1466,20240930,2024-09-30,1,309000,231750.0
882,1707,20240930,2024-09-30,1,308800,231600.0
264,68,20240930,2024-09-30,1,308600,231450.0
605,2296,20240930,2024-09-30,1,308400,231300.0
12,203,20240930,2024-09-30,2,308300,218725.0
1065,1878,20240930,2024-09-30,2,308000,236000.0
795,1411,20240930,2024-09-30,1,308000,231000.0
1195,1952,20240930,2024-09-30,1,308000,231000.0
1435,593,20240930,2024-09-30,1,308000,231000.0
1147,1062,20240930,2024-09-30,1,308000,231000.0
163,128,20240930,2024-09-30,4,307900,261715.0
312,86,20240930,2024-09-30,1,307700,230775.0
951,880,20240930,2024-09-30,1,307700,230775.0
1295,731,20240930,2024-09-30,1,307600,230700.0
1133,1369,20240930,2024-09-30,3,307500,153750.0
1237,265,20240930,2024-09-30,1,307000,230250.0
1065,863,20240930,2024-09-30,4,307000,250600.0
328,1086,20240930,2024-09-30,2,307000,192750.0
380,2128,20240930,2024-09-30,1,307000,230250.0
795,1822,20240930,2024-09-30,1,306700,230025.0
684,2240,20240930,2024-09-30,3,306400,153200.0
145,53,20240930,2024-09-30,1,306200,229650.0
551,1408,20240930,2024-09-30,2,306000,153000.0
1362,1002,20240930,2024-09-30,1,305600,229200.0
235,162,20240930,2024-09-30,1,305500,229125.0
1269,1290,20240930,2024-09-30,1,305500,229125.0
784,176,20240930,2024-09-30,4,305100,259335.0
1423,1049,20240930,2024-09-30,1,305000,152500.0
510,1623,20240930,2024-09-30,1,305000,228750.0
197,135,20240930,2024-09-30,1,305000,228750.0
376,1121,20240930,2024-09-30,1,305000,228750.0
930,1372,20240930,2024-09-30,5,305000,215500.0
1219,2241,20240930,2024-09-30,5,305000,152500.0
1203,940,20240930,2024-09-30,1,305000,228750.0
121,1460,20240930,2024-09-30,2,305000,212500.0
235,303,20240930,2024-09-30,3,305000,259250.0
931,1662,20240930,2024-09-30,1,305000,228750.0
209,2125,20240930,2024-09-30,1,305000,228750.0
197,157,20240930,2024-09-30,1,305000,228750.0
1065,331,20240930,2024-09-30,2,305000,233750.0
818,2208,20240930,2024-09-30,7,305000,177500.0
742,761,20240930,2024-09-30,3,305000,152500.0
807,233,20240930,2024-09-30,1,304500,228375.0
492,1707,20240930,2024-09-30,1,304500,228375.0
350,789,20240930,2024-09-30,1,304400,152200.0
1065,891,20240930,2024-09-30,2,304000,233000.0
1065,2166,20240930,2024-09-30,1,304000,228000.0
818,1713,20240930,2024-09-30,3,304000,204250.0
10,1372,20240930,2024-09-30,1,304000,228000.0
511,1300,20240930,2024-09-30,1,303900,151950.0
483,1374,20240930,2024-09-30,1,303400,227550.0
264,1249,20240930,2024-09-30,1,303300,227475.0
807,264,20240930,2024-09-30,1,303200,227400.0
1295,181,20240930,2024-09-30,1,303000,227250.0
784,278,20240930,2024-09-30,3,302700,257295.0
784,1831,20240930,2024-09-30,1,302700,227025.0
784,265,20240930,2024-09-30,1,302700,227025.0
1204,1118,20240930,2024-09-30,1,302600,151300.0
1312,1516,20240930,2024-09-30,1,302400,226800.0
235,949,20240930,2024-09-30,3,302400,235840.0
416,302,20240930,2024-09-30,1,301900,226425.0
231,1264,20240930,2024-09-30,1,301500,226125.0
209,1149,20240930,2024-09-30,1,301500,226125.0
1362,523,20240930,2024-09-30,2,301200,223150.0
742,1476,20240930,2024-09-30,2,301000,150500.0
1435,1403,20240930,2024-09-30,4,301000,215750.0
1368,2273,20240930,2024-09-30,8,300600,150300.0
442,1121,20240930,2024-09-30,1,300600,225450.0
851,448,20240930,2024-09-30,4,300500,209925.0
1115,894,20240930,2024-09-30,3,300500,150250.0
919,1909,20240930,2024-09-30,2,300000,230000.0
1195,2048,20240930,2024-09-30,1,300000,225000.0
1390,1386,20240930,2024-09-30,2,300000,255000.0
180,996,20240930,2024-09-30,1,300000,150000.0
569,1847,20240930,2024-09-30,1,300000,225000.0
905,1148,20240930,2024-09-30,1,300000,225000.0
1129,1957,20240930,2024-09-30,1,300000,225000.0
200,294,20240930,2024-09-30,1,300000,225000.0
209,20,20240930,2024-09-30,1,300000,225000.0
296,1822,20240930,2024-09-30,1,300000,225000.0
555,107,20240930,2024-09-30,1,300000,150000.0
163,2384,20240930,2024-09-30,2,300000,255000.0
795,1446,20240930,2024-09-30,1,300000,225000.0
1205,122,20240930,2024-09-30,1,300000,225000.0
163,639,20240930,2024-09-30,2,300000,255000.0
163,1847,20240930,2024-09-30,2,300000,255000.0
974,879,20240930,2024-09-30,1,300000,225000.0
1390,624,20240930,2024-09-30,1,300000,225000.0
1400,2105,20240930,2024-09-30,1,300000,150000.0
905,1393,20240930,2024-09-30,1,300000,225000.0
1295,661,20240930,2024-09-30,1,300000,150000.0
163,1507,20240930,2024-09-30,2,300000,255000.0
524,640,20240930,2024-09-30,4,300000,150000.0
1390,863,20240930,2024-09-30,2,300000,255000.0
163,2044,20240930,2024-09-30,2,300000,255000.0
209,1435,20240930,2024-09-30,1,300000,225000.0
851,188,20240930,2024-09-30,1,300000,225000.0
1390,805,20240930,2024-09-30,2,300000,255000.0
163,2260,20240930,2024-09-30,2,300000,255000.0
235,2297,20240930,2024-09-30,2,300000,255000.0
305,186,20240930,2024-09-30,2,300000,255000.0
462,935,20240930,2024-09-30,1,300000,150000.0
721,1203,20240930,2024-09-30,1,300000,225000.0
163,1708,20240930,2024-09-30,2,300000,255000.0
102,301,20240930,2024-09-30,3,300000,255000.0
239,640,20240930,2024-09-30,1,300000,225000.0
905,2105,20240930,2024-09-30,2,300000,255000.0
919,1703,20240930,2024-09-30,2,300000,230000.0
1390,1394,20240930,2024-09-30,2,300000,255000.0
64,697,20240930,2024-09-30,1,300000,150000.0
1390,1904,20240930,2024-09-30,2,300000,255000.0
1390,2021,20240930,2024-09-30,2,300000,255000.0
109,1898,20240930,2024-09-30,1,300000,150000.0
905,1691,20240930,2024-09-30,1,300000,225000.0
919,1153,20240930,2024-09-30,2,300000,230000.0
1107,1396,20240930,2024-09-30,3,300000,150000.0
742,1482,20240930,2024-09-30,1,300000,150000.0
163,192,20240930,2024-09-30,2,300000,255000.0
163,1675,20240930,2024-09-30,2,300000,255000.0
784,1228,20240930,2024-09-30,2,300000,255000.0
905,344,20240930,2024-09-30,1,300000,225000.0
109,977,20240930,2024-09-30,1,300000,150000.0
905,1078,20240930,2024-09-30,1,300000,225000.0
962,2320,20240930,2024-09-30,1,300000,225000.0
163,1168,20240930,2024-09-30,2,300000,255000.0
191,2151,20240930,2024-09-30,1,300000,225000.0
742,645,20240930,2024-09-30,1,300000,150000.0
742,1935,20240930,2024-09-30,1,300000,150000.0
618,296,20240930,2024-09-30,1,300000,225000.0
109,269,20240930,2024-09-30,1,300000,150000.0
163,256,20240930,2024-09-30,2,300000,255000.0
163,2046,20240930,2024-09-30,2,300000,255000.0
1390,64,20240930,2024-09-30,1,300000,225000.0
305,2118,20240930,2024-09-30,2,300000,255000.0
1211,302,20240930,2024-09-30,2,300000,255000.0
606,970,20240930,2024-09-30,2,300000,150000.0
1065,2397,20240930,2024-09-30,1,300000,225000.0
1390,1266,20240930,2024-09-30,2,300000,255000.0
163,246,20240930,2024-09-30,2,300000,255000.0
763,659,20240930,2024-09-30,1,300000,225000.0
109,1391,20240930,2024-09-30,1,300000,150000.0
552,671,20240930,2024-09-30,1,300000,225000.0
742,1298,20240930,2024-09-30,2,300000,150000.0
92,166,20240930,2024-09-30,1,300000,225000.0
1390,250,20240930,2024-09-30,2,300000,255000.0
1408,1619,20240930,2024-09-30,1,300000,150000.0
163,1006,20240930,2024-09-30,2,300000,255000.0
1065,1681,20240930,2024-09-30,2,300000,255000.0
1390,1230,20240930,2024-09-30,2,300000,255000.0
163,1542,20240930,2024-09-30,2,300000,255000.0
155,2093,20240930,2024-09-30,1,300000,225000.0
163,240,20240930,2024-09-30,2,300000,255000.0
1166,160,20240930,2024-09-30,1,300000,150000.0
1409,125,20240930,2024-09-30,1,300000,225000.0
163,1703,20240930,2024-09-30,2,300000,255000.0
673,1888,20240930,2024-09-30,1,300000,150000.0
163,2088,20240930,2024-09-30,2,300000,255000.0
1195,188,20240930,2024-09-30,1,300000,150000.0
1163,285,20240930,2024-09-30,3,300000,255000.0
97,1752,20240930,2024-09-30,4,300000,150000.0
977,183,20240930,2024-09-30,1,300000,150000.0
163,1061,20240930,2024-09-30,2,300000,255000.0
682,1488,20240930,2024-09-30,2,300000,255000.0
383,492,20240930,2024-09-30,2,300000,150000.0
463,1479,20240930,2024-09-30,1,300000,225000.0
905,585,20240930,2024-09-30,1,300000,225000.0
905,2082,20240930,2024-09-30,1,300000,225000.0
239,177,20240930,2024-09-30,1,300000,225000.0
682,280,20240930,2024-09-30,2,300000,255000.0
1390,1918,20240930,2024-09-30,1,300000,225000.0
109,1835,20240930,2024-09-30,1,300000,225000.0
1295,938,20240930,2024-09-30,4,300000,202500.0
1390,1392,20240930,2024-09-30,2,300000,255000.0
163,537,20240930,2024-09-30,2,300000,255000.0
163,2022,20240930,2024-09-30,2,300000,255000.0
1390,314,20240930,2024-09-30,2,300000,255000.0
197,1695,20240930,2024-09-30,1,300000,225000.0
286,866,20240930,2024-09-30,1,300000,225000.0
1065,1716,20240930,2024-09-30,6,300000,255000.0
163,1380,20240930,2024-09-30,2,300000,255000.0
163,1233,20240930,2024-09-30,2,300000,255000.0
163,2288,20240930,2024-09-30,2,300000,255000.0
525,559,20240930,2024-09-30,1,300000,150000.0
544,2388,20240930,2024-09-30,1,300000,225000.0
163,179,20240930,2024-09-30,2,300000,255000.0
951,1424,20240930,2024-09-30,1,300000,225000.0
1195,135,20240930,2024-09-30,1,300000,225000.0
1364,188,20240930,2024-09-30,1,300000,225000.0
396,981,20240930,2024-09-30,2,300000,202500.0
163,264,20240930,2024-09-30,2,300000,255000.0
109,388,20240930,2024-09-30,1,300000,150000.0
305,1380,20240930,2024-09-30,2,300000,255000.0
1163,295,20240930,2024-09-30,1,300000,225000.0
1285,579,20240930,2024-09-30,1,300000,225000.0
682,55,20240930,2024-09-30,2,300000,255000.0
163,107,20240930,2024-09-30,2,300000,255000.0
403,2006,20240930,2024-09-30,1,300000,225000.0
163,2290,20240930,2024-09-30,2,300000,255000.0
92,1424,20240930,2024-09-30,1,300000,225000.0
109,1544,20240930,2024-09-30,1,300000,150000.0
163,1554,20240930,2024-09-30,2,300000,255000.0
919,1323,20240930,2024-09-30,2,300000,255000.0
479,1466,20240930,2024-09-30,2,300000,255000.0
163,1641,20240930,2024-09-30,2,300000,255000.0
230,1280,20240930,2024-09-30,1,300000,225000.0
1390,1260,20240930,2024-09-30,1,300000,225000.0
109,307,20240930,2024-09-30,1,300000,150000.0
170,1812,20240930,2024-09-30,1,300000,150000.0
866,531,20240930,2024-09-30,1,300000,225000.0
905,27,20240930,2024-09-30,1,300000,225000.0
365,859,20240930,2024-09-30,1,300000,225000.0
762,1691,20240930,2024-09-30,1,300000,225000.0
905,1734,20240930,2024-09-30,1,300000,225000.0
742,1452,20240930,2024-09-30,1,300000,150000.0
795,622,20240930,2024-09-30,1,300000,225000.0
1209,1467,20240930,2024-09-30,1,300000,225000.0
1390,1360,20240930,2024-09-30,1,300000,225000.0
235,1477,20240930,2024-09-30,2,300000,255000.0
235,1542,20240930,2024-09-30,2,300000,255000.0
784,1450,20240930,2024-09-30,2,300000,255000.0
919,2325,20240930,2024-09-30,2,300000,255000.0
163,407,20240930,2024-09-30,2,300000,255000.0
807,2079,20240930,2024-09-30,2,300000,255000.0
1065,301,20240930,2024-09-30,5,300000,255000.0
1361,460,20240930,2024-09-30,1,300000,225000.0
1390,2221,20240930,2024-09-30,1,300000,225000.0
209,1822,20240930,2024-09-30,1,300000,225000.0
919,843,20240930,2024-09-30,2,300000,230000.0
1463,866,20240930,2024-09-30,1,300000,150000.0
163,18,20240930,2024-09-30,2,300000,255000.0
163,1397,20240930,2024-09-30,2,300000,255000.0
919,875,20240930,2024-09-30,2,300000,230000.0
209,1282,20240930,2024-09-30,1,300000,225000.0
483,899,20240930,2024-09-30,1,300000,225000.0
905,42,20240930,2024-09-30,1,300000,225000.0
163,1448,20240930,2024-09-30,2,300000,255000.0
305,148,20240930,2024-09-30,2,300000,255000.0
205,252,20240930,2024-09-30,1,300000,225000.0
905,1647,20240930,2024-09-30,1,300000,225000.0
1390,492,20240930,2024-09-30,2,300000,255000.0
1390,1385,20240930,2024-09-30,2,300000,255000.0
163,1228,20240930,2024-09-30,2,300000,255000.0
235,246,20240930,2024-09-30,2,300000,255000.0
784,303,20240930,2024-09-30,2,300000,255000.0
163,1470,20240930,2024-09-30,2,300000,255000.0
484,949,20240930,2024-09-30,3,300000,255000.0
1390,1511,20240930,2024-09-30,2,300000,255000.0
305,857,20240930,2024-09-30,2,300000,255000.0
163,1073,20240930,2024-09-30,2,300000,255000.0
163,1264,20240930,2024-09-30,2,300000,255000.0
264,598,20240930,2024-09-30,1,300000,225000.0
905,1482,20240930,2024-09-30,1,300000,225000.0
1390,1820,20240930,2024-09-30,2,300000,255000.0
557,1590,20240930,2024-09-30,1,300000,150000.0
156,184,20240930,2024-09-30,6,300000,150000.0
687,1441,20240930,2024-09-30,1,300000,225000.0
1390,299,20240930,2024-09-30,2,300000,255000.0
109,1884,20240930,2024-09-30,1,300000,150000.0
1409,1472,20240930,2024-09-30,1,300000,225000.0
1390,332,20240930,2024-09-30,2,300000,255000.0
163,1492,20240930,2024-09-30,2,300000,255000.0
217,157,20240930,2024-09-30,1,300000,225000.0
1390,747,20240930,2024-09-30,2,300000,255000.0
85,199,20240930,2024-09-30,1,300000,225000.0
163,2176,20240930,2024-09-30,2,300000,255000.0
305,211,20240930,2024-09-30,2,300000,255000.0
905,2309,20240930,2024-09-30,2,300000,232500.0
1163,292,20240930,2024-09-30,2,300000,235000.0
324,394,20240930,2024-09-30,1,300000,225000.0
916,1276,20240930,2024-09-30,1,300000,225000.0
120,722,20240930,2024-09-30,1,300000,225000.0
479,137,20240930,2024-09-30,2,300000,255000.0
754,122,20240930,2024-09-30,1,300000,225000.0
846,1692,20240930,2024-09-30,1,300000,225000.0
305,949,20240930,2024-09-30,2,300000,255000.0
163,1713,20240930,2024-09-30,2,300000,255000.0
1362,948,20240930,2024-09-30,1,300000,225000.0
328,211,20240930,2024-09-30,1,300000,150000.0
305,697,20240930,2024-09-30,2,300000,255000.0
1163,2079,20240930,2024-09-30,2,300000,235000.0
1390,1816,20240930,2024-09-30,2,300000,255000.0
163,1277,20240930,2024-09-30,2,300000,255000.0
905,2279,20240930,2024-09-30,1,300000,225000.0
224,1542,20240930,2024-09-30,1,300000,150000.0
591,627,20240930,2024-09-30,2,300000,240000.0
905,2005,20240930,2024-09-30,1,300000,225000.0
1390,1947,20240930,2024-09-30,1,300000,225000.0
1441,1913,20240930,2024-09-30,1,300000,225000.0
109,709,20240930,2024-09-30,1,300000,150000.0
919,1953,20240930,2024-09-30,2,300000,230000.0
963,2389,20240930,2024-09-30,1,300000,225000.0
1207,2272,20240930,2024-09-30,1,300000,225000.0
919,1236,20240930,2024-09-30,1,300000,225000.0
1390,1970,20240930,2024-09-30,2,300000,255000.0
163,1658,20240930,2024-09-30,2,300000,255000.0
1219,233,20240930,2024-09-30,1,300000,225000.0
235,697,20240930,2024-09-30,2,300000,255000.0
725,927,20240930,2024-09-30,1,300000,150000.0
905,1288,20240930,2024-09-30,1,300000,225000.0
163,873,20240930,2024-09-30,2,300000,255000.0
235,1540,20240930,2024-09-30,2,300000,255000.0
137,1660,20240930,2024-09-30,1,300000,225000.0
163,67,20240930,2024-09-30,2,300000,255000.0
402,886,20240930,2024-09-30,1,300000,225000.0
1168,2193,20240930,2024-09-30,1,300000,150000.0
462,1524,20240930,2024-09-30,2,300000,150000.0
1030,351,20240930,2024-09-30,1,300000,225000.0
1367,993,20240930,2024-09-30,1,300000,225000.0
163,2054,20240930,2024-09-30,2,300000,255000.0
305,1619,20240930,2024-09-30,2,300000,255000.0
163,1253,20240930,2024-09-30,2,300000,255000.0
305,308,20240930,2024-09-30,2,300000,255000.0
742,1572,20240930,2024-09-30,1,300000,150000.0
784,1039,20240930,2024-09-30,2,300000,240000.0
1441,2048,20240930,2024-09-30,1,300000,225000.0
186,855,20240930,2024-09-30,2,300000,150000.0
755,163,20240930,2024-09-30,1,300000,225000.0
109,263,20240930,2024-09-30,1,300000,150000.0
685,1007,20240930,2024-09-30,1,300000,150000.0
479,293,20240930,2024-09-30,2,300000,255000.0
664,268,20240930,2024-09-30,2,300000,150000.0
795,1904,20240930,2024-09-30,1,300000,225000.0
305,250,20240930,2024-09-30,2,300000,255000.0
479,2008,20240930,2024-09-30,2,300000,255000.0
933,1693,20240930,2024-09-30,2,300000,212500.0
1219,1704,20240930,2024-09-30,2,300000,150000.0
163,2259,20240930,2024-09-30,2,300000,255000.0
1386,1947,20240930,2024-09-30,1,300000,225000.0
1163,1257,20240930,2024-09-30,1,300000,225000.0
1390,177,20240930,2024-09-30,1,300000,225000.0
742,2328,20240930,2024-09-30,2,300000,150000.0
163,2348,20240930,2024-09-30,2,300000,255000.0
972,935,20240930,2024-09-30,1,300000,225000.0
163,488,20240930,2024-09-30,2,300000,255000.0
479,211,20240930,2024-09-30,2,300000,255000.0
1424,1996,20240930,2024-09-30,1,300000,225000.0
784,1480,20240930,2024-09-30,2,300000,255000.0
163,1298,20240930,2024-09-30,2,300000,255000.0
163,883,20240930,2024-09-30,2,300000,255000.0
163,1716,20240930,2024-09-30,2,300000,255000.0
163,2019,20240930,2024-09-30,2,300000,255000.0
163,794,20240930,2024-09-30,2,300000,255000.0
682,309,20240930,2024-09-30,2,300000,255000.0
109,1244,20240930,2024-09-30,1,300000,150000.0
1065,155,20240930,2024-09-30,1,300000,225000.0
163,1832,20240930,2024-09-30,2,300000,255000.0
978,1713,20240930,2024-09-30,1,300000,150000.0
1015,2323,20240930,2024-09-30,1,300000,150000.0
1390,1554,20240930,2024-09-30,2,300000,255000.0
730,1837,20240930,2024-09-30,1,300000,225000.0
1390,262,20240930,2024-09-30,2,300000,255000.0
742,2279,20240930,2024-09-30,1,300000,150000.0
1358,1148,20240930,2024-09-30,1,300000,225000.0
1390,829,20240930,2024-09-30,1,300000,225000.0
784,181,20240930,2024-09-30,2,300000,255000.0
1390,265,20240930,2024-09-30,2,300000,255000.0
1466,1414,20240930,2024-09-30,2,300000,255000.0
682,1977,20240930,2024-09-30,2,300000,255000.0
831,1033,20240930,2024-09-30,1,300000,150000.0
916,341,20240930,2024-09-30,1,300000,225000.0
933,668,20240930,2024-09-30,1,300000,150000.0
1144,83,20240930,2024-09-30,2,300000,212500.0
624,305,20240930,2024-09-30,1,300000,150000.0
1386,310,20240930,2024-09-30,1,300000,150000.0
305,2291,20240930,2024-09-30,2,300000,255000.0
905,320,20240930,2024-09-30,1,300000,225000.0
84,865,20240930,2024-09-30,1,300000,225000.0
163,1307,20240930,2024-09-30,2,300000,255000.0
905,510,20240930,2024-09-30,1,300000,225000.0
520,146,20240930,2024-09-30,1,300000,225000.0
581,1040,20240930,2024-09-30,2,299900,149950.0
1219,1368,20240930,2024-09-30,6,299500,149750.0
773,687,20240930,2024-09-30,1,299000,224250.0
102,1516,20240930,2024-09-30,1,299000,224250.0
754,1470,20240930,2024-09-30,7,299000,149500.0
201,1572,20240930,2024-09-30,1,299000,224250.0
163,1360,20240930,2024-09-30,2,298700,253895.0
420,1527,20240930,2024-09-30,1,298700,224025.0
645,1600,20240930,2024-09-30,1,298500,223875.0
754,2253,20240930,2024-09-30,2,298500,149250.0
1389,913,20240930,2024-09-30,1,298000,223500.0
8,938,20240930,2024-09-30,1,298000,223500.0
200,1379,20240930,2024-09-30,1,297900,223425.0
1436,869,20240930,2024-09-30,1,297600,223200.0
1362,1986,20240930,2024-09-30,2,297600,216950.0
1176,2273,20240930,2024-09-30,1,297500,223125.0
109,402,20240930,2024-09-30,1,297500,148750.0
474,1030,20240930,2024-09-30,1,297500,223125.0
657,1905,20240930,2024-09-30,1,297400,223050.0
664,301,20240930,2024-09-30,1,297300,222975.0
784,1383,20240930,2024-09-30,3,297100,252535.0
163,2178,20240930,2024-09-30,2,297000,252450.0
483,158,20240930,2024-09-30,1,297000,222750.0
1467,820,20240930,2024-09-30,1,297000,222750.0
163,375,20240930,2024-09-30,2,296900,252365.0
966,1782,20240930,2024-09-30,3,296600,224750.0
1435,206,20240930,2024-09-30,1,296500,222375.0
264,248,20240930,2024-09-30,1,296500,222375.0
807,1004,20240930,2024-09-30,1,296400,222300.0
1295,2036,20240930,2024-09-30,2,296300,215975.0
866,2125,20240930,2024-09-30,1,296300,222225.0
416,1948,20240930,2024-09-30,1,296200,222150.0
305,1424,20240930,2024-09-30,1,296000,222000.0
626,344,20240930,2024-09-30,1,296000,222000.0
1222,1519,20240930,2024-09-30,2,296000,232500.0
1424,2000,20240930,2024-09-30,1,296000,222000.0
305,286,20240930,2024-09-30,2,295700,251345.0
831,2309,20240930,2024-09-30,3,295400,173565.0
1195,1647,20240930,2024-09-30,1,295200,221400.0
309,154,20240930,2024-09-30,2,295000,147500.0
163,336,20240930,2024-09-30,2,295000,250750.0
479,192,20240930,2024-09-30,1,295000,221250.0
664,829,20240930,2024-09-30,1,295000,221250.0
818,2233,20240930,2024-09-30,2,295000,147500.0
1399,956,20240930,2024-09-30,1,295000,221250.0
209,2058,20240930,2024-09-30,1,295000,221250.0
1010,1734,20240930,2024-09-30,1,295000,221250.0
1012,2236,20240930,2024-09-30,2,295000,147500.0
205,1647,20240930,2024-09-30,1,295000,221250.0
1201,1375,20240930,2024-09-30,4,295000,240250.0
1435,1380,20240930,2024-09-30,2,295000,218750.0
401,1026,20240930,2024-09-30,1,294800,221100.0
411,584,20240930,2024-09-30,1,294800,221100.0
305,826,20240930,2024-09-30,2,294300,235725.0
109,154,20240930,2024-09-30,2,294000,147000.0
479,2022,20240930,2024-09-30,1,294000,220500.0
135,700,20240930,2024-09-30,1,294000,220500.0
479,158,20240930,2024-09-30,1,294000,220500.0
163,253,20240930,2024-09-30,2,294000,249900.0
1295,1310,20240930,2024-09-30,2,294000,213000.0
754,2193,20240930,2024-09-30,2,294000,183000.0
479,650,20240930,2024-09-30,1,293700,220275.0
1368,158,20240930,2024-09-30,9,293000,146500.0
975,157,20240930,2024-09-30,2,293000,249050.0
919,960,20240930,2024-09-30,2,292800,248880.0
784,305,20240930,2024-09-30,1,292700,219525.0
109,2048,20240930,2024-09-30,1,292500,146250.0
104,927,20240930,2024-09-30,1,292500,219375.0
380,857,20240930,2024-09-30,1,292000,219000.0
682,265,20240930,2024-09-30,2,292000,248200.0
163,1374,20240930,2024-09-30,2,291900,248115.0
163,201,20240930,2024-09-30,3,291800,248030.0
1436,1674,20240930,2024-09-30,1,291600,218700.0
856,1360,20240930,2024-09-30,1,291000,218250.0
978,1734,20240930,2024-09-30,3,291000,217600.0
163,1398,20240930,2024-09-30,2,291000,247350.0
919,1451,20240930,2024-09-30,4,290900,247265.0
235,1088,20240930,2024-09-30,1,290900,218175.0
163,1493,20240930,2024-09-30,2,290600,247010.0
1167,1105,20240930,2024-09-30,1,290500,217875.0
474,483,20240930,2024-09-30,1,290200,217650.0
163,747,20240930,2024-09-30,3,290100,246585.0
479,365,20240930,2024-09-30,1,290000,217500.0
905,214,20240930,2024-09-30,3,290000,232500.0
1454,1148,20240930,2024-09-30,1,290000,217500.0
123,530,20240930,2024-09-30,1,290000,217500.0
742,1380,20240930,2024-09-30,3,290000,145000.0
633,1493,20240930,2024-09-30,2,290000,145000.0
253,939,20240930,2024-09-30,1,290000,217500.0
1454,1926,20240930,2024-09-30,1,290000,217500.0
963,1477,20240930,2024-09-30,1,290000,217500.0
1362,137,20240930,2024-09-30,5,290000,145000.0
1368,1647,20240930,2024-09-30,9,290000,145000.0
588,1641,20240930,2024-09-30,1,290000,217500.0
1295,1472,20240930,2024-09-30,2,290000,210000.0
209,1947,20240930,2024-09-30,1,290000,217500.0
866,1203,20240930,2024-09-30,3,290000,232500.0
1420,985,20240930,2024-09-30,1,290000,145000.0
231,1227,20240930,2024-09-30,1,290000,217500.0
1462,2275,20240930,2024-09-30,1,290000,217500.0
919,1384,20240930,2024-09-30,5,289800,246330.0
1378,56,20240930,2024-09-30,1,289600,217200.0
350,770,20240930,2024-09-30,1,289500,144750.0
1295,264,20240930,2024-09-30,2,289300,210725.0
481,2275,20240930,2024-09-30,1,289000,216750.0
257,1482,20240930,2024-09-30,4,289000,144500.0
613,1942,20240930,2024-09-30,1,288700,216525.0
1402,923,20240930,2024-09-30,1,288600,216450.0
102,1685,20240930,2024-09-30,1,288400,216300.0
1159,845,20240930,2024-09-30,2,288400,144200.0
109,1847,20240930,2024-09-30,2,288000,144000.0
147,465,20240930,2024-09-30,1,288000,216000.0
679,2246,20240930,2024-09-30,1,288000,216000.0
1264,925,20240930,2024-09-30,1,288000,216000.0
163,802,20240930,2024-09-30,2,287500,244375.0
1000,269,20240930,2024-09-30,1,287500,215625.0
1295,606,20240930,2024-09-30,2,287000,209000.0
995,1992,20240930,2024-09-30,2,287000,226750.0
1065,650,20240930,2024-09-30,1,287000,215250.0
829,1935,20240930,2024-09-30,1,286500,214875.0
1362,1041,20240930,2024-09-30,4,286300,184325.0
1254,1086,20240930,2024-09-30,2,286000,221100.0
666,1387,20240930,2024-09-30,1,286000,214500.0
382,2105,20240930,2024-09-30,2,285800,142900.0
1356,361,20240930,2024-09-30,1,285000,213750.0
322,1926,20240930,2024-09-30,1,285000,213750.0
905,1819,20240930,2024-09-30,2,285000,242250.0
818,1442,20240930,2024-09-30,5,285000,221250.0
163,1072,20240930,2024-09-30,2,285000,242250.0
1117,2268,20240930,2024-09-30,1,285000,213750.0
754,186,20240930,2024-09-30,8,285000,142500.0
977,1394,20240930,2024-09-30,2,285000,205000.0
818,1441,20240930,2024-09-30,3,285000,208750.0
1130,2144,20240930,2024-09-30,2,285000,189750.0
209,1581,20240930,2024-09-30,1,285000,213750.0
651,2258,20240930,2024-09-30,1,285000,213750.0
688,1051,20240930,2024-09-30,1,285000,213750.0
662,211,20240930,2024-09-30,1,285000,213750.0
1041,1857,20240930,2024-09-30,1,285000,213750.0
1295,154,20240930,2024-09-30,2,285000,207500.0
964,1199,20240930,2024-09-30,1,285000,213750.0
919,1672,20240930,2024-09-30,6,284900,242165.0
540,261,20240930,2024-09-30,1,284800,213600.0
1295,1676,20240930,2024-09-30,2,284500,207125.0
881,1469,20240930,2024-09-30,1,284500,213375.0
589,1462,20240930,2024-09-30,10,284000,142000.0
824,1435,20240930,2024-09-30,1,284000,213000.0
576,161,20240930,2024-09-30,2,284000,216400.0
784,2151,20240930,2024-09-30,2,283800,215960.0
742,2291,20240930,2024-09-30,2,283600,190200.0
1065,2345,20240930,2024-09-30,2,283500,217625.0
546,164,20240930,2024-09-30,1,283300,212475.0
249,460,20240930,2024-09-30,1,283200,212400.0
163,2328,20240930,2024-09-30,2,283000,240550.0
1222,1535,20240930,2024-09-30,1,283000,212250.0
724,2293,20240930,2024-09-30,1,283000,212250.0
1077,1177,20240930,2024-09-30,1,282800,212100.0
102,2001,20240930,2024-09-30,1,282500,211875.0
1065,306,20240930,2024-09-30,7,282500,240125.0
200,883,20240930,2024-09-30,2,282200,214870.0
463,1683,20240930,2024-09-30,1,282000,211500.0
1243,1041,20240930,2024-09-30,3,282000,204000.0
807,697,20240930,2024-09-30,1,282000,211500.0
647,477,20240930,2024-09-30,1,282000,211500.0
1368,516,20240930,2024-09-30,7,281900,140950.0
1295,1556,20240930,2024-09-30,5,281800,168900.0
354,246,20240930,2024-09-30,1,281500,211125.0
754,865,20240930,2024-09-30,2,281500,204875.0
1175,1634,20240930,2024-09-30,1,281500,211125.0
305,1261,20240930,2024-09-30,2,281300,239105.0
851,1004,20240930,2024-09-30,3,281300,239105.0
520,298,20240930,2024-09-30,1,281000,210750.0
240,599,20240930,2024-09-30,1,281000,210750.0
163,945,20240930,2024-09-30,2,281000,238850.0
1295,163,20240930,2024-09-30,2,281000,203250.0
708,979,20240930,2024-09-30,1,280900,210675.0
163,255,20240930,2024-09-30,2,280900,238765.0
350,2141,20240930,2024-09-30,1,280600,140300.0
671,1986,20240930,2024-09-30,1,280500,210375.0
1362,217,20240930,2024-09-30,6,280400,140200.0
264,2129,20240930,2024-09-30,1,280400,210300.0
74,1103,20240930,2024-09-30,2,280000,185000.0
239,534,20240930,2024-09-30,1,280000,210000.0
291,2373,20240930,2024-09-30,3,280000,140000.0
754,1576,20240930,2024-09-30,1,280000,140000.0
914,857,20240930,2024-09-30,2,280000,190000.0
209,1607,20240930,2024-09-30,1,280000,210000.0
586,1760,20240930,2024-09-30,1,280000,210000.0
792,1981,20240930,2024-09-30,2,280000,220000.0
11,923,20240930,2024-09-30,1,280000,210000.0
972,971,20240930,2024-09-30,1,280000,210000.0
80,905,20240930,2024-09-30,5,280000,140000.0
1244,73,20240930,2024-09-30,1,280000,210000.0
563,1952,20240930,2024-09-30,1,280000,210000.0
209,128,20240930,2024-09-30,2,280000,238000.0
664,18,20240930,2024-09-30,2,280000,197500.0
818,884,20240930,2024-09-30,6,280000,186250.0
818,2150,20240930,2024-09-30,3,280000,211750.0
1295,816,20240930,2024-09-30,2,280000,202500.0
259,978,20240930,2024-09-30,1,280000,140000.0
586,1785,20240930,2024-09-30,1,280000,210000.0
197,158,20240930,2024-09-30,1,280000,210000.0
1169,49,20240930,2024-09-30,1,279900,209925.0
348,554,20240930,2024-09-30,2,279000,217520.0
522,1647,20240930,2024-09-30,1,279000,209250.0
830,1691,20240930,2024-09-30,1,279000,209250.0
189,18,20240930,2024-09-30,1,279000,209250.0
420,125,20240930,2024-09-30,1,278900,209175.0
264,2184,20240930,2024-09-30,1,278900,209175.0
163,1087,20240930,2024-09-30,2,278500,236725.0
547,344,20240930,2024-09-30,1,278000,208500.0
908,866,20240930,2024-09-30,2,278000,139000.0
754,657,20240930,2024-09-30,3,278000,199750.0
1362,143,20240930,2024-09-30,9,278000,139000.0
1065,831,20240930,2024-09-30,6,278000,236300.0
831,997,20240930,2024-09-30,4,278000,196050.0
327,369,20240930,2024-09-30,1,278000,208500.0
1295,953,20240930,2024-09-30,5,278000,174000.0
76,1714,20240930,2024-09-30,1,277500,208125.0
305,1573,20240930,2024-09-30,2,277500,235875.0
999,1516,20240930,2024-09-30,2,277500,201875.0
919,172,20240930,2024-09-30,2,277400,210790.0
215,148,20240930,2024-09-30,1,277300,207975.0
200,2258,20240930,2024-09-30,1,277000,207750.0
592,972,20240930,2024-09-30,2,277000,176500.0
930,1371,20240930,2024-09-30,10,277000,150750.0
97,1740,20240930,2024-09-30,6,277000,138500.0
919,643,20240930,2024-09-30,1,276800,207600.0
1072,388,20240930,2024-09-30,1,276700,207525.0
997,2083,20240930,2024-09-30,1,276700,207525.0
200,423,20240930,2024-09-30,1,276600,207450.0
299,1968,20240930,2024-09-30,1,276500,207375.0
518,1444,20240930,2024-09-30,2,276500,215975.0
1358,1153,20240930,2024-09-30,1,276300,207225.0
523,1662,20240930,2024-09-30,1,276300,207225.0
210,128,20240930,2024-09-30,1,276200,207150.0
907,2344,20240930,2024-09-30,1,276100,207075.0
163,1953,20240930,2024-09-30,2,276000,234600.0
1139,28,20240930,2024-09-30,1,276000,207000.0
825,1235,20240930,2024-09-30,1,276000,207000.0
305,882,20240930,2024-09-30,2,276000,234600.0
1065,1478,20240930,2024-09-30,1,276000,207000.0
291,2368,20240930,2024-09-30,4,275900,137950.0
234,450,20240930,2024-09-30,1,275700,206775.0
1295,2002,20240930,2024-09-30,2,275700,200525.0
919,400,20240930,2024-09-30,5,275700,234345.0
310,1071,20240930,2024-09-30,2,275400,209090.0
842,978,20240930,2024-09-30,2,275300,192975.0
1358,1149,20240930,2024-09-30,2,275000,193750.0
819,282,20240930,2024-09-30,1,275000,206250.0
742,2340,20240930,2024-09-30,2,275000,137500.0
209,1970,20240930,2024-09-30,1,275000,206250.0
553,1375,20240930,2024-09-30,2,275000,137500.0
1241,492,20240930,2024-09-30,1,275000,206250.0
200,978,20240930,2024-09-30,6,275000,233750.0
1219,240,20240930,2024-09-30,3,275000,137500.0
1295,916,20240930,2024-09-30,3,275000,190000.0
462,1888,20240930,2024-09-30,1,275000,137500.0
1127,447,20240930,2024-09-30,1,275000,137500.0
1219,1437,20240930,2024-09-30,3,275000,137500.0
209,155,20240930,2024-09-30,1,275000,206250.0
795,1378,20240930,2024-09-30,1,275000,206250.0
1390,2259,20240930,2024-09-30,1,275000,206250.0
1043,1004,20240930,2024-09-30,1,275000,137500.0
905,1735,20240930,2024-09-30,2,275000,193750.0
919,853,20240930,2024-09-30,2,275000,208750.0
649,454,20240930,2024-09-30,1,275000,206250.0
905,662,20240930,2024-09-30,1,275000,206250.0
943,2291,20240930,2024-09-30,1,275000,206250.0
905,570,20240930,2024-09-30,3,275000,216250.0
669,2275,20240930,2024-09-30,2,275000,137500.0
268,805,20240930,2024-09-30,1,275000,206250.0
905,745,20240930,2024-09-30,1,275000,206250.0
435,1075,20240930,2024-09-30,1,275000,206250.0
117,882,20240930,2024-09-30,1,275000,206250.0
883,2294,20240930,2024-09-30,1,275000,206250.0
905,2022,20240930,2024-09-30,1,275000,206250.0
156,137,20240930,2024-09-30,3,275000,137500.0
1390,1118,20240930,2024-09-30,2,275000,213750.0
1390,465,20240930,2024-09-30,2,275000,233750.0
1441,253,20240930,2024-09-30,1,275000,206250.0
905,1252,20240930,2024-09-30,1,275000,206250.0
1149,707,20240930,2024-09-30,1,275000,206250.0
228,869,20240930,2024-09-30,1,275000,137500.0
237,2083,20240930,2024-09-30,1,275000,206250.0
905,842,20240930,2024-09-30,3,275000,233750.0
875,2248,20240930,2024-09-30,1,275000,206250.0
483,1472,20240930,2024-09-30,1,275000,206250.0
905,184,20240930,2024-09-30,2,275000,233750.0
919,2043,20240930,2024-09-30,2,275000,208750.0
919,2315,20240930,2024-09-30,6,274600,233410.0
226,2088,20240930,2024-09-30,1,274500,205875.0
350,749,20240930,2024-09-30,4,274500,197325.0
916,301,20240930,2024-09-30,1,274000,205500.0
95,939,20240930,2024-09-30,1,274000,205500.0
1362,2015,20240930,2024-09-30,1,274000,205500.0
742,2093,20240930,2024-09-30,2,274000,137000.0
825,1257,20240930,2024-09-30,1,274000,205500.0
1435,341,20240930,2024-09-30,7,273800,176730.0
919,118,20240930,2024-09-30,4,273600,232560.0
264,291,20240930,2024-09-30,1,273500,205125.0
1197,592,20240930,2024-09-30,1,273000,204750.0
1379,322,20240930,2024-09-30,1,273000,204750.0
217,163,20240930,2024-09-30,1,273000,204750.0
1295,1584,20240930,2024-09-30,3,273000,228550.0
919,53,20240930,2024-09-30,2,272900,209465.0
784,314,20240930,2024-09-30,2,272700,231795.0
239,1529,20240930,2024-09-30,1,272500,204375.0
1362,185,20240930,2024-09-30,2,272200,191650.0
316,1947,20240930,2024-09-30,1,272000,204000.0
671,306,20240930,2024-09-30,1,272000,204000.0
230,1300,20240930,2024-09-30,2,272000,214000.0
96,1621,20240930,2024-09-30,1,272000,136000.0
1065,1279,20240930,2024-09-30,3,272000,211000.0
1295,377,20240930,2024-09-30,2,272000,199000.0
1266,1546,20240930,2024-09-30,1,272000,204000.0
588,2220,20240930,2024-09-30,1,272000,204000.0
119,1120,20240930,2024-09-30,1,271800,135900.0
163,2245,20240930,2024-09-30,2,271700,230945.0
512,1421,20240930,2024-09-30,1,271300,203475.0
795,108,20240930,2024-09-30,1,271000,135500.0
905,1674,20240930,2024-09-30,1,271000,203250.0
857,1118,20240930,2024-09-30,1,271000,203250.0
1340,246,20240930,2024-09-30,3,271000,135500.0
479,584,20240930,2024-09-30,1,271000,203250.0
540,870,20240930,2024-09-30,1,270800,203100.0
671,2179,20240930,2024-09-30,1,270300,202725.0
479,1878,20240930,2024-09-30,1,270200,202650.0
901,1483,20240930,2024-09-30,1,270000,202500.0
510,90,20240930,2024-09-30,1,270000,202500.0
1359,1634,20240930,2024-09-30,1,270000,202500.0
1312,1557,20240930,2024-09-30,1,270000,202500.0
792,355,20240930,2024-09-30,2,270000,207500.0
209,2274,20240930,2024-09-30,1,270000,202500.0
503,1549,20240930,2024-09-30,2,270000,209500.0
795,1451,20240930,2024-09-30,1,270000,202500.0
109,1279,20240930,2024-09-30,1,270000,135000.0
711,961,20240930,2024-09-30,1,270000,202500.0
102,300,20240930,2024-09-30,2,270000,229500.0
1390,270,20240930,2024-09-30,1,270000,202500.0
420,166,20240930,2024-09-30,1,270000,202500.0
1125,1315,20240930,2024-09-30,1,270000,135000.0
1390,1338,20240930,2024-09-30,2,270000,229500.0
235,1945,20240930,2024-09-30,2,270000,229500.0
1286,1466,20240930,2024-09-30,1,270000,202500.0
214,169,20240930,2024-09-30,1,270000,202500.0
682,157,20240930,2024-09-30,2,270000,229500.0
1390,18,20240930,2024-09-30,2,270000,229500.0
807,125,20240930,2024-09-30,1,270000,202500.0
1390,1310,20240930,2024-09-30,2,270000,229500.0
200,118,20240930,2024-09-30,1,270000,202500.0
898,1392,20240930,2024-09-30,1,270000,202500.0
163,1841,20240930,2024-09-30,2,270000,229500.0
16,122,20240930,2024-09-30,1,270000,202500.0
1139,659,20240930,2024-09-30,1,270000,202500.0
1335,2259,20240930,2024-09-30,1,270000,135000.0
665,880,20240930,2024-09-30,1,270000,202500.0
1368,1639,20240930,2024-09-30,6,270000,135000.0
1433,1599,20240930,2024-09-30,1,270000,135000.0
272,1372,20240930,2024-09-30,1,270000,202500.0
199,474,20240930,2024-09-30,1,270000,135000.0
41,196,20240930,2024-09-30,1,270000,202500.0
977,261,20240930,2024-09-30,6,270000,135000.0
1044,598,20240930,2024-09-30,2,270000,190000.0
919,175,20240930,2024-09-30,5,269600,229160.0
10,2341,20240930,2024-09-30,1,269000,201750.0
106,1981,20240930,2024-09-30,1,269000,201750.0
919,697,20240930,2024-09-30,4,268900,228565.0
1144,1118,20240930,2024-09-30,1,268900,201675.0
462,948,20240930,2024-09-30,2,268900,134450.0
1435,1820,20240930,2024-09-30,2,268800,189100.0
131,1847,20240930,2024-09-30,1,268600,201450.0
352,1110,20240930,2024-09-30,2,268300,176225.0
1072,1898,20240930,2024-09-30,2,268200,181035.0
97,1803,20240930,2024-09-30,3,268000,134000.0
1219,1228,20240930,2024-09-30,2,268000,134000.0
684,2233,20240930,2024-09-30,2,268000,134000.0
1172,1087,20240930,2024-09-30,1,268000,134000.0
54,996,20240930,2024-09-30,2,268000,134000.0
191,2131,20240930,2024-09-30,1,268000,201000.0
163,237,20240930,2024-09-30,2,268000,227800.0
919,1574,20240930,2024-09-30,3,267400,227290.0
807,2099,20240930,2024-09-30,1,267000,200250.0
1065,205,20240930,2024-09-30,1,267000,200250.0
310,722,20240930,2024-09-30,3,266500,147775.0
966,1751,20240930,2024-09-30,2,266500,226525.0
163,1436,20240930,2024-09-30,2,266400,226440.0
740,911,20240930,2024-09-30,1,266400,199800.0
1295,1044,20240930,2024-09-30,1,266000,199500.0
795,394,20240930,2024-09-30,1,266000,199500.0
1295,322,20240930,2024-09-30,2,266000,189500.0
1270,357,20240930,2024-09-30,1,266000,199500.0
1342,2338,20240930,2024-09-30,1,266000,199500.0
264,1388,20240930,2024-09-30,1,266000,199500.0
824,416,20240930,2024-09-30,1,266000,199500.0
264,1922,20240930,2024-09-30,1,265900,199425.0
177,810,20240930,2024-09-30,1,265700,132850.0
1146,1835,20240930,2024-09-30,1,265600,199200.0
1453,927,20240930,2024-09-30,1,265600,199200.0
977,784,20240930,2024-09-30,1,265500,132750.0
1283,584,20240930,2024-09-30,1,265500,199125.0
784,870,20240930,2024-09-30,2,265300,207235.0
1362,2277,20240930,2024-09-30,5,265300,175075.0
1390,1066,20240930,2024-09-30,1,265000,198750.0
581,1315,20240930,2024-09-30,1,265000,132500.0
455,337,20240930,2024-09-30,1,265000,198750.0
1219,1820,20240930,2024-09-30,4,265000,132500.0
1065,57,20240930,2024-09-30,2,265000,225250.0
1390,857,20240930,2024-09-30,2,265000,225250.0
235,353,20240930,2024-09-30,2,265000,225250.0
1256,1006,20240930,2024-09-30,1,265000,132500.0
1219,2233,20240930,2024-09-30,3,265000,132500.0
905,116,20240930,2024-09-30,1,265000,198750.0
479,1148,20240930,2024-09-30,2,264900,225165.0
46,345,20240930,2024-09-30,1,264500,198375.0
863,1052,20240930,2024-09-30,1,264400,198300.0
1412,2235,20240930,2024-09-30,3,264000,224400.0
78,2282,20240930,2024-09-30,2,264000,195500.0
523,1122,20240930,2024-09-30,1,264000,198000.0
479,2215,20240930,2024-09-30,1,264000,198000.0
1219,236,20240930,2024-09-30,6,263900,131950.0
1280,1610,20240930,2024-09-30,1,263500,197625.0
919,866,20240930,2024-09-30,5,263200,223720.0
264,1851,20240930,2024-09-30,1,263000,197250.0
651,164,20240930,2024-09-30,1,263000,197250.0
106,2048,20240930,2024-09-30,1,262900,197175.0
784,865,20240930,2024-09-30,2,262700,223295.0
784,1507,20240930,2024-09-30,2,262700,223295.0
1072,1182,20240930,2024-09-30,1,262500,196875.0
1301,368,20240930,2024-09-30,1,262500,196875.0
919,2210,20240930,2024-09-30,2,262500,198625.0
876,228,20240930,2024-09-30,1,262500,131250.0
1348,1389,20240930,2024-09-30,2,262500,223125.0
1358,2006,20240930,2024-09-30,2,262500,184375.0
829,1150,20240930,2024-09-30,1,262000,196500.0
445,863,20240930,2024-09-30,2,262000,184000.0
1233,2043,20240930,2024-09-30,2,262000,222700.0
807,1266,20240930,2024-09-30,1,262000,196500.0
662,1110,20240930,2024-09-30,1,262000,196500.0
818,876,20240930,2024-09-30,7,261900,198815.0
305,1987,20240930,2024-09-30,2,261900,222615.0
367,1114,20240930,2024-09-30,2,261300,130650.0
1362,1020,20240930,2024-09-30,1,261300,195975.0
431,1493,20240930,2024-09-30,1,261000,195750.0
632,1220,20240930,2024-09-30,2,261000,206550.0
109,860,20240930,2024-09-30,1,261000,130500.0
671,2338,20240930,2024-09-30,1,261000,195750.0
163,1811,20240930,2024-09-30,2,261000,221850.0
767,968,20240930,2024-09-30,2,260400,200490.0
1065,278,20240930,2024-09-30,2,260300,200225.0
416,2006,20240930,2024-09-30,1,260200,195150.0
1302,1523,20240930,2024-09-30,1,260200,195150.0
491,1519,20240930,2024-09-30,1,260100,195075.0
1130,2146,20240930,2024-09-30,1,260000,195000.0
83,477,20240930,2024-09-30,1,260000,195000.0
783,541,20240930,2024-09-30,1,260000,195000.0
1373,470,20240930,2024-09-30,1,260000,195000.0
742,1719,20240930,2024-09-30,5,260000,130000.0
184,863,20240930,2024-09-30,3,260000,130000.0
742,1122,20240930,2024-09-30,2,260000,192500.0
754,1583,20240930,2024-09-30,2,260000,130000.0
882,1717,20240930,2024-09-30,1,260000,195000.0
977,1695,20240930,2024-09-30,4,260000,130000.0
286,2284,20240930,2024-09-30,1,260000,195000.0
440,73,20240930,2024-09-30,1,260000,195000.0
39,746,20240930,2024-09-30,1,260000,195000.0
630,1647,20240930,2024-09-30,1,260000,195000.0
881,1481,20240930,2024-09-30,1,260000,195000.0
465,1390,20240930,2024-09-30,1,260000,195000.0
209,1952,20240930,2024-09-30,1,260000,195000.0
1368,1658,20240930,2024-09-30,7,260000,130000.0
1083,339,20240930,2024-09-30,1,260000,195000.0
742,301,20240930,2024-09-30,2,260000,130000.0
479,1594,20240930,2024-09-30,1,260000,195000.0
124,1367,20240930,2024-09-30,3,260000,151000.0
65,1026,20240930,2024-09-30,1,260000,130000.0
434,130,20240930,2024-09-30,1,260000,195000.0
200,961,20240930,2024-09-30,4,260000,221000.0
905,206,20240930,2024-09-30,1,260000,195000.0
1390,697,20240930,2024-09-30,4,260000,221000.0
522,231,20240930,2024-09-30,1,260000,195000.0
305,1672,20240930,2024-09-30,2,260000,221000.0
742,659,20240930,2024-09-30,1,260000,130000.0
742,1539,20240930,2024-09-30,1,260000,130000.0
746,2394,20240930,2024-09-30,2,260000,174750.0
787,1662,20240930,2024-09-30,2,260000,188750.0
767,294,20240930,2024-09-30,1,259600,194700.0
163,572,20240930,2024-09-30,2,259400,220490.0
494,1222,20240930,2024-09-30,3,259200,129600.0
1362,2158,20240930,2024-09-30,2,259200,175150.0
59,1265,20240930,2024-09-30,1,259000,194250.0
1362,2318,20240930,2024-09-30,1,259000,194250.0
1222,1534,20240930,2024-09-30,2,258800,129400.0
1295,975,20240930,2024-09-30,5,258500,129250.0
997,1968,20240930,2024-09-30,1,258400,193800.0
1435,869,20240930,2024-09-30,6,258100,172325.0
1431,236,20240930,2024-09-30,2,258000,129000.0
1435,242,20240930,2024-09-30,2,258000,187250.0
1354,1383,20240930,2024-09-30,1,258000,193500.0
163,1549,20240930,2024-09-30,2,258000,219300.0
951,2284,20240930,2024-09-30,1,257700,193275.0
1362,500,20240930,2024-09-30,1,257500,193125.0
224,341,20240930,2024-09-30,1,257500,193125.0
771,568,20240930,2024-09-30,2,257500,190625.0
1456,1936,20240930,2024-09-30,1,257500,193125.0
483,298,20240930,2024-09-30,1,257500,193125.0
969,832,20240930,2024-09-30,1,257400,193050.0
479,1387,20240930,2024-09-30,1,257000,192750.0
369,1150,20240930,2024-09-30,1,257000,192750.0
1435,1033,20240930,2024-09-30,5,257000,164000.0
306,186,20240930,2024-09-30,2,257000,218450.0
6,2259,20240930,2024-09-30,2,257000,172750.0
524,602,20240930,2024-09-30,2,256900,180175.0
355,1505,20240930,2024-09-30,1,256800,192600.0
1362,1854,20240930,2024-09-30,1,256500,192375.0
109,1385,20240930,2024-09-30,1,256500,128250.0
483,1488,20240930,2024-09-30,1,256500,192375.0
202,298,20240930,2024-09-30,1,256500,192375.0
272,1494,20240930,2024-09-30,1,256500,192375.0
657,286,20240930,2024-09-30,1,256200,192150.0
285,442,20240930,2024-09-30,1,256000,192000.0
818,1722,20240930,2024-09-30,7,256000,140250.0
163,626,20240930,2024-09-30,2,255900,217515.0
305,1477,20240930,2024-09-30,3,255800,182430.0
128,1122,20240930,2024-09-30,3,255500,191625.0
1362,1839,20240930,2024-09-30,1,255500,191625.0
1122,1112,20240930,2024-09-30,1,255500,191625.0
364,1033,20240930,2024-09-30,2,255500,206625.0
1429,2338,20240930,2024-09-30,1,255000,191250.0
912,1898,20240930,2024-09-30,1,255000,191250.0
919,128,20240930,2024-09-30,4,255000,216750.0
1390,853,20240930,2024-09-30,1,255000,191250.0
205,345,20240930,2024-09-30,1,255000,191250.0
1390,2350,20240930,2024-09-30,1,255000,191250.0
655,1992,20240930,2024-09-30,1,255000,191250.0
1269,1932,20240930,2024-09-30,1,255000,191250.0
470,1685,20240930,2024-09-30,1,255000,191250.0
1285,537,20240930,2024-09-30,1,255000,191250.0
1368,2278,20240930,2024-09-30,6,255000,127500.0
1390,1733,20240930,2024-09-30,1,255000,191250.0
163,1545,20240930,2024-09-30,2,255000,216750.0
207,1394,20240930,2024-09-30,1,255000,191250.0
905,246,20240930,2024-09-30,3,255000,206250.0
919,151,20240930,2024-09-30,2,254800,196100.0
977,411,20240930,2024-09-30,1,254700,191025.0
682,1479,20240930,2024-09-30,2,254600,216410.0
784,1847,20240930,2024-09-30,2,254400,195970.0
1179,1053,20240930,2024-09-30,1,254400,190800.0
479,334,20240930,2024-09-30,1,254000,190500.0
163,633,20240930,2024-09-30,2,254000,215900.0
1236,1573,20240930,2024-09-30,1,254000,127000.0
1065,2062,20240930,2024-09-30,2,254000,195500.0
1097,135,20240930,2024-09-30,1,254000,190500.0
1065,1563,20240930,2024-09-30,1,253500,190125.0
1065,889,20240930,2024-09-30,1,253500,190125.0
1065,492,20240930,2024-09-30,4,253500,215475.0
197,686,20240930,2024-09-30,2,253000,199050.0
995,2018,20240930,2024-09-30,1,252900,189675.0
784,1492,20240930,2024-09-30,2,252700,214795.0
784,1378,20240930,2024-09-30,2,252700,214795.0
784,482,20240930,2024-09-30,2,252700,214795.0
784,1545,20240930,2024-09-30,1,252700,189525.0
784,593,20240930,2024-09-30,2,252700,214795.0
784,302,20240930,2024-09-30,2,252700,214795.0
784,115,20240930,2024-09-30,1,252700,189525.0
1246,1081,20240930,2024-09-30,1,252600,189450.0
1263,1545,20240930,2024-09-30,1,252600,189450.0
479,1278,20240930,2024-09-30,1,252500,189375.0
977,124,20240930,2024-09-30,2,252200,184150.0
988,2,20240930,2024-09-30,1,252000,189000.0
991,1439,20240930,2024-09-30,1,252000,189000.0
754,1443,20240930,2024-09-30,2,252000,182750.0
540,1691,20240930,2024-09-30,1,252000,189000.0
1023,1407,20240930,2024-09-30,1,252000,126000.0
457,816,20240930,2024-09-30,2,252000,198200.0
784,1935,20240930,2024-09-30,2,251700,213945.0
10,1389,20240930,2024-09-30,1,251500,188625.0
310,1067,20240930,2024-09-30,2,251100,188325.0
919,55,20240930,2024-09-30,6,251100,213435.0
1166,104,20240930,2024-09-30,1,251000,188250.0
205,333,20240930,2024-09-30,1,251000,188250.0
754,1521,20240930,2024-09-30,1,251000,188250.0
702,1572,20240930,2024-09-30,1,250500,187875.0
784,1669,20240930,2024-09-30,2,250400,212840.0
369,1181,20240930,2024-09-30,2,250200,125100.0
919,889,20240930,2024-09-30,1,250000,187500.0
742,785,20240930,2024-09-30,1,250000,125000.0
919,1677,20240930,2024-09-30,2,250000,192500.0
109,997,20240930,2024-09-30,1,250000,125000.0
121,1467,20240930,2024-09-30,1,250000,125000.0
398,188,20240930,2024-09-30,1,250000,187500.0
919,2197,20240930,2024-09-30,1,250000,187500.0
305,214,20240930,2024-09-30,2,250000,177500.0
1373,122,20240930,2024-09-30,1,250000,187500.0
380,855,20240930,2024-09-30,1,250000,125000.0
380,1992,20240930,2024-09-30,1,250000,125000.0
532,924,20240930,2024-09-30,1,250000,125000.0
742,697,20240930,2024-09-30,1,250000,125000.0
1072,84,20240930,2024-09-30,1,250000,125000.0
1348,1377,20240930,2024-09-30,1,250000,187500.0
919,1867,20240930,2024-09-30,1,250000,187500.0
977,1387,20240930,2024-09-30,1,250000,125000.0
1163,269,20240930,2024-09-30,1,250000,187500.0
1425,2105,20240930,2024-09-30,1,250000,187500.0
933,616,20240930,2024-09-30,2,250000,168750.0
956,1669,20240930,2024-09-30,1,250000,125000.0
209,1888,20240930,2024-09-30,1,250000,187500.0
581,1033,20240930,2024-09-30,1,250000,125000.0
905,2156,20240930,2024-09-30,1,250000,187500.0
919,1202,20240930,2024-09-30,1,250000,187500.0
919,2124,20240930,2024-09-30,1,250000,187500.0
1143,717,20240930,2024-09-30,1,250000,125000.0
742,2360,20240930,2024-09-30,1,250000,125000.0
163,2080,20240930,2024-09-30,2,250000,212500.0
1163,310,20240930,2024-09-30,1,250000,187500.0
1163,2213,20240930,2024-09-30,1,250000,187500.0
121,2159,20240930,2024-09-30,1,250000,125000.0
905,1422,20240930,2024-09-30,1,250000,187500.0
1441,1936,20240930,2024-09-30,1,250000,187500.0
510,2065,20240930,2024-09-30,1,250000,187500.0
109,1476,20240930,2024-09-30,1,250000,125000.0
919,2082,20240930,2024-09-30,1,250000,187500.0
1195,2167,20240930,2024-09-30,1,250000,187500.0
109,853,20240930,2024-09-30,1,250000,125000.0
36,201,20240930,2024-09-30,1,250000,187500.0
1182,1121,20240930,2024-09-30,1,250000,125000.0
919,245,20240930,2024-09-30,1,250000,187500.0
97,1758,20240930,2024-09-30,3,250000,125000.0
197,1466,20240930,2024-09-30,1,250000,187500.0
579,2001,20240930,2024-09-30,1,250000,187500.0
742,2099,20240930,2024-09-30,1,250000,125000.0
905,1386,20240930,2024-09-30,1,250000,187500.0
338,1693,20240930,2024-09-30,1,250000,187500.0
641,1274,20240930,2024-09-30,1,250000,187500.0
163,54,20240930,2024-09-30,2,250000,212500.0
664,262,20240930,2024-09-30,1,250000,187500.0
1390,1253,20240930,2024-09-30,1,250000,187500.0
974,160,20240930,2024-09-30,1,250000,187500.0
725,935,20240930,2024-09-30,1,250000,125000.0
1168,1277,20240930,2024-09-30,1,250000,125000.0
742,1640,20240930,2024-09-30,2,250000,125000.0
102,290,20240930,2024-09-30,1,250000,187500.0
919,1425,20240930,2024-09-30,1,250000,187500.0
163,363,20240930,2024-09-30,2,250000,212500.0
905,1823,20240930,2024-09-30,1,250000,187500.0
995,1990,20240930,2024-09-30,1,250000,187500.0
1195,823,20240930,2024-09-30,1,250000,187500.0
1219,1264,20240930,2024-09-30,1,250000,125000.0
523,490,20240930,2024-09-30,1,250000,125000.0
436,293,20240930,2024-09-30,1,250000,125000.0
10,353,20240930,2024-09-30,1,250000,187500.0
1438,639,20240930,2024-09-30,1,250000,187500.0
1459,2297,20240930,2024-09-30,1,250000,187500.0
1216,1888,20240930,2024-09-30,1,250000,125000.0
905,1912,20240930,2024-09-30,1,250000,187500.0
1286,2184,20240930,2024-09-30,1,250000,187500.0
933,1583,20240930,2024-09-30,2,250000,150000.0
494,2176,20240930,2024-09-30,1,250000,125000.0
552,1641,20240930,2024-09-30,1,250000,187500.0
239,1460,20240930,2024-09-30,1,250000,187500.0
696,1996,20240930,2024-09-30,1,250000,187500.0
919,1044,20240930,2024-09-30,1,250000,187500.0
1390,424,20240930,2024-09-30,1,250000,187500.0
309,148,20240930,2024-09-30,1,250000,125000.0
893,853,20240930,2024-09-30,1,250000,125000.0
919,749,20240930,2024-09-30,1,250000,187500.0
1119,997,20240930,2024-09-30,1,250000,187500.0
598,754,20240930,2024-09-30,1,250000,175000.0
1431,248,20240930,2024-09-30,1,250000,187500.0
243,444,20240930,2024-09-30,1,250000,187500.0
388,861,20240930,2024-09-30,1,250000,187500.0
235,492,20240930,2024-09-30,2,250000,212500.0
1168,2151,20240930,2024-09-30,1,250000,125000.0
10,305,20240930,2024-09-30,1,250000,187500.0
754,900,20240930,2024-09-30,1,250000,125000.0
919,2045,20240930,2024-09-30,1,250000,187500.0
905,1836,20240930,2024-09-30,1,250000,187500.0
919,1618,20240930,2024-09-30,1,250000,187500.0
1219,311,20240930,2024-09-30,1,250000,125000.0
1362,692,20240930,2024-09-30,1,250000,125000.0
742,331,20240930,2024-09-30,1,250000,125000.0
905,2183,20240930,2024-09-30,1,250000,187500.0
1083,1252,20240930,2024-09-30,1,250000,187500.0
1362,1208,20240930,2024-09-30,1,250000,125000.0
754,1981,20240930,2024-09-30,1,250000,125000.0
1080,1467,20240930,2024-09-30,2,250000,212500.0
919,914,20240930,2024-09-30,1,250000,187500.0
153,994,20240930,2024-09-30,1,250000,125000.0
209,1245,20240930,2024-09-30,1,250000,187500.0
570,1051,20240930,2024-09-30,1,250000,187500.0
1427,2245,20240930,2024-09-30,1,250000,125000.0
742,126,20240930,2024-09-30,1,250000,125000.0
919,1265,20240930,2024-09-30,1,250000,187500.0
905,1869,20240930,2024-09-30,1,250000,187500.0
306,201,20240930,2024-09-30,2,250000,182500.0
1390,1482,20240930,2024-09-30,1,250000,187500.0
156,2251,20240930,2024-09-30,3,250000,125000.0
919,1680,20240930,2024-09-30,1,250000,187500.0
1401,1685,20240930,2024-09-30,1,250000,187500.0
1373,2083,20240930,2024-09-30,1,250000,125000.0
1401,879,20240930,2024-09-30,1,250000,187500.0
279,997,20240930,2024-09-30,2,250000,181250.0
1390,2341,20240930,2024-09-30,2,250000,212500.0
552,942,20240930,2024-09-30,1,250000,187500.0
871,166,20240930,2024-09-30,1,250000,187500.0
919,1271,20240930,2024-09-30,1,250000,187500.0
198,936,20240930,2024-09-30,1,250000,125000.0
109,869,20240930,2024-09-30,2,250000,125000.0
272,1392,20240930,2024-09-30,1,250000,125000.0
109,237,20240930,2024-09-30,1,250000,125000.0
919,2269,20240930,2024-09-30,1,250000,187500.0
237,18,20240930,2024-09-30,1,250000,187500.0
101,2332,20240930,2024-09-30,1,250000,125000.0
1001,541,20240930,2024-09-30,1,250000,187500.0
305,1813,20240930,2024-09-30,2,250000,177500.0
605,981,20240930,2024-09-30,1,250000,187500.0
1463,861,20240930,2024-09-30,1,250000,125000.0
209,806,20240930,2024-09-30,1,250000,187500.0
354,1634,20240930,2024-09-30,1,250000,187500.0
742,1693,20240930,2024-09-30,1,250000,125000.0
1178,615,20240930,2024-09-30,1,250000,187500.0
726,1967,20240930,2024-09-30,1,250000,125000.0
919,723,20240930,2024-09-30,1,250000,187500.0
1357,155,20240930,2024-09-30,1,250000,187500.0
109,1470,20240930,2024-09-30,1,250000,125000.0
651,1467,20240930,2024-09-30,1,250000,187500.0
717,516,20240930,2024-09-30,1,250000,125000.0
919,1819,20240930,2024-09-30,2,250000,192500.0
830,1554,20240930,2024-09-30,1,250000,187500.0
905,1962,20240930,2024-09-30,2,250000,212500.0
1035,869,20240930,2024-09-30,1,250000,187500.0
742,1520,20240930,2024-09-30,1,250000,125000.0
209,443,20240930,2024-09-30,1,250000,187500.0
641,2048,20240930,2024-09-30,1,250000,187500.0
109,2136,20240930,2024-09-30,1,250000,125000.0
881,1472,20240930,2024-09-30,1,250000,125000.0
905,614,20240930,2024-09-30,1,250000,187500.0
434,353,20240930,2024-09-30,1,250000,187500.0
1364,199,20240930,2024-09-30,1,250000,187500.0
116,2359,20240930,2024-09-30,1,250000,125000.0
905,2099,20240930,2024-09-30,1,250000,187500.0
1390,1349,20240930,2024-09-30,1,250000,187500.0
966,1794,20240930,2024-09-30,1,250000,187500.0
905,2363,20240930,2024-09-30,1,250000,187500.0
1219,2176,20240930,2024-09-30,1,250000,125000.0
1271,2209,20240930,2024-09-30,1,250000,125000.0
235,1834,20240930,2024-09-30,2,250000,212500.0
905,85,20240930,2024-09-30,1,250000,187500.0
919,1459,20240930,2024-09-30,1,250000,187500.0
319,2036,20240930,2024-09-30,1,250000,187500.0
522,353,20240930,2024-09-30,1,250000,125000.0
919,2023,20240930,2024-09-30,1,250000,187500.0
919,2055,20240930,2024-09-30,1,250000,187500.0
1169,2008,20240930,2024-09-30,1,250000,187500.0
919,561,20240930,2024-09-30,1,250000,187500.0
1219,288,20240930,2024-09-30,1,250000,125000.0
919,1554,20240930,2024-09-30,3,250000,212500.0
919,2095,20240930,2024-09-30,1,250000,187500.0
1339,236,20240930,2024-09-30,1,250000,187500.0
1390,308,20240930,2024-09-30,2,250000,212500.0
905,2394,20240930,2024-09-30,1,250000,187500.0
1003,397,20240930,2024-09-30,1,250000,187500.0
78,2315,20240930,2024-09-30,1,250000,125000.0
866,2127,20240930,2024-09-30,2,250000,187500.0
905,1261,20240930,2024-09-30,1,250000,187500.0
38,830,20240930,2024-09-30,1,250000,187500.0
209,1088,20240930,2024-09-30,1,250000,187500.0
552,125,20240930,2024-09-30,1,250000,187500.0
209,305,20240930,2024-09-30,1,250000,187500.0
302,367,20240930,2024-09-30,1,250000,187500.0
517,1086,20240930,2024-09-30,1,250000,187500.0
970,718,20240930,2024-09-30,1,250000,125000.0
919,440,20240930,2024-09-30,1,250000,187500.0
1219,1823,20240930,2024-09-30,1,250000,125000.0
1441,1389,20240930,2024-09-30,1,250000,187500.0
209,151,20240930,2024-09-30,1,250000,187500.0
662,1402,20240930,2024-09-30,1,250000,187500.0
1356,1898,20240930,2024-09-30,2,250000,125000.0
742,217,20240930,2024-09-30,1,250000,125000.0
905,2216,20240930,2024-09-30,2,250000,202500.0
905,2287,20240930,2024-09-30,1,250000,187500.0
475,623,20240930,2024-09-30,1,250000,187500.0
795,252,20240930,2024-09-30,1,250000,187500.0
988,2008,20240930,2024-09-30,1,250000,187500.0
1078,794,20240930,2024-09-30,1,250000,125000.0
1459,2310,20240930,2024-09-30,1,250000,187500.0
1219,285,20240930,2024-09-30,3,250000,125000.0
905,894,20240930,2024-09-30,1,250000,187500.0
1390,1913,20240930,2024-09-30,1,250000,187500.0
1390,1936,20240930,2024-09-30,1,250000,187500.0
898,416,20240930,2024-09-30,1,250000,187500.0
109,2066,20240930,2024-09-30,1,250000,125000.0
792,2021,20240930,2024-09-30,1,250000,187500.0
588,1464,20240930,2024-09-30,1,250000,187500.0
919,2161,20240930,2024-09-30,1,250000,187500.0
1262,864,20240930,2024-09-30,1,250000,125000.0
624,1470,20240930,2024-09-30,1,250000,125000.0
1237,516,20240930,2024-09-30,1,250000,125000.0
376,191,20240930,2024-09-30,1,250000,187500.0
584,1243,20240930,2024-09-30,1,250000,125000.0
919,588,20240930,2024-09-30,1,250000,187500.0
919,1985,20240930,2024-09-30,1,250000,187500.0
1198,606,20240930,2024-09-30,1,250000,125000.0
1441,1839,20240930,2024-09-30,1,250000,187500.0
375,1388,20240930,2024-09-30,1,250000,187500.0
919,2022,20240930,2024-09-30,1,250000,187500.0
977,1396,20240930,2024-09-30,4,250000,125000.0
1441,1053,20240930,2024-09-30,1,250000,187500.0
807,2125,20240930,2024-09-30,1,250000,187500.0
919,1242,20240930,2024-09-30,1,250000,187500.0
977,1527,20240930,2024-09-30,1,250000,187500.0
1325,1576,20240930,2024-09-30,1,250000,187500.0
305,299,20240930,2024-09-30,2,250000,177500.0
350,2351,20240930,2024-09-30,2,250000,125000.0
591,616,20240930,2024-09-30,1,250000,187500.0
811,131,20240930,2024-09-30,1,250000,187500.0
1219,2083,20240930,2024-09-30,1,250000,125000.0
121,2021,20240930,2024-09-30,1,250000,187500.0
173,309,20240930,2024-09-30,1,250000,187500.0
919,120,20240930,2024-09-30,1,250000,187500.0
919,240,20240930,2024-09-30,1,250000,187500.0
919,581,20240930,2024-09-30,1,250000,187500.0
1356,1278,20240930,2024-09-30,1,250000,125000.0
74,1086,20240930,2024-09-30,1,250000,125000.0
887,2215,20240930,2024-09-30,1,250000,187500.0
905,5,20240930,2024-09-30,1,250000,187500.0
905,47,20240930,2024-09-30,1,250000,187500.0
795,1111,20240930,2024-09-30,1,250000,187500.0
905,589,20240930,2024-09-30,1,250000,187500.0
919,1478,20240930,2024-09-30,1,250000,187500.0
109,399,20240930,2024-09-30,1,250000,125000.0
861,2340,20240930,2024-09-30,1,250000,187500.0
905,706,20240930,2024-09-30,1,250000,125000.0
1062,2083,20240930,2024-09-30,1,250000,187500.0
205,2199,20240930,2024-09-30,1,250000,187500.0
1347,175,20240930,2024-09-30,2,250000,212500.0
286,280,20240930,2024-09-30,1,250000,187500.0
197,107,20240930,2024-09-30,1,250000,125000.0
529,892,20240930,2024-09-30,1,250000,125000.0
1390,1257,20240930,2024-09-30,1,250000,187500.0
272,1545,20240930,2024-09-30,1,250000,125000.0
286,2046,20240930,2024-09-30,1,250000,187500.0
328,516,20240930,2024-09-30,1,250000,125000.0
742,1674,20240930,2024-09-30,1,250000,125000.0
798,1460,20240930,2024-09-30,2,250000,125000.0
1055,1380,20240930,2024-09-30,1,250000,187500.0
1166,98,20240930,2024-09-30,1,250000,187500.0
905,250,20240930,2024-09-30,2,250000,212500.0
1116,314,20240930,2024-09-30,1,250000,187500.0
41,2006,20240930,2024-09-30,1,250000,187500.0
1054,1014,20240930,2024-09-30,1,250000,125000.0
742,291,20240930,2024-09-30,2,250000,125000.0
1128,2388,20240930,2024-09-30,1,250000,187500.0
468,593,20240930,2024-09-30,1,250000,125000.0
1441,316,20240930,2024-09-30,1,250000,187500.0
889,1812,20240930,2024-09-30,1,250000,125000.0
905,933,20240930,2024-09-30,1,250000,187500.0
1009,556,20240930,2024-09-30,1,250000,125000.0
1441,1496,20240930,2024-09-30,1,250000,187500.0
742,2206,20240930,2024-09-30,1,250000,125000.0
1390,2215,20240930,2024-09-30,1,250000,187500.0
919,2345,20240930,2024-09-30,1,250000,187500.0
1060,2320,20240930,2024-09-30,2,250000,125000.0
257,1490,20240930,2024-09-30,1,250000,125000.0
1295,143,20240930,2024-09-30,2,250000,175000.0
1390,252,20240930,2024-09-30,2,250000,212500.0
919,2149,20240930,2024-09-30,1,250000,187500.0
1444,1811,20240930,2024-09-30,1,250000,187500.0
235,1389,20240930,2024-09-30,2,250000,212500.0
666,1523,20240930,2024-09-30,1,250000,187500.0
1431,238,20240930,2024-09-30,1,250000,125000.0
121,57,20240930,2024-09-30,1,250000,125000.0
919,862,20240930,2024-09-30,1,250000,187500.0
109,1270,20240930,2024-09-30,1,250000,125000.0
235,2187,20240930,2024-09-30,2,250000,212500.0
919,1614,20240930,2024-09-30,1,250000,187500.0
919,464,20240930,2024-09-30,1,250000,187500.0
209,268,20240930,2024-09-30,1,250000,187500.0
1030,2329,20240930,2024-09-30,1,250000,125000.0
1103,1374,20240930,2024-09-30,2,250000,125000.0
11,957,20240930,2024-09-30,1,250000,187500.0
209,107,20240930,2024-09-30,1,250000,187500.0
919,1869,20240930,2024-09-30,1,250000,187500.0
462,1583,20240930,2024-09-30,1,249900,124950.0
875,2264,20240930,2024-09-30,1,249700,187275.0
200,125,20240930,2024-09-30,2,249200,211820.0
153,2319,20240930,2024-09-30,1,249100,186825.0
605,1035,20240930,2024-09-30,1,249000,186750.0
1161,64,20240930,2024-09-30,1,249000,186750.0
1356,1251,20240930,2024-09-30,1,249000,186750.0
1034,1656,20240930,2024-09-30,1,249000,186750.0
578,1311,20240930,2024-09-30,1,248900,186675.0
231,1251,20240930,2024-09-30,1,248900,186675.0
1362,1540,20240930,2024-09-30,5,248900,163200.0
68,116,20240930,2024-09-30,1,248700,186525.0
174,1867,20240930,2024-09-30,2,248500,176375.0
754,1474,20240930,2024-09-30,6,248500,124250.0
479,243,20240930,2024-09-30,1,248400,186300.0
1215,1537,20240930,2024-09-30,1,248100,124050.0
1093,1813,20240930,2024-09-30,2,248000,192800.0
1390,1706,20240930,2024-09-30,1,248000,186000.0
1072,643,20240930,2024-09-30,1,248000,186000.0
1065,1827,20240930,2024-09-30,1,248000,186000.0
491,1704,20240930,2024-09-30,1,247800,185850.0
532,2310,20240930,2024-09-30,1,247600,185700.0
496,1872,20240930,2024-09-30,1,247500,185625.0
1468,860,20240930,2024-09-30,1,247500,185625.0
1237,1995,20240930,2024-09-30,1,247500,185625.0
109,2095,20240930,2024-09-30,1,247500,123750.0
385,1875,20240930,2024-09-30,1,247500,123750.0
97,1795,20240930,2024-09-30,6,247500,123750.0
873,2108,20240930,2024-09-30,1,247500,185625.0
682,734,20240930,2024-09-30,1,247000,185250.0
226,2060,20240930,2024-09-30,1,247000,185250.0
1362,95,20240930,2024-09-30,2,246800,180100.0
109,178,20240930,2024-09-30,1,246600,123300.0
163,1068,20240930,2024-09-30,2,246600,209610.0
966,1766,20240930,2024-09-30,1,246500,184875.0
1295,2305,20240930,2024-09-30,2,246500,177375.0
751,1061,20240930,2024-09-30,1,246500,184875.0
110,948,20240930,2024-09-30,1,246400,184800.0
112,1118,20240930,2024-09-30,1,246200,184650.0
818,1491,20240930,2024-09-30,5,246000,148200.0
919,1233,20240930,2024-09-30,2,245700,208845.0
350,736,20240930,2024-09-30,3,245500,142175.0
1466,232,20240930,2024-09-30,1,245500,184125.0
919,620,20240930,2024-09-30,1,245000,183750.0
1441,599,20240930,2024-09-30,1,245000,183750.0
510,122,20240930,2024-09-30,1,245000,183750.0
977,1392,20240930,2024-09-30,6,245000,122500.0
795,1699,20240930,2024-09-30,1,245000,183750.0
1295,1839,20240930,2024-09-30,2,245000,177500.0
1065,884,20240930,2024-09-30,1,245000,183750.0
674,490,20240930,2024-09-30,1,245000,183750.0
1,171,20240930,2024-09-30,1,245000,183750.0
1166,302,20240930,2024-09-30,1,245000,122500.0
772,2341,20240930,2024-09-30,2,245000,122500.0
163,1283,20240930,2024-09-30,2,244800,208080.0
919,727,20240930,2024-09-30,1,244800,183600.0
430,2176,20240930,2024-09-30,1,244300,183225.0
174,1858,20240930,2024-09-30,2,243900,121950.0
919,255,20240930,2024-09-30,3,243800,207230.0
883,989,20240930,2024-09-30,2,243600,207060.0
1065,637,20240930,2024-09-30,3,243600,189450.0
919,868,20240930,2024-09-30,3,243500,206975.0
499,1935,20240930,2024-09-30,1,243500,182625.0
107,1812,20240930,2024-09-30,2,243000,121500.0
1462,1390,20240930,2024-09-30,1,243000,182250.0
1065,816,20240930,2024-09-30,6,243000,206550.0
1356,335,20240930,2024-09-30,1,243000,182250.0
1390,1516,20240930,2024-09-30,2,243000,185050.0
1249,714,20240930,2024-09-30,1,242700,182025.0
824,2097,20240930,2024-09-30,1,242600,181950.0
163,2307,20240930,2024-09-30,2,242600,206210.0
22,1004,20240930,2024-09-30,2,242500,169375.0
1393,995,20240930,2024-09-30,2,242100,121050.0
520,541,20240930,2024-09-30,1,242000,181500.0
1107,1389,20240930,2024-09-30,3,242000,121000.0
479,1398,20240930,2024-09-30,1,242000,181500.0
919,1693,20240930,2024-09-30,3,241400,205190.0
153,992,20240930,2024-09-30,1,241300,180975.0
846,1714,20240930,2024-09-30,1,241000,180750.0
163,389,20240930,2024-09-30,2,241000,204850.0
1367,989,20240930,2024-09-30,2,241000,120500.0
1380,456,20240930,2024-09-30,4,241000,204850.0
1362,142,20240930,2024-09-30,2,241000,120500.0
759,1039,20240930,2024-09-30,1,240700,120350.0
784,1968,20240930,2024-09-30,3,240700,204595.0
109,1377,20240930,2024-09-30,1,240600,120300.0
1195,286,20240930,2024-09-30,1,240500,180375.0
982,280,20240930,2024-09-30,1,240000,180000.0
1132,1043,20240930,2024-09-30,2,240000,120000.0
38,807,20240930,2024-09-30,1,240000,180000.0
677,888,20240930,2024-09-30,1,240000,120000.0
742,1511,20240930,2024-09-30,2,240000,120000.0
343,707,20240930,2024-09-30,1,240000,180000.0
883,2283,20240930,2024-09-30,1,240000,180000.0
286,1443,20240930,2024-09-30,1,240000,180000.0
795,2010,20240930,2024-09-30,1,240000,180000.0
1390,625,20240930,2024-09-30,2,240000,204000.0
520,367,20240930,2024-09-30,1,240000,180000.0
633,1452,20240930,2024-09-30,3,240000,186500.0
120,719,20240930,2024-09-30,1,240000,180000.0
742,127,20240930,2024-09-30,2,240000,120000.0
795,1394,20240930,2024-09-30,1,240000,180000.0
671,1881,20240930,2024-09-30,1,240000,180000.0
919,201,20240930,2024-09-30,4,240000,204000.0
171,588,20240930,2024-09-30,1,240000,180000.0
905,1928,20240930,2024-09-30,3,240000,190000.0
1215,1566,20240930,2024-09-30,1,240000,120000.0
1379,351,20240930,2024-09-30,1,240000,180000.0
1267,1583,20240930,2024-09-30,1,240000,180000.0
393,260,20240930,2024-09-30,1,240000,180000.0
588,2079,20240930,2024-09-30,1,240000,180000.0
286,1813,20240930,2024-09-30,1,240000,180000.0
97,1798,20240930,2024-09-30,5,240000,120000.0
1163,2048,20240930,2024-09-30,2,240000,204000.0
1368,2245,20240930,2024-09-30,5,240000,120000.0
209,1375,20240930,2024-09-30,1,240000,180000.0
264,1396,20240930,2024-09-30,1,239800,179850.0
806,1357,20240930,2024-09-30,1,239400,179550.0
261,541,20240930,2024-09-30,4,239000,119500.0
1472,298,20240930,2024-09-30,1,239000,179250.0
231,1249,20240930,2024-09-30,1,238800,179100.0
326,1708,20240930,2024-09-30,1,238500,178875.0
664,256,20240930,2024-09-30,1,238300,178725.0
328,2115,20240930,2024-09-30,1,238300,178725.0
1295,646,20240930,2024-09-30,2,238200,168650.0
1362,494,20240930,2024-09-30,1,238000,178500.0
1107,1380,20240930,2024-09-30,3,238000,119000.0
1390,892,20240930,2024-09-30,1,238000,178500.0
479,339,20240930,2024-09-30,1,237500,178125.0
754,492,20240930,2024-09-30,4,237400,118700.0
97,1805,20240930,2024-09-30,3,237300,118650.0
145,1160,20240930,2024-09-30,2,237300,149205.0
1295,966,20240930,2024-09-30,1,237000,177750.0
472,308,20240930,2024-09-30,1,237000,177750.0
205,168,20240930,2024-09-30,1,237000,177750.0
919,1573,20240930,2024-09-30,3,236500,201025.0
1430,1708,20240930,2024-09-30,2,236500,201025.0
561,212,20240930,2024-09-30,1,236200,177150.0
472,2206,20240930,2024-09-30,1,236000,177000.0
818,2220,20240930,2024-09-30,2,236000,118000.0
285,2097,20240930,2024-09-30,1,236000,177000.0
683,621,20240930,2024-09-30,2,235500,182625.0
109,2273,20240930,2024-09-30,1,235000,117500.0
919,954,20240930,2024-09-30,1,235000,176250.0
591,614,20240930,2024-09-30,1,235000,176250.0
1210,997,20240930,2024-09-30,2,235000,170000.0
1219,1814,20240930,2024-09-30,3,235000,117500.0
235,1388,20240930,2024-09-30,2,235000,199750.0
818,1462,20240930,2024-09-30,5,235000,142500.0
1229,2006,20240930,2024-09-30,1,235000,176250.0
1219,1816,20240930,2024-09-30,3,235000,117500.0
724,924,20240930,2024-09-30,1,235000,176250.0
852,861,20240930,2024-09-30,2,235000,166250.0
200,137,20240930,2024-09-30,2,235000,199750.0
305,252,20240930,2024-09-30,2,235000,199750.0
1435,335,20240930,2024-09-30,10,235000,117500.0
163,905,20240930,2024-09-30,2,235000,199750.0
898,2270,20240930,2024-09-30,1,235000,176250.0
97,1783,20240930,2024-09-30,5,235000,117500.0
209,1284,20240930,2024-09-30,1,235000,176250.0
305,268,20240930,2024-09-30,2,234900,199665.0
226,1952,20240930,2024-09-30,2,234900,199665.0
1072,285,20240930,2024-09-30,1,234400,175800.0
843,925,20240930,2024-09-30,1,234300,175725.0
200,869,20240930,2024-09-30,1,234200,175650.0
658,308,20240930,2024-09-30,1,234000,175500.0
1003,585,20240930,2024-09-30,2,233900,198815.0
305,863,20240930,2024-09-30,2,233800,169400.0
671,1394,20240930,2024-09-30,1,233700,175275.0
235,1230,20240930,2024-09-30,2,233600,198560.0
922,348,20240930,2024-09-30,1,233600,175200.0
479,1676,20240930,2024-09-30,1,233500,175125.0
1390,1990,20240930,2024-09-30,1,233500,175125.0
682,593,20240930,2024-09-30,2,233500,198475.0
322,1151,20240930,2024-09-30,1,233500,175125.0
999,2384,20240930,2024-09-30,2,233200,162400.0
661,553,20240930,2024-09-30,1,233100,174825.0
163,1041,20240930,2024-09-30,2,233000,198050.0
1295,1842,20240930,2024-09-30,2,233000,169750.0
679,2279,20240930,2024-09-30,2,233000,134525.0
1409,623,20240930,2024-09-30,1,233000,174750.0
68,125,20240930,2024-09-30,1,232900,174675.0
919,1349,20240930,2024-09-30,1,232500,174375.0
589,1455,20240930,2024-09-30,8,232500,116250.0
305,1540,20240930,2024-09-30,2,232400,197540.0
1072,287,20240930,2024-09-30,1,232200,174150.0
1047,2287,20240930,2024-09-30,1,232000,174000.0
430,1716,20240930,2024-09-30,1,232000,174000.0
163,892,20240930,2024-09-30,2,232000,197200.0
235,1676,20240930,2024-09-30,1,232000,174000.0
97,2230,20240930,2024-09-30,1,232000,116000.0
22,981,20240930,2024-09-30,1,232000,174000.0
993,1372,20240930,2024-09-30,3,232000,137700.0
784,191,20240930,2024-09-30,3,231700,196945.0
919,242,20240930,2024-09-30,1,231500,173625.0
1435,1391,20240930,2024-09-30,5,231500,156125.0
1269,1816,20240930,2024-09-30,1,231500,173625.0
1254,1066,20240930,2024-09-30,1,231400,173550.0
41,2036,20240930,2024-09-30,1,231000,173250.0
1219,1842,20240930,2024-09-30,2,231000,115500.0
1306,1685,20240930,2024-09-30,1,231000,173250.0
59,1905,20240930,2024-09-30,1,231000,173250.0
782,621,20240930,2024-09-30,1,230800,173100.0
1065,129,20240930,2024-09-30,1,230800,173100.0
305,135,20240930,2024-09-30,2,230800,196180.0
491,1919,20240930,2024-09-30,1,230700,173025.0
866,517,20240930,2024-09-30,1,230600,172950.0
510,1477,20240930,2024-09-30,1,230400,172800.0
1435,2279,20240930,2024-09-30,1,230400,172800.0
1270,269,20240930,2024-09-30,1,230300,172725.0
197,1529,20240930,2024-09-30,1,230000,172500.0
1373,1354,20240930,2024-09-30,2,230000,160000.0
89,863,20240930,2024-09-30,1,230000,172500.0
919,2,20240930,2024-09-30,4,230000,195500.0
1342,2307,20240930,2024-09-30,2,230000,157500.0
397,726,20240930,2024-09-30,1,230000,172500.0
309,971,20240930,2024-09-30,1,230000,115000.0
102,2097,20240930,2024-09-30,1,230000,172500.0
209,1909,20240930,2024-09-30,1,230000,172500.0
966,1792,20240930,2024-09-30,1,230000,172500.0
421,1373,20240930,2024-09-30,2,230000,115000.0
673,1073,20240930,2024-09-30,2,230000,195500.0
1219,1824,20240930,2024-09-30,1,230000,115000.0
1312,1523,20240930,2024-09-30,2,230000,147500.0
933,1730,20240930,2024-09-30,3,230000,170000.0
1138,881,20240930,2024-09-30,1,230000,172500.0
123,516,20240930,2024-09-30,2,230000,160000.0
1065,933,20240930,2024-09-30,1,230000,172500.0
341,2237,20240930,2024-09-30,3,230000,170000.0
999,2365,20240930,2024-09-30,2,230000,168750.0
235,1733,20240930,2024-09-30,2,230000,195500.0
1163,1279,20240930,2024-09-30,2,230000,180000.0
991,1378,20240930,2024-09-30,1,230000,172500.0
200,1977,20240930,2024-09-30,3,230000,195500.0
905,2128,20240930,2024-09-30,2,230000,182500.0
1446,1416,20240930,2024-09-30,2,230000,115000.0
479,1236,20240930,2024-09-30,1,230000,172500.0
1078,1936,20240930,2024-09-30,1,229900,172425.0
479,2187,20240930,2024-09-30,2,229700,164775.0
1462,353,20240930,2024-09-30,1,229500,172125.0
420,2006,20240930,2024-09-30,1,229500,172125.0
1065,307,20240930,2024-09-30,2,229500,174625.0
919,389,20240930,2024-09-30,1,229300,171975.0
919,260,20240930,2024-09-30,2,229300,176975.0
1072,1981,20240930,2024-09-30,1,229200,171900.0
919,1686,20240930,2024-09-30,1,229100,171825.0
784,1271,20240930,2024-09-30,1,229000,171750.0
919,1266,20240930,2024-09-30,1,228900,171675.0
1317,186,20240930,2024-09-30,1,228600,171450.0
1221,927,20240930,2024-09-30,2,228300,177225.0
964,1220,20240930,2024-09-30,1,228000,171000.0
377,674,20240930,2024-09-30,1,228000,171000.0
197,959,20240930,2024-09-30,1,228000,171000.0
630,2276,20240930,2024-09-30,1,228000,171000.0
784,1898,20240930,2024-09-30,3,227700,193545.0
784,125,20240930,2024-09-30,3,227700,193545.0
784,1396,20240930,2024-09-30,2,227500,193375.0
784,1121,20240930,2024-09-30,2,227500,193375.0
919,2301,20240930,2024-09-30,1,227500,170625.0
558,113,20240930,2024-09-30,1,227000,170250.0
919,376,20240930,2024-09-30,2,226500,192525.0
309,168,20240930,2024-09-30,2,226300,113150.0
1085,2274,20240930,2024-09-30,2,226000,113000.0
470,1378,20240930,2024-09-30,1,226000,113000.0
491,2054,20240930,2024-09-30,1,225400,169050.0
902,1386,20240930,2024-09-30,1,225000,168750.0
286,761,20240930,2024-09-30,1,225000,168750.0
742,1579,20240930,2024-09-30,1,225000,112500.0
71,89,20240930,2024-09-30,1,225000,168750.0
1100,664,20240930,2024-09-30,2,225000,112500.0
742,1492,20240930,2024-09-30,1,225000,112500.0
218,863,20240930,2024-09-30,4,225000,112500.0
274,1014,20240930,2024-09-30,1,225000,112500.0
240,623,20240930,2024-09-30,1,225000,168750.0
1386,46,20240930,2024-09-30,1,225000,168750.0
805,895,20240930,2024-09-30,1,225000,168750.0
1390,186,20240930,2024-09-30,1,225000,168750.0
326,1487,20240930,2024-09-30,1,225000,112500.0
655,2066,20240930,2024-09-30,1,225000,168750.0
1409,1424,20240930,2024-09-30,1,225000,168750.0
1021,2177,20240930,2024-09-30,1,225000,168750.0
237,290,20240930,2024-09-30,1,225000,168750.0
121,883,20240930,2024-09-30,1,225000,168750.0
1390,2151,20240930,2024-09-30,2,225000,191250.0
1295,1261,20240930,2024-09-30,2,225000,156250.0
209,968,20240930,2024-09-30,1,225000,168750.0
905,901,20240930,2024-09-30,1,225000,168750.0
708,633,20240930,2024-09-30,2,225000,165000.0
545,1619,20240930,2024-09-30,1,225000,168750.0
1092,393,20240930,2024-09-30,1,225000,168750.0
1163,1839,20240930,2024-09-30,3,225000,191250.0
234,460,20240930,2024-09-30,1,225000,168750.0
725,974,20240930,2024-09-30,2,225000,150000.0
1065,115,20240930,2024-09-30,1,225000,168750.0
1299,1495,20240930,2024-09-30,1,225000,168750.0
156,1662,20240930,2024-09-30,4,225000,112500.0
844,1660,20240930,2024-09-30,1,225000,168750.0
209,1640,20240930,2024-09-30,1,225000,168750.0
1390,810,20240930,2024-09-30,1,225000,168750.0
861,2307,20240930,2024-09-30,1,225000,168750.0
742,924,20240930,2024-09-30,1,225000,112500.0
1295,1987,20240930,2024-09-30,2,225000,163750.0
1390,392,20240930,2024-09-30,1,225000,168750.0
902,1460,20240930,2024-09-30,1,225000,168750.0
1368,2264,20240930,2024-09-30,5,225000,112500.0
1066,842,20240930,2024-09-30,1,225000,112500.0
235,1651,20240930,2024-09-30,2,225000,191250.0
905,295,20240930,2024-09-30,2,225000,165000.0
742,1471,20240930,2024-09-30,1,225000,112500.0
708,922,20240930,2024-09-30,2,225000,165000.0
702,2273,20240930,2024-09-30,1,225000,168750.0
254,917,20240930,2024-09-30,1,225000,168750.0
614,2184,20240930,2024-09-30,1,225000,168750.0
1219,237,20240930,2024-09-30,7,225000,112500.0
1216,306,20240930,2024-09-30,1,225000,168750.0
591,640,20240930,2024-09-30,2,225000,191250.0
1390,2150,20240930,2024-09-30,1,225000,168750.0
693,2118,20240930,2024-09-30,2,225000,191250.0
905,1278,20240930,2024-09-30,1,225000,168750.0
881,1373,20240930,2024-09-30,1,225000,168750.0
553,1374,20240930,2024-09-30,1,225000,112500.0
905,1264,20240930,2024-09-30,2,225000,191250.0
1034,184,20240930,2024-09-30,1,225000,168750.0
747,1122,20240930,2024-09-30,2,225000,191250.0
1184,1373,20240930,2024-09-30,2,225000,112500.0
844,1669,20240930,2024-09-30,1,225000,168750.0
666,1685,20240930,2024-09-30,1,225000,112500.0
795,110,20240930,2024-09-30,1,225000,168750.0
431,1437,20240930,2024-09-30,2,225000,191250.0
163,155,20240930,2024-09-30,2,224000,190400.0
1189,123,20240930,2024-09-30,1,224000,112000.0
7,623,20240930,2024-09-30,2,224000,197900.0
1435,2054,20240930,2024-09-30,1,224000,168000.0
1234,1494,20240930,2024-09-30,2,223900,111950.0
479,1403,20240930,2024-09-30,1,223500,167625.0
163,217,20240930,2024-09-30,2,223000,189550.0
163,977,20240930,2024-09-30,2,223000,189550.0
1195,564,20240930,2024-09-30,2,223000,137050.0
163,150,20240930,2024-09-30,2,223000,189550.0
919,1735,20240930,2024-09-30,2,222600,189210.0
919,1542,20240930,2024-09-30,1,222600,166950.0
941,1111,20240930,2024-09-30,1,222500,166875.0
109,2236,20240930,2024-09-30,1,222500,111250.0
523,1648,20240930,2024-09-30,2,222300,164225.0
453,434,20240930,2024-09-30,2,222200,166650.0
498,1594,20240930,2024-09-30,1,222100,166575.0
905,129,20240930,2024-09-30,3,221500,162000.0
97,1778,20240930,2024-09-30,1,221200,110600.0
467,1404,20240930,2024-09-30,2,221100,157075.0
10,865,20240930,2024-09-30,1,221000,165750.0
200,1230,20240930,2024-09-30,1,220500,165375.0
163,144,20240930,2024-09-30,2,220300,187255.0
163,1583,20240930,2024-09-30,2,220100,187085.0
400,1455,20240930,2024-09-30,6,220100,124190.0
264,823,20240930,2024-09-30,1,220000,165000.0
688,1040,20240930,2024-09-30,3,220000,138350.0
966,1775,20240930,2024-09-30,1,220000,165000.0
552,177,20240930,2024-09-30,1,220000,165000.0
1107,235,20240930,2024-09-30,3,220000,110000.0
1042,1948,20240930,2024-09-30,1,220000,165000.0
742,1627,20240930,2024-09-30,1,220000,110000.0
499,1913,20240930,2024-09-30,2,220000,152500.0
102,1378,20240930,2024-09-30,1,220000,165000.0
818,1497,20240930,2024-09-30,7,220000,124000.0
919,338,20240930,2024-09-30,3,220000,187000.0
815,1396,20240930,2024-09-30,1,220000,165000.0
742,2273,20240930,2024-09-30,1,220000,110000.0
204,2213,20240930,2024-09-30,1,220000,165000.0
1295,1920,20240930,2024-09-30,2,220000,157500.0
742,118,20240930,2024-09-30,2,220000,110000.0
1077,408,20240930,2024-09-30,1,220000,165000.0
494,2178,20240930,2024-09-30,1,220000,110000.0
930,1374,20240930,2024-09-30,3,220000,127500.0
818,1697,20240930,2024-09-30,5,220000,136250.0
740,928,20240930,2024-09-30,1,220000,110000.0
240,602,20240930,2024-09-30,1,220000,165000.0
919,334,20240930,2024-09-30,3,219600,186660.0
942,1086,20240930,2024-09-30,1,219500,164625.0
1362,1403,20240930,2024-09-30,5,219500,109750.0
451,2394,20240930,2024-09-30,1,219200,164400.0
1237,961,20240930,2024-09-30,1,219100,164325.0
1466,119,20240930,2024-09-30,5,219000,137800.0
479,985,20240930,2024-09-30,1,219000,164250.0
163,1040,20240930,2024-09-30,3,219000,186150.0
1295,107,20240930,2024-09-30,2,218500,157625.0
1351,1373,20240930,2024-09-30,1,218400,163800.0
737,240,20240930,2024-09-30,1,218300,163725.0
200,341,20240930,2024-09-30,4,218000,185300.0
807,2235,20240930,2024-09-30,1,218000,163500.0
1362,1118,20240930,2024-09-30,7,218000,109000.0
651,300,20240930,2024-09-30,1,218000,163500.0
919,226,20240930,2024-09-30,1,217900,163425.0
1435,1034,20240930,2024-09-30,1,217000,162750.0
319,302,20240930,2024-09-30,1,217000,162750.0
274,1051,20240930,2024-09-30,1,217000,162750.0
1362,2329,20240930,2024-09-30,7,217000,108500.0
818,1479,20240930,2024-09-30,5,217000,108500.0
919,1714,20240930,2024-09-30,3,216900,184365.0
1295,946,20240930,2024-09-30,6,216800,136350.0
326,1463,20240930,2024-09-30,2,216800,108400.0
919,309,20240930,2024-09-30,4,216500,184025.0
1065,697,20240930,2024-09-30,5,216000,183600.0
951,160,20240930,2024-09-30,1,216000,162000.0
1081,2316,20240930,2024-09-30,1,216000,162000.0
126,1822,20240930,2024-09-30,1,216000,162000.0
771,540,20240930,2024-09-30,1,216000,162000.0
841,949,20240930,2024-09-30,1,215800,161850.0
592,146,20240930,2024-09-30,1,215700,161775.0
919,1324,20240930,2024-09-30,1,215100,161325.0
586,1780,20240930,2024-09-30,2,215000,107500.0
1065,2187,20240930,2024-09-30,3,215000,182750.0
307,1396,20240930,2024-09-30,1,215000,161250.0
1459,2343,20240930,2024-09-30,1,215000,161250.0
209,50,20240930,2024-09-30,1,215000,161250.0
353,1389,20240930,2024-09-30,1,215000,161250.0
235,314,20240930,2024-09-30,3,215000,182750.0
1435,1004,20240930,2024-09-30,13,215000,107500.0
666,1692,20240930,2024-09-30,1,215000,161250.0
163,616,20240930,2024-09-30,2,214600,182410.0
474,1040,20240930,2024-09-30,2,214500,167275.0
1436,884,20240930,2024-09-30,2,214500,155875.0
919,2324,20240930,2024-09-30,1,214300,160725.0
200,492,20240930,2024-09-30,1,214000,160500.0
1219,2216,20240930,2024-09-30,1,214000,107000.0
977,332,20240930,2024-09-30,1,214000,160500.0
717,494,20240930,2024-09-30,1,214000,160500.0
742,1387,20240930,2024-09-30,2,214000,107000.0
1065,940,20240930,2024-09-30,2,213600,165200.0
1295,503,20240930,2024-09-30,2,213500,155125.0
919,559,20240930,2024-09-30,3,213200,181220.0
523,477,20240930,2024-09-30,1,213200,159900.0
627,335,20240930,2024-09-30,1,213000,159750.0
882,1720,20240930,2024-09-30,2,213000,163050.0
319,863,20240930,2024-09-30,1,213000,159750.0
977,266,20240930,2024-09-30,1,213000,159750.0
1435,541,20240930,2024-09-30,4,213000,148500.0
645,1623,20240930,2024-09-30,1,212900,159675.0
1034,138,20240930,2024-09-30,1,212800,159600.0
596,260,20240930,2024-09-30,2,212700,180795.0
479,842,20240930,2024-09-30,1,212500,159375.0
1000,623,20240930,2024-09-30,2,212400,152932.0
977,785,20240930,2024-09-30,1,212400,159300.0
919,1594,20240930,2024-09-30,2,212300,180455.0
754,1732,20240930,2024-09-30,1,212000,159000.0
1065,1384,20240930,2024-09-30,5,212000,180200.0
1295,299,20240930,2024-09-30,2,212000,146500.0
1295,1278,20240930,2024-09-30,1,212000,159000.0
784,640,20240930,2024-09-30,2,212000,180200.0
1144,109,20240930,2024-09-30,1,211900,158925.0
420,1121,20240930,2024-09-30,2,211500,105750.0
774,2298,20240930,2024-09-30,1,211500,158625.0
551,123,20240930,2024-09-30,1,211100,105550.0
1036,1396,20240930,2024-09-30,1,211000,158250.0
995,2073,20240930,2024-09-30,1,210900,158175.0
1010,1719,20240930,2024-09-30,1,210600,157950.0
1163,64,20240930,2024-09-30,1,210000,157500.0
313,160,20240930,2024-09-30,1,210000,157500.0
479,1435,20240930,2024-09-30,1,210000,157500.0
1139,146,20240930,2024-09-30,1,210000,157500.0
818,860,20240930,2024-09-30,3,210000,127750.0
472,280,20240930,2024-09-30,1,210000,157500.0
1454,1387,20240930,2024-09-30,1,210000,157500.0
1030,280,20240930,2024-09-30,1,210000,105000.0
988,868,20240930,2024-09-30,1,210000,157500.0
882,1719,20240930,2024-09-30,1,210000,157500.0
919,1928,20240930,2024-09-30,2,210000,178500.0
235,214,20240930,2024-09-30,2,210000,178500.0
905,1713,20240930,2024-09-30,2,210000,178500.0
209,1395,20240930,2024-09-30,1,210000,157500.0
1163,1817,20240930,2024-09-30,1,210000,157500.0
1137,1378,20240930,2024-09-30,1,210000,157500.0
905,1978,20240930,2024-09-30,1,210000,157500.0
209,1442,20240930,2024-09-30,1,210000,157500.0
792,1992,20240930,2024-09-30,2,210000,178500.0
462,1530,20240930,2024-09-30,1,210000,105000.0
97,1755,20240930,2024-09-30,2,209900,104950.0
574,1014,20240930,2024-09-30,1,209600,104800.0
70,367,20240930,2024-09-30,1,209300,156975.0
163,1387,20240930,2024-09-30,3,209200,177820.0
1167,1124,20240930,2024-09-30,2,209000,144250.0
1032,1326,20240930,2024-09-30,1,209000,156750.0
148,1813,20240930,2024-09-30,4,209000,104500.0
1295,648,20240930,2024-09-30,1,208300,156225.0
479,1735,20240930,2024-09-30,1,208000,156000.0
742,883,20240930,2024-09-30,3,208000,104000.0
305,256,20240930,2024-09-30,1,208000,156000.0
1462,1383,20240930,2024-09-30,1,208000,104000.0
865,183,20240930,2024-09-30,1,207700,155775.0
264,332,20240930,2024-09-30,1,207200,155400.0
865,166,20240930,2024-09-30,1,207100,155325.0
501,260,20240930,2024-09-30,1,207000,155250.0
409,1499,20240930,2024-09-30,1,206900,155175.0
479,1231,20240930,2024-09-30,1,206700,155025.0
1339,1491,20240930,2024-09-30,3,206600,103300.0
795,2402,20240930,2024-09-30,1,206500,154875.0
1295,991,20240930,2024-09-30,2,206500,103250.0
730,1300,20240930,2024-09-30,1,206100,154575.0
919,290,20240930,2024-09-30,3,206000,175100.0
818,1395,20240930,2024-09-30,2,206000,103000.0
881,1494,20240930,2024-09-30,1,205600,154200.0
919,842,20240930,2024-09-30,4,205300,174505.0
742,1121,20240930,2024-09-30,3,205000,102500.0
200,250,20240930,2024-09-30,2,205000,174250.0
664,303,20240930,2024-09-30,1,205000,153750.0
818,889,20240930,2024-09-30,3,205000,102500.0
1436,1505,20240930,2024-09-30,2,205000,147500.0
281,612,20240930,2024-09-30,1,205000,153750.0
97,1762,20240930,2024-09-30,3,205000,102500.0
936,992,20240930,2024-09-30,3,205000,102500.0
495,1080,20240930,2024-09-30,2,205000,148750.0
657,1669,20240930,2024-09-30,1,205000,153750.0
209,1270,20240930,2024-09-30,1,205000,153750.0
818,863,20240930,2024-09-30,3,205000,102500.0
1295,2001,20240930,2024-09-30,1,205000,153750.0
1356,761,20240930,2024-09-30,1,205000,153750.0
1295,1582,20240930,2024-09-30,3,205000,155000.0
163,484,20240930,2024-09-30,2,204800,174080.0
1065,1547,20240930,2024-09-30,2,204500,109425.0
679,2270,20240930,2024-09-30,1,204200,153150.0
310,186,20240930,2024-09-30,2,204100,115575.0
795,2075,20240930,2024-09-30,1,204000,153000.0
1295,2058,20240930,2024-09-30,2,204000,145500.0
784,154,20240930,2024-09-30,3,204000,173400.0
479,1828,20240930,2024-09-30,1,204000,153000.0
1065,1566,20240930,2024-09-30,2,203500,137975.0
1065,2326,20240930,2024-09-30,1,203500,152625.0
1065,1270,20240930,2024-09-30,1,203500,152625.0
180,1053,20240930,2024-09-30,2,203500,146725.0
1065,1928,20240930,2024-09-30,1,203500,152625.0
752,1375,20240930,2024-09-30,1,203200,101600.0
999,764,20240930,2024-09-30,2,203100,147325.0
328,1968,20240930,2024-09-30,1,203000,152250.0
157,892,20240930,2024-09-30,1,203000,152250.0
163,2043,20240930,2024-09-30,2,203000,172550.0
1362,1019,20240930,2024-09-30,4,203000,101500.0
145,1935,20240930,2024-09-30,1,202700,152025.0
784,2341,20240930,2024-09-30,1,202700,152025.0
430,666,20240930,2024-09-30,1,202700,152025.0
344,588,20240930,2024-09-30,1,202500,151875.0
1362,2259,20240930,2024-09-30,1,202500,151875.0
1067,2006,20240930,2024-09-30,1,202500,101250.0
20,1336,20240930,2024-09-30,1,202000,101000.0
671,1437,20240930,2024-09-30,1,201800,151350.0
305,2340,20240930,2024-09-30,2,201800,153400.0
784,254,20240930,2024-09-30,2,201700,171445.0
784,201,20240930,2024-09-30,2,201700,171445.0
919,308,20240930,2024-09-30,3,201600,171360.0
305,1416,20240930,2024-09-30,2,201300,153150.0
235,347,20240930,2024-09-30,1,201000,150750.0
235,2107,20240930,2024-09-30,2,201000,170850.0
882,1683,20240930,2024-09-30,1,201000,150750.0
1390,126,20240930,2024-09-30,1,201000,150750.0
784,306,20240930,2024-09-30,2,200200,170170.0
235,1472,20240930,2024-09-30,2,200100,170085.0
109,1685,20240930,2024-09-30,1,200000,100000.0
905,1953,20240930,2024-09-30,1,200000,150000.0
978,1689,20240930,2024-09-30,1,200000,100000.0
428,160,20240930,2024-09-30,1,200000,150000.0
286,252,20240930,2024-09-30,1,200000,150000.0
520,360,20240930,2024-09-30,1,200000,150000.0
742,2019,20240930,2024-09-30,2,200000,100000.0
1065,1149,20240930,2024-09-30,2,200000,170000.0
336,556,20240930,2024-09-30,1,200000,100000.0
1163,1917,20240930,2024-09-30,1,200000,150000.0
1424,341,20240930,2024-09-30,1,200000,150000.0
7,564,20240930,2024-09-30,1,200000,100000.0
651,1516,20240930,2024-09-30,1,200000,150000.0
905,1844,20240930,2024-09-30,1,200000,150000.0
109,46,20240930,2024-09-30,1,200000,100000.0
92,2320,20240930,2024-09-30,1,200000,100000.0
665,164,20240930,2024-09-30,1,200000,150000.0
42,1118,20240930,2024-09-30,1,200000,150000.0
156,2261,20240930,2024-09-30,1,200000,100000.0
552,1435,20240930,2024-09-30,1,200000,150000.0
905,1709,20240930,2024-09-30,1,200000,150000.0
178,1071,20240930,2024-09-30,1,200000,150000.0
614,1391,20240930,2024-09-30,1,200000,150000.0
905,2326,20240930,2024-09-30,2,200000,152500.0
1000,301,20240930,2024-09-30,1,200000,150000.0
1246,697,20240930,2024-09-30,2,200000,147250.0
919,253,20240930,2024-09-30,2,200000,170000.0
341,2233,20240930,2024-09-30,1,200000,150000.0
525,1977,20240930,2024-09-30,1,200000,100000.0
286,1634,20240930,2024-09-30,1,200000,150000.0
392,164,20240930,2024-09-30,1,200000,150000.0
1065,310,20240930,2024-09-30,2,200000,155000.0
1070,1066,20240930,2024-09-30,1,200000,150000.0
99,896,20240930,2024-09-30,2,200000,142000.0
584,1839,20240930,2024-09-30,1,200000,100000.0
805,896,20240930,2024-09-30,2,200000,150000.0
919,1676,20240930,2024-09-30,2,200000,170000.0
106,355,20240930,2024-09-30,2,200000,152500.0
905,1463,20240930,2024-09-30,1,200000,150000.0
700,559,20240930,2024-09-30,1,200000,150000.0
905,2254,20240930,2024-09-30,2,200000,170000.0
1065,65,20240930,2024-09-30,2,200000,170000.0
742,1663,20240930,2024-09-30,1,200000,100000.0
919,285,20240930,2024-09-30,2,200000,170000.0
919,977,20240930,2024-09-30,2,200000,170000.0
742,2254,20240930,2024-09-30,1,200000,100000.0
1167,1071,20240930,2024-09-30,1,200000,100000.0
898,883,20240930,2024-09-30,1,200000,150000.0
919,1945,20240930,2024-09-30,2,200000,170000.0
1441,146,20240930,2024-09-30,1,200000,150000.0
789,1992,20240930,2024-09-30,1,200000,100000.0
1043,1033,20240930,2024-09-30,1,200000,100000.0
208,2104,20240930,2024-09-30,2,200000,152500.0
328,1424,20240930,2024-09-30,1,200000,150000.0
432,322,20240930,2024-09-30,1,200000,150000.0
209,1572,20240930,2024-09-30,1,200000,150000.0
878,211,20240930,2024-09-30,1,200000,150000.0
163,859,20240930,2024-09-30,2,200000,170000.0
267,1004,20240930,2024-09-30,2,200000,100000.0
588,177,20240930,2024-09-30,1,200000,150000.0
632,492,20240930,2024-09-30,1,200000,150000.0
742,639,20240930,2024-09-30,1,200000,100000.0
930,1367,20240930,2024-09-30,3,200000,122750.0
1163,2075,20240930,2024-09-30,1,200000,150000.0
742,148,20240930,2024-09-30,2,200000,100000.0
1462,164,20240930,2024-09-30,1,200000,150000.0
1055,353,20240930,2024-09-30,1,200000,150000.0
209,154,20240930,2024-09-30,1,200000,150000.0
905,645,20240930,2024-09-30,1,200000,150000.0
1367,1006,20240930,2024-09-30,1,200000,150000.0
209,1501,20240930,2024-09-30,1,200000,150000.0
905,2016,20240930,2024-09-30,1,200000,150000.0
878,205,20240930,2024-09-30,1,200000,150000.0
905,1656,20240930,2024-09-30,2,200000,170000.0
109,205,20240930,2024-09-30,1,200000,100000.0
209,2235,20240930,2024-09-30,1,200000,150000.0
742,1338,20240930,2024-09-30,1,200000,100000.0
666,256,20240930,2024-09-30,1,200000,150000.0
878,2106,20240930,2024-09-30,1,200000,150000.0
807,1010,20240930,2024-09-30,2,200000,131250.0
878,214,20240930,2024-09-30,1,200000,150000.0
163,1928,20240930,2024-09-30,2,200000,170000.0
1390,258,20240930,2024-09-30,1,200000,150000.0
31,143,20240930,2024-09-30,1,200000,150000.0
109,1464,20240930,2024-09-30,1,200000,100000.0
121,1383,20240930,2024-09-30,1,200000,100000.0
235,503,20240930,2024-09-30,2,200000,170000.0
715,1104,20240930,2024-09-30,1,200000,100000.0
1222,1561,20240930,2024-09-30,1,200000,100000.0
1462,2272,20240930,2024-09-30,1,200000,150000.0
989,247,20240930,2024-09-30,1,200000,100000.0
109,128,20240930,2024-09-30,1,200000,100000.0
624,1473,20240930,2024-09-30,1,200000,100000.0
905,618,20240930,2024-09-30,1,200000,150000.0
47,541,20240930,2024-09-30,1,200000,100000.0
209,810,20240930,2024-09-30,1,200000,150000.0
286,1704,20240930,2024-09-30,1,200000,150000.0
421,865,20240930,2024-09-30,1,200000,100000.0
209,399,20240930,2024-09-30,1,200000,150000.0
1163,279,20240930,2024-09-30,2,200000,170000.0
742,2122,20240930,2024-09-30,1,200000,100000.0
109,242,20240930,2024-09-30,1,200000,100000.0
919,859,20240930,2024-09-30,2,200000,170000.0
905,927,20240930,2024-09-30,1,200000,150000.0
905,970,20240930,2024-09-30,2,200000,152500.0
919,2217,20240930,2024-09-30,2,200000,170000.0
1364,570,20240930,2024-09-30,1,200000,100000.0
109,1372,20240930,2024-09-30,1,200000,100000.0
811,166,20240930,2024-09-30,1,200000,150000.0
1068,148,20240930,2024-09-30,1,200000,100000.0
905,1425,20240930,2024-09-30,1,200000,150000.0
1055,1719,20240930,2024-09-30,1,200000,150000.0
1441,2158,20240930,2024-09-30,1,200000,150000.0
252,1409,20240930,2024-09-30,1,200000,100000.0
1065,2251,20240930,2024-09-30,1,200000,100000.0
905,69,20240930,2024-09-30,2,200000,152500.0
1177,1496,20240930,2024-09-30,1,200000,100000.0
1187,1023,20240930,2024-09-30,1,200000,100000.0
209,981,20240930,2024-09-30,1,200000,150000.0
1424,1943,20240930,2024-09-30,1,200000,150000.0
905,2191,20240930,2024-09-30,1,200000,150000.0
588,130,20240930,2024-09-30,1,200000,150000.0
1116,2079,20240930,2024-09-30,1,200000,150000.0
905,1506,20240930,2024-09-30,1,200000,150000.0
568,1168,20240930,2024-09-30,1,200000,150000.0
1318,607,20240930,2024-09-30,1,200000,150000.0
1348,1387,20240930,2024-09-30,2,200000,170000.0
1441,1878,20240930,2024-09-30,1,200000,150000.0
1065,1450,20240930,2024-09-30,4,200000,150000.0
1390,1714,20240930,2024-09-30,1,200000,150000.0
59,1424,20240930,2024-09-30,1,200000,100000.0
209,887,20240930,2024-09-30,1,200000,150000.0
231,1280,20240930,2024-09-30,1,200000,150000.0
441,545,20240930,2024-09-30,1,200000,150000.0
524,639,20240930,2024-09-30,4,200000,100000.0
742,2075,20240930,2024-09-30,1,200000,100000.0
920,1051,20240930,2024-09-30,1,200000,150000.0
1467,810,20240930,2024-09-30,1,200000,100000.0
552,1081,20240930,2024-09-30,2,200000,170000.0
1362,612,20240930,2024-09-30,1,200000,100000.0
552,633,20240930,2024-09-30,2,200000,170000.0
209,2277,20240930,2024-09-30,1,200000,150000.0
905,1998,20240930,2024-09-30,1,200000,150000.0
109,2021,20240930,2024-09-30,1,200000,100000.0
878,2125,20240930,2024-09-30,1,200000,150000.0
919,2208,20240930,2024-09-30,2,200000,170000.0
524,1523,20240930,2024-09-30,4,200000,100000.0
1156,771,20240930,2024-09-30,1,200000,100000.0
462,1572,20240930,2024-09-30,1,200000,100000.0
588,176,20240930,2024-09-30,1,200000,150000.0
121,175,20240930,2024-09-30,1,200000,100000.0
905,1526,20240930,2024-09-30,2,200000,170000.0
170,245,20240930,2024-09-30,2,200000,100000.0
919,1469,20240930,2024-09-30,2,200000,170000.0
64,1360,20240930,2024-09-30,1,200000,100000.0
1084,78,20240930,2024-09-30,1,200000,100000.0
905,1444,20240930,2024-09-30,1,200000,150000.0
760,948,20240930,2024-09-30,1,200000,150000.0
880,687,20240930,2024-09-30,1,200000,150000.0
343,1130,20240930,2024-09-30,1,200000,100000.0
1441,861,20240930,2024-09-30,1,200000,150000.0
47,559,20240930,2024-09-30,1,200000,150000.0
92,2284,20240930,2024-09-30,1,200000,150000.0
1116,64,20240930,2024-09-30,1,200000,150000.0
1027,1947,20240930,2024-09-30,2,200000,100000.0
525,533,20240930,2024-09-30,1,200000,100000.0
666,977,20240930,2024-09-30,1,200000,150000.0
919,877,20240930,2024-09-30,2,200000,170000.0
830,1573,20240930,2024-09-30,1,200000,100000.0
919,2165,20240930,2024-09-30,4,200000,170000.0
919,2275,20240930,2024-09-30,2,200000,170000.0
698,482,20240930,2024-09-30,1,200000,150000.0
905,2398,20240930,2024-09-30,1,200000,150000.0
235,914,20240930,2024-09-30,2,200000,170000.0
665,130,20240930,2024-09-30,1,200000,150000.0
977,2083,20240930,2024-09-30,2,200000,100000.0
1065,1297,20240930,2024-09-30,1,200000,100000.0
358,1338,20240930,2024-09-30,1,200000,100000.0
1330,1026,20240930,2024-09-30,1,200000,150000.0
162,1811,20240930,2024-09-30,1,200000,100000.0
905,972,20240930,2024-09-30,1,200000,150000.0
258,1043,20240930,2024-09-30,1,200000,150000.0
1163,331,20240930,2024-09-30,1,200000,150000.0
101,2315,20240930,2024-09-30,1,200000,150000.0
881,1446,20240930,2024-09-30,1,200000,150000.0
905,219,20240930,2024-09-30,1,200000,150000.0
834,298,20240930,2024-09-30,1,200000,150000.0
905,981,20240930,2024-09-30,2,200000,170000.0
742,1228,20240930,2024-09-30,1,200000,100000.0
742,1004,20240930,2024-09-30,3,200000,100000.0
183,2105,20240930,2024-09-30,1,200000,100000.0
364,1026,20240930,2024-09-30,1,200000,150000.0
929,16,20240930,2024-09-30,1,200000,100000.0
1424,2001,20240930,2024-09-30,1,200000,150000.0
96,1636,20240930,2024-09-30,1,200000,150000.0
1466,1426,20240930,2024-09-30,1,200000,100000.0
898,57,20240930,2024-09-30,1,200000,150000.0
209,1718,20240930,2024-09-30,1,200000,150000.0
1055,1952,20240930,2024-09-30,1,200000,150000.0
1357,2393,20240930,2024-09-30,1,200000,150000.0
170,2233,20240930,2024-09-30,1,200000,150000.0
176,2149,20240930,2024-09-30,1,200000,100000.0
792,816,20240930,2024-09-30,1,200000,150000.0
156,529,20240930,2024-09-30,2,200000,100000.0
163,2136,20240930,2024-09-30,2,200000,170000.0
494,2219,20240930,2024-09-30,1,200000,100000.0
1129,2083,20240930,2024-09-30,1,200000,150000.0
919,340,20240930,2024-09-30,2,199500,169575.0
1368,135,20240930,2024-09-30,5,199300,99650.0
483,1477,20240930,2024-09-30,1,199000,149250.0
725,946,20240930,2024-09-30,1,199000,149250.0
650,854,20240930,2024-09-30,3,199000,99500.0
1295,2165,20240930,2024-09-30,1,198600,148950.0
121,24,20240930,2024-09-30,1,198000,148500.0
1246,1112,20240930,2024-09-30,1,198000,148500.0
1336,217,20240930,2024-09-30,1,198000,148500.0
905,1816,20240930,2024-09-30,1,198000,148500.0
244,332,20240930,2024-09-30,1,198000,148500.0
919,314,20240930,2024-09-30,3,198000,168300.0
576,156,20240930,2024-09-30,1,198000,148500.0
857,1086,20240930,2024-09-30,1,198000,148500.0
865,810,20240930,2024-09-30,1,197900,148425.0
612,2097,20240930,2024-09-30,2,197800,168130.0
784,1832,20240930,2024-09-30,2,197600,167960.0
866,1202,20240930,2024-09-30,2,197600,167960.0
330,1439,20240930,2024-09-30,2,197500,167875.0
305,841,20240930,2024-09-30,2,197200,167620.0
807,1523,20240930,2024-09-30,1,197000,147750.0
1107,857,20240930,2024-09-30,3,197000,98500.0
1039,1573,20240930,2024-09-30,1,196800,147600.0
1065,1619,20240930,2024-09-30,5,196500,167025.0
919,1479,20240930,2024-09-30,3,196300,166855.0
960,128,20240930,2024-09-30,1,196300,147225.0
166,1120,20240930,2024-09-30,3,196200,166770.0
133,1118,20240930,2024-09-30,1,196100,147075.0
999,1573,20240930,2024-09-30,1,196000,147000.0
784,203,20240930,2024-09-30,3,195800,166430.0
240,641,20240930,2024-09-30,1,195800,146850.0
1211,301,20240930,2024-09-30,2,195800,166430.0
356,1796,20240930,2024-09-30,1,195500,146625.0
1023,1986,20240930,2024-09-30,1,195100,97550.0
995,2054,20240930,2024-09-30,2,195000,165750.0
1368,2250,20240930,2024-09-30,5,195000,97500.0
433,148,20240930,2024-09-30,1,195000,146250.0
588,2184,20240930,2024-09-30,1,195000,146250.0
742,1300,20240930,2024-09-30,3,195000,97500.0
872,588,20240930,2024-09-30,2,195000,165750.0
932,1338,20240930,2024-09-30,2,195000,130750.0
1368,1668,20240930,2024-09-30,6,195000,97500.0
1118,1629,20240930,2024-09-30,1,195000,97500.0
818,2199,20240930,2024-09-30,2,195000,97500.0
1357,1496,20240930,2024-09-30,1,195000,146250.0
97,1784,20240930,2024-09-30,2,195000,97500.0
1379,339,20240930,2024-09-30,1,195000,146250.0
456,674,20240930,2024-09-30,1,195000,146250.0
309,2066,20240930,2024-09-30,1,194600,97300.0
338,1707,20240930,2024-09-30,4,194500,156575.0
825,1228,20240930,2024-09-30,1,194000,145500.0
742,235,20240930,2024-09-30,3,194000,97000.0
102,1466,20240930,2024-09-30,1,194000,145500.0
1065,1680,20240930,2024-09-30,4,194000,164900.0
919,117,20240930,2024-09-30,2,193700,164645.0
712,309,20240930,2024-09-30,1,193600,145200.0
1065,1245,20240930,2024-09-30,2,193500,149475.0
904,2150,20240930,2024-09-30,2,193000,96500.0
931,2128,20240930,2024-09-30,2,193000,136000.0
1369,861,20240930,2024-09-30,3,193000,96500.0
977,868,20240930,2024-09-30,3,193000,134750.0
972,939,20240930,2024-09-30,1,193000,144750.0
965,305,20240930,2024-09-30,1,192800,144600.0
282,1959,20240930,2024-09-30,1,192800,96400.0
479,206,20240930,2024-09-30,1,192500,144375.0
1269,1252,20240930,2024-09-30,1,192500,144375.0
919,2245,20240930,2024-09-30,2,192300,163455.0
163,1733,20240930,2024-09-30,2,192000,163200.0
919,887,20240930,2024-09-30,2,192000,163200.0
1009,1118,20240930,2024-09-30,1,192000,144000.0
376,214,20240930,2024-09-30,1,192000,144000.0
1270,816,20240930,2024-09-30,1,191300,143475.0
895,1507,20240930,2024-09-30,2,190800,95400.0
1295,2127,20240930,2024-09-30,2,190700,138025.0
919,166,20240930,2024-09-30,3,190600,162010.0
754,7,20240930,2024-09-30,3,190200,95100.0
209,643,20240930,2024-09-30,1,190000,142500.0
1146,324,20240930,2024-09-30,1,190000,142500.0
1462,252,20240930,2024-09-30,1,190000,142500.0
509,741,20240930,2024-09-30,2,190000,130000.0
209,1521,20240930,2024-09-30,1,190000,142500.0
217,146,20240930,2024-09-30,1,190000,142500.0
882,1734,20240930,2024-09-30,1,190000,142500.0
209,308,20240930,2024-09-30,1,190000,142500.0
607,899,20240930,2024-09-30,1,190000,95000.0
72,1634,20240930,2024-09-30,2,190000,132500.0
235,171,20240930,2024-09-30,2,190000,161500.0
786,1867,20240930,2024-09-30,3,190000,95000.0
479,125,20240930,2024-09-30,1,190000,142500.0
795,413,20240930,2024-09-30,1,190000,142500.0
11,955,20240930,2024-09-30,1,190000,142500.0
208,2116,20240930,2024-09-30,1,190000,142500.0
818,1380,20240930,2024-09-30,2,190000,95000.0
1466,143,20240930,2024-09-30,1,190000,142500.0
209,1708,20240930,2024-09-30,1,190000,142500.0
742,247,20240930,2024-09-30,4,190000,95000.0
754,6,20240930,2024-09-30,2,190000,95000.0
919,44,20240930,2024-09-30,2,189300,160905.0
1295,1729,20240930,2024-09-30,1,189300,141975.0
919,747,20240930,2024-09-30,5,189200,160820.0
1107,863,20240930,2024-09-30,4,189000,94500.0
614,2130,20240930,2024-09-30,1,189000,141750.0
1467,832,20240930,2024-09-30,1,189000,141750.0
1166,86,20240930,2024-09-30,1,189000,141750.0
919,773,20240930,2024-09-30,3,188600,160310.0
1362,1922,20240930,2024-09-30,5,188600,94300.0
479,1669,20240930,2024-09-30,1,188300,141225.0
97,1774,20240930,2024-09-30,5,188100,94050.0
481,160,20240930,2024-09-30,1,188000,141000.0
1466,531,20240930,2024-09-30,2,187900,124715.0
1295,2361,20240930,2024-09-30,5,187700,110545.0
282,981,20240930,2024-09-30,1,187500,140625.0
1295,985,20240930,2024-09-30,3,187400,129290.0
1065,2170,20240930,2024-09-30,2,187000,143950.0
1235,2066,20240930,2024-09-30,1,187000,140250.0
800,2290,20240930,2024-09-30,1,187000,140250.0
1219,1450,20240930,2024-09-30,2,187000,93500.0
1065,419,20240930,2024-09-30,2,186300,158355.0
841,961,20240930,2024-09-30,1,186200,139650.0
96,1630,20240930,2024-09-30,2,186000,140600.0
697,645,20240930,2024-09-30,1,186000,93000.0
1206,2333,20240930,2024-09-30,2,186000,127000.0
1295,2043,20240930,2024-09-30,2,186000,134500.0
742,917,20240930,2024-09-30,1,186000,93000.0
1107,864,20240930,2024-09-30,4,186000,93000.0
795,1103,20240930,2024-09-30,1,186000,139500.0
1295,1548,20240930,2024-09-30,8,186000,97000.0
764,1033,20240930,2024-09-30,1,185300,138975.0
919,2193,20240930,2024-09-30,2,185100,157335.0
209,477,20240930,2024-09-30,1,185000,138750.0
754,626,20240930,2024-09-30,3,185000,92500.0
1107,1693,20240930,2024-09-30,2,185000,92500.0
919,344,20240930,2024-09-30,2,185000,157250.0
858,1867,20240930,2024-09-30,1,185000,138750.0
788,240,20240930,2024-09-30,2,185000,138750.0
818,2187,20240930,2024-09-30,3,185000,153750.0
818,886,20240930,2024-09-30,4,185000,92500.0
82,2039,20240930,2024-09-30,1,185000,138750.0
665,320,20240930,2024-09-30,1,185000,138750.0
830,2245,20240930,2024-09-30,1,185000,138750.0
209,1039,20240930,2024-09-30,1,185000,138750.0
186,866,20240930,2024-09-30,1,185000,92500.0
523,503,20240930,2024-09-30,3,185000,127500.0
1409,2019,20240930,2024-09-30,1,185000,138750.0
403,161,20240930,2024-09-30,1,185000,138750.0
1435,1040,20240930,2024-09-30,3,185000,130000.0
163,1036,20240930,2024-09-30,1,184700,138525.0
295,347,20240930,2024-09-30,1,184500,138375.0
494,1235,20240930,2024-09-30,1,184300,92150.0
523,1869,20240930,2024-09-30,1,184000,138000.0
818,1728,20240930,2024-09-30,5,184000,92000.0
702,49,20240930,2024-09-30,1,184000,138000.0
154,453,20240930,2024-09-30,1,184000,138000.0
976,942,20240930,2024-09-30,1,184000,138000.0
163,949,20240930,2024-09-30,2,183500,155975.0
408,1783,20240930,2024-09-30,2,183000,155550.0
97,1808,20240930,2024-09-30,3,183000,91500.0
1195,1389,20240930,2024-09-30,1,183000,137250.0
992,2212,20240930,2024-09-30,1,183000,91500.0
109,1386,20240930,2024-09-30,1,182700,91350.0
106,1977,20240930,2024-09-30,2,182700,137795.0
338,1735,20240930,2024-09-30,3,182500,137625.0
103,453,20240930,2024-09-30,2,182300,136725.0
1427,2250,20240930,2024-09-30,3,182000,130200.0
635,5,20240930,2024-09-30,1,182000,136500.0
605,986,20240930,2024-09-30,1,182000,136500.0
1047,2324,20240930,2024-09-30,1,181900,136425.0
416,1981,20240930,2024-09-30,1,181800,136350.0
305,1714,20240930,2024-09-30,2,181700,154445.0
1436,1538,20240930,2024-09-30,2,181600,129950.0
264,875,20240930,2024-09-30,1,181600,136200.0
219,1374,20240930,2024-09-30,1,181500,90750.0
1246,1124,20240930,2024-09-30,1,181300,135975.0
784,2268,20240930,2024-09-30,2,181100,153935.0
784,1662,20240930,2024-09-30,2,181100,153935.0
163,148,20240930,2024-09-30,2,181100,153935.0
1030,155,20240930,2024-09-30,1,180700,135525.0
200,2319,20240930,2024-09-30,1,180500,135375.0
343,542,20240930,2024-09-30,1,180500,135375.0
235,1479,20240930,2024-09-30,2,180300,153255.0
656,803,20240930,2024-09-30,1,180200,135150.0
1195,1300,20240930,2024-09-30,1,180000,135000.0
97,1775,20240930,2024-09-30,1,180000,90000.0
1441,130,20240930,2024-09-30,1,180000,135000.0
234,429,20240930,2024-09-30,2,180000,114500.0
38,835,20240930,2024-09-30,2,180000,127500.0
200,2208,20240930,2024-09-30,1,180000,135000.0
1219,869,20240930,2024-09-30,5,180000,90000.0
477,2154,20240930,2024-09-30,1,180000,135000.0
73,157,20240930,2024-09-30,1,180000,135000.0
200,2216,20240930,2024-09-30,1,180000,135000.0
328,692,20240930,2024-09-30,1,180000,135000.0
1080,1477,20240930,2024-09-30,2,180000,153000.0
795,869,20240930,2024-09-30,1,180000,135000.0
48,637,20240930,2024-09-30,1,180000,135000.0
742,2032,20240930,2024-09-30,2,180000,90000.0
818,1489,20240930,2024-09-30,2,180000,90000.0
235,155,20240930,2024-09-30,2,180000,153000.0
1066,804,20240930,2024-09-30,1,180000,135000.0
708,657,20240930,2024-09-30,1,180000,135000.0
742,2066,20240930,2024-09-30,3,180000,90000.0
1163,264,20240930,2024-09-30,1,180000,135000.0
205,940,20240930,2024-09-30,1,180000,135000.0
71,109,20240930,2024-09-30,1,180000,135000.0
818,2159,20240930,2024-09-30,2,180000,125000.0
190,925,20240930,2024-09-30,1,180000,135000.0
1459,2328,20240930,2024-09-30,2,180000,153000.0
178,74,20240930,2024-09-30,1,180000,135000.0
326,1465,20240930,2024-09-30,1,180000,90000.0
92,188,20240930,2024-09-30,1,180000,135000.0
88,1053,20240930,2024-09-30,1,180000,135000.0
754,515,20240930,2024-09-30,1,179900,89950.0
919,736,20240930,2024-09-30,2,179700,152745.0
1065,616,20240930,2024-09-30,2,179500,152575.0
264,1662,20240930,2024-09-30,1,179400,134550.0
1358,1179,20240930,2024-09-30,4,179100,148700.0
1415,2180,20240930,2024-09-30,1,179000,134250.0
197,1921,20240930,2024-09-30,1,179000,134250.0
784,2004,20240930,2024-09-30,1,178700,134025.0
310,1619,20240930,2024-09-30,1,178500,133875.0
1065,2228,20240930,2024-09-30,1,178500,133875.0
919,154,20240930,2024-09-30,2,178300,151555.0
326,1443,20240930,2024-09-30,2,178300,89150.0
632,1202,20240930,2024-09-30,1,178000,133500.0
1466,217,20240930,2024-09-30,2,177500,141250.0
884,2235,20240930,2024-09-30,1,177500,133125.0
514,1977,20240930,2024-09-30,1,177000,88500.0
1113,1033,20240930,2024-09-30,1,176900,132675.0
916,1981,20240930,2024-09-30,1,176300,132225.0
641,1310,20240930,2024-09-30,1,176000,88000.0
837,1374,20240930,2024-09-30,1,176000,132000.0
671,1573,20240930,2024-09-30,1,176000,132000.0
784,2160,20240930,2024-09-30,2,176000,149600.0
784,107,20240930,2024-09-30,2,176000,149600.0
906,242,20240930,2024-09-30,1,175900,131925.0
510,365,20240930,2024-09-30,1,175000,131250.0
1049,981,20240930,2024-09-30,1,175000,87500.0
286,1714,20240930,2024-09-30,1,175000,131250.0
1195,203,20240930,2024-09-30,1,175000,131250.0
905,1277,20240930,2024-09-30,1,175000,131250.0
905,35,20240930,2024-09-30,1,175000,131250.0
1163,50,20240930,2024-09-30,1,175000,131250.0
209,181,20240930,2024-09-30,1,175000,131250.0
933,1443,20240930,2024-09-30,3,175000,106250.0
1222,1579,20240930,2024-09-30,2,175000,131250.0
109,1456,20240930,2024-09-30,1,175000,87500.0
742,2160,20240930,2024-09-30,1,175000,87500.0
404,2236,20240930,2024-09-30,1,175000,87500.0
905,1099,20240930,2024-09-30,1,175000,131250.0
328,1059,20240930,2024-09-30,2,175000,122500.0
430,1472,20240930,2024-09-30,1,175000,131250.0
1431,239,20240930,2024-09-30,1,175000,87500.0
905,2318,20240930,2024-09-30,1,175000,131250.0
235,1257,20240930,2024-09-30,2,175000,148750.0
14,177,20240930,2024-09-30,1,175000,131250.0
1313,2063,20240930,2024-09-30,1,175000,87500.0
905,1820,20240930,2024-09-30,2,175000,148750.0
754,1674,20240930,2024-09-30,1,175000,87500.0
156,163,20240930,2024-09-30,2,175000,87500.0
1163,386,20240930,2024-09-30,1,175000,131250.0
1163,263,20240930,2024-09-30,1,175000,131250.0
145,1178,20240930,2024-09-30,2,175000,140000.0
1291,443,20240930,2024-09-30,1,175000,87500.0
1065,614,20240930,2024-09-30,2,175000,148750.0
818,1387,20240930,2024-09-30,4,175000,87500.0
209,1379,20240930,2024-09-30,1,175000,131250.0
479,332,20240930,2024-09-30,1,175000,131250.0
109,1460,20240930,2024-09-30,1,175000,87500.0
326,1683,20240930,2024-09-30,1,175000,87500.0
905,2179,20240930,2024-09-30,2,175000,148750.0
109,570,20240930,2024-09-30,1,175000,87500.0
279,2329,20240930,2024-09-30,2,175000,125000.0
1435,302,20240930,2024-09-30,9,175000,87500.0
1065,750,20240930,2024-09-30,2,175000,148750.0
933,640,20240930,2024-09-30,2,175000,125000.0
905,204,20240930,2024-09-30,1,175000,131250.0
678,626,20240930,2024-09-30,1,175000,87500.0
905,1569,20240930,2024-09-30,1,175000,131250.0
209,756,20240930,2024-09-30,1,175000,131250.0
261,168,20240930,2024-09-30,2,175000,87500.0
1418,2130,20240930,2024-09-30,2,175000,87500.0
225,1324,20240930,2024-09-30,1,175000,87500.0
1436,761,20240930,2024-09-30,1,175000,87500.0
754,1685,20240930,2024-09-30,5,175000,87500.0
209,697,20240930,2024-09-30,1,175000,131250.0
919,1689,20240930,2024-09-30,2,174900,148665.0
977,1692,20240930,2024-09-30,1,174800,131100.0
919,1970,20240930,2024-09-30,4,174400,148240.0
1066,816,20240930,2024-09-30,1,174300,130725.0
97,1806,20240930,2024-09-30,2,174000,87000.0
582,1524,20240930,2024-09-30,1,174000,130500.0
844,1662,20240930,2024-09-30,2,174000,147900.0
1409,161,20240930,2024-09-30,1,174000,130500.0
671,2307,20240930,2024-09-30,1,174000,130500.0
628,334,20240930,2024-09-30,1,174000,130500.0
305,861,20240930,2024-09-30,2,174000,147900.0
739,487,20240930,2024-09-30,1,173900,130425.0
231,1256,20240930,2024-09-30,1,173600,130200.0
154,477,20240930,2024-09-30,1,173500,130125.0
919,1377,20240930,2024-09-30,4,173400,147390.0
1295,910,20240930,2024-09-30,4,173400,86700.0
1419,1634,20240930,2024-09-30,1,173000,129750.0
1166,1145,20240930,2024-09-30,1,173000,129750.0
561,195,20240930,2024-09-30,1,172900,129675.0
632,1206,20240930,2024-09-30,1,172800,129600.0
919,1450,20240930,2024-09-30,2,172700,146795.0
97,1756,20240930,2024-09-30,3,172700,86350.0
919,247,20240930,2024-09-30,2,172600,146710.0
1222,1573,20240930,2024-09-30,2,172500,146625.0
1368,531,20240930,2024-09-30,5,172500,86250.0
479,2148,20240930,2024-09-30,1,172500,129375.0
1034,130,20240930,2024-09-30,1,172000,129000.0
109,540,20240930,2024-09-30,1,172000,86000.0
74,72,20240930,2024-09-30,2,172000,111200.0
494,2385,20240930,2024-09-30,1,171900,128925.0
1065,1590,20240930,2024-09-30,1,171500,128625.0
1167,102,20240930,2024-09-30,1,171500,128625.0
792,1845,20240930,2024-09-30,1,171000,128250.0
1161,59,20240930,2024-09-30,1,171000,128250.0
1455,761,20240930,2024-09-30,2,170700,85350.0
1362,482,20240930,2024-09-30,6,170500,85250.0
479,1251,20240930,2024-09-30,1,170500,127875.0
627,400,20240930,2024-09-30,1,170400,127800.0
801,1708,20240930,2024-09-30,1,170100,127575.0
589,1470,20240930,2024-09-30,3,170000,85000.0
1121,1006,20240930,2024-09-30,1,170000,85000.0
683,609,20240930,2024-09-30,1,170000,127500.0
330,1472,20240930,2024-09-30,1,170000,127500.0
1195,308,20240930,2024-09-30,1,170000,127500.0
1065,203,20240930,2024-09-30,4,170000,144500.0
1195,211,20240930,2024-09-30,1,170000,127500.0
795,2326,20240930,2024-09-30,1,170000,127500.0
1219,262,20240930,2024-09-30,4,170000,85000.0
742,868,20240930,2024-09-30,1,170000,85000.0
1219,1291,20240930,2024-09-30,3,170000,85000.0
919,1398,20240930,2024-09-30,2,170000,144500.0
919,1996,20240930,2024-09-30,2,170000,144500.0
371,1223,20240930,2024-09-30,1,170000,127500.0
1295,2326,20240930,2024-09-30,3,170000,102500.0
209,572,20240930,2024-09-30,1,170000,127500.0
742,1945,20240930,2024-09-30,2,170000,85000.0
1045,997,20240930,2024-09-30,2,170000,137500.0
1368,525,20240930,2024-09-30,4,170000,85000.0
818,1439,20240930,2024-09-30,2,170000,85000.0
1368,530,20240930,2024-09-30,5,169800,84900.0
78,2332,20240930,2024-09-30,1,169300,126975.0
1065,2127,20240930,2024-09-30,3,169000,143650.0
163,1071,20240930,2024-09-30,2,168900,143565.0
293,314,20240930,2024-09-30,1,168800,126600.0
1078,759,20240930,2024-09-30,1,168700,126525.0
1065,2328,20240930,2024-09-30,2,168500,143225.0
1065,1414,20240930,2024-09-30,2,168300,143055.0
510,1157,20240930,2024-09-30,1,168000,126000.0
825,1286,20240930,2024-09-30,1,168000,126000.0
40,1865,20240930,2024-09-30,1,168000,126000.0
24,7,20240930,2024-09-30,1,168000,126000.0
235,2315,20240930,2024-09-30,3,167700,142545.0
919,1068,20240930,2024-09-30,2,167500,142375.0
1160,487,20240930,2024-09-30,1,167500,83750.0
706,916,20240930,2024-09-30,1,167400,125550.0
919,1470,20240930,2024-09-30,3,167300,142205.0
784,345,20240930,2024-09-30,2,167200,142120.0
1018,354,20240930,2024-09-30,1,167000,125250.0
1107,1479,20240930,2024-09-30,2,167000,83500.0
1065,1704,20240930,2024-09-30,4,166500,141525.0
514,816,20240930,2024-09-30,1,166300,124725.0
1063,477,20240930,2024-09-30,1,166200,124650.0
1126,2001,20240930,2024-09-30,1,166000,124500.0
1065,2242,20240930,2024-09-30,1,166000,124500.0
1260,1514,20240930,2024-09-30,1,166000,83000.0
1163,1173,20240930,2024-09-30,1,166000,124500.0
1072,1913,20240930,2024-09-30,1,165800,124350.0
382,2118,20240930,2024-09-30,4,165800,82900.0
1003,538,20240930,2024-09-30,3,165500,140675.0
209,1337,20240930,2024-09-30,1,165000,123750.0
70,87,20240930,2024-09-30,1,165000,123750.0
205,2258,20240930,2024-09-30,1,165000,123750.0
209,1439,20240930,2024-09-30,1,165000,123750.0
368,1845,20240930,2024-09-30,1,165000,123750.0
818,1677,20240930,2024-09-30,4,165000,117500.0
209,324,20240930,2024-09-30,1,165000,123750.0
1186,1310,20240930,2024-09-30,3,165000,82500.0
209,1891,20240930,2024-09-30,1,165000,123750.0
215,164,20240930,2024-09-30,1,165000,123750.0
1357,1977,20240930,2024-09-30,1,165000,123750.0
742,1926,20240930,2024-09-30,1,165000,82500.0
795,1628,20240930,2024-09-30,1,165000,123750.0
209,68,20240930,2024-09-30,1,165000,123750.0
209,389,20240930,2024-09-30,1,165000,123750.0
209,1634,20240930,2024-09-30,1,165000,123750.0
742,1489,20240930,2024-09-30,3,165000,82500.0
16,199,20240930,2024-09-30,1,165000,123750.0
641,1043,20240930,2024-09-30,1,165000,123750.0
209,150,20240930,2024-09-30,1,165000,123750.0
645,1615,20240930,2024-09-30,1,164800,123600.0
862,985,20240930,2024-09-30,1,164700,82350.0
1065,177,20240930,2024-09-30,2,164500,139825.0
1000,40,20240930,2024-09-30,2,164200,139570.0
664,861,20240930,2024-09-30,1,164000,123000.0
1065,2296,20240930,2024-09-30,1,164000,123000.0
1362,1919,20240930,2024-09-30,4,164000,82000.0
1065,1081,20240930,2024-09-30,4,164000,139400.0
1065,1492,20240930,2024-09-30,3,163500,128625.0
259,961,20240930,2024-09-30,1,163200,122400.0
1435,1935,20240930,2024-09-30,2,163100,114825.0
121,192,20240930,2024-09-30,1,163000,122250.0
1362,2127,20240930,2024-09-30,4,163000,81500.0
1205,1669,20240930,2024-09-30,1,163000,122250.0
1409,353,20240930,2024-09-30,1,163000,122250.0
272,857,20240930,2024-09-30,1,162900,81450.0
795,1269,20240930,2024-09-30,1,162500,121875.0
1295,266,20240930,2024-09-30,2,162100,115325.0
632,1209,20240930,2024-09-30,2,162000,120200.0
169,1669,20240930,2024-09-30,1,162000,121500.0
96,1597,20240930,2024-09-30,1,162000,121500.0
109,1447,20240930,2024-09-30,1,162000,81000.0
1436,1672,20240930,2024-09-30,1,162000,121500.0
840,949,20240930,2024-09-30,1,162000,121500.0
691,489,20240930,2024-09-30,2,161900,137615.0
1210,1036,20240930,2024-09-30,2,161000,128100.0
945,680,20240930,2024-09-30,1,160900,120675.0
57,167,20240930,2024-09-30,2,160700,119095.0
488,2099,20240930,2024-09-30,1,160500,120375.0
742,2359,20240930,2024-09-30,1,160000,80000.0
905,1152,20240930,2024-09-30,2,160000,132500.0
665,367,20240930,2024-09-30,1,160000,120000.0
1107,1811,20240930,2024-09-30,3,160000,80000.0
1368,1665,20240930,2024-09-30,4,160000,80000.0
526,1102,20240930,2024-09-30,1,160000,80000.0
453,431,20240930,2024-09-30,2,160000,120000.0
1219,1676,20240930,2024-09-30,2,160000,80000.0
514,1968,20240930,2024-09-30,1,160000,80000.0
977,2011,20240930,2024-09-30,6,160000,80000.0
1107,855,20240930,2024-09-30,3,160000,80000.0
1163,1253,20240930,2024-09-30,2,160000,136000.0
153,1013,20240930,2024-09-30,1,160000,80000.0
742,1033,20240930,2024-09-30,2,160000,80000.0
1219,901,20240930,2024-09-30,3,160000,80000.0
479,1579,20240930,2024-09-30,1,160000,120000.0
393,1271,20240930,2024-09-30,1,160000,120000.0
905,2341,20240930,2024-09-30,2,160000,132500.0
179,1201,20240930,2024-09-30,1,160000,120000.0
1065,942,20240930,2024-09-30,4,159500,135575.0
1044,1530,20240930,2024-09-30,2,159000,79500.0
1295,922,20240930,2024-09-30,5,159000,117650.0
258,988,20240930,2024-09-30,2,158200,96600.0
1021,2226,20240930,2024-09-30,1,158000,118500.0
523,122,20240930,2024-09-30,2,157900,99215.0
919,2338,20240930,2024-09-30,2,157800,134130.0
494,2168,20240930,2024-09-30,1,157500,78750.0
358,697,20240930,2024-09-30,1,157500,118125.0
853,561,20240930,2024-09-30,2,157200,124870.0
1295,752,20240930,2024-09-30,2,157000,78500.0
792,2093,20240930,2024-09-30,2,157000,133450.0
1295,934,20240930,2024-09-30,4,157000,78500.0
1237,1894,20240930,2024-09-30,1,157000,117750.0
671,323,20240930,2024-09-30,1,156800,117600.0
784,1651,20240930,2024-09-30,2,156500,133025.0
1000,1158,20240930,2024-09-30,1,156500,117375.0
1228,1952,20240930,2024-09-30,1,156400,117300.0
488,584,20240930,2024-09-30,1,156100,117075.0
1065,1837,20240930,2024-09-30,1,155500,116625.0
1334,911,20240930,2024-09-30,1,155400,116550.0
495,1121,20240930,2024-09-30,3,155200,89920.0
209,2206,20240930,2024-09-30,1,155000,116250.0
209,338,20240930,2024-09-30,1,155000,116250.0
1195,367,20240930,2024-09-30,2,155000,131750.0
977,697,20240930,2024-09-30,3,155000,105000.0
209,2323,20240930,2024-09-30,1,155000,116250.0
685,988,20240930,2024-09-30,1,155000,116250.0
1065,564,20240930,2024-09-30,2,155000,131750.0
205,293,20240930,2024-09-30,1,155000,116250.0
905,1711,20240930,2024-09-30,2,155000,131750.0
209,1398,20240930,2024-09-30,1,155000,116250.0
742,836,20240930,2024-09-30,2,155000,77500.0
160,890,20240930,2024-09-30,2,155000,77500.0
905,1708,20240930,2024-09-30,2,155000,103750.0
231,1243,20240930,2024-09-30,1,155000,116250.0
911,855,20240930,2024-09-30,2,155000,77500.0
386,863,20240930,2024-09-30,3,154900,87915.0
3,2086,20240930,2024-09-30,1,154800,116100.0
488,2021,20240930,2024-09-30,1,154200,115650.0
1409,2062,20240930,2024-09-30,1,154000,115500.0
1439,1349,20240930,2024-09-30,1,154000,77000.0
968,355,20240930,2024-09-30,1,153900,115425.0
1065,666,20240930,2024-09-30,2,153500,120125.0
1065,1913,20240930,2024-09-30,2,153500,130475.0
491,1526,20240930,2024-09-30,1,153000,114750.0
966,1795,20240930,2024-09-30,1,153000,114750.0
109,798,20240930,2024-09-30,1,153000,76500.0
241,599,20240930,2024-09-30,1,153000,76500.0
1409,1641,20240930,2024-09-30,1,153000,114750.0
109,2268,20240930,2024-09-30,1,153000,76500.0
853,1110,20240930,2024-09-30,2,152900,129965.0
1417,572,20240930,2024-09-30,1,152500,76250.0
398,1948,20240930,2024-09-30,1,152500,114375.0
1435,158,20240930,2024-09-30,10,152500,76250.0
1362,2275,20240930,2024-09-30,2,152200,107900.0
1295,1569,20240930,2024-09-30,1,152000,76000.0
1408,2079,20240930,2024-09-30,1,152000,76000.0
881,1445,20240930,2024-09-30,1,151300,113475.0
715,1072,20240930,2024-09-30,2,151000,119600.0
169,165,20240930,2024-09-30,1,151000,113250.0
749,902,20240930,2024-09-30,1,150500,112875.0
784,1719,20240930,2024-09-30,2,150300,127755.0
235,1922,20240930,2024-09-30,2,150300,127755.0
450,713,20240930,2024-09-30,1,150200,75100.0
109,282,20240930,2024-09-30,1,150000,75000.0
305,316,20240930,2024-09-30,1,150000,127500.0
682,1274,20240930,2024-09-30,1,150000,127500.0
784,880,20240930,2024-09-30,1,150000,127500.0
1163,350,20240930,2024-09-30,1,150000,127500.0
1163,1816,20240930,2024-09-30,1,150000,127500.0
109,1474,20240930,2024-09-30,1,150000,75000.0
163,1323,20240930,2024-09-30,1,150000,127500.0
163,1825,20240930,2024-09-30,1,150000,127500.0
552,1735,20240930,2024-09-30,1,150000,127500.0
919,1935,20240930,2024-09-30,1,150000,127500.0
1072,575,20240930,2024-09-30,1,150000,75000.0
1343,1319,20240930,2024-09-30,1,150000,75000.0
235,645,20240930,2024-09-30,1,150000,127500.0
479,1257,20240930,2024-09-30,1,150000,127500.0
479,1947,20240930,2024-09-30,1,150000,112500.0
878,201,20240930,2024-09-30,1,150000,127500.0
919,650,20240930,2024-09-30,1,150000,127500.0
1390,1378,20240930,2024-09-30,1,150000,127500.0
116,2158,20240930,2024-09-30,1,150000,75000.0
163,2123,20240930,2024-09-30,1,150000,127500.0
163,2287,20240930,2024-09-30,1,150000,127500.0
218,242,20240930,2024-09-30,2,150000,75000.0
305,107,20240930,2024-09-30,1,150000,127500.0
305,731,20240930,2024-09-30,1,150000,127500.0
305,1335,20240930,2024-09-30,1,150000,127500.0
901,1466,20240930,2024-09-30,1,150000,127500.0
1295,1018,20240930,2024-09-30,1,150000,127500.0
1390,2193,20240930,2024-09-30,1,150000,127500.0
305,1832,20240930,2024-09-30,1,150000,127500.0
305,1845,20240930,2024-09-30,1,150000,127500.0
919,10,20240930,2024-09-30,1,150000,127500.0
1466,1952,20240930,2024-09-30,1,150000,127500.0
163,145,20240930,2024-09-30,1,150000,127500.0
163,820,20240930,2024-09-30,1,150000,127500.0
163,890,20240930,2024-09-30,1,150000,127500.0
235,287,20240930,2024-09-30,1,150000,127500.0
235,2093,20240930,2024-09-30,1,150000,127500.0
305,1646,20240930,2024-09-30,1,150000,127500.0
396,1051,20240930,2024-09-30,1,150000,127500.0
479,238,20240930,2024-09-30,1,150000,127500.0
552,1691,20240930,2024-09-30,1,150000,127500.0
682,129,20240930,2024-09-30,1,150000,127500.0
784,715,20240930,2024-09-30,1,150000,127500.0
1295,204,20240930,2024-09-30,2,150000,92500.0
1329,1218,20240930,2024-09-30,1,150000,75000.0
163,147,20240930,2024-09-30,1,150000,127500.0
479,624,20240930,2024-09-30,1,150000,75000.0
742,1552,20240930,2024-09-30,1,150000,75000.0
811,151,20240930,2024-09-30,1,150000,127500.0
1390,2208,20240930,2024-09-30,1,150000,127500.0
163,416,20240930,2024-09-30,1,150000,127500.0
163,2014,20240930,2024-09-30,1,150000,127500.0
350,742,20240930,2024-09-30,1,150000,75000.0
479,1402,20240930,2024-09-30,1,150000,127500.0
905,915,20240930,2024-09-30,1,150000,112500.0
1065,2208,20240930,2024-09-30,1,150000,127500.0
163,847,20240930,2024-09-30,1,150000,127500.0
235,602,20240930,2024-09-30,1,150000,127500.0
235,1244,20240930,2024-09-30,1,150000,127500.0
305,1641,20240930,2024-09-30,1,150000,127500.0
305,1962,20240930,2024-09-30,1,150000,127500.0
905,1821,20240930,2024-09-30,1,150000,127500.0
919,1069,20240930,2024-09-30,1,150000,127500.0
1065,1970,20240930,2024-09-30,3,150000,127500.0
1129,1996,20240930,2024-09-30,1,150000,127500.0
1390,2048,20240930,2024-09-30,1,150000,127500.0
305,1996,20240930,2024-09-30,1,150000,127500.0
1065,503,20240930,2024-09-30,1,150000,127500.0
1390,307,20240930,2024-09-30,1,150000,127500.0
305,747,20240930,2024-09-30,1,150000,127500.0
682,68,20240930,2024-09-30,1,150000,127500.0
682,1816,20240930,2024-09-30,1,150000,127500.0
742,663,20240930,2024-09-30,1,150000,75000.0
916,501,20240930,2024-09-30,1,150000,127500.0
1184,1368,20240930,2024-09-30,1,150000,75000.0
1220,968,20240930,2024-09-30,1,150000,127500.0
1390,1851,20240930,2024-09-30,1,150000,127500.0
163,1265,20240930,2024-09-30,1,150000,127500.0
163,2166,20240930,2024-09-30,1,150000,127500.0
305,2184,20240930,2024-09-30,1,150000,127500.0
479,1976,20240930,2024-09-30,1,150000,127500.0
580,146,20240930,2024-09-30,1,150000,127500.0
784,1253,20240930,2024-09-30,1,150000,127500.0
784,1424,20240930,2024-09-30,1,150000,127500.0
905,2103,20240930,2024-09-30,1,150000,127500.0
124,1368,20240930,2024-09-30,1,150000,75000.0
196,823,20240930,2024-09-30,1,150000,127500.0
200,2179,20240930,2024-09-30,1,150000,127500.0
235,853,20240930,2024-09-30,1,150000,127500.0
305,1563,20240930,2024-09-30,1,150000,127500.0
479,623,20240930,2024-09-30,1,150000,127500.0
1295,1537,20240930,2024-09-30,1,150000,127500.0
1390,921,20240930,2024-09-30,1,150000,127500.0
235,889,20240930,2024-09-30,1,150000,127500.0
235,2162,20240930,2024-09-30,1,150000,127500.0
281,601,20240930,2024-09-30,1,150000,75000.0
235,1660,20240930,2024-09-30,1,150000,127500.0
932,490,20240930,2024-09-30,1,150000,75000.0
1466,522,20240930,2024-09-30,1,150000,127500.0
163,705,20240930,2024-09-30,1,150000,127500.0
235,1077,20240930,2024-09-30,1,150000,127500.0
235,2016,20240930,2024-09-30,1,150000,127500.0
264,623,20240930,2024-09-30,1,150000,127500.0
305,2011,20240930,2024-09-30,1,150000,127500.0
682,337,20240930,2024-09-30,1,150000,127500.0
905,2356,20240930,2024-09-30,1,150000,127500.0
919,2277,20240930,2024-09-30,1,150000,127500.0
1163,1906,20240930,2024-09-30,1,150000,127500.0
1330,997,20240930,2024-09-30,1,150000,127500.0
1390,2307,20240930,2024-09-30,1,150000,127500.0
235,188,20240930,2024-09-30,1,150000,127500.0
398,201,20240930,2024-09-30,1,150000,127500.0
479,810,20240930,2024-09-30,1,150000,127500.0
645,1594,20240930,2024-09-30,1,150000,127500.0
726,2043,20240930,2024-09-30,1,150000,127500.0
784,118,20240930,2024-09-30,1,150000,127500.0
784,678,20240930,2024-09-30,1,150000,127500.0
1390,2136,20240930,2024-09-30,1,150000,127500.0
163,2061,20240930,2024-09-30,1,150000,127500.0
305,1711,20240930,2024-09-30,1,150000,127500.0
305,2051,20240930,2024-09-30,1,150000,127500.0
682,46,20240930,2024-09-30,1,150000,127500.0
784,2150,20240930,2024-09-30,1,150000,127500.0
1390,2011,20240930,2024-09-30,1,150000,127500.0
163,584,20240930,2024-09-30,1,150000,127500.0
163,1304,20240930,2024-09-30,1,150000,127500.0
163,1936,20240930,2024-09-30,1,150000,127500.0
235,741,20240930,2024-09-30,1,150000,127500.0
390,541,20240930,2024-09-30,1,150000,127500.0
552,1080,20240930,2024-09-30,1,150000,127500.0
784,73,20240930,2024-09-30,1,150000,127500.0
784,1670,20240930,2024-09-30,1,150000,127500.0
163,948,20240930,2024-09-30,1,150000,127500.0
163,1400,20240930,2024-09-30,1,150000,127500.0
235,1264,20240930,2024-09-30,1,150000,127500.0
305,1584,20240930,2024-09-30,1,150000,127500.0
479,2398,20240930,2024-09-30,1,150000,127500.0
1390,1246,20240930,2024-09-30,1,150000,127500.0
163,1827,20240930,2024-09-30,1,150000,127500.0
482,1466,20240930,2024-09-30,1,150000,75000.0
688,1022,20240930,2024-09-30,1,150000,127500.0
995,1968,20240930,2024-09-30,1,150000,127500.0
1390,1041,20240930,2024-09-30,1,150000,127500.0
1390,1836,20240930,2024-09-30,1,150000,127500.0
1470,2273,20240930,2024-09-30,1,150000,75000.0
102,1374,20240930,2024-09-30,1,150000,127500.0
163,485,20240930,2024-09-30,1,150000,127500.0
235,880,20240930,2024-09-30,1,150000,127500.0
258,981,20240930,2024-09-30,1,150000,75000.0
651,306,20240930,2024-09-30,1,150000,127500.0
682,1389,20240930,2024-09-30,1,150000,127500.0
784,1245,20240930,2024-09-30,1,150000,127500.0
784,1358,20240930,2024-09-30,1,150000,127500.0
1390,687,20240930,2024-09-30,1,150000,127500.0
1390,2192,20240930,2024-09-30,1,150000,127500.0
102,732,20240930,2024-09-30,1,150000,127500.0
109,165,20240930,2024-09-30,1,150000,75000.0
163,27,20240930,2024-09-30,1,150000,127500.0
305,637,20240930,2024-09-30,1,150000,127500.0
479,1634,20240930,2024-09-30,1,150000,127500.0
682,252,20240930,2024-09-30,1,150000,127500.0
682,729,20240930,2024-09-30,1,150000,127500.0
1068,130,20240930,2024-09-30,1,150000,75000.0
1390,1865,20240930,2024-09-30,1,150000,127500.0
163,1918,20240930,2024-09-30,1,150000,127500.0
163,2273,20240930,2024-09-30,1,150000,127500.0
209,114,20240930,2024-09-30,1,150000,112500.0
209,816,20240930,2024-09-30,1,150000,127500.0
235,254,20240930,2024-09-30,1,150000,127500.0
235,1183,20240930,2024-09-30,1,150000,127500.0
235,1704,20240930,2024-09-30,1,150000,127500.0
1390,185,20240930,2024-09-30,1,150000,127500.0
1390,1945,20240930,2024-09-30,1,150000,127500.0
163,1411,20240930,2024-09-30,1,150000,127500.0
163,2251,20240930,2024-09-30,1,150000,127500.0
224,1379,20240930,2024-09-30,1,150000,127500.0
682,302,20240930,2024-09-30,1,150000,127500.0
784,1417,20240930,2024-09-30,1,150000,127500.0
1390,1709,20240930,2024-09-30,1,150000,127500.0
163,257,20240930,2024-09-30,1,150000,127500.0
479,1542,20240930,2024-09-30,1,150000,127500.0
507,1594,20240930,2024-09-30,1,150000,127500.0
552,1122,20240930,2024-09-30,1,150000,127500.0
871,183,20240930,2024-09-30,1,150000,127500.0
1390,1242,20240930,2024-09-30,1,150000,127500.0
1466,2004,20240930,2024-09-30,1,150000,127500.0
163,517,20240930,2024-09-30,1,150000,127500.0
163,829,20240930,2024-09-30,1,150000,127500.0
163,2175,20240930,2024-09-30,1,150000,127500.0
305,761,20240930,2024-09-30,1,150000,127500.0
479,2220,20240930,2024-09-30,1,150000,127500.0
682,169,20240930,2024-09-30,1,150000,127500.0
682,868,20240930,2024-09-30,1,150000,127500.0
682,1847,20240930,2024-09-30,1,150000,127500.0
754,249,20240930,2024-09-30,1,150000,75000.0
807,307,20240930,2024-09-30,1,150000,127500.0
1390,1051,20240930,2024-09-30,1,150000,127500.0
163,743,20240930,2024-09-30,1,150000,127500.0
163,1591,20240930,2024-09-30,1,150000,127500.0
163,1909,20240930,2024-09-30,1,150000,127500.0
305,883,20240930,2024-09-30,1,150000,127500.0
682,877,20240930,2024-09-30,1,150000,127500.0
682,1384,20240930,2024-09-30,1,150000,127500.0
919,324,20240930,2024-09-30,1,150000,127500.0
1195,1383,20240930,2024-09-30,1,150000,127500.0
1390,981,20240930,2024-09-30,1,150000,127500.0
163,1444,20240930,2024-09-30,1,150000,127500.0
163,1446,20240930,2024-09-30,1,150000,127500.0
163,1570,20240930,2024-09-30,1,150000,127500.0
163,2104,20240930,2024-09-30,1,150000,127500.0
235,1626,20240930,2024-09-30,1,150000,127500.0
423,1072,20240930,2024-09-30,1,150000,75000.0
682,1519,20240930,2024-09-30,1,150000,127500.0
905,110,20240930,2024-09-30,1,150000,127500.0
905,231,20240930,2024-09-30,1,150000,127500.0
41,2008,20240930,2024-09-30,2,150000,110000.0
163,1012,20240930,2024-09-30,1,150000,127500.0
305,156,20240930,2024-09-30,1,150000,127500.0
784,1537,20240930,2024-09-30,1,150000,127500.0
789,57,20240930,2024-09-30,1,150000,127500.0
1241,528,20240930,2024-09-30,1,150000,75000.0
1376,246,20240930,2024-09-30,1,150000,75000.0
102,38,20240930,2024-09-30,1,150000,127500.0
163,968,20240930,2024-09-30,1,150000,127500.0
235,339,20240930,2024-09-30,1,150000,127500.0
905,1154,20240930,2024-09-30,1,150000,127500.0
1390,388,20240930,2024-09-30,1,150000,127500.0
1390,2275,20240930,2024-09-30,1,150000,127500.0
163,1209,20240930,2024-09-30,1,150000,127500.0
163,2180,20240930,2024-09-30,1,150000,127500.0
235,132,20240930,2024-09-30,1,150000,127500.0
1065,148,20240930,2024-09-30,2,150000,127500.0
163,2160,20240930,2024-09-30,1,150000,127500.0
163,2228,20240930,2024-09-30,1,150000,127500.0
200,172,20240930,2024-09-30,1,150000,127500.0
200,183,20240930,2024-09-30,1,150000,127500.0
235,762,20240930,2024-09-30,1,150000,127500.0
235,1693,20240930,2024-09-30,1,150000,127500.0
305,869,20240930,2024-09-30,1,150000,127500.0
682,1378,20240930,2024-09-30,1,150000,127500.0
718,530,20240930,2024-09-30,1,150000,75000.0
905,1384,20240930,2024-09-30,1,150000,127500.0
919,81,20240930,2024-09-30,1,150000,127500.0
1390,1471,20240930,2024-09-30,1,150000,127500.0
1390,1597,20240930,2024-09-30,1,150000,127500.0
1390,2273,20240930,2024-09-30,1,150000,127500.0
163,1812,20240930,2024-09-30,1,150000,127500.0
235,895,20240930,2024-09-30,1,150000,127500.0
784,1278,20240930,2024-09-30,1,150000,127500.0
784,1922,20240930,2024-09-30,1,150000,127500.0
1080,1439,20240930,2024-09-30,1,150000,127500.0
163,718,20240930,2024-09-30,1,150000,127500.0
235,392,20240930,2024-09-30,1,150000,127500.0
552,593,20240930,2024-09-30,1,150000,127500.0
682,140,20240930,2024-09-30,1,150000,127500.0
682,203,20240930,2024-09-30,1,150000,127500.0
682,1227,20240930,2024-09-30,1,150000,127500.0
682,2391,20240930,2024-09-30,1,150000,127500.0
163,68,20240930,2024-09-30,1,150000,127500.0
163,356,20240930,2024-09-30,1,150000,127500.0
784,55,20240930,2024-09-30,1,150000,127500.0
1390,1813,20240930,2024-09-30,1,150000,127500.0
1466,1659,20240930,2024-09-30,1,150000,127500.0
163,557,20240930,2024-09-30,1,150000,127500.0
479,1708,20240930,2024-09-30,1,150000,127500.0
682,1822,20240930,2024-09-30,1,150000,127500.0
919,855,20240930,2024-09-30,3,150000,127500.0
163,277,20240930,2024-09-30,1,150000,127500.0
163,595,20240930,2024-09-30,1,150000,127500.0
235,1928,20240930,2024-09-30,1,150000,127500.0
682,1424,20240930,2024-09-30,1,150000,127500.0
905,39,20240930,2024-09-30,1,150000,127500.0
1215,1545,20240930,2024-09-30,1,150000,75000.0
1390,53,20240930,2024-09-30,1,150000,127500.0
235,217,20240930,2024-09-30,1,150000,127500.0
305,301,20240930,2024-09-30,1,150000,127500.0
784,2130,20240930,2024-09-30,1,150000,127500.0
905,1033,20240930,2024-09-30,1,150000,127500.0
919,1369,20240930,2024-09-30,1,150000,127500.0
163,2090,20240930,2024-09-30,1,150000,127500.0
235,299,20240930,2024-09-30,1,150000,127500.0
351,151,20240930,2024-09-30,1,150000,127500.0
784,341,20240930,2024-09-30,1,150000,127500.0
1065,1572,20240930,2024-09-30,1,150000,127500.0
35,842,20240930,2024-09-30,1,150000,75000.0
163,988,20240930,2024-09-30,1,150000,127500.0
163,1063,20240930,2024-09-30,1,150000,127500.0
1195,50,20240930,2024-09-30,1,150000,127500.0
1466,163,20240930,2024-09-30,2,150000,75000.0
305,374,20240930,2024-09-30,1,150000,127500.0
479,1000,20240930,2024-09-30,1,150000,127500.0
823,298,20240930,2024-09-30,1,150000,127500.0
1072,57,20240930,2024-09-30,1,150000,127500.0
1077,46,20240930,2024-09-30,1,150000,127500.0
1220,1948,20240930,2024-09-30,1,150000,127500.0
163,917,20240930,2024-09-30,1,150000,127500.0
682,351,20240930,2024-09-30,1,150000,127500.0
919,1943,20240930,2024-09-30,1,150000,127500.0
1390,954,20240930,2024-09-30,1,150000,127500.0
479,2359,20240930,2024-09-30,1,150000,127500.0
742,1672,20240930,2024-09-30,2,150000,75000.0
742,1996,20240930,2024-09-30,1,150000,75000.0
784,666,20240930,2024-09-30,1,150000,127500.0
784,1249,20240930,2024-09-30,1,150000,127500.0
1080,1488,20240930,2024-09-30,2,150000,127500.0
1390,110,20240930,2024-09-30,1,150000,127500.0
1390,460,20240930,2024-09-30,1,150000,127500.0
1390,855,20240930,2024-09-30,1,150000,127500.0
163,832,20240930,2024-09-30,1,150000,127500.0
163,2163,20240930,2024-09-30,1,150000,127500.0
163,2297,20240930,2024-09-30,1,150000,127500.0
235,1229,20240930,2024-09-30,1,150000,127500.0
305,500,20240930,2024-09-30,1,150000,127500.0
479,1822,20240930,2024-09-30,1,150000,127500.0
524,978,20240930,2024-09-30,3,150000,75000.0
1390,303,20240930,2024-09-30,1,150000,127500.0
163,1128,20240930,2024-09-30,1,150000,127500.0
163,1453,20240930,2024-09-30,1,150000,127500.0
235,879,20240930,2024-09-30,1,150000,127500.0
235,1439,20240930,2024-09-30,1,150000,127500.0
305,158,20240930,2024-09-30,1,150000,127500.0
905,1688,20240930,2024-09-30,1,150000,127500.0
1189,2120,20240930,2024-09-30,1,150000,75000.0
1227,2004,20240930,2024-09-30,1,150000,127500.0
1390,1477,20240930,2024-09-30,1,150000,127500.0
209,2174,20240930,2024-09-30,1,150000,127500.0
305,650,20240930,2024-09-30,1,150000,127500.0
479,2043,20240930,2024-09-30,1,150000,127500.0
567,1968,20240930,2024-09-30,1,150000,127500.0
682,335,20240930,2024-09-30,1,150000,127500.0
682,1251,20240930,2024-09-30,1,150000,127500.0
784,2248,20240930,2024-09-30,1,150000,127500.0
919,1544,20240930,2024-09-30,1,150000,127500.0
163,706,20240930,2024-09-30,1,150000,127500.0
163,1178,20240930,2024-09-30,1,150000,127500.0
235,120,20240930,2024-09-30,1,150000,127500.0
669,2262,20240930,2024-09-30,2,150000,75000.0
784,262,20240930,2024-09-30,1,150000,127500.0
784,637,20240930,2024-09-30,1,150000,127500.0
919,1656,20240930,2024-09-30,1,150000,127500.0
163,238,20240930,2024-09-30,1,150000,127500.0
163,627,20240930,2024-09-30,1,150000,127500.0
784,416,20240930,2024-09-30,1,150000,127500.0
1390,254,20240930,2024-09-30,1,150000,127500.0
1390,1987,20240930,2024-09-30,1,150000,127500.0
163,722,20240930,2024-09-30,1,150000,127500.0
163,788,20240930,2024-09-30,1,150000,127500.0
163,1043,20240930,2024-09-30,1,150000,127500.0
200,977,20240930,2024-09-30,1,150000,127500.0
209,1338,20240930,2024-09-30,1,150000,127500.0
235,260,20240930,2024-09-30,1,150000,127500.0
235,1452,20240930,2024-09-30,1,150000,127500.0
682,1148,20240930,2024-09-30,1,150000,127500.0
784,2093,20240930,2024-09-30,1,150000,127500.0
871,160,20240930,2024-09-30,1,150000,127500.0
230,1246,20240930,2024-09-30,1,150000,127500.0
235,255,20240930,2024-09-30,1,150000,127500.0
235,1769,20240930,2024-09-30,1,150000,127500.0
479,1646,20240930,2024-09-30,1,150000,127500.0
631,832,20240930,2024-09-30,1,150000,75000.0
1390,279,20240930,2024-09-30,1,150000,127500.0
1390,287,20240930,2024-09-30,1,150000,127500.0
1390,1232,20240930,2024-09-30,1,150000,127500.0
1441,865,20240930,2024-09-30,1,150000,127500.0
163,98,20240930,2024-09-30,1,150000,127500.0
163,635,20240930,2024-09-30,1,150000,127500.0
163,1088,20240930,2024-09-30,1,150000,127500.0
209,148,20240930,2024-09-30,1,150000,127500.0
235,2022,20240930,2024-09-30,1,150000,127500.0
784,1270,20240930,2024-09-30,1,150000,127500.0
1390,1148,20240930,2024-09-30,1,150000,127500.0
163,826,20240930,2024-09-30,1,150000,127500.0
784,264,20240930,2024-09-30,1,150000,127500.0
905,458,20240930,2024-09-30,1,150000,127500.0
905,1217,20240930,2024-09-30,1,150000,127500.0
1390,181,20240930,2024-09-30,1,150000,127500.0
235,2394,20240930,2024-09-30,1,150000,127500.0
682,2150,20240930,2024-09-30,1,150000,127500.0
919,1487,20240930,2024-09-30,1,150000,127500.0
1195,2215,20240930,2024-09-30,1,150000,127500.0
1390,503,20240930,2024-09-30,1,150000,127500.0
1390,948,20240930,2024-09-30,1,150000,127500.0
71,98,20240930,2024-09-30,1,150000,112500.0
163,1252,20240930,2024-09-30,1,150000,127500.0
163,1399,20240930,2024-09-30,1,150000,127500.0
235,1469,20240930,2024-09-30,1,150000,127500.0
473,429,20240930,2024-09-30,1,150000,75000.0
682,1814,20240930,2024-09-30,1,150000,127500.0
235,1554,20240930,2024-09-30,1,150000,127500.0
479,2066,20240930,2024-09-30,1,150000,127500.0
905,2402,20240930,2024-09-30,1,150000,127500.0
163,17,20240930,2024-09-30,1,150000,127500.0
163,1199,20240930,2024-09-30,1,150000,127500.0
163,1230,20240930,2024-09-30,1,150000,127500.0
163,2326,20240930,2024-09-30,1,150000,127500.0
209,1264,20240930,2024-09-30,1,150000,127500.0
580,2107,20240930,2024-09-30,1,150000,127500.0
682,939,20240930,2024-09-30,1,150000,127500.0
784,882,20240930,2024-09-30,1,150000,127500.0
1375,564,20240930,2024-09-30,1,150000,75000.0
682,1110,20240930,2024-09-30,1,150000,127500.0
163,1836,20240930,2024-09-30,1,150000,127500.0
235,1716,20240930,2024-09-30,1,150000,127500.0
246,722,20240930,2024-09-30,1,150000,127500.0
305,145,20240930,2024-09-30,1,150000,127500.0
662,1004,20240930,2024-09-30,1,150000,127500.0
919,1317,20240930,2024-09-30,1,150000,127500.0
163,295,20240930,2024-09-30,1,150000,127500.0
163,1653,20240930,2024-09-30,1,150000,127500.0
163,2345,20240930,2024-09-30,1,150000,127500.0
784,2254,20240930,2024-09-30,1,150000,127500.0
919,310,20240930,2024-09-30,1,150000,127500.0
1466,1422,20240930,2024-09-30,1,150000,127500.0
163,496,20240930,2024-09-30,1,150000,127500.0
163,1457,20240930,2024-09-30,1,150000,127500.0
163,2095,20240930,2024-09-30,1,150000,127500.0
902,1396,20240930,2024-09-30,1,150000,127500.0
1321,911,20240930,2024-09-30,1,150000,75000.0
163,1462,20240930,2024-09-30,1,150000,127500.0
305,1816,20240930,2024-09-30,1,150000,127500.0
682,1898,20240930,2024-09-30,1,150000,127500.0
919,847,20240930,2024-09-30,2,150000,127500.0
1009,1086,20240930,2024-09-30,1,150000,127500.0
1375,561,20240930,2024-09-30,1,150000,75000.0
1390,1839,20240930,2024-09-30,1,150000,127500.0
1396,1206,20240930,2024-09-30,1,150000,75000.0
1466,528,20240930,2024-09-30,1,150000,127500.0
479,2182,20240930,2024-09-30,1,150000,127500.0
682,268,20240930,2024-09-30,1,150000,127500.0
1390,2268,20240930,2024-09-30,1,150000,127500.0
163,896,20240930,2024-09-30,1,150000,127500.0
235,1381,20240930,2024-09-30,1,150000,127500.0
479,871,20240930,2024-09-30,1,150000,127500.0
682,961,20240930,2024-09-30,1,150000,127500.0
163,666,20240930,2024-09-30,1,150000,127500.0
163,1830,20240930,2024-09-30,1,150000,127500.0
163,2252,20240930,2024-09-30,1,150000,127500.0
569,1529,20240930,2024-09-30,1,150000,127500.0
919,1713,20240930,2024-09-30,1,150000,127500.0
1295,255,20240930,2024-09-30,2,150000,100000.0
1390,363,20240930,2024-09-30,1,150000,127500.0
1390,545,20240930,2024-09-30,1,150000,127500.0
102,211,20240930,2024-09-30,1,150000,127500.0
106,332,20240930,2024-09-30,1,150000,127500.0
163,899,20240930,2024-09-30,1,150000,127500.0
163,1973,20240930,2024-09-30,1,150000,127500.0
305,593,20240930,2024-09-30,1,150000,127500.0
552,161,20240930,2024-09-30,1,150000,127500.0
784,1549,20240930,2024-09-30,1,150000,127500.0
804,2329,20240930,2024-09-30,1,150000,127500.0
1390,168,20240930,2024-09-30,1,150000,127500.0
1390,2089,20240930,2024-09-30,1,150000,127500.0
305,1572,20240930,2024-09-30,1,150000,127500.0
558,114,20240930,2024-09-30,1,150000,127500.0
784,564,20240930,2024-09-30,1,150000,127500.0
1000,375,20240930,2024-09-30,1,150000,127500.0
1059,1477,20240930,2024-09-30,1,150000,127500.0
1246,1063,20240930,2024-09-30,1,150000,127500.0
235,884,20240930,2024-09-30,1,150000,127500.0
235,1672,20240930,2024-09-30,1,150000,127500.0
682,227,20240930,2024-09-30,1,150000,127500.0
682,863,20240930,2024-09-30,1,150000,127500.0
682,1554,20240930,2024-09-30,1,150000,127500.0
682,1570,20240930,2024-09-30,1,150000,127500.0
682,2008,20240930,2024-09-30,1,150000,127500.0
1390,1985,20240930,2024-09-30,1,150000,127500.0
163,661,20240930,2024-09-30,1,150000,127500.0
163,2003,20240930,2024-09-30,1,150000,127500.0
163,2170,20240930,2024-09-30,1,150000,127500.0
305,1493,20240930,2024-09-30,1,150000,127500.0
374,832,20240930,2024-09-30,1,150000,75000.0
163,2071,20240930,2024-09-30,1,150000,127500.0
305,373,20240930,2024-09-30,1,150000,127500.0
305,1374,20240930,2024-09-30,1,150000,127500.0
784,2010,20240930,2024-09-30,1,150000,127500.0
1390,831,20240930,2024-09-30,1,150000,127500.0
235,370,20240930,2024-09-30,1,150000,127500.0
235,1671,20240930,2024-09-30,1,150000,127500.0
305,314,20240930,2024-09-30,1,150000,127500.0
479,282,20240930,2024-09-30,1,150000,127500.0
666,203,20240930,2024-09-30,1,150000,127500.0
682,545,20240930,2024-09-30,1,150000,127500.0
784,1575,20240930,2024-09-30,1,150000,127500.0
784,1579,20240930,2024-09-30,1,150000,127500.0
905,1678,20240930,2024-09-30,1,150000,127500.0
919,274,20240930,2024-09-30,1,150000,127500.0
1390,1396,20240930,2024-09-30,1,150000,127500.0
1390,1478,20240930,2024-09-30,1,150000,127500.0
1390,1697,20240930,2024-09-30,1,150000,127500.0
163,1184,20240930,2024-09-30,1,150000,127500.0
905,820,20240930,2024-09-30,1,150000,127500.0
951,593,20240930,2024-09-30,1,150000,75000.0
1220,164,20240930,2024-09-30,1,150000,127500.0
1390,516,20240930,2024-09-30,1,150000,127500.0
200,258,20240930,2024-09-30,1,150000,127500.0
253,972,20240930,2024-09-30,1,150000,127500.0
588,2275,20240930,2024-09-30,1,150000,127500.0
722,1672,20240930,2024-09-30,1,150000,75000.0
163,855,20240930,2024-09-30,1,150000,127500.0
163,1437,20240930,2024-09-30,1,150000,127500.0
163,1511,20240930,2024-09-30,1,150000,127500.0
305,1553,20240930,2024-09-30,1,150000,127500.0
682,1396,20240930,2024-09-30,1,150000,127500.0
163,915,20240930,2024-09-30,1,150000,127500.0
235,292,20240930,2024-09-30,1,150000,127500.0
235,2215,20240930,2024-09-30,1,150000,127500.0
305,1482,20240930,2024-09-30,1,150000,127500.0
784,1464,20240930,2024-09-30,1,150000,127500.0
1390,1606,20240930,2024-09-30,1,150000,127500.0
163,412,20240930,2024-09-30,1,150000,127500.0
235,2054,20240930,2024-09-30,1,150000,127500.0
479,1372,20240930,2024-09-30,1,150000,127500.0
682,135,20240930,2024-09-30,1,150000,127500.0
682,306,20240930,2024-09-30,1,150000,127500.0
919,2310,20240930,2024-09-30,1,150000,127500.0
977,968,20240930,2024-09-30,1,150000,75000.0
1163,393,20240930,2024-09-30,1,150000,127500.0
1390,1956,20240930,2024-09-30,1,150000,127500.0
163,2189,20240930,2024-09-30,1,150000,127500.0
552,1888,20240930,2024-09-30,1,150000,127500.0
682,1693,20240930,2024-09-30,1,150000,127500.0
1219,313,20240930,2024-09-30,2,150000,75000.0
163,599,20240930,2024-09-30,1,150000,127500.0
305,1338,20240930,2024-09-30,1,150000,127500.0
784,18,20240930,2024-09-30,1,150000,127500.0
1194,477,20240930,2024-09-30,1,150000,127500.0
1390,2344,20240930,2024-09-30,1,150000,127500.0
235,46,20240930,2024-09-30,1,150000,127500.0
305,248,20240930,2024-09-30,1,150000,127500.0
682,1068,20240930,2024-09-30,1,150000,127500.0
682,1711,20240930,2024-09-30,1,150000,127500.0
753,1043,20240930,2024-09-30,1,150000,127500.0
1390,1033,20240930,2024-09-30,1,150000,127500.0
1390,1496,20240930,2024-09-30,1,150000,127500.0
163,1486,20240930,2024-09-30,1,150000,127500.0
305,537,20240930,2024-09-30,1,150000,127500.0
305,1451,20240930,2024-09-30,1,150000,127500.0
479,864,20240930,2024-09-30,1,150000,127500.0
665,355,20240930,2024-09-30,1,150000,127500.0
682,1394,20240930,2024-09-30,1,150000,127500.0
682,1968,20240930,2024-09-30,1,150000,127500.0
682,2107,20240930,2024-09-30,1,150000,127500.0
758,2259,20240930,2024-09-30,2,150000,110000.0
948,390,20240930,2024-09-30,1,150000,127500.0
1390,657,20240930,2024-09-30,1,150000,127500.0
1390,1256,20240930,2024-09-30,1,150000,127500.0
1390,1847,20240930,2024-09-30,1,150000,127500.0
235,1383,20240930,2024-09-30,1,150000,127500.0
1390,594,20240930,2024-09-30,1,150000,127500.0
163,263,20240930,2024-09-30,1,150000,127500.0
163,667,20240930,2024-09-30,1,150000,127500.0
163,1381,20240930,2024-09-30,1,150000,127500.0
163,1565,20240930,2024-09-30,1,150000,127500.0
235,2021,20240930,2024-09-30,1,150000,127500.0
682,1411,20240930,2024-09-30,1,150000,127500.0
905,1349,20240930,2024-09-30,1,150000,127500.0
919,202,20240930,2024-09-30,1,150000,127500.0
1390,87,20240930,2024-09-30,1,150000,127500.0
1390,340,20240930,2024-09-30,1,150000,127500.0
163,1487,20240930,2024-09-30,1,150000,127500.0
163,1878,20240930,2024-09-30,1,150000,127500.0
163,1929,20240930,2024-09-30,1,150000,127500.0
235,1242,20240930,2024-09-30,1,150000,127500.0
479,722,20240930,2024-09-30,1,150000,127500.0
479,1707,20240930,2024-09-30,1,150000,127500.0
682,861,20240930,2024-09-30,1,150000,127500.0
742,842,20240930,2024-09-30,1,150000,75000.0
1390,906,20240930,2024-09-30,1,150000,127500.0
1459,2319,20240930,2024-09-30,1,150000,127500.0
163,1373,20240930,2024-09-30,1,150000,127500.0
163,1894,20240930,2024-09-30,1,150000,127500.0
509,633,20240930,2024-09-30,1,150000,75000.0
1195,2396,20240930,2024-09-30,1,150000,127500.0
1390,1845,20240930,2024-09-30,1,150000,127500.0
1467,1992,20240930,2024-09-30,1,150000,127500.0
235,1203,20240930,2024-09-30,1,150000,127500.0
235,1235,20240930,2024-09-30,1,150000,127500.0
305,165,20240930,2024-09-30,1,150000,127500.0
557,1612,20240930,2024-09-30,1,150000,127500.0
666,1981,20240930,2024-09-30,1,150000,127500.0
1307,252,20240930,2024-09-30,1,150000,127500.0
163,399,20240930,2024-09-30,1,150000,127500.0
163,566,20240930,2024-09-30,1,150000,127500.0
235,1719,20240930,2024-09-30,1,150000,127500.0
305,866,20240930,2024-09-30,1,150000,127500.0
305,1660,20240930,2024-09-30,1,150000,127500.0
305,1719,20240930,2024-09-30,1,150000,127500.0
305,2176,20240930,2024-09-30,1,150000,127500.0
479,391,20240930,2024-09-30,1,150000,127500.0
905,2400,20240930,2024-09-30,1,150000,127500.0
1166,85,20240930,2024-09-30,1,150000,75000.0
1390,1928,20240930,2024-09-30,1,150000,127500.0
163,1358,20240930,2024-09-30,1,150000,127500.0
163,1441,20240930,2024-09-30,1,150000,127500.0
200,155,20240930,2024-09-30,1,150000,127500.0
340,242,20240930,2024-09-30,1,150000,127500.0
784,652,20240930,2024-09-30,1,150000,127500.0
1254,1122,20240930,2024-09-30,1,150000,127500.0
1390,331,20240930,2024-09-30,1,150000,127500.0
102,1483,20240930,2024-09-30,1,150000,127500.0
163,110,20240930,2024-09-30,1,150000,127500.0
163,560,20240930,2024-09-30,1,150000,127500.0
163,1999,20240930,2024-09-30,1,150000,127500.0
235,1996,20240930,2024-09-30,1,150000,127500.0
305,35,20240930,2024-09-30,1,150000,127500.0
1390,547,20240930,2024-09-30,1,150000,127500.0
163,1976,20240930,2024-09-30,1,150000,127500.0
1295,2318,20240930,2024-09-30,1,150000,127500.0
1435,1845,20240930,2024-09-30,8,150000,75000.0
272,1385,20240930,2024-09-30,1,150000,75000.0
1065,198,20240930,2024-09-30,1,150000,127500.0
1065,1015,20240930,2024-09-30,1,150000,112500.0
1087,1168,20240930,2024-09-30,1,150000,75000.0
209,137,20240930,2024-09-30,1,150000,127500.0
305,127,20240930,2024-09-30,1,150000,127500.0
682,1953,20240930,2024-09-30,1,150000,127500.0
1386,335,20240930,2024-09-30,1,150000,75000.0
235,18,20240930,2024-09-30,1,150000,127500.0
235,1126,20240930,2024-09-30,1,150000,127500.0
264,1466,20240930,2024-09-30,1,150000,112500.0
305,444,20240930,2024-09-30,1,150000,127500.0
682,982,20240930,2024-09-30,1,150000,127500.0
919,1243,20240930,2024-09-30,1,150000,127500.0
1065,854,20240930,2024-09-30,1,150000,127500.0
1390,1439,20240930,2024-09-30,1,150000,127500.0
235,657,20240930,2024-09-30,1,150000,127500.0
305,2062,20240930,2024-09-30,1,150000,127500.0
163,810,20240930,2024-09-30,1,150000,127500.0
235,89,20240930,2024-09-30,1,150000,127500.0
682,847,20240930,2024-09-30,1,150000,127500.0
163,1449,20240930,2024-09-30,1,150000,127500.0
591,639,20240930,2024-09-30,1,150000,127500.0
787,1642,20240930,2024-09-30,1,150000,75000.0
1065,1130,20240930,2024-09-30,1,150000,112500.0
209,1648,20240930,2024-09-30,1,150000,112500.0
235,866,20240930,2024-09-30,1,150000,127500.0
479,942,20240930,2024-09-30,1,150000,127500.0
666,1360,20240930,2024-09-30,1,150000,127500.0
818,2200,20240930,2024-09-30,1,150000,127500.0
844,1651,20240930,2024-09-30,1,150000,112500.0
1184,1374,20240930,2024-09-30,1,150000,75000.0
163,721,20240930,2024-09-30,1,150000,127500.0
163,822,20240930,2024-09-30,1,150000,127500.0
163,2195,20240930,2024-09-30,1,150000,127500.0
305,1230,20240930,2024-09-30,1,150000,127500.0
479,1380,20240930,2024-09-30,1,150000,127500.0
919,388,20240930,2024-09-30,1,150000,127500.0
1390,165,20240930,2024-09-30,1,150000,127500.0
1441,868,20240930,2024-09-30,1,150000,127500.0
272,235,20240930,2024-09-30,1,150000,75000.0
305,167,20240930,2024-09-30,1,150000,127500.0
1390,813,20240930,2024-09-30,1,150000,127500.0
106,363,20240930,2024-09-30,1,150000,127500.0
163,332,20240930,2024-09-30,1,150000,127500.0
163,687,20240930,2024-09-30,1,150000,127500.0
163,1268,20240930,2024-09-30,1,150000,127500.0
235,559,20240930,2024-09-30,1,150000,127500.0
305,564,20240930,2024-09-30,1,150000,127500.0
919,1144,20240930,2024-09-30,1,150000,127500.0
163,924,20240930,2024-09-30,1,150000,127500.0
163,2375,20240930,2024-09-30,1,150000,127500.0
200,300,20240930,2024-09-30,1,150000,127500.0
209,465,20240930,2024-09-30,1,150000,127500.0
306,217,20240930,2024-09-30,1,150000,127500.0
569,697,20240930,2024-09-30,1,150000,127500.0
682,2118,20240930,2024-09-30,1,150000,127500.0
784,764,20240930,2024-09-30,1,150000,127500.0
905,1660,20240930,2024-09-30,2,150000,127500.0
942,1619,20240930,2024-09-30,1,150000,127500.0
1065,333,20240930,2024-09-30,1,150000,127500.0
163,2311,20240930,2024-09-30,1,150000,127500.0
235,1953,20240930,2024-09-30,1,150000,127500.0
235,2051,20240930,2024-09-30,1,150000,127500.0
479,1986,20240930,2024-09-30,1,150000,127500.0
682,855,20240930,2024-09-30,1,150000,127500.0
784,1122,20240930,2024-09-30,1,150000,127500.0
109,859,20240930,2024-09-30,1,150000,75000.0
163,2366,20240930,2024-09-30,1,150000,127500.0
235,128,20240930,2024-09-30,1,150000,127500.0
235,484,20240930,2024-09-30,1,150000,127500.0
905,1327,20240930,2024-09-30,1,150000,127500.0
1401,1719,20240930,2024-09-30,1,150000,127500.0
163,1520,20240930,2024-09-30,1,150000,127500.0
163,2298,20240930,2024-09-30,1,150000,127500.0
682,341,20240930,2024-09-30,1,150000,127500.0
1390,1071,20240930,2024-09-30,1,150000,127500.0
121,593,20240930,2024-09-30,1,150000,75000.0
200,1388,20240930,2024-09-30,1,150000,127500.0
235,330,20240930,2024-09-30,1,150000,127500.0
784,1203,20240930,2024-09-30,1,150000,127500.0
905,2166,20240930,2024-09-30,1,150000,127500.0
1065,277,20240930,2024-09-30,1,150000,127500.0
1065,339,20240930,2024-09-30,1,150000,127500.0
1390,264,20240930,2024-09-30,1,150000,127500.0
1390,1228,20240930,2024-09-30,1,150000,127500.0
1390,1817,20240930,2024-09-30,1,150000,127500.0
1441,474,20240930,2024-09-30,1,150000,127500.0
1466,1962,20240930,2024-09-30,1,150000,127500.0
163,714,20240930,2024-09-30,1,150000,127500.0
235,856,20240930,2024-09-30,1,150000,127500.0
258,1040,20240930,2024-09-30,1,150000,112500.0
682,2048,20240930,2024-09-30,1,150000,127500.0
905,1140,20240930,2024-09-30,1,150000,127500.0
1065,2368,20240930,2024-09-30,1,150000,127500.0
163,154,20240930,2024-09-30,1,150000,127500.0
163,997,20240930,2024-09-30,1,150000,127500.0
235,201,20240930,2024-09-30,1,150000,127500.0
305,1713,20240930,2024-09-30,1,150000,127500.0
588,541,20240930,2024-09-30,1,150000,127500.0
651,2272,20240930,2024-09-30,1,150000,127500.0
682,1386,20240930,2024-09-30,1,150000,127500.0
784,2273,20240930,2024-09-30,1,150000,127500.0
1362,488,20240930,2024-09-30,4,150000,75000.0
163,320,20240930,2024-09-30,1,150000,127500.0
163,465,20240930,2024-09-30,1,150000,127500.0
163,1887,20240930,2024-09-30,1,150000,127500.0
200,2058,20240930,2024-09-30,1,150000,127500.0
820,856,20240930,2024-09-30,1,150000,75000.0
1390,949,20240930,2024-09-30,1,150000,127500.0
102,2022,20240930,2024-09-30,1,150000,127500.0
163,939,20240930,2024-09-30,1,150000,127500.0
235,873,20240930,2024-09-30,1,150000,127500.0
235,1712,20240930,2024-09-30,1,150000,127500.0
305,768,20240930,2024-09-30,1,150000,127500.0
520,2258,20240930,2024-09-30,1,150000,127500.0
682,1976,20240930,2024-09-30,1,150000,127500.0
784,126,20240930,2024-09-30,1,150000,127500.0
905,197,20240930,2024-09-30,1,150000,127500.0
905,1917,20240930,2024-09-30,1,150000,127500.0
919,1331,20240930,2024-09-30,1,150000,127500.0
1108,1437,20240930,2024-09-30,1,150000,75000.0
1390,241,20240930,2024-09-30,1,150000,127500.0
163,936,20240930,2024-09-30,1,150000,127500.0
235,41,20240930,2024-09-30,1,150000,127500.0
235,1697,20240930,2024-09-30,1,150000,127500.0
305,1662,20240930,2024-09-30,1,150000,127500.0
580,494,20240930,2024-09-30,1,150000,127500.0
682,292,20240930,2024-09-30,1,150000,127500.0
163,2001,20240930,2024-09-30,1,150000,127500.0
235,363,20240930,2024-09-30,1,150000,127500.0
235,1898,20240930,2024-09-30,1,150000,127500.0
398,1986,20240930,2024-09-30,1,150000,127500.0
479,1519,20240930,2024-09-30,1,150000,127500.0
880,1086,20240930,2024-09-30,1,150000,112500.0
919,107,20240930,2024-09-30,1,150000,127500.0
919,595,20240930,2024-09-30,3,150000,127500.0
209,1004,20240930,2024-09-30,1,150000,127500.0
305,128,20240930,2024-09-30,1,150000,127500.0
305,2254,20240930,2024-09-30,1,150000,127500.0
479,1455,20240930,2024-09-30,1,150000,127500.0
682,484,20240930,2024-09-30,1,150000,127500.0
1270,361,20240930,2024-09-30,1,150000,127500.0
163,2041,20240930,2024-09-30,1,150000,127500.0
163,2275,20240930,2024-09-30,1,150000,127500.0
919,72,20240930,2024-09-30,1,150000,127500.0
919,444,20240930,2024-09-30,2,150000,127500.0
1390,992,20240930,2024-09-30,1,150000,127500.0
163,973,20240930,2024-09-30,1,150000,127500.0
163,1152,20240930,2024-09-30,1,150000,127500.0
235,1149,20240930,2024-09-30,1,150000,127500.0
479,874,20240930,2024-09-30,1,150000,127500.0
479,1061,20240930,2024-09-30,1,150000,127500.0
682,132,20240930,2024-09-30,1,150000,127500.0
163,338,20240930,2024-09-30,1,150000,127500.0
163,1469,20240930,2024-09-30,1,150000,127500.0
235,542,20240930,2024-09-30,1,150000,127500.0
479,143,20240930,2024-09-30,1,150000,127500.0
742,1612,20240930,2024-09-30,1,150000,75000.0
919,1707,20240930,2024-09-30,1,150000,127500.0
1065,1435,20240930,2024-09-30,3,150000,127500.0
1065,2202,20240930,2024-09-30,3,150000,127500.0
163,452,20240930,2024-09-30,1,150000,127500.0
305,2342,20240930,2024-09-30,1,150000,127500.0
682,310,20240930,2024-09-30,1,150000,127500.0
708,955,20240930,2024-09-30,1,150000,127500.0
784,426,20240930,2024-09-30,1,150000,127500.0
795,253,20240930,2024-09-30,1,150000,127500.0
905,1142,20240930,2024-09-30,2,150000,110000.0
1195,2079,20240930,2024-09-30,1,150000,127500.0
1390,1693,20240930,2024-09-30,1,150000,127500.0
163,960,20240930,2024-09-30,1,150000,127500.0
163,2074,20240930,2024-09-30,1,150000,127500.0
305,2268,20240930,2024-09-30,1,150000,127500.0
569,1329,20240930,2024-09-30,1,150000,127500.0
651,165,20240930,2024-09-30,1,150000,127500.0
784,1470,20240930,2024-09-30,1,150000,127500.0
834,2258,20240930,2024-09-30,1,150000,75000.0
904,2193,20240930,2024-09-30,1,150000,75000.0
1220,1521,20240930,2024-09-30,1,150000,127500.0
1295,919,20240930,2024-09-30,3,150000,88750.0
1390,2004,20240930,2024-09-30,1,150000,127500.0
163,404,20240930,2024-09-30,1,150000,127500.0
163,1478,20240930,2024-09-30,1,150000,127500.0
163,1563,20240930,2024-09-30,1,150000,127500.0
163,2359,20240930,2024-09-30,1,150000,127500.0
479,175,20240930,2024-09-30,1,150000,127500.0
905,1670,20240930,2024-09-30,1,150000,127500.0
1195,1392,20240930,2024-09-30,1,150000,127500.0
1339,1447,20240930,2024-09-30,1,150000,75000.0
163,10,20240930,2024-09-30,1,150000,127500.0
163,842,20240930,2024-09-30,1,150000,127500.0
305,578,20240930,2024-09-30,1,150000,127500.0
305,1704,20240930,2024-09-30,1,150000,127500.0
682,858,20240930,2024-09-30,1,150000,127500.0
905,2297,20240930,2024-09-30,1,150000,127500.0
919,835,20240930,2024-09-30,1,150000,127500.0
1390,148,20240930,2024-09-30,1,150000,127500.0
1390,1521,20240930,2024-09-30,1,150000,127500.0
163,1094,20240930,2024-09-30,1,150000,127500.0
163,1473,20240930,2024-09-30,1,150000,127500.0
163,1534,20240930,2024-09-30,1,150000,127500.0
235,45,20240930,2024-09-30,1,150000,127500.0
305,1202,20240930,2024-09-30,1,150000,127500.0
784,821,20240930,2024-09-30,1,150000,127500.0
1466,161,20240930,2024-09-30,1,150000,127500.0
109,155,20240930,2024-09-30,1,150000,75000.0
163,789,20240930,2024-09-30,1,150000,127500.0
235,2193,20240930,2024-09-30,1,150000,127500.0
305,1251,20240930,2024-09-30,1,150000,127500.0
588,1516,20240930,2024-09-30,1,150000,127500.0
96,1617,20240930,2024-09-30,1,150000,127500.0
163,1344,20240930,2024-09-30,1,150000,127500.0
163,1726,20240930,2024-09-30,1,150000,127500.0
209,2138,20240930,2024-09-30,1,150000,127500.0
479,371,20240930,2024-09-30,1,150000,127500.0
479,2123,20240930,2024-09-30,1,150000,127500.0
655,2026,20240930,2024-09-30,1,150000,127500.0
905,809,20240930,2024-09-30,1,150000,127500.0
1295,983,20240930,2024-09-30,1,150000,127500.0
1390,240,20240930,2024-09-30,1,150000,127500.0
479,1996,20240930,2024-09-30,1,150000,127500.0
235,236,20240930,2024-09-30,1,150000,127500.0
632,128,20240930,2024-09-30,1,150000,127500.0
1000,92,20240930,2024-09-30,1,150000,127500.0
1219,1261,20240930,2024-09-30,2,150000,75000.0
163,129,20240930,2024-09-30,1,150000,127500.0
163,1076,20240930,2024-09-30,1,150000,127500.0
235,140,20240930,2024-09-30,1,150000,127500.0
305,1180,20240930,2024-09-30,1,150000,127500.0
479,583,20240930,2024-09-30,1,150000,127500.0
682,2097,20240930,2024-09-30,1,150000,127500.0
919,659,20240930,2024-09-30,1,150000,127500.0
919,1916,20240930,2024-09-30,1,150000,127500.0
1137,165,20240930,2024-09-30,1,150000,127500.0
1195,1394,20240930,2024-09-30,1,150000,127500.0
1368,1640,20240930,2024-09-30,3,150000,75000.0
1368,2270,20240930,2024-09-30,3,150000,75000.0
1390,942,20240930,2024-09-30,1,150000,127500.0
163,1564,20240930,2024-09-30,1,150000,127500.0
163,2099,20240930,2024-09-30,1,150000,127500.0
235,2359,20240930,2024-09-30,1,150000,127500.0
305,205,20240930,2024-09-30,1,150000,127500.0
479,2,20240930,2024-09-30,1,150000,127500.0
482,1460,20240930,2024-09-30,1,150000,127500.0
682,161,20240930,2024-09-30,1,150000,127500.0
682,381,20240930,2024-09-30,1,150000,127500.0
1257,390,20240930,2024-09-30,1,150000,127500.0
1390,73,20240930,2024-09-30,1,150000,127500.0
163,2232,20240930,2024-09-30,1,150000,127500.0
209,594,20240930,2024-09-30,1,150000,127500.0
383,507,20240930,2024-09-30,1,150000,75000.0
479,666,20240930,2024-09-30,1,150000,127500.0
484,978,20240930,2024-09-30,2,150000,127500.0
682,291,20240930,2024-09-30,1,150000,127500.0
682,1235,20240930,2024-09-30,1,150000,127500.0
682,1681,20240930,2024-09-30,1,150000,127500.0
784,2107,20240930,2024-09-30,1,150000,127500.0
1195,2006,20240930,2024-09-30,1,150000,127500.0
1390,221,20240930,2024-09-30,1,150000,127500.0
1472,367,20240930,2024-09-30,1,150000,127500.0
106,329,20240930,2024-09-30,1,150000,127500.0
163,608,20240930,2024-09-30,1,150000,127500.0
163,1688,20240930,2024-09-30,1,150000,127500.0
305,1435,20240930,2024-09-30,1,150000,127500.0
479,1647,20240930,2024-09-30,1,150000,127500.0
784,1909,20240930,2024-09-30,1,150000,127500.0
1224,1955,20240930,2024-09-30,1,150000,127500.0
145,1936,20240930,2024-09-30,1,150000,127500.0
479,1932,20240930,2024-09-30,1,150000,127500.0
1220,1704,20240930,2024-09-30,1,150000,127500.0
38,820,20240930,2024-09-30,1,150000,127500.0
163,1673,20240930,2024-09-30,1,150000,127500.0
235,332,20240930,2024-09-30,1,150000,127500.0
305,891,20240930,2024-09-30,1,150000,127500.0
784,1641,20240930,2024-09-30,1,150000,127500.0
905,947,20240930,2024-09-30,1,150000,127500.0
977,298,20240930,2024-09-30,6,150000,75000.0
878,199,20240930,2024-09-30,1,150000,127500.0
899,157,20240930,2024-09-30,1,150000,127500.0
1065,1158,20240930,2024-09-30,1,150000,127500.0
163,930,20240930,2024-09-30,1,150000,127500.0
305,1379,20240930,2024-09-30,1,150000,127500.0
305,1542,20240930,2024-09-30,1,150000,127500.0
305,2264,20240930,2024-09-30,1,150000,127500.0
163,2081,20240930,2024-09-30,1,150000,127500.0
420,2034,20240930,2024-09-30,1,150000,127500.0
682,138,20240930,2024-09-30,1,150000,127500.0
682,1121,20240930,2024-09-30,1,150000,127500.0
682,1679,20240930,2024-09-30,1,150000,127500.0
784,1890,20240930,2024-09-30,1,150000,127500.0
1390,1414,20240930,2024-09-30,1,150000,127500.0
163,252,20240930,2024-09-30,1,150000,127500.0
163,657,20240930,2024-09-30,1,150000,127500.0
235,1845,20240930,2024-09-30,1,150000,127500.0
305,718,20240930,2024-09-30,1,150000,127500.0
479,477,20240930,2024-09-30,1,150000,127500.0
742,2378,20240930,2024-09-30,1,150000,75000.0
784,309,20240930,2024-09-30,1,150000,127500.0
784,1468,20240930,2024-09-30,1,150000,127500.0
965,293,20240930,2024-09-30,1,150000,127500.0
988,1477,20240930,2024-09-30,1,150000,127500.0
1116,188,20240930,2024-09-30,1,150000,127500.0
305,1926,20240930,2024-09-30,1,150000,127500.0
682,1278,20240930,2024-09-30,1,150000,127500.0
784,1679,20240930,2024-09-30,1,150000,127500.0
905,269,20240930,2024-09-30,1,150000,127500.0
919,1107,20240930,2024-09-30,1,150000,127500.0
919,1936,20240930,2024-09-30,3,150000,127500.0
1390,968,20240930,2024-09-30,1,150000,127500.0
1390,1707,20240930,2024-09-30,1,150000,127500.0
163,1220,20240930,2024-09-30,1,150000,127500.0
163,1432,20240930,2024-09-30,1,150000,127500.0
305,1598,20240930,2024-09-30,1,150000,127500.0
163,1337,20240930,2024-09-30,1,150000,127500.0
163,2372,20240930,2024-09-30,1,150000,127500.0
305,915,20240930,2024-09-30,1,150000,127500.0
322,1155,20240930,2024-09-30,1,150000,75000.0
682,1731,20240930,2024-09-30,1,150000,127500.0
163,284,20240930,2024-09-30,1,150000,127500.0
163,325,20240930,2024-09-30,1,150000,127500.0
163,1987,20240930,2024-09-30,1,150000,127500.0
305,137,20240930,2024-09-30,1,150000,127500.0
682,186,20240930,2024-09-30,1,150000,127500.0
919,420,20240930,2024-09-30,1,150000,127500.0
919,645,20240930,2024-09-30,1,150000,127500.0
1222,1539,20240930,2024-09-30,1,150000,75000.0
1390,1174,20240930,2024-09-30,1,150000,127500.0
1390,1498,20240930,2024-09-30,1,150000,127500.0
1390,1529,20240930,2024-09-30,1,150000,127500.0
102,961,20240930,2024-09-30,1,150000,127500.0
305,1679,20240930,2024-09-30,1,150000,127500.0
682,1467,20240930,2024-09-30,1,150000,127500.0
682,1830,20240930,2024-09-30,1,150000,127500.0
242,2113,20240930,2024-09-30,1,150000,75000.0
479,1337,20240930,2024-09-30,1,150000,127500.0
905,142,20240930,2024-09-30,1,150000,127500.0
1390,1898,20240930,2024-09-30,1,150000,127500.0
14,130,20240930,2024-09-30,1,150000,127500.0
163,1367,20240930,2024-09-30,1,150000,127500.0
163,1718,20240930,2024-09-30,1,150000,127500.0
200,2158,20240930,2024-09-30,1,150000,127500.0
479,424,20240930,2024-09-30,1,150000,127500.0
898,2272,20240930,2024-09-30,1,150000,127500.0
1354,1488,20240930,2024-09-30,1,150000,127500.0
53,1981,20240930,2024-09-30,1,150000,127500.0
73,163,20240930,2024-09-30,2,150000,127500.0
163,914,20240930,2024-09-30,1,150000,127500.0
209,169,20240930,2024-09-30,1,150000,127500.0
235,1718,20240930,2024-09-30,1,150000,127500.0
305,1390,20240930,2024-09-30,1,150000,127500.0
557,2095,20240930,2024-09-30,1,150000,127500.0
682,1496,20240930,2024-09-30,1,150000,127500.0
742,477,20240930,2024-09-30,1,150000,75000.0
784,1246,20240930,2024-09-30,1,150000,127500.0
1368,2265,20240930,2024-09-30,3,150000,75000.0
163,1552,20240930,2024-09-30,1,150000,127500.0
235,684,20240930,2024-09-30,1,150000,127500.0
305,802,20240930,2024-09-30,1,150000,127500.0
305,1526,20240930,2024-09-30,1,150000,127500.0
1390,1384,20240930,2024-09-30,1,150000,127500.0
163,408,20240930,2024-09-30,1,150000,127500.0
163,2192,20240930,2024-09-30,1,150000,127500.0
919,1310,20240930,2024-09-30,1,150000,127500.0
1339,1486,20240930,2024-09-30,1,150000,75000.0
1390,10,20240930,2024-09-30,1,150000,127500.0
1390,579,20240930,2024-09-30,1,150000,127500.0
55,2317,20240930,2024-09-30,1,150000,127500.0
163,1500,20240930,2024-09-30,1,150000,127500.0
235,865,20240930,2024-09-30,1,150000,127500.0
919,291,20240930,2024-09-30,1,150000,127500.0
919,1194,20240930,2024-09-30,1,150000,127500.0
1103,865,20240930,2024-09-30,1,150000,75000.0
235,294,20240930,2024-09-30,1,150000,127500.0
235,1819,20240930,2024-09-30,1,150000,127500.0
235,2184,20240930,2024-09-30,1,150000,127500.0
305,202,20240930,2024-09-30,1,150000,127500.0
942,1090,20240930,2024-09-30,1,150000,127500.0
945,1110,20240930,2024-09-30,1,150000,127500.0
1390,2080,20240930,2024-09-30,1,150000,127500.0
1462,1480,20240930,2024-09-30,1,150000,127500.0
682,1096,20240930,2024-09-30,1,150000,127500.0
682,1325,20240930,2024-09-30,1,150000,127500.0
817,1044,20240930,2024-09-30,1,150000,127500.0
871,163,20240930,2024-09-30,1,150000,127500.0
1390,1178,20240930,2024-09-30,1,150000,127500.0
102,2105,20240930,2024-09-30,1,150000,127500.0
154,465,20240930,2024-09-30,1,150000,75000.0
163,1311,20240930,2024-09-30,1,150000,127500.0
235,36,20240930,2024-09-30,1,150000,127500.0
305,1118,20240930,2024-09-30,1,150000,127500.0
305,2161,20240930,2024-09-30,1,150000,127500.0
398,2079,20240930,2024-09-30,1,150000,127500.0
434,860,20240930,2024-09-30,1,150000,127500.0
479,949,20240930,2024-09-30,1,150000,127500.0
1390,55,20240930,2024-09-30,1,150000,127500.0
305,2206,20240930,2024-09-30,1,150000,127500.0
479,1266,20240930,2024-09-30,1,150000,127500.0
479,1926,20240930,2024-09-30,1,150000,127500.0
682,1590,20240930,2024-09-30,1,150000,127500.0
807,598,20240930,2024-09-30,1,150000,127500.0
919,1474,20240930,2024-09-30,1,150000,127500.0
1246,1121,20240930,2024-09-30,1,150000,75000.0
1390,1276,20240930,2024-09-30,1,150000,127500.0
153,1010,20240930,2024-09-30,1,150000,127500.0
163,274,20240930,2024-09-30,1,150000,127500.0
163,334,20240930,2024-09-30,1,150000,127500.0
305,212,20240930,2024-09-30,1,150000,127500.0
305,2125,20240930,2024-09-30,1,150000,127500.0
773,1068,20240930,2024-09-30,1,150000,75000.0
784,747,20240930,2024-09-30,1,150000,127500.0
784,2291,20240930,2024-09-30,1,150000,127500.0
866,1205,20240930,2024-09-30,1,150000,75000.0
919,2238,20240930,2024-09-30,1,150000,127500.0
977,1388,20240930,2024-09-30,6,150000,75000.0
1295,213,20240930,2024-09-30,1,150000,75000.0
1295,1257,20240930,2024-09-30,1,150000,127500.0
1390,482,20240930,2024-09-30,1,150000,127500.0
1390,2043,20240930,2024-09-30,1,150000,127500.0
1390,2291,20240930,2024-09-30,1,150000,127500.0
163,1325,20240930,2024-09-30,1,150000,127500.0
209,1684,20240930,2024-09-30,1,150000,127500.0
235,1985,20240930,2024-09-30,1,150000,127500.0
479,2011,20240930,2024-09-30,1,150000,127500.0
905,1887,20240930,2024-09-30,1,150000,127500.0
1200,1948,20240930,2024-09-30,1,150000,127500.0
1390,477,20240930,2024-09-30,1,150000,127500.0
155,250,20240930,2024-09-30,1,150000,127500.0
163,597,20240930,2024-09-30,1,150000,127500.0
163,1407,20240930,2024-09-30,1,150000,127500.0
798,1467,20240930,2024-09-30,2,150000,75000.0
905,1890,20240930,2024-09-30,1,150000,127500.0
1390,870,20240930,2024-09-30,1,150000,127500.0
1466,499,20240930,2024-09-30,1,150000,127500.0
156,2269,20240930,2024-09-30,1,150000,75000.0
163,1290,20240930,2024-09-30,1,150000,127500.0
163,1484,20240930,2024-09-30,1,150000,127500.0
479,857,20240930,2024-09-30,1,150000,127500.0
682,860,20240930,2024-09-30,1,150000,127500.0
784,1634,20240930,2024-09-30,1,150000,127500.0
1467,826,20240930,2024-09-30,1,150000,127500.0
163,624,20240930,2024-09-30,1,150000,127500.0
163,1148,20240930,2024-09-30,1,150000,127500.0
209,1547,20240930,2024-09-30,1,150000,127500.0
305,1674,20240930,2024-09-30,1,150000,127500.0
1390,1691,20240930,2024-09-30,1,150000,127500.0
163,2112,20240930,2024-09-30,1,150000,127500.0
305,2394,20240930,2024-09-30,1,150000,127500.0
629,615,20240930,2024-09-30,1,150000,127500.0
784,1384,20240930,2024-09-30,1,150000,127500.0
1348,1466,20240930,2024-09-30,1,150000,127500.0
106,393,20240930,2024-09-30,1,150000,127500.0
163,573,20240930,2024-09-30,1,150000,127500.0
520,2272,20240930,2024-09-30,1,150000,127500.0
682,1656,20240930,2024-09-30,1,150000,127500.0
1390,214,20240930,2024-09-30,1,150000,127500.0
1390,2248,20240930,2024-09-30,1,150000,127500.0
163,1702,20240930,2024-09-30,1,149600,127160.0
1362,1088,20240930,2024-09-30,6,149600,74800.0
919,1149,20240930,2024-09-30,1,149600,127160.0
305,1439,20240930,2024-09-30,2,149100,91735.0
102,2305,20240930,2024-09-30,1,149000,126650.0
1219,888,20240930,2024-09-30,1,149000,74500.0
163,1276,20240930,2024-09-30,1,149000,126650.0
807,1472,20240930,2024-09-30,1,149000,126650.0
525,1121,20240930,2024-09-30,1,149000,126650.0
323,450,20240930,2024-09-30,1,149000,126650.0
102,260,20240930,2024-09-30,1,149000,126650.0
919,162,20240930,2024-09-30,2,148900,126565.0
208,2123,20240930,2024-09-30,1,148900,126565.0
411,697,20240930,2024-09-30,1,148600,126310.0
1065,206,20240930,2024-09-30,2,148600,126310.0
1362,1568,20240930,2024-09-30,1,148500,111375.0
1362,1889,20240930,2024-09-30,4,148400,74200.0
995,1991,20240930,2024-09-30,1,148200,125970.0
1107,1477,20240930,2024-09-30,3,148200,74100.0
565,1977,20240930,2024-09-30,1,148200,125970.0
431,1466,20240930,2024-09-30,1,148000,125800.0
591,626,20240930,2024-09-30,2,148000,125800.0
510,1295,20240930,2024-09-30,1,148000,125800.0
905,1994,20240930,2024-09-30,2,148000,98500.0
999,1523,20240930,2024-09-30,1,148000,111000.0
305,557,20240930,2024-09-30,1,148000,125800.0
1065,935,20240930,2024-09-30,4,147500,125375.0
1201,1368,20240930,2024-09-30,1,147500,125375.0
305,1088,20240930,2024-09-30,1,147500,125375.0
1196,2005,20240930,2024-09-30,1,147500,125375.0
767,300,20240930,2024-09-30,1,147400,125290.0
1065,287,20240930,2024-09-30,4,147000,124950.0
1065,1470,20240930,2024-09-30,3,147000,124950.0
1254,1073,20240930,2024-09-30,1,146700,124695.0
919,2159,20240930,2024-09-30,1,146600,124610.0
919,2270,20240930,2024-09-30,2,146300,124355.0
1295,2355,20240930,2024-09-30,2,146000,114500.0
163,2137,20240930,2024-09-30,1,146000,124100.0
494,2369,20240930,2024-09-30,2,146000,73000.0
1295,1532,20240930,2024-09-30,3,145900,78175.0
70,77,20240930,2024-09-30,2,145800,123930.0
1155,2247,20240930,2024-09-30,1,145800,109350.0
2,1391,20240930,2024-09-30,2,145500,118425.0
397,710,20240930,2024-09-30,1,145200,123420.0
977,1389,20240930,2024-09-30,4,145000,72500.0
217,137,20240930,2024-09-30,1,145000,123250.0
1466,521,20240930,2024-09-30,3,145000,107500.0
213,164,20240930,2024-09-30,1,145000,123250.0
795,358,20240930,2024-09-30,1,145000,123250.0
1195,416,20240930,2024-09-30,1,145000,123250.0
1219,2243,20240930,2024-09-30,4,145000,72500.0
102,158,20240930,2024-09-30,1,145000,123250.0
1390,2093,20240930,2024-09-30,2,145000,123250.0
208,122,20240930,2024-09-30,1,145000,123250.0
102,2125,20240930,2024-09-30,1,145000,123250.0
510,322,20240930,2024-09-30,1,145000,123250.0
1409,2022,20240930,2024-09-30,1,145000,123250.0
209,1527,20240930,2024-09-30,1,145000,123250.0
1065,477,20240930,2024-09-30,4,145000,123250.0
163,1677,20240930,2024-09-30,1,145000,123250.0
794,453,20240930,2024-09-30,1,145000,123250.0
784,252,20240930,2024-09-30,1,144700,122995.0
145,18,20240930,2024-09-30,1,144700,122995.0
305,1257,20240930,2024-09-30,1,144600,122910.0
977,1385,20240930,2024-09-30,3,144500,72250.0
919,1397,20240930,2024-09-30,2,144300,122655.0
231,1283,20240930,2024-09-30,1,144300,122655.0
1107,1372,20240930,2024-09-30,2,144000,72000.0
316,2079,20240930,2024-09-30,1,144000,108000.0
510,1240,20240930,2024-09-30,1,144000,122400.0
1,154,20240930,2024-09-30,1,144000,122400.0
305,1161,20240930,2024-09-30,1,144000,122400.0
257,1444,20240930,2024-09-30,1,144000,72000.0
919,278,20240930,2024-09-30,2,143800,122230.0
1362,1526,20240930,2024-09-30,2,143700,71850.0
977,1704,20240930,2024-09-30,2,143500,71750.0
851,467,20240930,2024-09-30,1,143300,121805.0
1030,869,20240930,2024-09-30,1,143000,107250.0
1362,1202,20240930,2024-09-30,2,143000,71500.0
1195,256,20240930,2024-09-30,1,143000,121550.0
205,183,20240930,2024-09-30,1,143000,121550.0
145,1167,20240930,2024-09-30,3,143000,90050.0
955,915,20240930,2024-09-30,1,142800,121380.0
784,937,20240930,2024-09-30,1,142700,121295.0
145,1153,20240930,2024-09-30,1,142700,121295.0
919,636,20240930,2024-09-30,1,142600,121210.0
85,188,20240930,2024-09-30,1,142500,121125.0
919,425,20240930,2024-09-30,4,142500,121125.0
1362,202,20240930,2024-09-30,5,142000,71000.0
919,2396,20240930,2024-09-30,3,142000,120700.0
999,736,20240930,2024-09-30,1,142000,71000.0
163,1548,20240930,2024-09-30,1,141900,120615.0
771,548,20240930,2024-09-30,1,141600,106200.0
235,1209,20240930,2024-09-30,1,141500,120275.0
36,2127,20240930,2024-09-30,1,141500,120275.0
919,1733,20240930,2024-09-30,2,141400,120190.0
742,882,20240930,2024-09-30,2,141000,70500.0
919,810,20240930,2024-09-30,2,140900,119765.0
305,1495,20240930,2024-09-30,1,140800,119680.0
625,927,20240930,2024-09-30,1,140500,119425.0
96,1596,20240930,2024-09-30,1,140200,119170.0
163,2341,20240930,2024-09-30,2,140100,119085.0
1065,1258,20240930,2024-09-30,1,140000,119000.0
850,287,20240930,2024-09-30,1,140000,119000.0
257,1485,20240930,2024-09-30,2,140000,70000.0
101,2289,20240930,2024-09-30,1,140000,119000.0
305,274,20240930,2024-09-30,1,140000,119000.0
742,299,20240930,2024-09-30,3,140000,70000.0
977,1708,20240930,2024-09-30,2,140000,100000.0
1065,570,20240930,2024-09-30,3,140000,119000.0
818,1483,20240930,2024-09-30,4,140000,96250.0
17,1329,20240930,2024-09-30,1,140000,119000.0
688,1043,20240930,2024-09-30,2,140000,110250.0
977,877,20240930,2024-09-30,4,140000,70000.0
1335,2275,20240930,2024-09-30,1,140000,119000.0
929,7,20240930,2024-09-30,1,140000,105000.0
200,390,20240930,2024-09-30,1,140000,119000.0
754,1472,20240930,2024-09-30,4,140000,70000.0
973,1128,20240930,2024-09-30,1,140000,119000.0
163,1189,20240930,2024-09-30,1,140000,119000.0
1362,1579,20240930,2024-09-30,5,140000,70000.0
209,2011,20240930,2024-09-30,1,140000,119000.0
742,162,20240930,2024-09-30,1,140000,70000.0
1441,1619,20240930,2024-09-30,1,140000,119000.0
605,996,20240930,2024-09-30,1,140000,119000.0
1065,204,20240930,2024-09-30,3,140000,119000.0
200,1396,20240930,2024-09-30,1,140000,119000.0
1072,2036,20240930,2024-09-30,1,140000,105000.0
235,2030,20240930,2024-09-30,1,139900,118915.0
1466,525,20240930,2024-09-30,2,139700,118745.0
919,359,20240930,2024-09-30,1,139400,118490.0
919,1502,20240930,2024-09-30,1,139300,118405.0
682,2208,20240930,2024-09-30,1,139000,118150.0
1163,2008,20240930,2024-09-30,1,139000,118150.0
163,1651,20240930,2024-09-30,2,139000,118150.0
305,264,20240930,2024-09-30,1,138500,117725.0
420,2289,20240930,2024-09-30,1,138400,103800.0
1295,542,20240930,2024-09-30,2,138000,91050.0
1067,1961,20240930,2024-09-30,1,138000,117300.0
1362,1039,20240930,2024-09-30,3,137900,68950.0
784,2165,20240930,2024-09-30,1,137700,117045.0
305,254,20240930,2024-09-30,1,137500,116875.0
919,1041,20240930,2024-09-30,1,137500,116875.0
1006,1662,20240930,2024-09-30,1,137300,116705.0
1065,1544,20240930,2024-09-30,1,136800,116280.0
305,285,20240930,2024-09-30,1,136800,116280.0
305,864,20240930,2024-09-30,1,136300,115855.0
843,911,20240930,2024-09-30,1,136000,115600.0
1368,2244,20240930,2024-09-30,4,135500,67750.0
106,280,20240930,2024-09-30,1,135200,114920.0
209,942,20240930,2024-09-30,1,135000,114750.0
1410,1947,20240930,2024-09-30,1,135000,114750.0
322,1171,20240930,2024-09-30,1,135000,114750.0
462,293,20240930,2024-09-30,2,135000,67500.0
121,158,20240930,2024-09-30,1,135000,101250.0
209,2265,20240930,2024-09-30,1,135000,114750.0
11,919,20240930,2024-09-30,1,135000,114750.0
742,2259,20240930,2024-09-30,3,135000,67500.0
898,1396,20240930,2024-09-30,1,135000,114750.0
818,1375,20240930,2024-09-30,3,135000,76250.0
209,842,20240930,2024-09-30,1,135000,114750.0
1404,1216,20240930,2024-09-30,1,135000,67500.0
247,425,20240930,2024-09-30,4,135000,67500.0
200,307,20240930,2024-09-30,1,135000,114750.0
491,1576,20240930,2024-09-30,2,135000,106000.0
1078,793,20240930,2024-09-30,1,135000,101250.0
742,828,20240930,2024-09-30,1,135000,67500.0
1111,1369,20240930,2024-09-30,3,135000,67500.0
1065,133,20240930,2024-09-30,2,135000,76250.0
977,1391,20240930,2024-09-30,5,135000,67500.0
750,942,20240930,2024-09-30,1,135000,114750.0
97,1781,20240930,2024-09-30,2,135000,67500.0
199,482,20240930,2024-09-30,1,135000,114750.0
794,479,20240930,2024-09-30,1,135000,114750.0
510,2125,20240930,2024-09-30,1,135000,114750.0
200,177,20240930,2024-09-30,1,135000,114750.0
200,199,20240930,2024-09-30,1,135000,114750.0
1390,1834,20240930,2024-09-30,1,135000,114750.0
200,370,20240930,2024-09-30,1,135000,114750.0
664,809,20240930,2024-09-30,1,135000,114750.0
1083,1246,20240930,2024-09-30,1,135000,114750.0
1427,527,20240930,2024-09-30,1,135000,67500.0
226,1417,20240930,2024-09-30,1,135000,114750.0
350,794,20240930,2024-09-30,1,134800,67400.0
919,1492,20240930,2024-09-30,1,134600,114410.0
1000,826,20240930,2024-09-30,1,134500,114325.0
1412,2240,20240930,2024-09-30,2,134500,114325.0
423,1062,20240930,2024-09-30,1,134300,114155.0
919,2058,20240930,2024-09-30,2,134300,114155.0
163,1729,20240930,2024-09-30,1,134300,114155.0
235,253,20240930,2024-09-30,1,134100,113985.0
754,1542,20240930,2024-09-30,2,134100,108735.0
261,1439,20240930,2024-09-30,2,134000,67000.0
822,1110,20240930,2024-09-30,1,134000,67000.0
145,1176,20240930,2024-09-30,1,133800,113730.0
474,1051,20240930,2024-09-30,1,133500,100125.0
328,503,20240930,2024-09-30,2,133300,87055.0
363,1760,20240930,2024-09-30,1,133100,113135.0
1362,1921,20240930,2024-09-30,5,133000,66500.0
1065,1152,20240930,2024-09-30,3,133000,113050.0
807,1977,20240930,2024-09-30,1,133000,113050.0
1368,145,20240930,2024-09-30,3,133000,66500.0
1435,2001,20240930,2024-09-30,2,132800,95850.0
305,870,20240930,2024-09-30,1,132700,112795.0
784,64,20240930,2024-09-30,1,132700,112795.0
784,547,20240930,2024-09-30,1,132700,112795.0
1101,63,20240930,2024-09-30,1,132600,112710.0
818,1709,20240930,2024-09-30,5,132500,91625.0
660,453,20240930,2024-09-30,1,132500,112625.0
1435,2020,20240930,2024-09-30,2,132400,107290.0
1222,1274,20240930,2024-09-30,2,132200,103620.0
479,390,20240930,2024-09-30,1,132000,112200.0
1107,866,20240930,2024-09-30,3,132000,66000.0
1222,1549,20240930,2024-09-30,2,132000,112200.0
305,1539,20240930,2024-09-30,1,131900,112115.0
919,82,20240930,2024-09-30,1,131900,112115.0
919,2351,20240930,2024-09-30,1,131700,111945.0
596,49,20240930,2024-09-30,1,131700,111945.0
919,1527,20240930,2024-09-30,1,131600,111860.0
1362,1253,20240930,2024-09-30,1,131500,98625.0
919,411,20240930,2024-09-30,1,131300,111605.0
682,482,20240930,2024-09-30,1,131300,111605.0
1274,1873,20240930,2024-09-30,1,131300,111605.0
1065,107,20240930,2024-09-30,1,131000,111350.0
1082,57,20240930,2024-09-30,1,131000,111350.0
1171,1412,20240930,2024-09-30,1,131000,65500.0
161,866,20240930,2024-09-30,1,131000,111350.0
235,1545,20240930,2024-09-30,1,131000,111350.0
163,1483,20240930,2024-09-30,1,131000,111350.0
163,1161,20240930,2024-09-30,1,130900,111265.0
919,927,20240930,2024-09-30,2,130800,111180.0
1065,741,20240930,2024-09-30,1,130500,110925.0
788,860,20240930,2024-09-30,1,130500,97875.0
708,646,20240930,2024-09-30,1,130500,110925.0
945,1134,20240930,2024-09-30,1,130500,110925.0
1218,930,20240930,2024-09-30,1,130100,110585.0
1283,1121,20240930,2024-09-30,1,130000,110500.0
818,1698,20240930,2024-09-30,2,130000,65000.0
919,256,20240930,2024-09-30,3,130000,110500.0
905,2075,20240930,2024-09-30,1,130000,97500.0
811,176,20240930,2024-09-30,1,130000,110500.0
995,1959,20240930,2024-09-30,1,130000,110500.0
1198,618,20240930,2024-09-30,1,130000,65000.0
1167,1055,20240930,2024-09-30,1,130000,110500.0
1435,265,20240930,2024-09-30,6,130000,65000.0
1390,1388,20240930,2024-09-30,1,130000,110500.0
933,1676,20240930,2024-09-30,2,130000,91250.0
1312,1838,20240930,2024-09-30,1,130000,110500.0
484,1033,20240930,2024-09-30,2,130000,110500.0
405,1375,20240930,2024-09-30,2,130000,65000.0
667,285,20240930,2024-09-30,1,130000,65000.0
665,141,20240930,2024-09-30,1,130000,110500.0
1362,2320,20240930,2024-09-30,3,130000,65000.0
1050,418,20240930,2024-09-30,1,130000,110500.0
1144,107,20240930,2024-09-30,1,130000,110500.0
235,1360,20240930,2024-09-30,2,130000,110500.0
1195,1245,20240930,2024-09-30,1,130000,110500.0
525,1073,20240930,2024-09-30,1,129600,110160.0
74,1087,20240930,2024-09-30,3,129500,64750.0
1362,2250,20240930,2024-09-30,1,129300,64650.0
919,2242,20240930,2024-09-30,2,129300,109905.0
409,1507,20240930,2024-09-30,1,129100,96825.0
523,1853,20240930,2024-09-30,1,129000,109650.0
1195,1414,20240930,2024-09-30,1,129000,109650.0
163,328,20240930,2024-09-30,1,129000,109650.0
682,1391,20240930,2024-09-30,1,129000,109650.0
1295,972,20240930,2024-09-30,2,129000,92500.0
163,2127,20240930,2024-09-30,2,128900,109565.0
682,679,20240930,2024-09-30,1,128700,109395.0
1065,972,20240930,2024-09-30,1,128500,109225.0
1220,139,20240930,2024-09-30,1,128500,109225.0
1065,46,20240930,2024-09-30,2,128500,109225.0
1065,1500,20240930,2024-09-30,1,128400,109140.0
1358,1162,20240930,2024-09-30,1,128200,108970.0
754,203,20240930,2024-09-30,3,128100,64050.0
355,1513,20240930,2024-09-30,1,128100,96075.0
163,935,20240930,2024-09-30,1,128000,108800.0
1362,444,20240930,2024-09-30,4,128000,64000.0
1065,1280,20240930,2024-09-30,3,128000,108800.0
995,2010,20240930,2024-09-30,1,127700,108545.0
784,1266,20240930,2024-09-30,1,127700,108545.0
995,2021,20240930,2024-09-30,1,127700,108545.0
846,1679,20240930,2024-09-30,1,127500,108375.0
363,1796,20240930,2024-09-30,1,127500,108375.0
1405,1508,20240930,2024-09-30,1,127500,108375.0
450,695,20240930,2024-09-30,1,127500,63750.0
761,332,20240930,2024-09-30,1,127500,108375.0
966,1780,20240930,2024-09-30,2,127500,88125.0
398,2006,20240930,2024-09-30,1,127500,108375.0
163,738,20240930,2024-09-30,1,127200,108120.0
1390,1889,20240930,2024-09-30,1,127000,107950.0
163,996,20240930,2024-09-30,1,127000,107950.0
1295,1514,20240930,2024-09-30,2,127000,82750.0
163,1197,20240930,2024-09-30,1,126900,107865.0
1065,511,20240930,2024-09-30,1,126500,107525.0
1065,1236,20240930,2024-09-30,1,126500,107525.0
511,760,20240930,2024-09-30,1,126400,63200.0
479,866,20240930,2024-09-30,1,126000,94500.0
1330,1004,20240930,2024-09-30,1,126000,107100.0
205,302,20240930,2024-09-30,1,126000,107100.0
385,1323,20240930,2024-09-30,1,126000,63000.0
226,2044,20240930,2024-09-30,1,126000,107100.0
1405,1513,20240930,2024-09-30,1,125900,107015.0
866,2128,20240930,2024-09-30,2,125800,106930.0
717,501,20240930,2024-09-30,1,125800,106930.0
322,66,20240930,2024-09-30,1,125300,62650.0
702,1296,20240930,2024-09-30,1,125300,106505.0
919,579,20240930,2024-09-30,1,125300,106505.0
450,677,20240930,2024-09-30,2,125200,62600.0
1459,2326,20240930,2024-09-30,1,125000,106250.0
905,1974,20240930,2024-09-30,1,125000,106250.0
1158,853,20240930,2024-09-30,1,125000,106250.0
403,160,20240930,2024-09-30,3,125000,62500.0
905,1259,20240930,2024-09-30,1,125000,106250.0
977,1981,20240930,2024-09-30,2,125000,62500.0
343,718,20240930,2024-09-30,1,125000,62500.0
685,1053,20240930,2024-09-30,2,125000,93750.0
919,743,20240930,2024-09-30,2,125000,106250.0
805,892,20240930,2024-09-30,2,125000,106250.0
1190,1355,20240930,2024-09-30,1,125000,62500.0
350,744,20240930,2024-09-30,2,125000,62500.0
224,1304,20240930,2024-09-30,1,125000,106250.0
270,2381,20240930,2024-09-30,1,125000,62500.0
1141,541,20240930,2024-09-30,1,125000,62500.0
925,1028,20240930,2024-09-30,1,125000,106250.0
742,176,20240930,2024-09-30,1,125000,62500.0
584,2130,20240930,2024-09-30,1,125000,62500.0
287,477,20240930,2024-09-30,1,125000,106250.0
905,1877,20240930,2024-09-30,1,125000,106250.0
474,1026,20240930,2024-09-30,1,125000,62500.0
479,2340,20240930,2024-09-30,1,125000,106250.0
1390,2206,20240930,2024-09-30,1,125000,106250.0
235,892,20240930,2024-09-30,1,125000,106250.0
163,2218,20240930,2024-09-30,1,125000,106250.0
134,2330,20240930,2024-09-30,2,125000,106250.0
770,1040,20240930,2024-09-30,1,125000,106250.0
905,836,20240930,2024-09-30,1,125000,106250.0
1390,154,20240930,2024-09-30,1,125000,106250.0
905,251,20240930,2024-09-30,1,125000,106250.0
670,1968,20240930,2024-09-30,1,125000,106250.0
1254,1091,20240930,2024-09-30,1,125000,106250.0
905,1885,20240930,2024-09-30,1,125000,106250.0
47,545,20240930,2024-09-30,2,125000,62500.0
905,940,20240930,2024-09-30,1,125000,106250.0
1082,31,20240930,2024-09-30,2,125000,62500.0
1333,598,20240930,2024-09-30,1,125000,62500.0
905,1206,20240930,2024-09-30,1,125000,106250.0
1390,50,20240930,2024-09-30,1,125000,106250.0
7,940,20240930,2024-09-30,2,125000,62500.0
905,2246,20240930,2024-09-30,1,125000,106250.0
200,1496,20240930,2024-09-30,2,125000,106250.0
591,637,20240930,2024-09-30,1,125000,106250.0
479,145,20240930,2024-09-30,1,125000,106250.0
235,204,20240930,2024-09-30,1,125000,106250.0
905,77,20240930,2024-09-30,1,125000,106250.0
235,1689,20240930,2024-09-30,1,125000,106250.0
905,1246,20240930,2024-09-30,1,125000,106250.0
538,2394,20240930,2024-09-30,1,125000,106250.0
993,1375,20240930,2024-09-30,2,125000,101000.0
818,875,20240930,2024-09-30,2,125000,62500.0
874,1229,20240930,2024-09-30,1,125000,106250.0
13,810,20240930,2024-09-30,1,125000,62500.0
117,2131,20240930,2024-09-30,1,125000,106250.0
664,1168,20240930,2024-09-30,1,125000,106250.0
792,2004,20240930,2024-09-30,1,125000,106250.0
1368,175,20240930,2024-09-30,3,125000,62500.0
1163,880,20240930,2024-09-30,1,125000,106250.0
933,1832,20240930,2024-09-30,2,125000,87500.0
971,643,20240930,2024-09-30,1,125000,106250.0
666,492,20240930,2024-09-30,1,125000,106250.0
754,2259,20240930,2024-09-30,4,125000,62500.0
272,1496,20240930,2024-09-30,1,125000,62500.0
1322,947,20240930,2024-09-30,1,125000,62500.0
1390,1692,20240930,2024-09-30,1,125000,106250.0
1163,2142,20240930,2024-09-30,1,125000,106250.0
742,2320,20240930,2024-09-30,2,125000,62500.0
1219,1393,20240930,2024-09-30,3,125000,62500.0
235,1970,20240930,2024-09-30,1,125000,106250.0
1368,2260,20240930,2024-09-30,3,125000,62500.0
742,1898,20240930,2024-09-30,1,125000,62500.0
405,905,20240930,2024-09-30,1,125000,62500.0
591,618,20240930,2024-09-30,1,125000,106250.0
1295,1515,20240930,2024-09-30,3,125000,62500.0
209,934,20240930,2024-09-30,1,125000,106250.0
905,1591,20240930,2024-09-30,1,125000,106250.0
1390,1278,20240930,2024-09-30,1,125000,106250.0
951,1053,20240930,2024-09-30,1,125000,62500.0
1113,1004,20240930,2024-09-30,1,125000,62500.0
905,2313,20240930,2024-09-30,1,125000,106250.0
1103,863,20240930,2024-09-30,1,125000,62500.0
209,2123,20240930,2024-09-30,1,125000,106250.0
818,2366,20240930,2024-09-30,5,125000,74750.0
1070,1128,20240930,2024-09-30,1,125000,62500.0
600,2284,20240930,2024-09-30,1,125000,106250.0
1348,1391,20240930,2024-09-30,1,125000,106250.0
1219,279,20240930,2024-09-30,2,125000,62500.0
818,245,20240930,2024-09-30,3,124900,76450.0
1145,2171,20240930,2024-09-30,1,124400,105740.0
1362,1419,20240930,2024-09-30,2,124000,86750.0
1153,1696,20240930,2024-09-30,1,124000,62000.0
1065,1430,20240930,2024-09-30,1,124000,105400.0
251,1338,20240930,2024-09-30,1,124000,62000.0
807,293,20240930,2024-09-30,1,124000,105400.0
775,2258,20240930,2024-09-30,1,124000,93000.0
910,2239,20240930,2024-09-30,2,124000,62000.0
1294,1732,20240930,2024-09-30,1,123700,105145.0
919,764,20240930,2024-09-30,3,123600,105060.0
305,1004,20240930,2024-09-30,1,123500,104975.0
708,962,20240930,2024-09-30,1,123300,104805.0
1000,1168,20240930,2024-09-30,1,123000,104550.0
1219,1306,20240930,2024-09-30,3,123000,61500.0
156,2254,20240930,2024-09-30,2,123000,61500.0
27,1603,20240930,2024-09-30,1,122900,104465.0
1435,1377,20240930,2024-09-30,3,122800,95630.0
784,2158,20240930,2024-09-30,1,122700,104295.0
784,367,20240930,2024-09-30,1,122700,104295.0
305,561,20240930,2024-09-30,1,122600,104210.0
807,60,20240930,2024-09-30,1,122500,104125.0
163,1248,20240930,2024-09-30,1,122500,104125.0
204,1730,20240930,2024-09-30,1,122500,61250.0
235,842,20240930,2024-09-30,1,122400,104040.0
754,1468,20240930,2024-09-30,5,122300,61150.0
163,1709,20240930,2024-09-30,1,122300,103955.0
552,1693,20240930,2024-09-30,1,122000,103700.0
163,1203,20240930,2024-09-30,1,122000,103700.0
881,1372,20240930,2024-09-30,2,122000,98450.0
919,501,20240930,2024-09-30,1,121800,103530.0
754,1448,20240930,2024-09-30,1,121700,60850.0
226,2062,20240930,2024-09-30,1,121500,103275.0
919,1313,20240930,2024-09-30,1,121400,103190.0
1251,697,20240930,2024-09-30,1,121100,60550.0
1310,640,20240930,2024-09-30,1,121000,60500.0
1167,1087,20240930,2024-09-30,1,120500,102425.0
1050,331,20240930,2024-09-30,1,120500,102425.0
163,588,20240930,2024-09-30,1,120300,102255.0
153,1869,20240930,2024-09-30,1,120000,102000.0
873,501,20240930,2024-09-30,2,120000,60000.0
1195,1373,20240930,2024-09-30,1,120000,102000.0
1362,132,20240930,2024-09-30,3,120000,60000.0
1435,314,20240930,2024-09-30,6,120000,60000.0
7,629,20240930,2024-09-30,1,120000,90000.0
291,2383,20240930,2024-09-30,1,120000,60000.0
200,1153,20240930,2024-09-30,1,120000,102000.0
121,2158,20240930,2024-09-30,1,120000,102000.0
1195,1641,20240930,2024-09-30,1,120000,102000.0
462,314,20240930,2024-09-30,2,120000,60000.0
1368,164,20240930,2024-09-30,3,120000,60000.0
156,1666,20240930,2024-09-30,2,120000,60000.0
1390,1583,20240930,2024-09-30,1,120000,102000.0
891,294,20240930,2024-09-30,1,120000,102000.0
977,55,20240930,2024-09-30,3,120000,60000.0
1206,2340,20240930,2024-09-30,1,120000,102000.0
41,227,20240930,2024-09-30,1,120000,102000.0
160,892,20240930,2024-09-30,2,120000,60000.0
200,1385,20240930,2024-09-30,1,120000,102000.0
1219,255,20240930,2024-09-30,3,120000,60000.0
742,1153,20240930,2024-09-30,1,120000,60000.0
1362,729,20240930,2024-09-30,4,120000,60000.0
977,1480,20240930,2024-09-30,3,120000,60000.0
208,2106,20240930,2024-09-30,1,120000,102000.0
905,627,20240930,2024-09-30,1,120000,90000.0
1219,1476,20240930,2024-09-30,2,120000,60000.0
318,472,20240930,2024-09-30,1,120000,102000.0
559,2062,20240930,2024-09-30,1,120000,102000.0
1072,269,20240930,2024-09-30,1,120000,60000.0
209,537,20240930,2024-09-30,1,120000,102000.0
761,335,20240930,2024-09-30,1,120000,102000.0
964,1215,20240930,2024-09-30,1,120000,102000.0
818,1716,20240930,2024-09-30,1,120000,102000.0
1390,602,20240930,2024-09-30,1,120000,102000.0
163,614,20240930,2024-09-30,1,120000,102000.0
1390,865,20240930,2024-09-30,1,120000,102000.0
742,2090,20240930,2024-09-30,1,120000,60000.0
977,1970,20240930,2024-09-30,2,120000,60000.0
919,2125,20240930,2024-09-30,3,120000,102000.0
1084,1063,20240930,2024-09-30,1,120000,60000.0
1390,2184,20240930,2024-09-30,1,120000,102000.0
977,1569,20240930,2024-09-30,2,120000,60000.0
1261,865,20240930,2024-09-30,1,120000,90000.0
1435,175,20240930,2024-09-30,7,120000,60000.0
97,1741,20240930,2024-09-30,3,119900,59950.0
1241,497,20240930,2024-09-30,1,119800,59900.0
163,123,20240930,2024-09-30,1,119700,101745.0
919,1228,20240930,2024-09-30,3,119600,101660.0
1362,2270,20240930,2024-09-30,4,119200,77850.0
919,214,20240930,2024-09-30,2,119100,101235.0
518,1438,20240930,2024-09-30,2,119100,101235.0
305,1329,20240930,2024-09-30,1,119100,101235.0
664,2019,20240930,2024-09-30,1,119000,101150.0
108,1088,20240930,2024-09-30,1,119000,89250.0
784,1388,20240930,2024-09-30,2,118900,101065.0
685,923,20240930,2024-09-30,1,118800,89100.0
149,43,20240930,2024-09-30,1,118500,100725.0
328,723,20240930,2024-09-30,1,118500,100725.0
99,897,20240930,2024-09-30,1,118200,100470.0
1219,243,20240930,2024-09-30,4,118000,59000.0
1109,2259,20240930,2024-09-30,1,117800,88350.0
784,930,20240930,2024-09-30,1,117700,100045.0
373,303,20240930,2024-09-30,1,117500,99875.0
293,268,20240930,2024-09-30,1,117500,99875.0
305,2387,20240930,2024-09-30,1,117200,99620.0
1430,1703,20240930,2024-09-30,1,117000,99450.0
742,246,20240930,2024-09-30,1,117000,58500.0
408,1789,20240930,2024-09-30,1,117000,99450.0
493,114,20240930,2024-09-30,1,117000,58500.0
305,714,20240930,2024-09-30,1,117000,99450.0
949,1612,20240930,2024-09-30,1,117000,58500.0
1336,206,20240930,2024-09-30,1,117000,58500.0
1362,734,20240930,2024-09-30,3,117000,58500.0
995,2004,20240930,2024-09-30,1,117000,99450.0
966,1786,20240930,2024-09-30,1,117000,87750.0
919,2204,20240930,2024-09-30,1,116900,99365.0
97,1777,20240930,2024-09-30,4,116500,58250.0
305,1121,20240930,2024-09-30,1,116400,98940.0
742,2158,20240930,2024-09-30,3,116000,58000.0
795,1276,20240930,2024-09-30,1,116000,98600.0
350,769,20240930,2024-09-30,2,116000,58000.0
408,1781,20240930,2024-09-30,1,115800,98430.0
1295,627,20240930,2024-09-30,2,115700,74275.0
163,2179,20240930,2024-09-30,1,115600,98260.0
1358,1166,20240930,2024-09-30,3,115600,71940.0
163,345,20240930,2024-09-30,2,115600,98260.0
1337,1398,20240930,2024-09-30,1,115400,86550.0
1362,227,20240930,2024-09-30,6,115200,57600.0
526,1063,20240930,2024-09-30,1,115100,86325.0
200,2112,20240930,2024-09-30,1,115000,97750.0
691,455,20240930,2024-09-30,1,115000,97750.0
209,865,20240930,2024-09-30,1,115000,97750.0
209,1651,20240930,2024-09-30,1,115000,97750.0
940,2275,20240930,2024-09-30,1,115000,97750.0
841,932,20240930,2024-09-30,1,115000,97750.0
1158,855,20240930,2024-09-30,1,115000,97750.0
905,1053,20240930,2024-09-30,2,115000,92500.0
1368,1648,20240930,2024-09-30,3,115000,57500.0
1157,685,20240930,2024-09-30,1,115000,97750.0
1368,1650,20240930,2024-09-30,3,115000,57500.0
589,1441,20240930,2024-09-30,4,115000,57500.0
792,2048,20240930,2024-09-30,1,115000,97750.0
1362,1904,20240930,2024-09-30,3,115000,57500.0
1219,1835,20240930,2024-09-30,2,115000,57500.0
1065,1451,20240930,2024-09-30,3,115000,97750.0
1097,183,20240930,2024-09-30,1,115000,97750.0
1362,1549,20240930,2024-09-30,4,115000,57500.0
742,1086,20240930,2024-09-30,1,115000,57500.0
800,477,20240930,2024-09-30,1,115000,97750.0
754,1482,20240930,2024-09-30,2,115000,57500.0
209,214,20240930,2024-09-30,1,115000,97750.0
209,1889,20240930,2024-09-30,1,115000,97750.0
754,1731,20240930,2024-09-30,3,115000,57500.0
747,1121,20240930,2024-09-30,1,115000,97750.0
742,329,20240930,2024-09-30,3,115000,57500.0
209,949,20240930,2024-09-30,1,115000,97750.0
589,1497,20240930,2024-09-30,3,115000,57500.0
501,1835,20240930,2024-09-30,1,114800,86100.0
919,1235,20240930,2024-09-30,1,114600,97410.0
450,720,20240930,2024-09-30,1,114500,57250.0
1364,1068,20240930,2024-09-30,1,114000,96900.0
1195,2201,20240930,2024-09-30,1,114000,96900.0
163,370,20240930,2024-09-30,1,114000,96900.0
1424,2049,20240930,2024-09-30,1,113900,96815.0
919,1692,20240930,2024-09-30,4,113900,96815.0
910,2234,20240930,2024-09-30,1,113800,56900.0
1140,882,20240930,2024-09-30,1,113500,96475.0
1272,1570,20240930,2024-09-30,1,113200,56600.0
350,762,20240930,2024-09-30,2,113000,56500.0
163,2289,20240930,2024-09-30,1,113000,96050.0
784,805,20240930,2024-09-30,1,112700,95795.0
881,1465,20240930,2024-09-30,1,112500,56250.0
363,1793,20240930,2024-09-30,1,112500,95625.0
11,959,20240930,2024-09-30,1,112500,95625.0
835,863,20240930,2024-09-30,1,112500,56250.0
185,2008,20240930,2024-09-30,1,112500,95625.0
231,1303,20240930,2024-09-30,1,112300,95455.0
1056,2344,20240930,2024-09-30,1,112200,56100.0
363,1746,20240930,2024-09-30,1,112200,95370.0
1354,816,20240930,2024-09-30,1,112000,95200.0
919,323,20240930,2024-09-30,1,112000,95200.0
461,747,20240930,2024-09-30,1,112000,95200.0
420,1409,20240930,2024-09-30,1,112000,95200.0
409,1546,20240930,2024-09-30,1,111800,95030.0
919,879,20240930,2024-09-30,2,111800,95030.0
10,18,20240930,2024-09-30,1,111500,94775.0
397,698,20240930,2024-09-30,1,111100,94435.0
1362,1867,20240930,2024-09-30,5,111000,55500.0
305,290,20240930,2024-09-30,2,111000,94350.0
1065,1375,20240930,2024-09-30,1,111000,83250.0
1219,1692,20240930,2024-09-30,2,111000,55500.0
163,1509,20240930,2024-09-30,1,111000,94350.0
682,2001,20240930,2024-09-30,1,111000,94350.0
149,30,20240930,2024-09-30,1,111000,94350.0
1295,1518,20240930,2024-09-30,4,111000,70500.0
682,752,20240930,2024-09-30,1,110800,55400.0
555,115,20240930,2024-09-30,2,110500,85175.0
653,1081,20240930,2024-09-30,2,110500,58925.0
1362,2319,20240930,2024-09-30,5,110200,55100.0
409,1521,20240930,2024-09-30,1,110100,93585.0
18,1477,20240930,2024-09-30,1,110000,93500.0
1435,338,20240930,2024-09-30,4,110000,55000.0
493,87,20240930,2024-09-30,1,110000,93500.0
522,1205,20240930,2024-09-30,1,110000,55000.0
235,1259,20240930,2024-09-30,1,110000,93500.0
1362,484,20240930,2024-09-30,3,110000,55000.0
1295,1512,20240930,2024-09-30,3,110000,72500.0
742,141,20240930,2024-09-30,1,110000,55000.0
754,977,20240930,2024-09-30,3,110000,55000.0
1190,1346,20240930,2024-09-30,1,110000,55000.0
1143,711,20240930,2024-09-30,1,110000,55000.0
1435,1203,20240930,2024-09-30,6,110000,55000.0
1219,2154,20240930,2024-09-30,1,110000,55000.0
1435,1926,20240930,2024-09-30,5,110000,55000.0
396,1040,20240930,2024-09-30,1,110000,93500.0
1166,89,20240930,2024-09-30,2,110000,93500.0
754,2,20240930,2024-09-30,4,110000,55000.0
556,471,20240930,2024-09-30,1,110000,93500.0
379,1327,20240930,2024-09-30,3,110000,72500.0
919,1572,20240930,2024-09-30,1,110000,93500.0
209,1735,20240930,2024-09-30,1,110000,93500.0
494,2371,20240930,2024-09-30,1,110000,55000.0
771,547,20240930,2024-09-30,1,110000,55000.0
1295,2372,20240930,2024-09-30,4,110000,62000.0
1061,1714,20240930,2024-09-30,1,110000,93500.0
936,1025,20240930,2024-09-30,1,110000,55000.0
1044,1574,20240930,2024-09-30,1,110000,93500.0
919,1360,20240930,2024-09-30,1,109800,93330.0
919,2176,20240930,2024-09-30,2,109700,93245.0
472,1233,20240930,2024-09-30,1,109500,93075.0
36,514,20240930,2024-09-30,1,109500,93075.0
163,1657,20240930,2024-09-30,1,109000,92650.0
682,1443,20240930,2024-09-30,1,109000,92650.0
1219,1827,20240930,2024-09-30,2,109000,54500.0
1065,2105,20240930,2024-09-30,1,108500,92225.0
305,1947,20240930,2024-09-30,1,108200,91970.0
1411,1716,20240930,2024-09-30,1,108200,91970.0
163,2344,20240930,2024-09-30,1,108000,91800.0
1295,958,20240930,2024-09-30,3,108000,62750.0
837,1372,20240930,2024-09-30,1,108000,91800.0
410,2338,20240930,2024-09-30,1,108000,91800.0
479,2087,20240930,2024-09-30,1,108000,81000.0
163,2319,20240930,2024-09-30,1,108000,91800.0
449,2259,20240930,2024-09-30,1,108000,91800.0
479,2136,20240930,2024-09-30,1,108000,91800.0
1362,1428,20240930,2024-09-30,2,108000,54000.0
163,7,20240930,2024-09-30,1,107900,91715.0
163,796,20240930,2024-09-30,1,107900,91715.0
271,2080,20240930,2024-09-30,1,107300,91205.0
919,997,20240930,2024-09-30,2,107200,91120.0
682,424,20240930,2024-09-30,1,107000,90950.0
163,504,20240930,2024-09-30,1,106900,90865.0
919,2062,20240930,2024-09-30,3,106900,90865.0
235,859,20240930,2024-09-30,1,106700,90695.0
908,860,20240930,2024-09-30,2,106500,53250.0
103,438,20240930,2024-09-30,3,106300,53150.0
1413,2234,20240930,2024-09-30,1,106100,53050.0
74,1594,20240930,2024-09-30,1,106000,53000.0
163,1092,20240930,2024-09-30,1,106000,90100.0
977,1507,20240930,2024-09-30,2,106000,53000.0
1220,183,20240930,2024-09-30,1,106000,90100.0
262,1721,20240930,2024-09-30,1,106000,53000.0
919,2150,20240930,2024-09-30,2,105900,90015.0
97,1804,20240930,2024-09-30,4,105800,52900.0
754,1656,20240930,2024-09-30,3,105200,52600.0
163,1695,20240930,2024-09-30,1,105100,89335.0
1435,1253,20240930,2024-09-30,3,105000,52500.0
209,2216,20240930,2024-09-30,1,105000,89250.0
905,767,20240930,2024-09-30,1,105000,78750.0
1435,1707,20240930,2024-09-30,5,105000,52500.0
209,1048,20240930,2024-09-30,1,105000,89250.0
1065,1549,20240930,2024-09-30,1,105000,78750.0
995,2008,20240930,2024-09-30,1,105000,89250.0
754,250,20240930,2024-09-30,4,105000,52500.0
398,203,20240930,2024-09-30,2,105000,89250.0
479,883,20240930,2024-09-30,1,105000,89250.0
102,250,20240930,2024-09-30,1,105000,89250.0
462,973,20240930,2024-09-30,1,105000,52500.0
1219,891,20240930,2024-09-30,3,105000,52500.0
209,167,20240930,2024-09-30,1,105000,89250.0
784,1654,20240930,2024-09-30,1,105000,89250.0
1435,1266,20240930,2024-09-30,5,105000,52500.0
1472,293,20240930,2024-09-30,1,105000,89250.0
754,1495,20240930,2024-09-30,4,105000,52500.0
305,55,20240930,2024-09-30,1,105000,89250.0
905,392,20240930,2024-09-30,2,105000,89250.0
200,141,20240930,2024-09-30,1,105000,89250.0
305,1554,20240930,2024-09-30,1,105000,89250.0
163,2133,20240930,2024-09-30,1,104900,89165.0
919,1626,20240930,2024-09-30,1,104500,88825.0
163,501,20240930,2024-09-30,1,104500,88825.0
795,2208,20240930,2024-09-30,1,104500,88825.0
1175,2059,20240930,2024-09-30,1,104200,88570.0
995,2037,20240930,2024-09-30,1,104100,88485.0
919,811,20240930,2024-09-30,1,104000,88400.0
866,1220,20240930,2024-09-30,1,104000,52000.0
881,1463,20240930,2024-09-30,1,104000,88400.0
3,2082,20240930,2024-09-30,1,104000,88400.0
1163,58,20240930,2024-09-30,1,104000,88400.0
163,444,20240930,2024-09-30,1,104000,88400.0
369,1169,20240930,2024-09-30,2,104000,52000.0
305,1831,20240930,2024-09-30,1,104000,88400.0
1368,517,20240930,2024-09-30,3,104000,52000.0
1362,1309,20240930,2024-09-30,2,104000,52000.0
305,2032,20240930,2024-09-30,1,104000,88400.0
1411,2066,20240930,2024-09-30,1,103900,77925.0
1065,193,20240930,2024-09-30,1,103500,87975.0
919,1280,20240930,2024-09-30,1,103500,87975.0
691,465,20240930,2024-09-30,2,103200,73720.0
1295,2377,20240930,2024-09-30,1,103000,87550.0
1362,140,20240930,2024-09-30,4,103000,51500.0
919,1186,20240930,2024-09-30,1,103000,87550.0
209,2024,20240930,2024-09-30,1,103000,87550.0
983,355,20240930,2024-09-30,1,103000,87550.0
501,311,20240930,2024-09-30,1,103000,87550.0
784,1200,20240930,2024-09-30,1,102700,87295.0
784,400,20240930,2024-09-30,1,102700,87295.0
784,1596,20240930,2024-09-30,1,102700,87295.0
784,301,20240930,2024-09-30,1,102700,87295.0
784,1660,20240930,2024-09-30,1,102700,87295.0
784,883,20240930,2024-09-30,1,102700,87295.0
784,2192,20240930,2024-09-30,1,102700,87295.0
784,2125,20240930,2024-09-30,1,102700,87295.0
784,869,20240930,2024-09-30,1,102700,87295.0
784,290,20240930,2024-09-30,1,102700,87295.0
784,1390,20240930,2024-09-30,1,102700,87295.0
784,1440,20240930,2024-09-30,1,102700,87295.0
784,179,20240930,2024-09-30,1,102700,87295.0
784,2218,20240930,2024-09-30,1,102700,87295.0
1000,1851,20240930,2024-09-30,1,102600,87210.0
398,2083,20240930,2024-09-30,1,102500,87125.0
398,1424,20240930,2024-09-30,1,102500,87125.0
1295,644,20240930,2024-09-30,1,102400,87040.0
1362,1908,20240930,2024-09-30,2,102400,51200.0
1362,1131,20240930,2024-09-30,3,102200,51100.0
163,121,20240930,2024-09-30,1,102100,86785.0
305,2058,20240930,2024-09-30,1,102000,86700.0
1219,1266,20240930,2024-09-30,2,102000,51000.0
1362,1071,20240930,2024-09-30,2,102000,51000.0
156,2274,20240930,2024-09-30,3,102000,51000.0
61,890,20240930,2024-09-30,2,101900,50950.0
778,1985,20240930,2024-09-30,1,101800,50900.0
163,2108,20240930,2024-09-30,1,101600,86360.0
1362,1887,20240930,2024-09-30,5,101500,50750.0
1337,155,20240930,2024-09-30,1,101500,76125.0
1339,1462,20240930,2024-09-30,3,101300,50650.0
305,572,20240930,2024-09-30,1,101300,86105.0
1254,213,20240930,2024-09-30,1,101200,75900.0
350,748,20240930,2024-09-30,1,101000,50500.0
1358,1926,20240930,2024-09-30,1,101000,85850.0
235,561,20240930,2024-09-30,1,101000,85850.0
491,1556,20240930,2024-09-30,1,101000,85850.0
569,164,20240930,2024-09-30,2,101000,68350.0
163,2187,20240930,2024-09-30,1,101000,85850.0
1195,1864,20240930,2024-09-30,1,101000,85850.0
1290,2361,20240930,2024-09-30,1,100800,50400.0
305,1284,20240930,2024-09-30,1,100500,85425.0
349,2307,20240930,2024-09-30,3,100300,60755.0
209,977,20240930,2024-09-30,1,100100,85085.0
163,2255,20240930,2024-09-30,1,100000,85000.0
893,300,20240930,2024-09-30,1,100000,85000.0
1139,1869,20240930,2024-09-30,1,100000,85000.0
1163,391,20240930,2024-09-30,1,100000,85000.0
52,861,20240930,2024-09-30,1,100000,50000.0
1065,1337,20240930,2024-09-30,2,100000,85000.0
1390,658,20240930,2024-09-30,1,100000,85000.0
235,2036,20240930,2024-09-30,1,100000,85000.0
850,296,20240930,2024-09-30,1,100000,85000.0
905,945,20240930,2024-09-30,1,100000,85000.0
919,397,20240930,2024-09-30,2,100000,85000.0
1163,731,20240930,2024-09-30,1,100000,85000.0
1065,38,20240930,2024-09-30,1,100000,85000.0
1139,853,20240930,2024-09-30,1,100000,85000.0
1163,1251,20240930,2024-09-30,1,100000,85000.0
224,2131,20240930,2024-09-30,1,100000,85000.0
977,1460,20240930,2024-09-30,1,100000,50000.0
1441,341,20240930,2024-09-30,1,100000,85000.0
286,260,20240930,2024-09-30,1,100000,85000.0
919,1380,20240930,2024-09-30,2,100000,85000.0
1386,1904,20240930,2024-09-30,1,100000,50000.0
689,1866,20240930,2024-09-30,1,100000,50000.0
795,529,20240930,2024-09-30,1,100000,85000.0
905,794,20240930,2024-09-30,1,100000,85000.0
991,1477,20240930,2024-09-30,1,100000,50000.0
1362,501,20240930,2024-09-30,1,100000,50000.0
1432,861,20240930,2024-09-30,1,100000,50000.0
156,2246,20240930,2024-09-30,1,100000,50000.0
383,512,20240930,2024-09-30,1,100000,50000.0
462,310,20240930,2024-09-30,1,100000,50000.0
905,412,20240930,2024-09-30,1,100000,85000.0
524,673,20240930,2024-09-30,2,100000,50000.0
586,1745,20240930,2024-09-30,1,100000,50000.0
905,101,20240930,2024-09-30,1,100000,85000.0
1065,2273,20240930,2024-09-30,2,100000,85000.0
224,1820,20240930,2024-09-30,1,100000,85000.0
708,906,20240930,2024-09-30,1,100000,50000.0
905,803,20240930,2024-09-30,1,100000,85000.0
1107,1679,20240930,2024-09-30,1,100000,50000.0
1241,526,20240930,2024-09-30,1,100000,50000.0
1339,1455,20240930,2024-09-30,1,100000,50000.0
1163,2359,20240930,2024-09-30,1,100000,85000.0
163,1251,20240930,2024-09-30,1,100000,85000.0
523,2400,20240930,2024-09-30,1,100000,50000.0
1163,884,20240930,2024-09-30,1,100000,85000.0
1322,1500,20240930,2024-09-30,2,100000,76250.0
109,1414,20240930,2024-09-30,1,100000,50000.0
1080,1466,20240930,2024-09-30,1,100000,85000.0
197,361,20240930,2024-09-30,1,100000,50000.0
754,2250,20240930,2024-09-30,1,100000,50000.0
1130,2134,20240930,2024-09-30,1,100000,85000.0
1163,1987,20240930,2024-09-30,1,100000,85000.0
1163,2347,20240930,2024-09-30,1,100000,85000.0
400,1462,20240930,2024-09-30,1,100000,50000.0
1065,915,20240930,2024-09-30,2,100000,85000.0
1144,1071,20240930,2024-09-30,1,100000,50000.0
235,623,20240930,2024-09-30,1,100000,85000.0
742,321,20240930,2024-09-30,1,100000,50000.0
524,624,20240930,2024-09-30,2,100000,50000.0
742,1528,20240930,2024-09-30,1,100000,50000.0
841,956,20240930,2024-09-30,1,100000,85000.0
235,394,20240930,2024-09-30,1,100000,85000.0
905,1484,20240930,2024-09-30,1,100000,85000.0
919,167,20240930,2024-09-30,2,100000,85000.0
1424,1981,20240930,2024-09-30,1,100000,85000.0
919,1660,20240930,2024-09-30,2,100000,85000.0
1163,2212,20240930,2024-09-30,1,100000,85000.0
310,211,20240930,2024-09-30,1,100000,50000.0
1065,1118,20240930,2024-09-30,2,100000,85000.0
1072,1169,20240930,2024-09-30,1,100000,50000.0
1368,1646,20240930,2024-09-30,4,100000,50000.0
1466,141,20240930,2024-09-30,1,100000,50000.0
919,292,20240930,2024-09-30,2,100000,85000.0
1362,1311,20240930,2024-09-30,1,100000,50000.0
540,298,20240930,2024-09-30,1,100000,50000.0
1073,1040,20240930,2024-09-30,1,100000,50000.0
905,521,20240930,2024-09-30,1,100000,85000.0
977,659,20240930,2024-09-30,2,100000,50000.0
1312,1832,20240930,2024-09-30,1,100000,50000.0
9,988,20240930,2024-09-30,1,100000,85000.0
1222,1546,20240930,2024-09-30,1,100000,50000.0
541,219,20240930,2024-09-30,1,100000,85000.0
920,997,20240930,2024-09-30,1,100000,50000.0
1295,2346,20240930,2024-09-30,1,100000,75000.0
209,2220,20240930,2024-09-30,1,100000,85000.0
793,1375,20240930,2024-09-30,1,100000,50000.0
905,104,20240930,2024-09-30,1,100000,85000.0
1065,353,20240930,2024-09-30,2,100000,85000.0
1362,225,20240930,2024-09-30,1,100000,50000.0
235,388,20240930,2024-09-30,1,100000,85000.0
685,2341,20240930,2024-09-30,1,100000,50000.0
1065,853,20240930,2024-09-30,3,100000,85000.0
462,1264,20240930,2024-09-30,1,100000,50000.0
667,861,20240930,2024-09-30,1,100000,85000.0
101,2343,20240930,2024-09-30,1,100000,50000.0
310,199,20240930,2024-09-30,1,100000,50000.0
742,1970,20240930,2024-09-30,1,100000,50000.0
919,17,20240930,2024-09-30,1,100000,85000.0
462,940,20240930,2024-09-30,1,100000,50000.0
462,971,20240930,2024-09-30,1,100000,50000.0
818,1377,20240930,2024-09-30,1,100000,50000.0
1163,278,20240930,2024-09-30,1,100000,85000.0
1163,1952,20240930,2024-09-30,1,100000,85000.0
109,151,20240930,2024-09-30,1,100000,50000.0
305,183,20240930,2024-09-30,1,100000,85000.0
99,864,20240930,2024-09-30,1,100000,50000.0
905,1911,20240930,2024-09-30,1,100000,85000.0
1027,1981,20240930,2024-09-30,1,100000,50000.0
1441,268,20240930,2024-09-30,1,100000,85000.0
1163,1295,20240930,2024-09-30,1,100000,85000.0
479,1693,20240930,2024-09-30,1,100000,85000.0
919,1820,20240930,2024-09-30,2,100000,85000.0
929,2,20240930,2024-09-30,2,100000,62500.0
818,1369,20240930,2024-09-30,1,100000,50000.0
64,1365,20240930,2024-09-30,1,100000,50000.0
905,2174,20240930,2024-09-30,1,100000,85000.0
1163,44,20240930,2024-09-30,1,100000,85000.0
1295,1534,20240930,2024-09-30,1,100000,50000.0
102,2326,20240930,2024-09-30,1,100000,85000.0
977,269,20240930,2024-09-30,2,100000,50000.0
1065,279,20240930,2024-09-30,2,100000,85000.0
1339,1476,20240930,2024-09-30,1,100000,50000.0
286,2341,20240930,2024-09-30,1,100000,85000.0
305,170,20240930,2024-09-30,1,100000,50000.0
502,1581,20240930,2024-09-30,1,100000,50000.0
792,341,20240930,2024-09-30,1,100000,85000.0
905,414,20240930,2024-09-30,1,100000,85000.0
1163,49,20240930,2024-09-30,1,100000,85000.0
1314,719,20240930,2024-09-30,1,100000,50000.0
818,1734,20240930,2024-09-30,1,100000,50000.0
1139,1391,20240930,2024-09-30,1,100000,85000.0
109,1251,20240930,2024-09-30,1,100000,50000.0
555,109,20240930,2024-09-30,1,100000,50000.0
1362,978,20240930,2024-09-30,1,100000,50000.0
209,1879,20240930,2024-09-30,1,100000,85000.0
807,1394,20240930,2024-09-30,1,100000,85000.0
1065,494,20240930,2024-09-30,2,100000,85000.0
1163,1236,20240930,2024-09-30,1,100000,85000.0
754,1527,20240930,2024-09-30,1,100000,50000.0
905,75,20240930,2024-09-30,1,100000,85000.0
919,416,20240930,2024-09-30,1,100000,85000.0
966,1800,20240930,2024-09-30,1,100000,50000.0
550,293,20240930,2024-09-30,1,100000,50000.0
715,1977,20240930,2024-09-30,1,100000,50000.0
977,285,20240930,2024-09-30,2,100000,50000.0
977,302,20240930,2024-09-30,1,100000,50000.0
449,2329,20240930,2024-09-30,2,100000,68750.0
742,616,20240930,2024-09-30,1,100000,50000.0
933,1690,20240930,2024-09-30,1,100000,50000.0
1195,18,20240930,2024-09-30,1,100000,85000.0
1441,1264,20240930,2024-09-30,1,100000,85000.0
109,2275,20240930,2024-09-30,1,100000,50000.0
235,306,20240930,2024-09-30,1,100000,85000.0
584,361,20240930,2024-09-30,1,100000,50000.0
1163,307,20240930,2024-09-30,1,100000,85000.0
1278,983,20240930,2024-09-30,1,100000,85000.0
200,875,20240930,2024-09-30,1,100000,85000.0
280,561,20240930,2024-09-30,1,100000,50000.0
1144,73,20240930,2024-09-30,1,100000,50000.0
1184,1375,20240930,2024-09-30,1,100000,50000.0
1195,1467,20240930,2024-09-30,2,100000,85000.0
272,1390,20240930,2024-09-30,1,100000,50000.0
148,864,20240930,2024-09-30,1,100000,50000.0
919,477,20240930,2024-09-30,2,100000,85000.0
1158,1810,20240930,2024-09-30,1,100000,85000.0
209,1072,20240930,2024-09-30,1,100000,85000.0
919,707,20240930,2024-09-30,2,100000,85000.0
1163,399,20240930,2024-09-30,1,100000,85000.0
109,1374,20240930,2024-09-30,1,100000,50000.0
24,2398,20240930,2024-09-30,1,100000,85000.0
1195,1202,20240930,2024-09-30,1,100000,50000.0
74,723,20240930,2024-09-30,1,100000,50000.0
109,1249,20240930,2024-09-30,1,100000,50000.0
524,948,20240930,2024-09-30,2,100000,50000.0
617,160,20240930,2024-09-30,1,100000,90000.0
742,784,20240930,2024-09-30,1,100000,50000.0
905,1665,20240930,2024-09-30,1,100000,85000.0
1065,1159,20240930,2024-09-30,2,100000,85000.0
163,1706,20240930,2024-09-30,1,100000,85000.0
163,1916,20240930,2024-09-30,1,100000,85000.0
951,590,20240930,2024-09-30,1,100000,50000.0
1368,150,20240930,2024-09-30,2,100000,50000.0
905,1176,20240930,2024-09-30,1,100000,85000.0
919,1526,20240930,2024-09-30,2,100000,85000.0
977,157,20240930,2024-09-30,1,100000,50000.0
1139,611,20240930,2024-09-30,1,100000,85000.0
919,182,20240930,2024-09-30,2,100000,85000.0
1065,981,20240930,2024-09-30,2,100000,85000.0
1163,2357,20240930,2024-09-30,1,100000,85000.0
235,615,20240930,2024-09-30,1,100000,85000.0
586,1804,20240930,2024-09-30,2,100000,50000.0
106,335,20240930,2024-09-30,1,100000,85000.0
281,653,20240930,2024-09-30,1,100000,50000.0
905,1848,20240930,2024-09-30,1,100000,85000.0
977,1228,20240930,2024-09-30,2,100000,50000.0
200,2002,20240930,2024-09-30,1,100000,85000.0
977,637,20240930,2024-09-30,1,100000,50000.0
200,332,20240930,2024-09-30,1,100000,85000.0
328,214,20240930,2024-09-30,1,100000,85000.0
689,1858,20240930,2024-09-30,1,100000,50000.0
873,503,20240930,2024-09-30,2,100000,81500.0
1155,2259,20240930,2024-09-30,1,100000,50000.0
1431,244,20240930,2024-09-30,1,100000,50000.0
6,1657,20240930,2024-09-30,4,100000,50000.0
235,699,20240930,2024-09-30,1,100000,85000.0
310,1062,20240930,2024-09-30,1,100000,50000.0
977,874,20240930,2024-09-30,2,100000,50000.0
1139,616,20240930,2024-09-30,1,100000,85000.0
1220,332,20240930,2024-09-30,1,100000,85000.0
74,1597,20240930,2024-09-30,1,100000,50000.0
1065,1521,20240930,2024-09-30,2,100000,85000.0
1424,160,20240930,2024-09-30,1,100000,85000.0
338,1691,20240930,2024-09-30,1,100000,85000.0
370,1719,20240930,2024-09-30,2,100000,75000.0
462,584,20240930,2024-09-30,1,100000,50000.0
871,165,20240930,2024-09-30,1,100000,85000.0
1158,866,20240930,2024-09-30,1,100000,85000.0
1065,151,20240930,2024-09-30,2,100000,85000.0
1100,627,20240930,2024-09-30,1,100000,50000.0
1221,946,20240930,2024-09-30,1,100000,85000.0
1373,1329,20240930,2024-09-30,1,100000,50000.0
9,1051,20240930,2024-09-30,1,100000,85000.0
97,1776,20240930,2024-09-30,1,100000,50000.0
1065,2043,20240930,2024-09-30,2,100000,85000.0
305,598,20240930,2024-09-30,1,100000,85000.0
742,908,20240930,2024-09-30,1,100000,50000.0
795,63,20240930,2024-09-30,1,100000,85000.0
911,863,20240930,2024-09-30,1,100000,85000.0
1133,905,20240930,2024-09-30,1,100000,50000.0
1295,208,20240930,2024-09-30,1,100000,50000.0
1434,1018,20240930,2024-09-30,1,100000,50000.0
1189,1424,20240930,2024-09-30,1,100000,50000.0
1195,293,20240930,2024-09-30,1,100000,85000.0
257,1486,20240930,2024-09-30,1,100000,50000.0
1065,1575,20240930,2024-09-30,2,100000,85000.0
1169,339,20240930,2024-09-30,1,100000,50000.0
462,268,20240930,2024-09-30,1,100000,50000.0
469,286,20240930,2024-09-30,1,100000,50000.0
99,1375,20240930,2024-09-30,1,100000,50000.0
235,1663,20240930,2024-09-30,1,100000,85000.0
524,630,20240930,2024-09-30,2,100000,50000.0
780,1081,20240930,2024-09-30,1,100000,50000.0
905,1483,20240930,2024-09-30,2,100000,67500.0
1163,2165,20240930,2024-09-30,1,100000,85000.0
423,1089,20240930,2024-09-30,1,100000,50000.0
1065,49,20240930,2024-09-30,2,100000,85000.0
742,1707,20240930,2024-09-30,1,100000,50000.0
1163,1981,20240930,2024-09-30,1,100000,85000.0
866,2387,20240930,2024-09-30,1,100000,50000.0
919,1113,20240930,2024-09-30,2,100000,85000.0
977,1472,20240930,2024-09-30,2,100000,50000.0
1368,172,20240930,2024-09-30,2,100000,50000.0
462,1507,20240930,2024-09-30,1,100000,50000.0
1163,1277,20240930,2024-09-30,1,100000,85000.0
1267,623,20240930,2024-09-30,1,100000,85000.0
261,545,20240930,2024-09-30,1,100000,50000.0
310,1083,20240930,2024-09-30,1,100000,50000.0
405,862,20240930,2024-09-30,1,100000,50000.0
426,243,20240930,2024-09-30,1,100000,50000.0
905,1850,20240930,2024-09-30,1,100000,85000.0
1163,2026,20240930,2024-09-30,1,100000,85000.0
664,293,20240930,2024-09-30,1,100000,50000.0
873,126,20240930,2024-09-30,1,100000,50000.0
905,538,20240930,2024-09-30,1,100000,85000.0
1130,2220,20240930,2024-09-30,1,100000,85000.0
462,301,20240930,2024-09-30,1,100000,50000.0
552,2048,20240930,2024-09-30,1,100000,85000.0
919,1290,20240930,2024-09-30,2,100000,85000.0
1219,1227,20240930,2024-09-30,2,100000,50000.0
811,140,20240930,2024-09-30,1,100000,85000.0
479,2273,20240930,2024-09-30,1,100000,85000.0
651,882,20240930,2024-09-30,1,100000,85000.0
742,1922,20240930,2024-09-30,1,100000,50000.0
831,2329,20240930,2024-09-30,1,100000,50000.0
742,288,20240930,2024-09-30,1,100000,50000.0
977,1383,20240930,2024-09-30,2,100000,50000.0
1033,2390,20240930,2024-09-30,1,100000,50000.0
1163,2206,20240930,2024-09-30,1,100000,85000.0
1338,1594,20240930,2024-09-30,1,100000,85000.0
534,444,20240930,2024-09-30,1,100000,85000.0
919,1081,20240930,2024-09-30,1,100000,85000.0
1390,501,20240930,2024-09-30,1,100000,85000.0
782,556,20240930,2024-09-30,1,100000,50000.0
905,793,20240930,2024-09-30,1,100000,85000.0
148,855,20240930,2024-09-30,1,100000,50000.0
652,1502,20240930,2024-09-30,1,100000,85000.0
742,2015,20240930,2024-09-30,1,100000,50000.0
603,2345,20240930,2024-09-30,1,100000,50000.0
919,1230,20240930,2024-09-30,2,100000,85000.0
1072,1845,20240930,2024-09-30,1,100000,50000.0
462,1567,20240930,2024-09-30,1,100000,50000.0
742,1820,20240930,2024-09-30,1,100000,50000.0
1163,388,20240930,2024-09-30,1,100000,85000.0
1163,1945,20240930,2024-09-30,1,100000,85000.0
905,292,20240930,2024-09-30,1,100000,75000.0
1163,2054,20240930,2024-09-30,1,100000,85000.0
200,265,20240930,2024-09-30,1,100000,85000.0
795,1720,20240930,2024-09-30,1,100000,85000.0
1121,993,20240930,2024-09-30,2,100000,50000.0
309,160,20240930,2024-09-30,1,100000,50000.0
792,361,20240930,2024-09-30,1,100000,85000.0
555,73,20240930,2024-09-30,1,100000,50000.0
702,2347,20240930,2024-09-30,1,100000,50000.0
684,2243,20240930,2024-09-30,1,100000,50000.0
893,866,20240930,2024-09-30,2,100000,67500.0
163,1440,20240930,2024-09-30,1,100000,85000.0
905,192,20240930,2024-09-30,1,100000,85000.0
905,2340,20240930,2024-09-30,1,100000,85000.0
881,1475,20240930,2024-09-30,1,100000,50000.0
1403,1031,20240930,2024-09-30,1,100000,50000.0
689,1869,20240930,2024-09-30,1,100000,85000.0
905,218,20240930,2024-09-30,1,100000,85000.0
523,2396,20240930,2024-09-30,1,100000,50000.0
1139,135,20240930,2024-09-30,1,100000,85000.0
156,517,20240930,2024-09-30,1,100000,50000.0
235,416,20240930,2024-09-30,1,100000,85000.0
1329,1200,20240930,2024-09-30,1,100000,85000.0
330,1450,20240930,2024-09-30,1,100000,85000.0
769,948,20240930,2024-09-30,1,100000,50000.0
1154,1889,20240930,2024-09-30,1,100000,50000.0
919,1827,20240930,2024-09-30,2,100000,85000.0
305,1396,20240930,2024-09-30,1,100000,50000.0
905,779,20240930,2024-09-30,1,100000,85000.0
1220,191,20240930,2024-09-30,1,100000,85000.0
1351,861,20240930,2024-09-30,1,100000,85000.0
1466,126,20240930,2024-09-30,1,100000,50000.0
163,40,20240930,2024-09-30,1,100000,85000.0
190,1467,20240930,2024-09-30,1,100000,85000.0
905,1233,20240930,2024-09-30,1,100000,85000.0
1107,1387,20240930,2024-09-30,1,100000,50000.0
72,1594,20240930,2024-09-30,1,100000,75000.0
682,2273,20240930,2024-09-30,1,100000,85000.0
905,1864,20240930,2024-09-30,1,100000,85000.0
1065,1571,20240930,2024-09-30,1,100000,85000.0
1295,1122,20240930,2024-09-30,1,100000,75000.0
163,908,20240930,2024-09-30,1,100000,85000.0
49,1977,20240930,2024-09-30,1,100000,85000.0
1139,734,20240930,2024-09-30,1,100000,85000.0
408,1761,20240930,2024-09-30,2,100000,85000.0
742,2193,20240930,2024-09-30,1,100000,50000.0
905,552,20240930,2024-09-30,1,100000,85000.0
905,562,20240930,2024-09-30,1,100000,85000.0
107,1810,20240930,2024-09-30,1,100000,50000.0
222,857,20240930,2024-09-30,1,100000,85000.0
818,239,20240930,2024-09-30,1,100000,50000.0
1065,388,20240930,2024-09-30,2,100000,85000.0
1065,1234,20240930,2024-09-30,2,100000,85000.0
1390,417,20240930,2024-09-30,1,100000,85000.0
330,1476,20240930,2024-09-30,1,100000,85000.0
462,332,20240930,2024-09-30,1,100000,50000.0
919,832,20240930,2024-09-30,2,100000,85000.0
919,1536,20240930,2024-09-30,1,100000,85000.0
1115,899,20240930,2024-09-30,1,100000,50000.0
209,1913,20240930,2024-09-30,1,100000,85000.0
742,1556,20240930,2024-09-30,1,100000,50000.0
977,53,20240930,2024-09-30,1,100000,50000.0
1093,1368,20240930,2024-09-30,1,100000,50000.0
1120,1000,20240930,2024-09-30,1,100000,50000.0
768,2328,20240930,2024-09-30,1,100000,50000.0
818,1495,20240930,2024-09-30,5,100000,71000.0
1111,2242,20240930,2024-09-30,1,100000,50000.0
163,1863,20240930,2024-09-30,1,100000,85000.0
742,1366,20240930,2024-09-30,1,100000,50000.0
662,199,20240930,2024-09-30,1,100000,75000.0
1065,638,20240930,2024-09-30,2,100000,85000.0
1163,2175,20240930,2024-09-30,1,100000,85000.0
1295,1499,20240930,2024-09-30,1,100000,50000.0
1052,1147,20240930,2024-09-30,2,100000,85000.0
951,1033,20240930,2024-09-30,1,100000,50000.0
992,2353,20240930,2024-09-30,1,100000,50000.0
209,1619,20240930,2024-09-30,1,100000,85000.0
429,624,20240930,2024-09-30,1,100000,50000.0
919,426,20240930,2024-09-30,2,100000,85000.0
1220,1562,20240930,2024-09-30,1,100000,85000.0
218,864,20240930,2024-09-30,2,100000,72750.0
309,959,20240930,2024-09-30,1,100000,50000.0
474,1856,20240930,2024-09-30,1,100000,50000.0
1065,87,20240930,2024-09-30,2,100000,85000.0
1295,604,20240930,2024-09-30,1,100000,50000.0
1356,1236,20240930,2024-09-30,1,100000,50000.0
109,2080,20240930,2024-09-30,1,100000,50000.0
170,1388,20240930,2024-09-30,1,100000,50000.0
742,1811,20240930,2024-09-30,1,100000,50000.0
754,899,20240930,2024-09-30,3,100000,50000.0
905,256,20240930,2024-09-30,2,100000,50000.0
1163,1932,20240930,2024-09-30,1,100000,85000.0
1466,512,20240930,2024-09-30,1,100000,50000.0
163,1083,20240930,2024-09-30,1,100000,85000.0
834,1393,20240930,2024-09-30,1,100000,50000.0
995,2022,20240930,2024-09-30,1,100000,85000.0
11,942,20240930,2024-09-30,1,100000,85000.0
100,1634,20240930,2024-09-30,1,100000,50000.0
138,1203,20240930,2024-09-30,1,100000,50000.0
449,1033,20240930,2024-09-30,1,100000,75000.0
905,2010,20240930,2024-09-30,1,100000,85000.0
109,879,20240930,2024-09-30,1,100000,50000.0
1466,495,20240930,2024-09-30,1,100000,85000.0
235,1029,20240930,2024-09-30,1,100000,85000.0
939,1403,20240930,2024-09-30,1,100000,50000.0
1163,2084,20240930,2024-09-30,1,100000,85000.0
156,185,20240930,2024-09-30,1,100000,50000.0
184,866,20240930,2024-09-30,1,100000,50000.0
905,1626,20240930,2024-09-30,1,100000,85000.0
919,616,20240930,2024-09-30,1,100000,85000.0
1163,333,20240930,2024-09-30,1,100000,85000.0
235,1221,20240930,2024-09-30,1,100000,85000.0
351,138,20240930,2024-09-30,1,100000,85000.0
919,895,20240930,2024-09-30,2,100000,85000.0
1368,1653,20240930,2024-09-30,2,100000,50000.0
2,1384,20240930,2024-09-30,1,100000,50000.0
64,1337,20240930,2024-09-30,1,100000,50000.0
1219,1492,20240930,2024-09-30,1,100000,50000.0
419,1700,20240930,2024-09-30,1,100000,85000.0
1065,820,20240930,2024-09-30,2,100000,85000.0
1295,1550,20240930,2024-09-30,1,100000,50000.0
1362,575,20240930,2024-09-30,1,100000,50000.0
1420,1033,20240930,2024-09-30,1,100000,50000.0
218,559,20240930,2024-09-30,1,100000,85000.0
235,1728,20240930,2024-09-30,1,100000,85000.0
682,2209,20240930,2024-09-30,1,100000,85000.0
871,1435,20240930,2024-09-30,1,100000,85000.0
1027,1970,20240930,2024-09-30,1,100000,50000.0
1027,2021,20240930,2024-09-30,1,100000,50000.0
1390,333,20240930,2024-09-30,1,100000,85000.0
607,902,20240930,2024-09-30,1,100000,50000.0
977,1703,20240930,2024-09-30,1,100000,50000.0
1435,1851,20240930,2024-09-30,5,100000,50000.0
435,1108,20240930,2024-09-30,1,100000,85000.0
818,1720,20240930,2024-09-30,1,100000,50000.0
1139,541,20240930,2024-09-30,1,100000,85000.0
977,1236,20240930,2024-09-30,1,100000,50000.0
163,114,20240930,2024-09-30,1,100000,85000.0
754,2274,20240930,2024-09-30,1,100000,50000.0
933,1692,20240930,2024-09-30,1,100000,50000.0
731,857,20240930,2024-09-30,1,99900,49950.0
163,1236,20240930,2024-09-30,1,99800,84830.0
495,1118,20240930,2024-09-30,3,99800,77830.0
1442,2357,20240930,2024-09-30,1,99800,49900.0
163,1227,20240930,2024-09-30,1,99600,84660.0
605,988,20240930,2024-09-30,1,99200,84320.0
919,2341,20240930,2024-09-30,2,99000,84150.0
742,237,20240930,2024-09-30,1,99000,49500.0
364,997,20240930,2024-09-30,1,99000,84150.0
592,293,20240930,2024-09-30,2,99000,66825.0
462,745,20240930,2024-09-30,3,99000,49500.0
7,620,20240930,2024-09-30,3,98700,49350.0
919,1279,20240930,2024-09-30,2,98600,83810.0
919,1118,20240930,2024-09-30,2,98200,83470.0
153,1036,20240930,2024-09-30,1,98100,49050.0
919,2291,20240930,2024-09-30,2,98000,83300.0
163,931,20240930,2024-09-30,1,98000,83300.0
742,1574,20240930,2024-09-30,2,98000,49000.0
462,913,20240930,2024-09-30,1,98000,49000.0
488,1379,20240930,2024-09-30,1,98000,83300.0
1270,407,20240930,2024-09-30,1,97900,83215.0
305,242,20240930,2024-09-30,1,97800,83130.0
919,700,20240930,2024-09-30,1,97600,82960.0
1295,2307,20240930,2024-09-30,1,97000,48500.0
1362,2247,20240930,2024-09-30,3,96800,48400.0
305,1024,20240930,2024-09-30,1,96800,82280.0
919,2152,20240930,2024-09-30,1,96700,82195.0
163,266,20240930,2024-09-30,1,96600,82110.0
186,865,20240930,2024-09-30,2,96500,48250.0
97,1797,20240930,2024-09-30,2,96500,48250.0
305,1543,20240930,2024-09-30,1,96100,81685.0
235,2220,20240930,2024-09-30,1,96000,81600.0
717,2278,20240930,2024-09-30,1,96000,81600.0
749,899,20240930,2024-09-30,1,96000,48000.0
818,1675,20240930,2024-09-30,2,96000,81600.0
430,135,20240930,2024-09-30,1,96000,81600.0
919,1278,20240930,2024-09-30,2,95700,81345.0
586,1800,20240930,2024-09-30,1,95000,80750.0
818,1490,20240930,2024-09-30,3,95000,47500.0
1362,458,20240930,2024-09-30,4,95000,47500.0
305,900,20240930,2024-09-30,1,95000,80750.0
844,1670,20240930,2024-09-30,1,95000,80750.0
1466,2112,20240930,2024-09-30,2,95000,47500.0
1435,997,20240930,2024-09-30,4,95000,47500.0
1362,1527,20240930,2024-09-30,3,95000,47500.0
209,135,20240930,2024-09-30,1,95000,80750.0
170,1450,20240930,2024-09-30,1,95000,47500.0
586,1786,20240930,2024-09-30,1,95000,80750.0
1390,385,20240930,2024-09-30,1,95000,80750.0
1459,2309,20240930,2024-09-30,1,95000,80750.0
1362,1819,20240930,2024-09-30,1,95000,47500.0
1233,2024,20240930,2024-09-30,1,95000,80750.0
208,2118,20240930,2024-09-30,1,95000,80750.0
1239,2328,20240930,2024-09-30,2,95000,47500.0
64,1338,20240930,2024-09-30,1,95000,47500.0
933,1700,20240930,2024-09-30,2,95000,58750.0
407,1932,20240930,2024-09-30,1,95000,80750.0
634,1032,20240930,2024-09-30,1,95000,80750.0
1435,252,20240930,2024-09-30,5,95000,41500.0
1435,1660,20240930,2024-09-30,5,95000,47500.0
163,1328,20240930,2024-09-30,1,95000,80750.0
145,1926,20240930,2024-09-30,1,94700,80495.0
919,2344,20240930,2024-09-30,2,94600,80410.0
586,1807,20240930,2024-09-30,1,94500,80325.0
586,1774,20240930,2024-09-30,1,94500,80325.0
7,641,20240930,2024-09-30,2,94400,47200.0
919,248,20240930,2024-09-30,2,94300,80155.0
355,1563,20240930,2024-09-30,2,94300,62655.0
1025,1869,20240930,2024-09-30,2,94300,64650.0
408,1794,20240930,2024-09-30,1,94000,79900.0
665,183,20240930,2024-09-30,1,94000,79900.0
523,436,20240930,2024-09-30,2,94000,76400.0
919,1152,20240930,2024-09-30,1,93900,79815.0
32,1026,20240930,2024-09-30,1,93600,79560.0
291,2364,20240930,2024-09-30,2,93600,46800.0
807,1051,20240930,2024-09-30,1,93100,79135.0
1362,2338,20240930,2024-09-30,2,93000,46500.0
818,881,20240930,2024-09-30,1,93000,79050.0
784,2220,20240930,2024-09-30,1,92700,78795.0
784,859,20240930,2024-09-30,1,92700,78795.0
784,1693,20240930,2024-09-30,1,92700,78795.0
784,1086,20240930,2024-09-30,1,92700,78795.0
1420,988,20240930,2024-09-30,1,92500,78625.0
995,1985,20240930,2024-09-30,1,92400,78540.0
1219,858,20240930,2024-09-30,1,92000,46000.0
818,1688,20240930,2024-09-30,3,92000,71200.0
919,1381,20240930,2024-09-30,2,92000,78200.0
322,296,20240930,2024-09-30,1,92000,78200.0
1423,1027,20240930,2024-09-30,1,91800,45900.0
919,1691,20240930,2024-09-30,1,91800,78030.0
1295,2303,20240930,2024-09-30,2,91700,61275.0
882,1726,20240930,2024-09-30,1,91300,77605.0
167,1039,20240930,2024-09-30,1,91300,77605.0
156,1665,20240930,2024-09-30,3,91200,45600.0
807,1047,20240930,2024-09-30,1,91200,77520.0
919,2100,20240930,2024-09-30,2,91100,77435.0
1364,204,20240930,2024-09-30,1,91000,55737.5
1295,2380,20240930,2024-09-30,2,91000,55750.0
1431,1479,20240930,2024-09-30,1,91000,45500.0
919,1155,20240930,2024-09-30,1,91000,77350.0
1368,182,20240930,2024-09-30,3,90500,45250.0
919,1704,20240930,2024-09-30,2,90300,76755.0
1362,741,20240930,2024-09-30,3,90100,45050.0
163,352,20240930,2024-09-30,1,90000,76500.0
1065,1676,20240930,2024-09-30,2,90000,76500.0
1219,870,20240930,2024-09-30,2,90000,45000.0
1219,239,20240930,2024-09-30,1,90000,45000.0
200,1477,20240930,2024-09-30,1,90000,76500.0
919,2008,20240930,2024-09-30,2,90000,76500.0
340,250,20240930,2024-09-30,1,90000,76500.0
1362,1926,20240930,2024-09-30,3,90000,45000.0
230,1276,20240930,2024-09-30,1,90000,76500.0
1219,893,20240930,2024-09-30,1,90000,45000.0
795,1684,20240930,2024-09-30,1,90000,76500.0
966,1753,20240930,2024-09-30,1,90000,76500.0
1076,1464,20240930,2024-09-30,1,90000,76500.0
1277,2067,20240930,2024-09-30,1,90000,76500.0
977,1377,20240930,2024-09-30,3,90000,45000.0
1007,782,20240930,2024-09-30,1,90000,76500.0
1295,941,20240930,2024-09-30,1,90000,45000.0
742,1576,20240930,2024-09-30,1,90000,45000.0
977,1713,20240930,2024-09-30,3,90000,45000.0
919,831,20240930,2024-09-30,2,90000,76500.0
109,1876,20240930,2024-09-30,1,90000,45000.0
163,1003,20240930,2024-09-30,1,90000,76500.0
1435,883,20240930,2024-09-30,6,90000,45000.0
1348,1460,20240930,2024-09-30,1,90000,76500.0
1459,2340,20240930,2024-09-30,1,90000,76500.0
1435,492,20240930,2024-09-30,5,90000,45000.0
209,69,20240930,2024-09-30,1,90000,76500.0
226,1987,20240930,2024-09-30,1,90000,76500.0
145,107,20240930,2024-09-30,1,90000,76500.0
754,637,20240930,2024-09-30,1,90000,45000.0
1195,128,20240930,2024-09-30,1,90000,76500.0
1348,1716,20240930,2024-09-30,1,90000,76500.0
1065,2080,20240930,2024-09-30,2,90000,76500.0
1362,428,20240930,2024-09-30,2,90000,45000.0
685,2321,20240930,2024-09-30,1,90000,45000.0
102,261,20240930,2024-09-30,1,90000,76500.0
742,1611,20240930,2024-09-30,1,90000,45000.0
1029,743,20240930,2024-09-30,1,90000,76500.0
742,305,20240930,2024-09-30,1,90000,45000.0
1368,137,20240930,2024-09-30,2,90000,45000.0
383,515,20240930,2024-09-30,1,90000,45000.0
1362,1090,20240930,2024-09-30,3,89200,44600.0
919,880,20240930,2024-09-30,2,89100,75735.0
1214,2079,20240930,2024-09-30,1,89000,75650.0
919,1468,20240930,2024-09-30,2,88900,75565.0
235,2347,20240930,2024-09-30,1,88700,75395.0
966,1777,20240930,2024-09-30,1,88500,75225.0
79,2006,20240930,2024-09-30,1,88300,75055.0
919,1480,20240930,2024-09-30,2,88300,75055.0
163,1174,20240930,2024-09-30,1,88200,74970.0
1362,2296,20240930,2024-09-30,5,88000,44000.0
1362,1664,20240930,2024-09-30,3,88000,44000.0
905,1947,20240930,2024-09-30,3,88000,44000.0
74,87,20240930,2024-09-30,1,88000,44000.0
919,399,20240930,2024-09-30,2,87700,74545.0
235,1822,20240930,2024-09-30,1,87700,74545.0
784,253,20240930,2024-09-30,1,87700,74545.0
784,2128,20240930,2024-09-30,1,87700,74545.0
919,365,20240930,2024-09-30,1,87700,74545.0
168,1373,20240930,2024-09-30,1,87000,43500.0
836,857,20240930,2024-09-30,1,86500,43250.0
1362,700,20240930,2024-09-30,3,86500,43250.0
932,484,20240930,2024-09-30,1,86400,73440.0
915,1318,20240930,2024-09-30,2,86100,73185.0
163,1464,20240930,2024-09-30,1,86100,73185.0
807,868,20240930,2024-09-30,1,86000,73100.0
163,1266,20240930,2024-09-30,1,86000,73100.0
235,2128,20240930,2024-09-30,2,85800,72930.0
784,2184,20240930,2024-09-30,1,85700,72845.0
1362,1091,20240930,2024-09-30,2,85500,42750.0
235,1566,20240930,2024-09-30,1,85500,72675.0
1362,1659,20240930,2024-09-30,3,85500,42750.0
1466,138,20240930,2024-09-30,1,85500,72675.0
305,1693,20240930,2024-09-30,1,85400,72590.0
905,1044,20240930,2024-09-30,1,85400,72590.0
1008,554,20240930,2024-09-30,1,85000,72250.0
818,905,20240930,2024-09-30,2,85000,42500.0
818,1463,20240930,2024-09-30,2,85000,63500.0
1406,151,20240930,2024-09-30,1,85000,72250.0
1435,2082,20240930,2024-09-30,3,85000,42500.0
599,1026,20240930,2024-09-30,1,85000,42500.0
708,915,20240930,2024-09-30,1,85000,63750.0
1163,2150,20240930,2024-09-30,1,85000,72250.0
742,392,20240930,2024-09-30,1,85000,42500.0
698,1022,20240930,2024-09-30,1,85000,72250.0
905,2145,20240930,2024-09-30,1,85000,63750.0
1435,1703,20240930,2024-09-30,4,85000,42500.0
1435,2184,20240930,2024-09-30,4,85000,42500.0
223,2006,20240930,2024-09-30,1,85000,72250.0
1435,2046,20240930,2024-09-30,5,85000,42500.0
1254,1121,20240930,2024-09-30,1,85000,72250.0
1362,233,20240930,2024-09-30,2,85000,42500.0
170,1478,20240930,2024-09-30,1,85000,63750.0
330,1480,20240930,2024-09-30,1,85000,72250.0
366,1068,20240930,2024-09-30,1,85000,72250.0
453,432,20240930,2024-09-30,1,85000,72250.0
99,1367,20240930,2024-09-30,1,85000,72250.0
66,140,20240930,2024-09-30,1,85000,72250.0
250,2144,20240930,2024-09-30,2,85000,72250.0
1025,1864,20240930,2024-09-30,2,85000,72250.0
1295,645,20240930,2024-09-30,2,85000,72250.0
881,1484,20240930,2024-09-30,1,85000,42500.0
1065,1243,20240930,2024-09-30,3,85000,72250.0
11,946,20240930,2024-09-30,1,85000,72250.0
97,1793,20240930,2024-09-30,2,85000,42500.0
1362,1554,20240930,2024-09-30,4,85000,42500.0
919,1922,20240930,2024-09-30,2,85000,72250.0
942,1077,20240930,2024-09-30,1,85000,72250.0
1251,1073,20240930,2024-09-30,2,85000,63750.0
977,1690,20240930,2024-09-30,4,85000,42500.0
919,1852,20240930,2024-09-30,1,84900,72165.0
919,2021,20240930,2024-09-30,1,84700,71995.0
919,345,20240930,2024-09-30,1,84300,71655.0
1295,1578,20240930,2024-09-30,1,84200,71570.0
742,278,20240930,2024-09-30,1,84000,42000.0
163,1508,20240930,2024-09-30,1,84000,71400.0
662,2071,20240930,2024-09-30,1,84000,71400.0
309,261,20240930,2024-09-30,1,84000,42000.0
919,1248,20240930,2024-09-30,1,84000,71400.0
853,570,20240930,2024-09-30,1,83700,71145.0
163,2154,20240930,2024-09-30,1,83000,70550.0
1101,28,20240930,2024-09-30,1,82700,70295.0
784,866,20240930,2024-09-30,1,82600,70210.0
784,112,20240930,2024-09-30,1,82600,70210.0
784,268,20240930,2024-09-30,1,82600,70210.0
1161,17,20240930,2024-09-30,1,82500,70125.0
484,1053,20240930,2024-09-30,1,82500,70125.0
919,626,20240930,2024-09-30,2,82300,69955.0
682,171,20240930,2024-09-30,1,82000,69700.0
1295,585,20240930,2024-09-30,1,82000,69700.0
1179,1010,20240930,2024-09-30,1,82000,69700.0
276,926,20240930,2024-09-30,1,82000,41000.0
21,1576,20240930,2024-09-30,1,82000,69700.0
921,2303,20240930,2024-09-30,1,81900,69615.0
420,170,20240930,2024-09-30,1,81900,69615.0
1047,2310,20240930,2024-09-30,1,81900,69615.0
1362,2323,20240930,2024-09-30,2,81900,40950.0
219,1368,20240930,2024-09-30,1,81300,40650.0
818,1723,20240930,2024-09-30,4,81200,65520.0
966,1781,20240930,2024-09-30,1,81100,60825.0
163,204,20240930,2024-09-30,1,81100,68935.0
1295,952,20240930,2024-09-30,4,81000,45000.0
1364,201,20240930,2024-09-30,1,81000,60750.0
230,1302,20240930,2024-09-30,1,81000,68850.0
235,868,20240930,2024-09-30,1,81000,68850.0
163,2144,20240930,2024-09-30,1,81000,68850.0
919,1706,20240930,2024-09-30,2,81000,68850.0
163,1164,20240930,2024-09-30,1,81000,68850.0
1271,2223,20240930,2024-09-30,1,80900,68765.0
919,1071,20240930,2024-09-30,2,80900,68765.0
1433,1635,20240930,2024-09-30,1,80300,40150.0
1163,1970,20240930,2024-09-30,1,80000,68000.0
235,1857,20240930,2024-09-30,1,80000,68000.0
235,1286,20240930,2024-09-30,1,80000,68000.0
879,14,20240930,2024-09-30,2,80000,40000.0
1065,1820,20240930,2024-09-30,3,80000,68000.0
1435,2165,20240930,2024-09-30,2,80000,40000.0
510,889,20240930,2024-09-30,1,80000,68000.0
1362,459,20240930,2024-09-30,2,80000,40000.0
1390,356,20240930,2024-09-30,1,80000,68000.0
423,1127,20240930,2024-09-30,1,80000,40000.0
742,501,20240930,2024-09-30,1,80000,40000.0
866,2107,20240930,2024-09-30,1,80000,68000.0
1158,1814,20240930,2024-09-30,1,80000,68000.0
94,2079,20240930,2024-09-30,1,80000,40000.0
341,2239,20240930,2024-09-30,2,80000,68000.0
200,1968,20240930,2024-09-30,1,80000,68000.0
1210,981,20240930,2024-09-30,1,80000,40000.0
427,1468,20240930,2024-09-30,1,80000,40000.0
933,1729,20240930,2024-09-30,2,80000,40000.0
163,344,20240930,2024-09-30,1,80000,68000.0
818,1813,20240930,2024-09-30,1,80000,40000.0
754,1,20240930,2024-09-30,1,80000,40000.0
742,363,20240930,2024-09-30,1,80000,40000.0
818,1371,20240930,2024-09-30,1,80000,40000.0
1333,611,20240930,2024-09-30,1,80000,40000.0
977,2315,20240930,2024-09-30,3,80000,40000.0
235,2011,20240930,2024-09-30,1,80000,68000.0
156,506,20240930,2024-09-30,1,80000,40000.0
235,324,20240930,2024-09-30,1,80000,68000.0
818,1494,20240930,2024-09-30,1,80000,68000.0
977,1554,20240930,2024-09-30,3,80000,40000.0
163,1224,20240930,2024-09-30,1,80000,68000.0
742,2315,20240930,2024-09-30,1,80000,40000.0
850,44,20240930,2024-09-30,1,80000,68000.0
936,1310,20240930,2024-09-30,1,80000,40000.0
949,1589,20240930,2024-09-30,1,80000,40000.0
1333,642,20240930,2024-09-30,1,80000,40000.0
1151,593,20240930,2024-09-30,1,80000,68000.0
163,1249,20240930,2024-09-30,1,80000,68000.0
1296,1718,20240930,2024-09-30,1,80000,68000.0
552,1467,20240930,2024-09-30,1,80000,68000.0
795,1947,20240930,2024-09-30,1,80000,68000.0
1043,981,20240930,2024-09-30,2,80000,40000.0
742,1542,20240930,2024-09-30,2,80000,40000.0
1065,1529,20240930,2024-09-30,3,80000,68000.0
1362,89,20240930,2024-09-30,2,80000,40000.0
664,377,20240930,2024-09-30,1,80000,68000.0
128,2008,20240930,2024-09-30,1,80000,40000.0
977,1243,20240930,2024-09-30,2,80000,40000.0
1362,1657,20240930,2024-09-30,2,80000,40000.0
1435,2127,20240930,2024-09-30,4,80000,40000.0
291,2381,20240930,2024-09-30,1,80000,40000.0
1166,114,20240930,2024-09-30,1,80000,40000.0
742,643,20240930,2024-09-30,1,80000,40000.0
754,1679,20240930,2024-09-30,2,80000,40000.0
909,866,20240930,2024-09-30,2,80000,68000.0
1133,1371,20240930,2024-09-30,1,80000,40000.0
235,258,20240930,2024-09-30,2,80000,68000.0
13,809,20240930,2024-09-30,1,80000,40000.0
919,1716,20240930,2024-09-30,2,80000,68000.0
919,413,20240930,2024-09-30,1,80000,68000.0
1075,437,20240930,2024-09-30,1,80000,68000.0
754,1663,20240930,2024-09-30,2,80000,40000.0
977,882,20240930,2024-09-30,4,80000,40000.0
1362,220,20240930,2024-09-30,2,80000,40000.0
1362,1925,20240930,2024-09-30,2,80000,40000.0
1219,1440,20240930,2024-09-30,1,80000,40000.0
919,232,20240930,2024-09-30,1,79700,67745.0
919,1026,20240930,2024-09-30,1,79700,67745.0
163,458,20240930,2024-09-30,1,79200,67320.0
305,1253,20240930,2024-09-30,1,79000,39500.0
1219,2239,20240930,2024-09-30,1,79000,39500.0
483,564,20240930,2024-09-30,1,79000,39500.0
393,1817,20240930,2024-09-30,1,79000,67150.0
1000,1157,20240930,2024-09-30,2,78100,39050.0
163,2249,20240930,2024-09-30,1,78100,66385.0
235,123,20240930,2024-09-30,1,78000,66300.0
68,118,20240930,2024-09-30,1,78000,66300.0
1163,747,20240930,2024-09-30,1,78000,66300.0
351,177,20240930,2024-09-30,1,78000,66300.0
919,1579,20240930,2024-09-30,1,77900,66215.0
97,1745,20240930,2024-09-30,3,77800,38900.0
795,1292,20240930,2024-09-30,1,77700,66045.0
163,2397,20240930,2024-09-30,1,77700,66045.0
784,978,20240930,2024-09-30,2,77700,66045.0
784,977,20240930,2024-09-30,1,77500,65875.0
180,1010,20240930,2024-09-30,1,77500,65875.0
784,1298,20240930,2024-09-30,1,77500,65875.0
1065,282,20240930,2024-09-30,3,77500,65875.0
784,1328,20240930,2024-09-30,1,77500,65875.0
784,1700,20240930,2024-09-30,1,77500,65875.0
784,1685,20240930,2024-09-30,1,77500,65875.0
784,823,20240930,2024-09-30,1,77500,65875.0
784,1398,20240930,2024-09-30,1,77500,65875.0
784,1680,20240930,2024-09-30,1,77500,65875.0
784,334,20240930,2024-09-30,1,77500,65875.0
408,1766,20240930,2024-09-30,1,77500,65875.0
305,2174,20240930,2024-09-30,1,77400,65790.0
97,1747,20240930,2024-09-30,4,77000,38500.0
1168,1279,20240930,2024-09-30,1,76800,38400.0
326,1445,20240930,2024-09-30,1,76700,38350.0
1362,794,20240930,2024-09-30,2,76700,38350.0
1123,1836,20240930,2024-09-30,1,76500,57375.0
305,2126,20240930,2024-09-30,1,76200,64770.0
682,491,20240930,2024-09-30,1,76000,64600.0
225,1310,20240930,2024-09-30,1,76000,38000.0
1324,1343,20240930,2024-09-30,1,75800,37900.0
1065,1165,20240930,2024-09-30,2,75500,64175.0
919,1949,20240930,2024-09-30,1,75300,64005.0
933,1673,20240930,2024-09-30,2,75000,43750.0
99,894,20240930,2024-09-30,1,75000,63750.0
272,1733,20240930,2024-09-30,1,75000,37500.0
200,1987,20240930,2024-09-30,1,75000,63750.0
462,916,20240930,2024-09-30,1,75000,37500.0
531,1023,20240930,2024-09-30,1,75000,37500.0
905,185,20240930,2024-09-30,1,75000,63750.0
374,809,20240930,2024-09-30,2,75000,37500.0
1163,299,20240930,2024-09-30,1,75000,63750.0
1163,889,20240930,2024-09-30,1,75000,63750.0
204,1687,20240930,2024-09-30,1,75000,37500.0
742,935,20240930,2024-09-30,1,75000,37500.0
272,300,20240930,2024-09-30,1,75000,37500.0
754,860,20240930,2024-09-30,1,75000,37500.0
905,2199,20240930,2024-09-30,1,75000,63750.0
540,2184,20240930,2024-09-30,1,75000,37500.0
180,1033,20240930,2024-09-30,1,75000,37500.0
148,245,20240930,2024-09-30,1,75000,37500.0
1163,1231,20240930,2024-09-30,1,75000,63750.0
1362,1360,20240930,2024-09-30,2,75000,37500.0
200,1471,20240930,2024-09-30,1,75000,63750.0
905,799,20240930,2024-09-30,1,75000,63750.0
905,1896,20240930,2024-09-30,1,75000,63750.0
1163,338,20240930,2024-09-30,1,75000,63750.0
1446,1413,20240930,2024-09-30,1,75000,37500.0
21,285,20240930,2024-09-30,1,75000,63750.0
350,767,20240930,2024-09-30,1,75000,37500.0
179,1033,20240930,2024-09-30,1,75000,37500.0
1219,270,20240930,2024-09-30,3,75000,37500.0
1219,2240,20240930,2024-09-30,1,75000,37500.0
197,2340,20240930,2024-09-30,1,75000,37500.0
742,826,20240930,2024-09-30,1,75000,37500.0
910,2235,20240930,2024-09-30,2,75000,37500.0
667,138,20240930,2024-09-30,1,75000,37500.0
937,901,20240930,2024-09-30,1,75000,37500.0
7,611,20240930,2024-09-30,1,75000,37500.0
1065,1072,20240930,2024-09-30,2,75000,63750.0
209,260,20240930,2024-09-30,1,75000,63750.0
1198,623,20240930,2024-09-30,1,75000,37500.0
905,356,20240930,2024-09-30,1,75000,63750.0
905,1530,20240930,2024-09-30,1,75000,63750.0
187,1467,20240930,2024-09-30,1,75000,56250.0
742,633,20240930,2024-09-30,1,75000,37500.0
919,222,20240930,2024-09-30,1,75000,63750.0
933,1733,20240930,2024-09-30,2,75000,53750.0
1130,2186,20240930,2024-09-30,1,75000,63750.0
905,628,20240930,2024-09-30,1,75000,63750.0
813,896,20240930,2024-09-30,1,75000,37500.0
399,1338,20240930,2024-09-30,1,75000,37500.0
437,221,20240930,2024-09-30,1,75000,63750.0
1295,950,20240930,2024-09-30,2,75000,37500.0
1348,1396,20240930,2024-09-30,2,75000,63750.0
1390,351,20240930,2024-09-30,1,75000,63750.0
1435,1385,20240930,2024-09-30,2,75000,37500.0
919,351,20240930,2024-09-30,1,75000,63750.0
1217,2105,20240930,2024-09-30,1,75000,56250.0
742,2245,20240930,2024-09-30,2,75000,37500.0
1435,1400,20240930,2024-09-30,3,75000,37500.0
905,1894,20240930,2024-09-30,1,75000,63750.0
1213,933,20240930,2024-09-30,1,75000,37500.0
200,2189,20240930,2024-09-30,1,75000,63750.0
235,79,20240930,2024-09-30,1,75000,63750.0
905,1159,20240930,2024-09-30,1,75000,63750.0
1303,861,20240930,2024-09-30,1,75000,63750.0
1459,2307,20240930,2024-09-30,1,75000,63750.0
919,1952,20240930,2024-09-30,1,75000,63750.0
1093,1372,20240930,2024-09-30,1,75000,63750.0
905,575,20240930,2024-09-30,1,75000,63750.0
1088,1004,20240930,2024-09-30,1,75000,37500.0
1163,53,20240930,2024-09-30,1,75000,63750.0
1211,292,20240930,2024-09-30,1,75000,63750.0
905,1854,20240930,2024-09-30,1,75000,63750.0
1274,1037,20240930,2024-09-30,1,75000,63750.0
163,1848,20240930,2024-09-30,1,75000,63750.0
905,416,20240930,2024-09-30,1,75000,63750.0
1466,227,20240930,2024-09-30,2,75000,37500.0
156,1653,20240930,2024-09-30,1,75000,37500.0
977,290,20240930,2024-09-30,1,75000,37500.0
1012,2235,20240930,2024-09-30,1,75000,37500.0
995,2095,20240930,2024-09-30,1,75000,63750.0
1435,321,20240930,2024-09-30,3,75000,37500.0
1133,857,20240930,2024-09-30,1,75000,37500.0
173,285,20240930,2024-09-30,1,75000,60000.0
1435,1987,20240930,2024-09-30,2,75000,37500.0
905,1429,20240930,2024-09-30,1,75000,63750.0
1385,532,20240930,2024-09-30,1,75000,37500.0
818,1446,20240930,2024-09-30,1,75000,37500.0
818,2173,20240930,2024-09-30,1,75000,37500.0
682,1719,20240930,2024-09-30,1,75000,63750.0
235,616,20240930,2024-09-30,1,75000,63750.0
1466,524,20240930,2024-09-30,1,75000,37500.0
905,2014,20240930,2024-09-30,1,75000,63750.0
905,105,20240930,2024-09-30,1,75000,63750.0
97,1787,20240930,2024-09-30,3,75000,37500.0
235,291,20240930,2024-09-30,1,75000,63750.0
334,2253,20240930,2024-09-30,1,75000,37500.0
1065,1552,20240930,2024-09-30,2,75000,63750.0
235,189,20240930,2024-09-30,1,75000,63750.0
1065,322,20240930,2024-09-30,2,75000,63750.0
905,1062,20240930,2024-09-30,1,75000,63750.0
1362,93,20240930,2024-09-30,2,75000,37500.0
1245,2319,20240930,2024-09-30,1,75000,37500.0
1153,1675,20240930,2024-09-30,1,75000,37500.0
919,1854,20240930,2024-09-30,2,75000,63750.0
905,1027,20240930,2024-09-30,1,75000,63750.0
756,2008,20240930,2024-09-30,1,75000,63750.0
163,1235,20240930,2024-09-30,1,74900,63665.0
423,1634,20240930,2024-09-30,1,74700,63495.0
157,904,20240930,2024-09-30,1,74500,37250.0
148,1814,20240930,2024-09-30,1,74400,37200.0
67,1700,20240930,2024-09-30,1,74400,63240.0
306,224,20240930,2024-09-30,1,74200,63070.0
933,1721,20240930,2024-09-30,2,74000,50500.0
1362,1663,20240930,2024-09-30,4,74000,37000.0
305,1888,20240930,2024-09-30,1,74000,62900.0
881,857,20240930,2024-09-30,1,74000,37000.0
1295,657,20240930,2024-09-30,3,73600,38950.0
1362,2251,20240930,2024-09-30,1,73500,36750.0
1065,572,20240930,2024-09-30,2,73500,62475.0
919,235,20240930,2024-09-30,2,73400,62390.0
882,1713,20240930,2024-09-30,1,73000,62050.0
225,1315,20240930,2024-09-30,2,73000,36500.0
1362,298,20240930,2024-09-30,2,73000,36500.0
945,1098,20240930,2024-09-30,1,73000,62050.0
589,1473,20240930,2024-09-30,7,72800,36400.0
919,332,20240930,2024-09-30,1,72600,61710.0
398,186,20240930,2024-09-30,1,72500,61625.0
866,521,20240930,2024-09-30,1,72400,61540.0
784,1928,20240930,2024-09-30,1,72300,61455.0
919,1925,20240930,2024-09-30,2,72200,61370.0
729,659,20240930,2024-09-30,1,72000,61200.0
1260,1521,20240930,2024-09-30,2,72000,36000.0
682,2125,20240930,2024-09-30,1,72000,61200.0
163,126,20240930,2024-09-30,1,72000,61200.0
402,252,20240930,2024-09-30,1,72000,61200.0
976,974,20240930,2024-09-30,1,72000,61200.0
1368,1435,20240930,2024-09-30,2,72000,36000.0
906,247,20240930,2024-09-30,1,72000,61200.0
163,1644,20240930,2024-09-30,1,71900,61115.0
682,832,20240930,2024-09-30,1,71900,61115.0
43,1948,20240930,2024-09-30,1,71100,60435.0
1124,2329,20240930,2024-09-30,1,71000,35500.0
1107,1714,20240930,2024-09-30,1,71000,35500.0
305,17,20240930,2024-09-30,1,71000,60350.0
919,1811,20240930,2024-09-30,1,71000,60350.0
1431,859,20240930,2024-09-30,1,71000,35500.0
1065,624,20240930,2024-09-30,2,71000,60350.0
1065,1932,20240930,2024-09-30,1,71000,60350.0
1254,1115,20240930,2024-09-30,1,70900,60265.0
355,1581,20240930,2024-09-30,1,70800,35400.0
163,1903,20240930,2024-09-30,1,70700,60095.0
919,171,20240930,2024-09-30,2,70400,59840.0
775,811,20240930,2024-09-30,1,70200,59670.0
754,1574,20240930,2024-09-30,2,70200,35100.0
900,860,20240930,2024-09-30,2,70000,54250.0
977,623,20240930,2024-09-30,2,70000,35000.0
1167,1090,20240930,2024-09-30,1,70000,35000.0
462,300,20240930,2024-09-30,1,70000,35000.0
1295,1014,20240930,2024-09-30,1,70000,35000.0
1368,1664,20240930,2024-09-30,2,70000,35000.0
97,1788,20240930,2024-09-30,2,70000,35000.0
754,1489,20240930,2024-09-30,1,70000,35000.0
742,1470,20240930,2024-09-30,1,70000,35000.0
1435,1641,20240930,2024-09-30,4,70000,35000.0
121,1439,20240930,2024-09-30,1,70000,35000.0
977,635,20240930,2024-09-30,1,70000,35000.0
382,2125,20240930,2024-09-30,2,70000,35000.0
613,1970,20240930,2024-09-30,1,70000,59500.0
742,1888,20240930,2024-09-30,1,70000,35000.0
795,1219,20240930,2024-09-30,1,70000,59500.0
977,1284,20240930,2024-09-30,2,70000,35000.0
1362,1655,20240930,2024-09-30,2,70000,35000.0
1362,181,20240930,2024-09-30,3,70000,35000.0
209,1703,20240930,2024-09-30,1,70000,59500.0
977,1572,20240930,2024-09-30,2,70000,35000.0
116,2131,20240930,2024-09-30,1,70000,35000.0
977,879,20240930,2024-09-30,2,70000,35000.0
1362,1535,20240930,2024-09-30,1,70000,35000.0
163,773,20240930,2024-09-30,1,70000,59500.0
742,1360,20240930,2024-09-30,1,70000,35000.0
305,702,20240930,2024-09-30,1,70000,59500.0
123,2276,20240930,2024-09-30,1,70000,35000.0
1362,996,20240930,2024-09-30,2,70000,35000.0
163,436,20240930,2024-09-30,1,70000,59500.0
742,599,20240930,2024-09-30,1,70000,35000.0
1362,493,20240930,2024-09-30,2,70000,35000.0
792,2058,20240930,2024-09-30,1,70000,59500.0
977,1536,20240930,2024-09-30,2,70000,35000.0
1362,1499,20240930,2024-09-30,2,70000,35000.0
305,1464,20240930,2024-09-30,1,70000,59500.0
977,545,20240930,2024-09-30,2,70000,35000.0
919,583,20240930,2024-09-30,1,70000,59500.0
121,2001,20240930,2024-09-30,1,70000,35000.0
163,1879,20240930,2024-09-30,1,70000,59500.0
1466,515,20240930,2024-09-30,1,70000,35000.0
163,650,20240930,2024-09-30,1,69400,58990.0
919,2111,20240930,2024-09-30,1,69400,58990.0
919,2099,20240930,2024-09-30,1,69100,58735.0
395,927,20240930,2024-09-30,1,68900,34450.0
919,179,20240930,2024-09-30,1,68700,58395.0
163,2155,20240930,2024-09-30,1,68700,58395.0
462,925,20240930,2024-09-30,2,68500,34250.0
919,1422,20240930,2024-09-30,2,68200,57970.0
919,556,20240930,2024-09-30,1,68200,57970.0
978,1732,20240930,2024-09-30,2,68000,57800.0
1368,2271,20240930,2024-09-30,2,68000,34000.0
584,298,20240930,2024-09-30,1,68000,34000.0
235,167,20240930,2024-09-30,1,68000,57800.0
1107,853,20240930,2024-09-30,2,68000,34000.0
528,1412,20240930,2024-09-30,1,67900,33950.0
613,1975,20240930,2024-09-30,1,67500,57375.0
109,1236,20240930,2024-09-30,1,67500,33750.0
226,2097,20240930,2024-09-30,1,67500,57375.0
39,761,20240930,2024-09-30,1,67500,57375.0
775,855,20240930,2024-09-30,1,67500,57375.0
60,679,20240930,2024-09-30,1,67500,50625.0
784,1152,20240930,2024-09-30,1,67200,57120.0
784,140,20240930,2024-09-30,1,67200,57120.0
1433,699,20240930,2024-09-30,1,67100,33550.0
1065,826,20240930,2024-09-30,2,67000,56950.0
163,105,20240930,2024-09-30,1,67000,56950.0
1362,1884,20240930,2024-09-30,2,67000,33500.0
242,2123,20240930,2024-09-30,1,66900,56865.0
1405,1572,20240930,2024-09-30,1,66800,56780.0
995,2019,20240930,2024-09-30,1,66800,56780.0
645,1604,20240930,2024-09-30,1,66400,49800.0
784,211,20240930,2024-09-30,1,66200,56270.0
1362,1209,20240930,2024-09-30,2,66000,33000.0
1181,1111,20240930,2024-09-30,1,66000,33000.0
1065,1397,20240930,2024-09-30,2,66000,56100.0
163,797,20240930,2024-09-30,1,66000,56100.0
163,2215,20240930,2024-09-30,1,66000,56100.0
1147,1439,20240930,2024-09-30,1,66000,56100.0
919,491,20240930,2024-09-30,1,65800,55930.0
163,2262,20240930,2024-09-30,1,65700,55845.0
369,1156,20240930,2024-09-30,1,65500,32750.0
310,1089,20240930,2024-09-30,1,65300,32650.0
742,2008,20240930,2024-09-30,2,65000,32500.0
39,1910,20240930,2024-09-30,1,65000,55250.0
1435,870,20240930,2024-09-30,4,65000,32500.0
905,118,20240930,2024-09-30,1,65000,55250.0
919,87,20240930,2024-09-30,1,65000,55250.0
977,1679,20240930,2024-09-30,2,65000,32500.0
209,1458,20240930,2024-09-30,1,65000,55250.0
488,1323,20240930,2024-09-30,1,65000,55250.0
1195,1708,20240930,2024-09-30,1,65000,32500.0
1065,1301,20240930,2024-09-30,2,65000,55250.0
792,2035,20240930,2024-09-30,1,65000,55250.0
977,1390,20240930,2024-09-30,3,65000,32500.0
919,1678,20240930,2024-09-30,1,65000,55250.0
1435,2291,20240930,2024-09-30,3,65000,32500.0
638,905,20240930,2024-09-30,2,65000,32500.0
315,854,20240930,2024-09-30,1,65000,55250.0
872,579,20240930,2024-09-30,1,65000,55250.0
818,251,20240930,2024-09-30,1,65000,32500.0
586,1773,20240930,2024-09-30,1,65000,32500.0
720,1051,20240930,2024-09-30,1,65000,55250.0
1065,2121,20240930,2024-09-30,2,65000,55250.0
398,211,20240930,2024-09-30,1,65000,55250.0
1065,832,20240930,2024-09-30,2,65000,55250.0
932,440,20240930,2024-09-30,1,65000,55250.0
1016,1041,20240930,2024-09-30,1,65000,32500.0
235,35,20240930,2024-09-30,1,65000,55250.0
1435,476,20240930,2024-09-30,2,65000,32500.0
1435,1390,20240930,2024-09-30,4,65000,32500.0
297,1300,20240930,2024-09-30,1,65000,32500.0
1163,400,20240930,2024-09-30,1,65000,55250.0
1435,1676,20240930,2024-09-30,4,64900,32450.0
235,2010,20240930,2024-09-30,1,64000,54400.0
605,998,20240930,2024-09-30,1,64000,54400.0
268,1968,20240930,2024-09-30,1,63800,54230.0
1362,480,20240930,2024-09-30,2,63600,31800.0
1148,2258,20240930,2024-09-30,1,63300,53805.0
652,1513,20240930,2024-09-30,1,63000,53550.0
742,2005,20240930,2024-09-30,1,63000,31500.0
905,1304,20240930,2024-09-30,1,63000,53550.0
82,2002,20240930,2024-09-30,1,63000,53550.0
551,1418,20240930,2024-09-30,1,63000,31500.0
120,682,20240930,2024-09-30,1,63000,31500.0
286,981,20240930,2024-09-30,1,63000,53550.0
1065,2210,20240930,2024-09-30,2,63000,53550.0
1362,133,20240930,2024-09-30,2,62900,31450.0
919,1417,20240930,2024-09-30,2,62800,53380.0
919,1284,20240930,2024-09-30,2,62600,53210.0
919,1483,20240930,2024-09-30,1,62500,53125.0
1406,166,20240930,2024-09-30,1,62000,52700.0
784,358,20240930,2024-09-30,1,62000,52700.0
784,235,20240930,2024-09-30,1,62000,52700.0
74,1601,20240930,2024-09-30,1,62000,31000.0
1065,55,20240930,2024-09-30,2,62000,52700.0
784,589,20240930,2024-09-30,1,62000,52700.0
784,1479,20240930,2024-09-30,1,62000,52700.0
314,1939,20240930,2024-09-30,1,61800,30900.0
149,36,20240930,2024-09-30,1,61700,52445.0
317,487,20240930,2024-09-30,1,61500,30750.0
1133,1375,20240930,2024-09-30,3,61200,30600.0
97,1807,20240930,2024-09-30,2,61200,30600.0
1362,2184,20240930,2024-09-30,1,61100,30550.0
1362,1670,20240930,2024-09-30,4,61100,30550.0
261,164,20240930,2024-09-30,1,61000,30500.0
1362,1044,20240930,2024-09-30,3,61000,30500.0
717,529,20240930,2024-09-30,1,60600,51510.0
818,2354,20240930,2024-09-30,2,60500,30250.0
310,686,20240930,2024-09-30,2,60000,30000.0
1295,944,20240930,2024-09-30,1,60000,51000.0
1362,1213,20240930,2024-09-30,1,60000,30000.0
1044,1504,20240930,2024-09-30,1,60000,30000.0
1163,2184,20240930,2024-09-30,1,60000,51000.0
1435,1264,20240930,2024-09-30,3,60000,30000.0
1368,178,20240930,2024-09-30,2,60000,30000.0
1449,859,20240930,2024-09-30,1,60000,51000.0
1219,900,20240930,2024-09-30,1,60000,30000.0
200,302,20240930,2024-09-30,1,60000,51000.0
120,710,20240930,2024-09-30,1,60000,30000.0
1362,2286,20240930,2024-09-30,2,60000,30000.0
754,1492,20240930,2024-09-30,2,60000,30000.0
261,593,20240930,2024-09-30,1,60000,30000.0
1362,1642,20240930,2024-09-30,2,60000,30000.0
1295,1007,20240930,2024-09-30,1,60000,30000.0
818,1456,20240930,2024-09-30,2,60000,47500.0
410,2326,20240930,2024-09-30,1,60000,30000.0
156,496,20240930,2024-09-30,2,60000,30000.0
235,811,20240930,2024-09-30,1,60000,51000.0
1319,857,20240930,2024-09-30,1,60000,30000.0
1362,1900,20240930,2024-09-30,2,60000,30000.0
742,2089,20240930,2024-09-30,1,60000,30000.0
462,761,20240930,2024-09-30,1,60000,30000.0
1107,1676,20240930,2024-09-30,1,60000,30000.0
1219,1841,20240930,2024-09-30,2,60000,30000.0
209,640,20240930,2024-09-30,1,60000,51000.0
1121,1008,20240930,2024-09-30,1,60000,30000.0
1219,1235,20240930,2024-09-30,1,60000,30000.0
1466,504,20240930,2024-09-30,1,60000,30000.0
905,478,20240930,2024-09-30,1,60000,51000.0
163,708,20240930,2024-09-30,1,60000,51000.0
1435,1051,20240930,2024-09-30,4,60000,30000.0
235,1371,20240930,2024-09-30,1,60000,51000.0
1089,1584,20240930,2024-09-30,1,60000,51000.0
163,1562,20240930,2024-09-30,1,60000,51000.0
742,320,20240930,2024-09-30,1,60000,30000.0
905,2259,20240930,2024-09-30,1,60000,45000.0
977,761,20240930,2024-09-30,3,60000,30000.0
1362,1924,20240930,2024-09-30,2,60000,30000.0
977,309,20240930,2024-09-30,3,60000,30000.0
200,167,20240930,2024-09-30,1,60000,51000.0
200,877,20240930,2024-09-30,1,60000,51000.0
977,160,20240930,2024-09-30,3,60000,30000.0
1065,2319,20240930,2024-09-30,2,60000,51000.0
1435,169,20240930,2024-09-30,2,60000,30000.0
1435,2221,20240930,2024-09-30,2,60000,30000.0
742,1521,20240930,2024-09-30,1,60000,30000.0
163,1217,20240930,2024-09-30,1,60000,51000.0
735,2312,20240930,2024-09-30,1,60000,51000.0
333,2327,20240930,2024-09-30,1,60000,30000.0
1362,171,20240930,2024-09-30,2,60000,30000.0
1163,389,20240930,2024-09-30,1,60000,51000.0
1362,1460,20240930,2024-09-30,2,60000,30000.0
742,811,20240930,2024-09-30,1,60000,30000.0
39,732,20240930,2024-09-30,1,60000,51000.0
525,555,20240930,2024-09-30,1,60000,30000.0
235,1685,20240930,2024-09-30,1,60000,51000.0
1362,528,20240930,2024-09-30,3,60000,30000.0
209,1672,20240930,2024-09-30,1,60000,51000.0
905,1913,20240930,2024-09-30,1,60000,51000.0
235,1987,20240930,2024-09-30,1,60000,51000.0
966,1807,20240930,2024-09-30,2,60000,30000.0
1364,1619,20240930,2024-09-30,1,60000,30000.0
871,125,20240930,2024-09-30,1,60000,51000.0
1295,951,20240930,2024-09-30,3,60000,40250.0
905,389,20240930,2024-09-30,1,60000,51000.0
905,2173,20240930,2024-09-30,1,60000,51000.0
162,1813,20240930,2024-09-30,1,60000,30000.0
754,1465,20240930,2024-09-30,2,60000,30000.0
932,449,20240930,2024-09-30,1,60000,30000.0
185,2023,20240930,2024-09-30,1,60000,51000.0
462,545,20240930,2024-09-30,1,60000,30000.0
310,570,20240930,2024-09-30,2,59500,40075.0
1466,2113,20240930,2024-09-30,1,59400,50490.0
1065,1708,20240930,2024-09-30,2,59000,50150.0
163,1519,20240930,2024-09-30,1,59000,50150.0
163,1561,20240930,2024-09-30,1,59000,50150.0
179,1053,20240930,2024-09-30,1,58500,49725.0
494,2379,20240930,2024-09-30,1,58500,29250.0
408,1746,20240930,2024-09-30,1,58500,49725.0
235,208,20240930,2024-09-30,1,58000,49300.0
188,1334,20240930,2024-09-30,1,58000,29000.0
1472,394,20240930,2024-09-30,1,58000,49300.0
742,1548,20240930,2024-09-30,1,58000,29000.0
1295,1043,20240930,2024-09-30,2,58000,29000.0
317,464,20240930,2024-09-30,1,57700,28850.0
1101,22,20240930,2024-09-30,1,57400,48790.0
682,1573,20240930,2024-09-30,1,57000,48450.0
1362,1104,20240930,2024-09-30,2,57000,28500.0
163,542,20240930,2024-09-30,1,57000,48450.0
792,351,20240930,2024-09-30,1,57000,48450.0
1344,761,20240930,2024-09-30,1,57000,48450.0
784,1489,20240930,2024-09-30,1,56900,48365.0
1362,465,20240930,2024-09-30,2,56600,28300.0
523,1660,20240930,2024-09-30,2,56600,44610.0
1181,1119,20240930,2024-09-30,1,56500,28250.0
1368,155,20240930,2024-09-30,2,56500,28250.0
1166,1160,20240930,2024-09-30,1,56100,47685.0
305,1259,20240930,2024-09-30,1,56100,47685.0
754,2104,20240930,2024-09-30,3,55900,27950.0
1000,1156,20240930,2024-09-30,1,55700,47345.0
310,1080,20240930,2024-09-30,2,55300,38255.0
866,1659,20240930,2024-09-30,1,55300,47005.0
1254,1065,20240930,2024-09-30,1,55300,47005.0
235,1004,20240930,2024-09-30,1,55000,46750.0
1435,1155,20240930,2024-09-30,3,55000,27500.0
1435,1202,20240930,2024-09-30,4,55000,27500.0
97,1744,20240930,2024-09-30,3,55000,27500.0
644,687,20240930,2024-09-30,1,55000,27500.0
1292,1518,20240930,2024-09-30,1,55000,46750.0
1435,1410,20240930,2024-09-30,3,55000,27500.0
1368,185,20240930,2024-09-30,2,55000,27500.0
438,724,20240930,2024-09-30,1,55000,27500.0
818,864,20240930,2024-09-30,2,55000,27500.0
1353,477,20240930,2024-09-30,2,55000,41500.0
1362,1325,20240930,2024-09-30,2,55000,27500.0
1435,1387,20240930,2024-09-30,3,55000,27500.0
1435,2218,20240930,2024-09-30,2,55000,27500.0
1163,1825,20240930,2024-09-30,1,55000,46750.0
322,18,20240930,2024-09-30,1,55000,46750.0
1098,159,20240930,2024-09-30,1,55000,46750.0
1435,262,20240930,2024-09-30,4,55000,27500.0
235,1248,20240930,2024-09-30,1,55000,46750.0
1271,1295,20240930,2024-09-30,1,55000,46750.0
1362,478,20240930,2024-09-30,2,55000,27500.0
1435,1837,20240930,2024-09-30,2,55000,27500.0
163,1964,20240930,2024-09-30,1,54800,46580.0
1358,1158,20240930,2024-09-30,1,54800,46580.0
1353,466,20240930,2024-09-30,1,54700,46495.0
21,1523,20240930,2024-09-30,1,54500,46325.0
818,1476,20240930,2024-09-30,2,54300,27150.0
305,2142,20240930,2024-09-30,1,54300,46155.0
1362,1126,20240930,2024-09-30,3,54000,27000.0
1131,1869,20240930,2024-09-30,1,54000,45900.0
534,477,20240930,2024-09-30,1,54000,45900.0
419,1731,20240930,2024-09-30,1,54000,45900.0
831,1026,20240930,2024-09-30,1,54000,45900.0
531,1001,20240930,2024-09-30,1,54000,45900.0
168,1374,20240930,2024-09-30,1,53500,26750.0
145,70,20240930,2024-09-30,2,53300,36555.0
1362,799,20240930,2024-09-30,2,53200,26600.0
631,810,20240930,2024-09-30,1,52900,44965.0
145,1164,20240930,2024-09-30,1,52700,44795.0
145,823,20240930,2024-09-30,1,52700,44795.0
1189,2118,20240930,2024-09-30,2,52600,26300.0
398,225,20240930,2024-09-30,1,52500,44625.0
464,927,20240930,2024-09-30,1,52300,44455.0
921,1039,20240930,2024-09-30,1,52200,26100.0
1362,1959,20240930,2024-09-30,1,52000,26000.0
163,1403,20240930,2024-09-30,1,52000,44200.0
163,765,20240930,2024-09-30,1,52000,44200.0
204,1573,20240930,2024-09-30,1,52000,26000.0
1362,198,20240930,2024-09-30,1,51900,25950.0
163,2338,20240930,2024-09-30,1,51800,44030.0
784,2048,20240930,2024-09-30,1,51700,43945.0
784,114,20240930,2024-09-30,1,51700,43945.0
784,411,20240930,2024-09-30,1,51700,43945.0
784,1395,20240930,2024-09-30,1,51700,43945.0
784,997,20240930,2024-09-30,1,51700,43945.0
784,697,20240930,2024-09-30,1,51700,43945.0
784,1435,20240930,2024-09-30,1,51700,43945.0
784,1004,20240930,2024-09-30,1,51700,43945.0
784,942,20240930,2024-09-30,1,51700,43945.0
1198,1511,20240930,2024-09-30,1,51500,25750.0
1195,1033,20240930,2024-09-30,1,51500,43775.0
831,2335,20240930,2024-09-30,1,51400,43690.0
833,898,20240930,2024-09-30,1,51200,43520.0
235,1549,20240930,2024-09-30,1,51000,43350.0
235,977,20240930,2024-09-30,1,51000,43350.0
403,166,20240930,2024-09-30,1,51000,43350.0
166,1060,20240930,2024-09-30,1,51000,43350.0
235,857,20240930,2024-09-30,1,51000,43350.0
163,2057,20240930,2024-09-30,1,51000,43350.0
235,1298,20240930,2024-09-30,1,51000,43350.0
1362,701,20240930,2024-09-30,1,51000,25500.0
235,747,20240930,2024-09-30,1,51000,43350.0
784,348,20240930,2024-09-30,1,50700,43095.0
917,1555,20240930,2024-09-30,1,50500,37875.0
1362,595,20240930,2024-09-30,2,50500,25250.0
235,997,20240930,2024-09-30,1,50100,42585.0
919,492,20240930,2024-09-30,1,50000,42500.0
1065,837,20240930,2024-09-30,1,50000,42500.0
1065,1869,20240930,2024-09-30,1,50000,42500.0
1368,496,20240930,2024-09-30,1,50000,25000.0
596,24,20240930,2024-09-30,1,50000,42500.0
905,38,20240930,2024-09-30,1,50000,25000.0
919,197,20240930,2024-09-30,1,50000,42500.0
919,1582,20240930,2024-09-30,1,50000,42500.0
1065,269,20240930,2024-09-30,1,50000,42500.0
1065,1316,20240930,2024-09-30,1,50000,42500.0
123,515,20240930,2024-09-30,1,50000,25000.0
552,91,20240930,2024-09-30,1,50000,42500.0
836,1374,20240930,2024-09-30,1,50000,25000.0
1362,1901,20240930,2024-09-30,1,50000,25000.0
905,237,20240930,2024-09-30,1,50000,25000.0
919,654,20240930,2024-09-30,1,50000,42500.0
1065,1454,20240930,2024-09-30,1,50000,42500.0
1065,1821,20240930,2024-09-30,1,50000,42500.0
1065,1959,20240930,2024-09-30,1,50000,42500.0
873,514,20240930,2024-09-30,1,50000,25000.0
919,2342,20240930,2024-09-30,1,50000,42500.0
1065,1730,20240930,2024-09-30,1,50000,42500.0
1065,2285,20240930,2024-09-30,1,50000,42500.0
484,1310,20240930,2024-09-30,1,50000,42500.0
905,1842,20240930,2024-09-30,1,50000,25000.0
919,115,20240930,2024-09-30,1,50000,42500.0
977,308,20240930,2024-09-30,1,50000,25000.0
1368,165,20240930,2024-09-30,1,50000,25000.0
109,212,20240930,2024-09-30,1,50000,25000.0
846,1725,20240930,2024-09-30,1,50000,25000.0
919,1504,20240930,2024-09-30,1,50000,42500.0
977,956,20240930,2024-09-30,1,50000,25000.0
775,237,20240930,2024-09-30,1,50000,42500.0
1065,1867,20240930,2024-09-30,1,50000,42500.0
1065,2351,20240930,2024-09-30,1,50000,42500.0
380,1685,20240930,2024-09-30,1,50000,25000.0
524,597,20240930,2024-09-30,1,50000,25000.0
919,423,20240930,2024-09-30,1,50000,42500.0
1065,1260,20240930,2024-09-30,1,50000,42500.0
804,981,20240930,2024-09-30,1,50000,25000.0
919,1252,20240930,2024-09-30,1,50000,42500.0
1065,1197,20240930,2024-09-30,1,50000,42500.0
919,974,20240930,2024-09-30,1,50000,42500.0
272,1380,20240930,2024-09-30,1,50000,25000.0
919,267,20240930,2024-09-30,1,50000,42500.0
919,936,20240930,2024-09-30,1,50000,42500.0
977,2002,20240930,2024-09-30,1,50000,25000.0
1435,1952,20240930,2024-09-30,2,50000,25000.0
488,269,20240930,2024-09-30,1,50000,42500.0
742,974,20240930,2024-09-30,1,50000,25000.0
919,2352,20240930,2024-09-30,1,50000,42500.0
977,926,20240930,2024-09-30,1,50000,25000.0
742,1310,20240930,2024-09-30,1,50000,25000.0
1065,425,20240930,2024-09-30,1,50000,42500.0
1295,933,20240930,2024-09-30,1,50000,42500.0
919,1522,20240930,2024-09-30,1,50000,42500.0
681,1066,20240930,2024-09-30,1,50000,25000.0
754,1640,20240930,2024-09-30,1,50000,25000.0
919,897,20240930,2024-09-30,1,50000,42500.0
919,27,20240930,2024-09-30,1,50000,42500.0
1061,2208,20240930,2024-09-30,1,50000,25000.0
1065,639,20240930,2024-09-30,1,50000,42500.0
1065,2295,20240930,2024-09-30,1,50000,42500.0
74,82,20240930,2024-09-30,1,50000,25000.0
818,1459,20240930,2024-09-30,1,50000,42500.0
1000,2075,20240930,2024-09-30,1,50000,25000.0
1362,2255,20240930,2024-09-30,1,50000,25000.0
1065,1494,20240930,2024-09-30,1,50000,42500.0
1362,1510,20240930,2024-09-30,1,50000,25000.0
317,458,20240930,2024-09-30,1,50000,25000.0
484,1004,20240930,2024-09-30,1,50000,42500.0
1065,2020,20240930,2024-09-30,1,50000,42500.0
1079,1472,20240930,2024-09-30,1,50000,25000.0
905,420,20240930,2024-09-30,1,50000,25000.0
919,1214,20240930,2024-09-30,1,50000,42500.0
919,2174,20240930,2024-09-30,1,50000,42500.0
1065,20,20240930,2024-09-30,1,50000,42500.0
1163,773,20240930,2024-09-30,1,50000,42500.0
1368,508,20240930,2024-09-30,1,50000,25000.0
510,1292,20240930,2024-09-30,1,50000,42500.0
905,141,20240930,2024-09-30,1,50000,25000.0
919,318,20240930,2024-09-30,1,50000,42500.0
919,368,20240930,2024-09-30,1,50000,42500.0
919,2303,20240930,2024-09-30,1,50000,42500.0
1065,516,20240930,2024-09-30,1,50000,42500.0
1065,1562,20240930,2024-09-30,1,50000,42500.0
163,1581,20240930,2024-09-30,1,50000,42500.0
919,2294,20240930,2024-09-30,1,50000,37500.0
919,325,20240930,2024-09-30,1,50000,42500.0
919,350,20240930,2024-09-30,1,50000,42500.0
1065,777,20240930,2024-09-30,1,50000,42500.0
1362,466,20240930,2024-09-30,1,50000,25000.0
919,132,20240930,2024-09-30,1,50000,42500.0
1065,1027,20240930,2024-09-30,1,50000,42500.0
1246,1071,20240930,2024-09-30,1,50000,25000.0
1387,982,20240930,2024-09-30,1,50000,25000.0
1435,1847,20240930,2024-09-30,3,50000,25000.0
592,122,20240930,2024-09-30,1,50000,25000.0
919,482,20240930,2024-09-30,1,50000,42500.0
919,1246,20240930,2024-09-30,1,50000,42500.0
919,2202,20240930,2024-09-30,1,50000,42500.0
1222,1516,20240930,2024-09-30,1,50000,25000.0
552,1529,20240930,2024-09-30,1,50000,42500.0
919,147,20240930,2024-09-30,1,50000,42500.0
919,250,20240930,2024-09-30,1,50000,42500.0
977,1952,20240930,2024-09-30,1,50000,25000.0
1065,1020,20240930,2024-09-30,1,50000,42500.0
524,608,20240930,2024-09-30,1,50000,25000.0
524,663,20240930,2024-09-30,1,50000,25000.0
1052,1181,20240930,2024-09-30,1,50000,42500.0
1065,150,20240930,2024-09-30,1,50000,37500.0
1065,1348,20240930,2024-09-30,1,50000,42500.0
1195,1529,20240930,2024-09-30,1,50000,42500.0
484,1051,20240930,2024-09-30,1,50000,42500.0
1368,179,20240930,2024-09-30,1,50000,25000.0
524,1545,20240930,2024-09-30,1,50000,25000.0
742,2100,20240930,2024-09-30,1,50000,25000.0
905,1081,20240930,2024-09-30,1,50000,25000.0
919,56,20240930,2024-09-30,1,50000,42500.0
1065,1650,20240930,2024-09-30,1,50000,42500.0
1195,199,20240930,2024-09-30,1,50000,42500.0
1368,139,20240930,2024-09-30,2,50000,25000.0
107,855,20240930,2024-09-30,1,50000,25000.0
1065,1003,20240930,2024-09-30,1,50000,42500.0
1065,1534,20240930,2024-09-30,1,50000,42500.0
1065,736,20240930,2024-09-30,1,50000,42500.0
1065,1185,20240930,2024-09-30,1,50000,42500.0
1065,162,20240930,2024-09-30,1,50000,42500.0
310,584,20240930,2024-09-30,1,50000,25000.0
383,494,20240930,2024-09-30,1,50000,25000.0
462,741,20240930,2024-09-30,1,50000,25000.0
1065,840,20240930,2024-09-30,1,50000,42500.0
1065,242,20240930,2024-09-30,1,50000,42500.0
1065,2004,20240930,2024-09-30,1,50000,42500.0
1206,2330,20240930,2024-09-30,1,50000,25000.0
754,1720,20240930,2024-09-30,1,50000,25000.0
951,639,20240930,2024-09-30,1,50000,25000.0
977,657,20240930,2024-09-30,1,50000,25000.0
1065,903,20240930,2024-09-30,1,50000,42500.0
1065,1513,20240930,2024-09-30,1,50000,42500.0
919,1172,20240930,2024-09-30,1,50000,42500.0
1065,1184,20240930,2024-09-30,1,50000,42500.0
156,2267,20240930,2024-09-30,1,50000,25000.0
329,1545,20240930,2024-09-30,1,50000,42500.0
905,2262,20240930,2024-09-30,1,50000,25000.0
919,1164,20240930,2024-09-30,1,50000,42500.0
966,1742,20240930,2024-09-30,1,50000,25000.0
966,1754,20240930,2024-09-30,1,50000,25000.0
1065,1217,20240930,2024-09-30,1,50000,42500.0
1368,132,20240930,2024-09-30,1,50000,25000.0
1368,2247,20240930,2024-09-30,1,50000,25000.0
408,1780,20240930,2024-09-30,1,50000,42500.0
1435,334,20240930,2024-09-30,3,50000,25000.0
174,1864,20240930,2024-09-30,1,50000,25000.0
305,1273,20240930,2024-09-30,1,50000,42500.0
380,1381,20240930,2024-09-30,1,50000,42500.0
754,2251,20240930,2024-09-30,1,50000,25000.0
1431,1720,20240930,2024-09-30,1,50000,25000.0
357,1006,20240930,2024-09-30,1,50000,25000.0
754,1708,20240930,2024-09-30,1,50000,25000.0
1065,584,20240930,2024-09-30,1,50000,42500.0
1065,1327,20240930,2024-09-30,1,50000,42500.0
1065,1548,20240930,2024-09-30,1,50000,42500.0
1219,244,20240930,2024-09-30,1,50000,25000.0
853,1086,20240930,2024-09-30,1,50000,25000.0
919,448,20240930,2024-09-30,1,50000,42500.0
919,1270,20240930,2024-09-30,1,50000,42500.0
919,1440,20240930,2024-09-30,1,50000,42500.0
1065,215,20240930,2024-09-30,1,50000,42500.0
1427,2259,20240930,2024-09-30,1,50000,42500.0
1435,1254,20240930,2024-09-30,1,50000,25000.0
449,997,20240930,2024-09-30,1,50000,25000.0
919,1722,20240930,2024-09-30,1,50000,42500.0
1065,408,20240930,2024-09-30,1,50000,42500.0
1368,2266,20240930,2024-09-30,1,50000,25000.0
1435,2066,20240930,2024-09-30,3,50000,25000.0
919,1329,20240930,2024-09-30,1,50000,42500.0
1362,1107,20240930,2024-09-30,1,50000,25000.0
742,2208,20240930,2024-09-30,1,50000,25000.0
919,874,20240930,2024-09-30,1,50000,42500.0
977,339,20240930,2024-09-30,1,50000,25000.0
1065,1847,20240930,2024-09-30,1,50000,42500.0
919,687,20240930,2024-09-30,1,50000,42500.0
1065,1294,20240930,2024-09-30,1,50000,42500.0
1195,1026,20240930,2024-09-30,1,50000,42500.0
1362,1880,20240930,2024-09-30,1,50000,25000.0
1368,502,20240930,2024-09-30,1,50000,25000.0
1400,2104,20240930,2024-09-30,1,50000,25000.0
1466,1432,20240930,2024-09-30,1,50000,25000.0
919,1896,20240930,2024-09-30,1,50000,42500.0
1065,945,20240930,2024-09-30,1,50000,42500.0
200,268,20240930,2024-09-30,1,50000,42500.0
919,2173,20240930,2024-09-30,1,50000,42500.0
1030,146,20240930,2024-09-30,1,50000,25000.0
1364,705,20240930,2024-09-30,1,50000,25000.0
47,572,20240930,2024-09-30,1,50000,25000.0
919,1043,20240930,2024-09-30,1,50000,42500.0
919,2234,20240930,2024-09-30,1,50000,42500.0
1065,356,20240930,2024-09-30,1,50000,42500.0
594,858,20240930,2024-09-30,1,50000,25000.0
702,2174,20240930,2024-09-30,1,50000,25000.0
754,2122,20240930,2024-09-30,1,50000,25000.0
919,2319,20240930,2024-09-30,1,50000,42500.0
977,1382,20240930,2024-09-30,1,50000,25000.0
1065,329,20240930,2024-09-30,1,50000,42500.0
1065,976,20240930,2024-09-30,1,50000,42500.0
200,949,20240930,2024-09-30,1,50000,42500.0
261,1476,20240930,2024-09-30,1,50000,25000.0
754,859,20240930,2024-09-30,1,50000,25000.0
919,725,20240930,2024-09-30,1,50000,42500.0
919,1708,20240930,2024-09-30,1,50000,42500.0
919,1898,20240930,2024-09-30,1,50000,42500.0
1195,181,20240930,2024-09-30,1,50000,42500.0
153,985,20240930,2024-09-30,1,50000,25000.0
219,1376,20240930,2024-09-30,1,50000,25000.0
383,2107,20240930,2024-09-30,1,50000,25000.0
977,19,20240930,2024-09-30,1,50000,25000.0
1065,1395,20240930,2024-09-30,1,50000,42500.0
1065,1987,20240930,2024-09-30,1,50000,42500.0
919,1088,20240930,2024-09-30,1,50000,42500.0
977,2340,20240930,2024-09-30,1,50000,25000.0
1065,1227,20240930,2024-09-30,1,50000,42500.0
919,771,20240930,2024-09-30,1,50000,42500.0
1219,1713,20240930,2024-09-30,2,50000,25000.0
742,120,20240930,2024-09-30,1,50000,25000.0
1219,874,20240930,2024-09-30,1,50000,25000.0
1362,637,20240930,2024-09-30,1,50000,25000.0
524,634,20240930,2024-09-30,1,50000,25000.0
1065,764,20240930,2024-09-30,1,50000,42500.0
919,331,20240930,2024-09-30,1,50000,42500.0
1065,10,20240930,2024-09-30,1,50000,42500.0
905,568,20240930,2024-09-30,1,50000,25000.0
1065,109,20240930,2024-09-30,1,50000,42500.0
1065,1663,20240930,2024-09-30,1,50000,42500.0
1427,2251,20240930,2024-09-30,1,50000,42500.0
977,1467,20240930,2024-09-30,1,50000,25000.0
153,1011,20240930,2024-09-30,1,50000,25000.0
524,645,20240930,2024-09-30,1,50000,25000.0
905,2121,20240930,2024-09-30,1,50000,25000.0
106,321,20240930,2024-09-30,1,50000,25000.0
163,2058,20240930,2024-09-30,1,50000,42500.0
919,980,20240930,2024-09-30,1,50000,42500.0
438,199,20240930,2024-09-30,1,50000,25000.0
768,2302,20240930,2024-09-30,1,50000,25000.0
524,598,20240930,2024-09-30,1,50000,25000.0
742,2004,20240930,2024-09-30,1,50000,25000.0
1362,1845,20240930,2024-09-30,2,50000,25000.0
1368,1667,20240930,2024-09-30,1,50000,25000.0
919,1184,20240930,2024-09-30,1,50000,42500.0
874,1301,20240930,2024-09-30,1,50000,42500.0
1065,747,20240930,2024-09-30,1,50000,42500.0
1065,794,20240930,2024-09-30,1,50000,42500.0
795,1603,20240930,2024-09-30,1,50000,42500.0
1065,64,20240930,2024-09-30,1,50000,42500.0
1065,110,20240930,2024-09-30,1,50000,42500.0
1065,470,20240930,2024-09-30,1,50000,42500.0
550,2247,20240930,2024-09-30,1,50000,42500.0
919,435,20240930,2024-09-30,1,50000,42500.0
1065,1112,20240930,2024-09-30,1,50000,42500.0
1065,1953,20240930,2024-09-30,1,50000,42500.0
208,341,20240930,2024-09-30,1,50000,25000.0
180,1040,20240930,2024-09-30,1,50000,25000.0
742,124,20240930,2024-09-30,1,50000,25000.0
905,1165,20240930,2024-09-30,1,50000,25000.0
1065,2098,20240930,2024-09-30,1,50000,42500.0
1368,122,20240930,2024-09-30,1,50000,25000.0
24,11,20240930,2024-09-30,1,50000,42500.0
818,874,20240930,2024-09-30,1,50000,42500.0
977,1685,20240930,2024-09-30,1,50000,25000.0
1368,170,20240930,2024-09-30,1,50000,25000.0
153,1053,20240930,2024-09-30,1,50000,25000.0
305,416,20240930,2024-09-30,1,50000,42500.0
804,1032,20240930,2024-09-30,1,50000,25000.0
1328,1811,20240930,2024-09-30,1,50000,25000.0
919,25,20240930,2024-09-30,1,50000,42500.0
919,888,20240930,2024-09-30,1,50000,42500.0
1065,1817,20240930,2024-09-30,1,50000,42500.0
1368,2257,20240930,2024-09-30,1,50000,25000.0
905,1137,20240930,2024-09-30,1,50000,42500.0
919,1407,20240930,2024-09-30,1,50000,42500.0
1053,1024,20240930,2024-09-30,1,50000,42500.0
1065,375,20240930,2024-09-30,1,50000,42500.0
1065,1447,20240930,2024-09-30,1,50000,42500.0
907,2293,20240930,2024-09-30,1,50000,25000.0
1065,622,20240930,2024-09-30,1,50000,42500.0
1368,180,20240930,2024-09-30,1,50000,25000.0
1369,863,20240930,2024-09-30,1,50000,25000.0
209,2242,20240930,2024-09-30,1,50000,42500.0
1435,2193,20240930,2024-09-30,3,50000,25000.0
887,1888,20240930,2024-09-30,1,50000,25000.0
919,840,20240930,2024-09-30,1,50000,42500.0
919,1927,20240930,2024-09-30,1,50000,42500.0
1427,525,20240930,2024-09-30,1,50000,25000.0
1065,1831,20240930,2024-09-30,1,50000,42500.0
1438,978,20240930,2024-09-30,1,50000,42500.0
524,631,20240930,2024-09-30,1,50000,25000.0
1052,1152,20240930,2024-09-30,1,50000,42500.0
1065,787,20240930,2024-09-30,1,50000,42500.0
1065,2017,20240930,2024-09-30,1,50000,42500.0
1195,1981,20240930,2024-09-30,1,50000,42500.0
1253,862,20240930,2024-09-30,1,50000,25000.0
742,1634,20240930,2024-09-30,1,50000,25000.0
919,1901,20240930,2024-09-30,1,50000,42500.0
1065,2107,20240930,2024-09-30,1,50000,42500.0
905,1284,20240930,2024-09-30,1,50000,25000.0
919,1128,20240930,2024-09-30,1,50000,42500.0
919,1238,20240930,2024-09-30,1,50000,42500.0
851,477,20240930,2024-09-30,1,50000,42500.0
919,633,20240930,2024-09-30,1,50000,42500.0
919,1293,20240930,2024-09-30,1,50000,42500.0
977,1489,20240930,2024-09-30,1,50000,25000.0
993,1374,20240930,2024-09-30,1,50000,25000.0
1065,999,20240930,2024-09-30,1,50000,42500.0
1233,1977,20240930,2024-09-30,1,50000,42500.0
919,858,20240930,2024-09-30,1,50000,42500.0
1219,259,20240930,2024-09-30,1,50000,25000.0
1295,2375,20240930,2024-09-30,1,50000,37500.0
1362,141,20240930,2024-09-30,1,50000,25000.0
1362,1571,20240930,2024-09-30,1,50000,25000.0
919,375,20240930,2024-09-30,1,50000,42500.0
1065,1259,20240930,2024-09-30,1,50000,42500.0
1295,1539,20240930,2024-09-30,1,50000,42500.0
383,521,20240930,2024-09-30,1,50000,25000.0
919,642,20240930,2024-09-30,1,50000,42500.0
977,944,20240930,2024-09-30,1,50000,25000.0
235,1832,20240930,2024-09-30,1,50000,42500.0
919,1212,20240930,2024-09-30,1,50000,42500.0
977,1086,20240930,2024-09-30,1,50000,25000.0
1065,871,20240930,2024-09-30,1,50000,42500.0
919,460,20240930,2024-09-30,1,50000,42500.0
919,537,20240930,2024-09-30,1,50000,42500.0
1065,426,20240930,2024-09-30,1,50000,42500.0
919,329,20240930,2024-09-30,1,50000,42500.0
919,575,20240930,2024-09-30,1,50000,42500.0
919,598,20240930,2024-09-30,1,50000,42500.0
919,1193,20240930,2024-09-30,1,50000,42500.0
919,1386,20240930,2024-09-30,1,50000,42500.0
1065,2174,20240930,2024-09-30,1,50000,42500.0
818,854,20240930,2024-09-30,1,50000,42500.0
919,333,20240930,2024-09-30,1,50000,42500.0
919,2032,20240930,2024-09-30,1,50000,42500.0
1065,102,20240930,2024-09-30,1,50000,42500.0
1065,1098,20240930,2024-09-30,1,50000,42500.0
1065,2253,20240930,2024-09-30,1,50000,42500.0
919,2394,20240930,2024-09-30,1,50000,42500.0
1065,1211,20240930,2024-09-30,1,50000,42500.0
408,1745,20240930,2024-09-30,1,50000,42500.0
742,1397,20240930,2024-09-30,2,50000,25000.0
919,1382,20240930,2024-09-30,1,50000,42500.0
1065,255,20240930,2024-09-30,1,50000,42500.0
163,734,20240930,2024-09-30,1,50000,42500.0
328,2395,20240930,2024-09-30,1,50000,25000.0
524,629,20240930,2024-09-30,1,50000,25000.0
708,659,20240930,2024-09-30,1,50000,25000.0
836,866,20240930,2024-09-30,1,50000,25000.0
919,910,20240930,2024-09-30,1,50000,42500.0
977,1725,20240930,2024-09-30,1,50000,25000.0
1065,561,20240930,2024-09-30,1,50000,42500.0
1065,1925,20240930,2024-09-30,1,50000,42500.0
1065,2216,20240930,2024-09-30,1,50000,42500.0
403,1467,20240930,2024-09-30,1,50000,25000.0
754,1300,20240930,2024-09-30,1,50000,25000.0
919,2091,20240930,2024-09-30,1,50000,42500.0
919,2145,20240930,2024-09-30,1,50000,42500.0
1065,400,20240930,2024-09-30,1,50000,42500.0
237,298,20240930,2024-09-30,1,50000,42500.0
905,1513,20240930,2024-09-30,1,50000,25000.0
1065,2343,20240930,2024-09-30,1,50000,42500.0
1362,1517,20240930,2024-09-30,1,50000,25000.0
1362,2289,20240930,2024-09-30,1,50000,25000.0
1435,2315,20240930,2024-09-30,3,50000,25000.0
919,18,20240930,2024-09-30,1,50000,42500.0
919,150,20240930,2024-09-30,1,50000,42500.0
1065,192,20240930,2024-09-30,1,50000,42500.0
818,1370,20240930,2024-09-30,1,50000,25000.0
977,1287,20240930,2024-09-30,1,50000,25000.0
977,166,20240930,2024-09-30,1,50000,25000.0
1156,761,20240930,2024-09-30,1,50000,25000.0
524,942,20240930,2024-09-30,1,50000,25000.0
1065,547,20240930,2024-09-30,1,50000,42500.0
1065,1849,20240930,2024-09-30,1,50000,42500.0
1195,1438,20240930,2024-09-30,1,50000,42500.0
629,751,20240930,2024-09-30,1,50000,25000.0
919,959,20240930,2024-09-30,1,50000,42500.0
919,1051,20240930,2024-09-30,1,50000,42500.0
977,644,20240930,2024-09-30,1,50000,25000.0
977,1680,20240930,2024-09-30,2,50000,25000.0
1065,2235,20240930,2024-09-30,1,50000,42500.0
1195,1488,20240930,2024-09-30,1,50000,42500.0
1368,2256,20240930,2024-09-30,2,50000,25000.0
155,243,20240930,2024-09-30,1,50000,42500.0
488,286,20240930,2024-09-30,1,50000,42500.0
1065,131,20240930,2024-09-30,1,50000,42500.0
1065,471,20240930,2024-09-30,1,50000,42500.0
905,1167,20240930,2024-09-30,1,50000,25000.0
788,243,20240930,2024-09-30,1,50000,25000.0
1044,1549,20240930,2024-09-30,1,50000,25000.0
1052,1157,20240930,2024-09-30,1,50000,42500.0
1065,1365,20240930,2024-09-30,1,50000,42500.0
789,541,20240930,2024-09-30,1,50000,25000.0
873,499,20240930,2024-09-30,1,50000,25000.0
919,1709,20240930,2024-09-30,1,50000,42500.0
1065,200,20240930,2024-09-30,1,50000,42500.0
163,1422,20240930,2024-09-30,1,50000,42500.0
1362,77,20240930,2024-09-30,2,50000,25000.0
818,1672,20240930,2024-09-30,1,50000,42500.0
919,1881,20240930,2024-09-30,1,50000,42500.0
1065,1732,20240930,2024-09-30,1,50000,42500.0
1295,2382,20240930,2024-09-30,1,50000,25000.0
664,307,20240930,2024-09-30,1,50000,25000.0
1065,803,20240930,2024-09-30,1,50000,42500.0
1065,2221,20240930,2024-09-30,1,50000,42500.0
209,2324,20240930,2024-09-30,1,50000,42500.0
1000,664,20240930,2024-09-30,1,50000,42500.0
1065,1940,20240930,2024-09-30,1,50000,42500.0
919,638,20240930,2024-09-30,1,50000,42500.0
919,1416,20240930,2024-09-30,1,50000,42500.0
919,1682,20240930,2024-09-30,1,50000,42500.0
488,1220,20240930,2024-09-30,1,50000,25000.0
633,1446,20240930,2024-09-30,1,50000,25000.0
919,1508,20240930,2024-09-30,1,50000,42500.0
977,1118,20240930,2024-09-30,1,50000,25000.0
1362,777,20240930,2024-09-30,1,50000,25000.0
1295,607,20240930,2024-09-30,1,50000,25000.0
209,1118,20240930,2024-09-30,1,50000,42500.0
383,505,20240930,2024-09-30,1,50000,25000.0
919,429,20240930,2024-09-30,1,50000,42500.0
1065,1155,20240930,2024-09-30,1,50000,42500.0
1219,885,20240930,2024-09-30,1,50000,25000.0
1219,1296,20240930,2024-09-30,1,50000,25000.0
742,606,20240930,2024-09-30,1,50000,25000.0
919,2107,20240930,2024-09-30,1,50000,42500.0
1085,2263,20240930,2024-09-30,1,50000,25000.0
1195,2278,20240930,2024-09-30,1,50000,25000.0
209,2396,20240930,2024-09-30,1,50000,42500.0
919,1892,20240930,2024-09-30,1,50000,42500.0
977,2004,20240930,2024-09-30,1,50000,25000.0
919,591,20240930,2024-09-30,1,50000,42500.0
977,2093,20240930,2024-09-30,1,50000,25000.0
1000,628,20240930,2024-09-30,1,50000,42500.0
905,2368,20240930,2024-09-30,1,50000,25000.0
919,1423,20240930,2024-09-30,1,50000,42500.0
919,1510,20240930,2024-09-30,1,50000,42500.0
919,2260,20240930,2024-09-30,1,50000,42500.0
1065,2344,20240930,2024-09-30,1,50000,42500.0
1364,1870,20240930,2024-09-30,1,50000,25000.0
1065,270,20240930,2024-09-30,1,50000,42500.0
1065,1246,20240930,2024-09-30,1,50000,42500.0
1364,233,20240930,2024-09-30,1,50000,25000.0
754,1442,20240930,2024-09-30,1,50000,25000.0
818,1249,20240930,2024-09-30,1,50000,25000.0
894,494,20240930,2024-09-30,1,50000,42500.0
919,295,20240930,2024-09-30,1,50000,42500.0
919,1160,20240930,2024-09-30,1,50000,42500.0
381,2006,20240930,2024-09-30,1,50000,42500.0
919,1048,20240930,2024-09-30,1,50000,42500.0
1466,211,20240930,2024-09-30,1,50000,25000.0
484,2328,20240930,2024-09-30,1,50000,42500.0
933,1711,20240930,2024-09-30,1,50000,25000.0
200,138,20240930,2024-09-30,1,50000,42500.0
1065,201,20240930,2024-09-30,1,50000,42500.0
919,2169,20240930,2024-09-30,1,50000,42500.0
1065,1471,20240930,2024-09-30,1,50000,42500.0
1065,1939,20240930,2024-09-30,1,50000,42500.0
905,2324,20240930,2024-09-30,1,50000,25000.0
1466,2110,20240930,2024-09-30,1,50000,25000.0
488,1243,20240930,2024-09-30,1,50000,37500.0
919,1040,20240930,2024-09-30,1,50000,42500.0
1065,24,20240930,2024-09-30,1,50000,42500.0
1435,2176,20240930,2024-09-30,3,50000,25000.0
1065,687,20240930,2024-09-30,1,50000,42500.0
261,130,20240930,2024-09-30,1,50000,25000.0
873,1203,20240930,2024-09-30,1,50000,25000.0
309,968,20240930,2024-09-30,1,50000,25000.0
382,2107,20240930,2024-09-30,1,50000,25000.0
919,1419,20240930,2024-09-30,1,50000,42500.0
1295,2376,20240930,2024-09-30,1,50000,25000.0
919,1447,20240930,2024-09-30,1,50000,42500.0
524,541,20240930,2024-09-30,1,50000,25000.0
717,507,20240930,2024-09-30,1,50000,25000.0
754,1439,20240930,2024-09-30,1,50000,25000.0
1065,2102,20240930,2024-09-30,1,50000,42500.0
977,307,20240930,2024-09-30,1,50000,25000.0
146,857,20240930,2024-09-30,1,50000,25000.0
1195,299,20240930,2024-09-30,1,50000,42500.0
754,503,20240930,2024-09-30,1,50000,25000.0
905,337,20240930,2024-09-30,1,50000,25000.0
919,565,20240930,2024-09-30,1,50000,42500.0
919,729,20240930,2024-09-30,1,50000,42500.0
1065,44,20240930,2024-09-30,1,50000,42500.0
1065,647,20240930,2024-09-30,1,50000,42500.0
1065,1127,20240930,2024-09-30,1,50000,42500.0
1065,2340,20240930,2024-09-30,1,50000,42500.0
818,244,20240930,2024-09-30,2,50000,25000.0
919,2014,20240930,2024-09-30,1,50000,42500.0
1065,1922,20240930,2024-09-30,1,50000,42500.0
1065,2095,20240930,2024-09-30,1,50000,42500.0
919,1814,20240930,2024-09-30,1,50000,42500.0
919,2131,20240930,2024-09-30,1,50000,42500.0
1362,1053,20240930,2024-09-30,1,50000,25000.0
1368,1661,20240930,2024-09-30,1,50000,25000.0
1065,1122,20240930,2024-09-30,1,50000,42500.0
1065,1329,20240930,2024-09-30,1,50000,42500.0
1065,1574,20240930,2024-09-30,1,50000,42500.0
1065,1904,20240930,2024-09-30,1,50000,42500.0
1362,2220,20240930,2024-09-30,1,50000,25000.0
1372,1368,20240930,2024-09-30,1,50000,25000.0
1435,1708,20240930,2024-09-30,1,50000,25000.0
905,807,20240930,2024-09-30,1,50000,25000.0
1065,1283,20240930,2024-09-30,1,50000,42500.0
1065,1031,20240930,2024-09-30,1,50000,42500.0
1065,1945,20240930,2024-09-30,1,50000,42500.0
1240,2101,20240930,2024-09-30,1,50000,25000.0
200,1086,20240930,2024-09-30,1,50000,42500.0
530,201,20240930,2024-09-30,1,50000,42500.0
1064,826,20240930,2024-09-30,1,50000,42500.0
1065,2282,20240930,2024-09-30,1,50000,42500.0
905,558,20240930,2024-09-30,1,50000,25000.0
919,385,20240930,2024-09-30,1,50000,42500.0
919,2235,20240930,2024-09-30,1,50000,42500.0
977,722,20240930,2024-09-30,1,50000,25000.0
977,1579,20240930,2024-09-30,2,50000,25000.0
1065,1442,20240930,2024-09-30,1,50000,42500.0
1362,845,20240930,2024-09-30,1,50000,25000.0
403,545,20240930,2024-09-30,1,50000,25000.0
919,1876,20240930,2024-09-30,1,50000,42500.0
919,830,20240930,2024-09-30,1,50000,42500.0
919,2329,20240930,2024-09-30,1,50000,42500.0
1000,1175,20240930,2024-09-30,1,50000,42500.0
919,227,20240930,2024-09-30,1,49900,42415.0
1362,672,20240930,2024-09-30,1,49900,24950.0
235,566,20240930,2024-09-30,1,49800,42330.0
784,171,20240930,2024-09-30,1,49700,42245.0
645,1624,20240930,2024-09-30,1,49500,37125.0
163,2036,20240930,2024-09-30,1,49400,41990.0
235,1847,20240930,2024-09-30,1,49000,41650.0
1466,118,20240930,2024-09-30,2,49000,24500.0
1219,1839,20240930,2024-09-30,2,49000,24500.0
180,1027,20240930,2024-09-30,1,49000,41650.0
1253,864,20240930,2024-09-30,1,48800,24400.0
1362,1074,20240930,2024-09-30,1,48700,24350.0
163,1357,20240930,2024-09-30,1,48700,41395.0
919,1272,20240930,2024-09-30,1,48600,41310.0
1362,1451,20240930,2024-09-30,1,48600,24300.0
1362,1564,20240930,2024-09-30,2,48400,24200.0
163,1590,20240930,2024-09-30,1,48000,40800.0
905,2257,20240930,2024-09-30,1,48000,24000.0
405,859,20240930,2024-09-30,1,48000,24000.0
315,858,20240930,2024-09-30,1,48000,40800.0
919,1188,20240930,2024-09-30,1,47600,40460.0
398,214,20240930,2024-09-30,1,47500,40375.0
398,1968,20240930,2024-09-30,1,47500,40375.0
163,347,20240930,2024-09-30,1,47000,39950.0
919,1403,20240930,2024-09-30,1,47000,39950.0
754,1456,20240930,2024-09-30,2,46800,23400.0
1362,1095,20240930,2024-09-30,1,46700,23350.0
784,2315,20240930,2024-09-30,1,46600,39610.0
1362,1426,20240930,2024-09-30,2,46500,23250.0
1362,732,20240930,2024-09-30,1,46000,23000.0
163,36,20240930,2024-09-30,1,46000,39100.0
742,400,20240930,2024-09-30,1,46000,23000.0
1362,110,20240930,2024-09-30,3,46000,23000.0
933,1694,20240930,2024-09-30,2,46000,31250.0
919,133,20240930,2024-09-30,1,45500,38675.0
754,1511,20240930,2024-09-30,2,45200,22600.0
1435,1716,20240930,2024-09-30,2,45000,22500.0
1435,416,20240930,2024-09-30,3,45000,22500.0
163,929,20240930,2024-09-30,1,45000,38250.0
163,156,20240930,2024-09-30,1,45000,38250.0
235,1474,20240930,2024-09-30,1,45000,38250.0
905,602,20240930,2024-09-30,1,45000,22500.0
977,595,20240930,2024-09-30,2,45000,22500.0
977,126,20240930,2024-09-30,2,45000,22500.0
1435,1953,20240930,2024-09-30,3,45000,22500.0
1219,896,20240930,2024-09-30,2,45000,22500.0
977,870,20240930,2024-09-30,2,45000,22500.0
1219,1815,20240930,2024-09-30,1,45000,22500.0
124,1372,20240930,2024-09-30,1,45000,22500.0
1435,322,20240930,2024-09-30,2,45000,22500.0
235,1392,20240930,2024-09-30,1,45000,38250.0
1435,44,20240930,2024-09-30,3,45000,22500.0
1435,331,20240930,2024-09-30,3,45000,22500.0
488,1595,20240930,2024-09-30,1,45000,38250.0
977,1707,20240930,2024-09-30,2,45000,22500.0
1065,258,20240930,2024-09-30,2,45000,38250.0
754,1647,20240930,2024-09-30,1,45000,22500.0
977,1249,20240930,2024-09-30,2,45000,22500.0
754,1379,20240930,2024-09-30,2,45000,22500.0
1435,2220,20240930,2024-09-30,2,45000,22500.0
1049,1040,20240930,2024-09-30,1,45000,22500.0
977,542,20240930,2024-09-30,2,45000,22500.0
1446,2036,20240930,2024-09-30,1,45000,22500.0
40,1867,20240930,2024-09-30,1,45000,38250.0
1435,339,20240930,2024-09-30,3,45000,22500.0
1435,347,20240930,2024-09-30,3,45000,22500.0
1368,523,20240930,2024-09-30,1,45000,22500.0
235,1692,20240930,2024-09-30,1,45000,38250.0
919,2046,20240930,2024-09-30,1,44400,37740.0
919,1171,20240930,2024-09-30,1,44200,37570.0
1362,1877,20240930,2024-09-30,2,44000,22000.0
782,584,20240930,2024-09-30,1,44000,22000.0
163,2131,20240930,2024-09-30,1,44000,37400.0
1362,2016,20240930,2024-09-30,1,44000,22000.0
1135,855,20240930,2024-09-30,1,44000,22000.0
74,1595,20240930,2024-09-30,2,43600,21800.0
343,729,20240930,2024-09-30,1,43500,32625.0
1362,1570,20240930,2024-09-30,2,43500,21750.0
1362,1500,20240930,2024-09-30,1,43000,21500.0
120,688,20240930,2024-09-30,1,43000,21500.0
1295,1522,20240930,2024-09-30,1,42800,32100.0
1065,411,20240930,2024-09-30,1,42500,36125.0
754,243,20240930,2024-09-30,1,42400,21200.0
501,331,20240930,2024-09-30,1,42300,35955.0
1014,203,20240930,2024-09-30,1,42300,35955.0
754,2275,20240930,2024-09-30,1,42200,21100.0
235,302,20240930,2024-09-30,1,42000,35700.0
919,1437,20240930,2024-09-30,1,41800,35530.0
1065,1886,20240930,2024-09-30,2,41500,35275.0
784,151,20240930,2024-09-30,1,41400,35190.0
784,408,20240930,2024-09-30,1,41400,35190.0
784,2199,20240930,2024-09-30,1,41400,35190.0
784,326,20240930,2024-09-30,1,41400,35190.0
919,1110,20240930,2024-09-30,1,41300,35105.0
163,831,20240930,2024-09-30,1,41000,34850.0
261,1472,20240930,2024-09-30,1,41000,20500.0
97,1759,20240930,2024-09-30,1,40500,20250.0
235,1595,20240930,2024-09-30,1,40400,34340.0
919,1306,20240930,2024-09-30,1,40400,34340.0
310,716,20240930,2024-09-30,1,40300,34255.0
235,700,20240930,2024-09-30,1,40200,34170.0
919,1893,20240930,2024-09-30,1,40100,34085.0
200,2338,20240930,2024-09-30,1,40000,34000.0
1435,296,20240930,2024-09-30,2,40000,20000.0
1447,1348,20240930,2024-09-30,1,40000,20000.0
754,541,20240930,2024-09-30,1,40000,20000.0
1219,1257,20240930,2024-09-30,1,40000,20000.0
1362,151,20240930,2024-09-30,1,40000,20000.0
26,1374,20240930,2024-09-30,1,40000,20000.0
742,1832,20240930,2024-09-30,1,40000,20000.0
1435,1008,20240930,2024-09-30,1,40000,20000.0
1362,1087,20240930,2024-09-30,3,40000,20000.0
1362,2306,20240930,2024-09-30,1,40000,20000.0
1435,477,20240930,2024-09-30,3,40000,20000.0
1435,1265,20240930,2024-09-30,2,40000,20000.0
235,2062,20240930,2024-09-30,1,40000,34000.0
977,938,20240930,2024-09-30,1,40000,20000.0
1435,1284,20240930,2024-09-30,2,40000,20000.0
405,1813,20240930,2024-09-30,1,40000,20000.0
408,1742,20240930,2024-09-30,1,40000,34000.0
977,598,20240930,2024-09-30,2,40000,20000.0
754,240,20240930,2024-09-30,1,40000,20000.0
977,361,20240930,2024-09-30,2,40000,20000.0
1335,2256,20240930,2024-09-30,1,40000,20000.0
157,895,20240930,2024-09-30,1,40000,34000.0
1019,1333,20240930,2024-09-30,1,40000,20000.0
905,1292,20240930,2024-09-30,1,40000,20000.0
1435,1394,20240930,2024-09-30,2,40000,20000.0
754,1693,20240930,2024-09-30,2,40000,20000.0
1362,525,20240930,2024-09-30,1,40000,20000.0
221,853,20240930,2024-09-30,1,40000,34000.0
977,2096,20240930,2024-09-30,1,40000,20000.0
1065,1341,20240930,2024-09-30,1,40000,34000.0
1295,963,20240930,2024-09-30,2,40000,20000.0
742,2036,20240930,2024-09-30,1,40000,20000.0
1362,1123,20240930,2024-09-30,2,40000,20000.0
1362,1029,20240930,2024-09-30,1,40000,20000.0
919,809,20240930,2024-09-30,1,40000,34000.0
1435,1713,20240930,2024-09-30,2,40000,20000.0
200,942,20240930,2024-09-30,1,40000,34000.0
1362,487,20240930,2024-09-30,2,40000,20000.0
1362,134,20240930,2024-09-30,1,40000,20000.0
295,357,20240930,2024-09-30,1,40000,34000.0
1362,1447,20240930,2024-09-30,1,40000,20000.0
919,347,20240930,2024-09-30,1,40000,34000.0
1435,1039,20240930,2024-09-30,3,40000,20000.0
1435,258,20240930,2024-09-30,2,40000,20000.0
170,1458,20240930,2024-09-30,1,40000,20000.0
1065,2050,20240930,2024-09-30,1,40000,34000.0
977,170,20240930,2024-09-30,1,40000,20000.0
1295,262,20240930,2024-09-30,1,40000,34000.0
1435,1383,20240930,2024-09-30,3,40000,20000.0
1166,83,20240930,2024-09-30,1,40000,20000.0
742,534,20240930,2024-09-30,1,40000,20000.0
742,1692,20240930,2024-09-30,1,40000,20000.0
873,2114,20240930,2024-09-30,1,40000,20000.0
338,1676,20240930,2024-09-30,1,40000,20000.0
1413,2236,20240930,2024-09-30,1,40000,20000.0
1362,2257,20240930,2024-09-30,1,40000,20000.0
1435,1692,20240930,2024-09-30,2,40000,20000.0
1362,985,20240930,2024-09-30,1,40000,20000.0
1362,2193,20240930,2024-09-30,1,40000,20000.0
896,1118,20240930,2024-09-30,1,40000,20000.0
905,2209,20240930,2024-09-30,1,40000,20000.0
462,760,20240930,2024-09-30,1,40000,20000.0
1362,1230,20240930,2024-09-30,1,40000,20000.0
1435,1407,20240930,2024-09-30,1,40000,20000.0
742,1847,20240930,2024-09-30,1,40000,20000.0
1255,1619,20240930,2024-09-30,1,40000,34000.0
977,1959,20240930,2024-09-30,2,40000,20000.0
1362,1912,20240930,2024-09-30,1,40000,20000.0
1362,1932,20240930,2024-09-30,1,40000,20000.0
1362,1402,20240930,2024-09-30,2,40000,20000.0
163,1120,20240930,2024-09-30,1,40000,34000.0
1362,619,20240930,2024-09-30,2,40000,20000.0
510,38,20240930,2024-09-30,1,40000,34000.0
1435,217,20240930,2024-09-30,1,40000,20000.0
1065,1491,20240930,2024-09-30,1,40000,34000.0
905,1445,20240930,2024-09-30,2,40000,20000.0
1065,1845,20240930,2024-09-30,2,40000,34000.0
826,855,20240930,2024-09-30,1,40000,34000.0
1107,1707,20240930,2024-09-30,1,40000,20000.0
1033,2396,20240930,2024-09-30,1,40000,20000.0
1435,250,20240930,2024-09-30,2,40000,20000.0
589,1468,20240930,2024-09-30,2,40000,20000.0
1435,2215,20240930,2024-09-30,1,40000,20000.0
1362,1631,20240930,2024-09-30,1,40000,20000.0
1362,2124,20240930,2024-09-30,1,40000,20000.0
1362,1521,20240930,2024-09-30,2,40000,20000.0
1435,2022,20240930,2024-09-30,2,40000,20000.0
919,1226,20240930,2024-09-30,1,39800,33830.0
163,2318,20240930,2024-09-30,1,39700,33745.0
163,2247,20240930,2024-09-30,1,39600,33660.0
163,602,20240930,2024-09-30,1,39500,33575.0
1065,1920,20240930,2024-09-30,1,39500,33575.0
235,1839,20240930,2024-09-30,1,39400,33490.0
919,1821,20240930,2024-09-30,1,39200,33320.0
919,2240,20240930,2024-09-30,1,39100,33235.0
163,2279,20240930,2024-09-30,1,39000,33150.0
905,847,20240930,2024-09-30,1,39000,19500.0
818,898,20240930,2024-09-30,2,39000,31400.0
1222,1543,20240930,2024-09-30,1,39000,33150.0
742,178,20240930,2024-09-30,1,38900,19450.0
74,1620,20240930,2024-09-30,2,38900,19450.0
754,734,20240930,2024-09-30,1,38500,19250.0
1362,1063,20240930,2024-09-30,1,38300,19150.0
156,179,20240930,2024-09-30,1,38100,19050.0
309,976,20240930,2024-09-30,1,38000,19000.0
1107,1719,20240930,2024-09-30,1,38000,19000.0
1362,1590,20240930,2024-09-30,1,38000,19000.0
1295,2338,20240930,2024-09-30,2,38000,26000.0
704,766,20240930,2024-09-30,1,38000,19000.0
919,1813,20240930,2024-09-30,1,37800,32130.0
919,220,20240930,2024-09-30,1,37500,31875.0
1362,745,20240930,2024-09-30,2,37500,18750.0
1238,1347,20240930,2024-09-30,2,37500,18750.0
1065,952,20240930,2024-09-30,1,37500,31875.0
1016,981,20240930,2024-09-30,1,37100,18550.0
1081,2304,20240930,2024-09-30,1,37000,18500.0
1065,288,20240930,2024-09-30,1,37000,31450.0
1362,1981,20240930,2024-09-30,2,37000,18500.0
978,1678,20240930,2024-09-30,1,37000,18500.0
919,1552,20240930,2024-09-30,1,36900,31365.0
343,1086,20240930,2024-09-30,1,36500,31025.0
163,2216,20240930,2024-09-30,1,36400,30940.0
919,951,20240930,2024-09-30,1,36200,30770.0
1065,1064,20240930,2024-09-30,1,36000,30600.0
919,2278,20240930,2024-09-30,1,36000,30600.0
235,377,20240930,2024-09-30,1,35700,30345.0
1362,1577,20240930,2024-09-30,2,35600,17800.0
235,1039,20240930,2024-09-30,1,35500,30175.0
128,568,20240930,2024-09-30,1,35200,29920.0
754,896,20240930,2024-09-30,1,35200,17600.0
638,1373,20240930,2024-09-30,1,35100,29835.0
200,260,20240930,2024-09-30,1,35000,29750.0
163,1284,20240930,2024-09-30,1,35000,29750.0
1435,1985,20240930,2024-09-30,2,35000,17500.0
170,859,20240930,2024-09-30,1,35000,29750.0
1362,1569,20240930,2024-09-30,1,35000,17500.0
1362,1506,20240930,2024-09-30,1,35000,17500.0
1219,1481,20240930,2024-09-30,1,35000,17500.0
1070,94,20240930,2024-09-30,1,35000,29750.0
977,264,20240930,2024-09-30,1,35000,17500.0
1435,1316,20240930,2024-09-30,1,35000,17500.0
1435,1970,20240930,2024-09-30,2,35000,17500.0
905,926,20240930,2024-09-30,1,35000,17500.0
235,477,20240930,2024-09-30,1,35000,29750.0
460,1716,20240930,2024-09-30,1,35000,29750.0
511,753,20240930,2024-09-30,1,35000,17500.0
200,1986,20240930,2024-09-30,1,35000,29750.0
754,1450,20240930,2024-09-30,2,35000,17500.0
1362,665,20240930,2024-09-30,1,35000,17500.0
1435,358,20240930,2024-09-30,1,35000,17500.0
905,98,20240930,2024-09-30,1,35000,17500.0
225,992,20240930,2024-09-30,1,35000,17500.0
1362,882,20240930,2024-09-30,1,35000,17500.0
1435,1467,20240930,2024-09-30,2,35000,17500.0
742,1468,20240930,2024-09-30,1,35000,17500.0
462,635,20240930,2024-09-30,1,35000,17500.0
1435,389,20240930,2024-09-30,2,35000,17500.0
1435,55,20240930,2024-09-30,3,35000,17500.0
1435,6,20240930,2024-09-30,2,35000,17500.0
1435,1693,20240930,2024-09-30,3,35000,17500.0
97,1790,20240930,2024-09-30,2,35000,17500.0
919,1917,20240930,2024-09-30,1,34700,29495.0
145,1144,20240930,2024-09-30,1,34700,29495.0
1219,894,20240930,2024-09-30,1,34500,17250.0
1466,191,20240930,2024-09-30,1,34200,29070.0
1362,1042,20240930,2024-09-30,1,34000,17000.0
778,1587,20240930,2024-09-30,1,34000,17000.0
1065,2348,20240930,2024-09-30,1,34000,28900.0
1144,1107,20240930,2024-09-30,1,33900,25425.0
1065,1671,20240930,2024-09-30,1,33500,28475.0
317,427,20240930,2024-09-30,1,33400,16700.0
235,145,20240930,2024-09-30,1,33400,28390.0
919,614,20240930,2024-09-30,1,33100,28135.0
1362,795,20240930,2024-09-30,1,33000,16500.0
1362,179,20240930,2024-09-30,1,33000,16500.0
168,1372,20240930,2024-09-30,1,33000,16500.0
919,1879,20240930,2024-09-30,1,32900,27965.0
919,1889,20240930,2024-09-30,1,32900,27965.0
1362,2117,20240930,2024-09-30,1,32800,16400.0
1362,2112,20240930,2024-09-30,2,32500,16250.0
1362,578,20240930,2024-09-30,1,32400,16200.0
317,489,20240930,2024-09-30,1,32400,16200.0
1101,18,20240930,2024-09-30,1,32000,27200.0
834,1379,20240930,2024-09-30,1,32000,24000.0
1362,1089,20240930,2024-09-30,2,32000,16000.0
905,871,20240930,2024-09-30,1,32000,16000.0
953,2326,20240930,2024-09-30,1,32000,16000.0
966,1741,20240930,2024-09-30,2,32000,21950.0
1295,2348,20240930,2024-09-30,1,31900,23925.0
439,2214,20240930,2024-09-30,1,31800,15900.0
1362,618,20240930,2024-09-30,1,31800,15900.0
919,1221,20240930,2024-09-30,1,31700,26945.0
919,57,20240930,2024-09-30,1,31600,26860.0
905,734,20240930,2024-09-30,1,31500,15750.0
1362,429,20240930,2024-09-30,1,31500,15750.0
1430,1720,20240930,2024-09-30,1,31500,26775.0
919,415,20240930,2024-09-30,1,31400,26690.0
919,2363,20240930,2024-09-30,1,31200,26520.0
784,1033,20240930,2024-09-30,1,31100,26435.0
784,855,20240930,2024-09-30,1,31100,26435.0
784,175,20240930,2024-09-30,1,31100,26435.0
1065,1443,20240930,2024-09-30,1,31000,26350.0
1295,535,20240930,2024-09-30,1,31000,15500.0
1107,1466,20240930,2024-09-30,1,31000,15500.0
1065,465,20240930,2024-09-30,1,31000,26350.0
833,1373,20240930,2024-09-30,2,31000,15500.0
163,95,20240930,2024-09-30,1,30700,26095.0
863,1053,20240930,2024-09-30,1,30700,15350.0
919,262,20240930,2024-09-30,1,30600,26010.0
1254,1070,20240930,2024-09-30,1,30600,26010.0
1065,926,20240930,2024-09-30,1,30500,25925.0
919,1406,20240930,2024-09-30,1,30500,25925.0
1170,1067,20240930,2024-09-30,1,30300,15150.0
321,1103,20240930,2024-09-30,1,30200,15100.0
919,330,20240930,2024-09-30,1,30200,25670.0
813,902,20240930,2024-09-30,1,30200,15100.0
905,222,20240930,2024-09-30,1,30000,15000.0
1362,2253,20240930,2024-09-30,1,30000,15000.0
1435,117,20240930,2024-09-30,2,30000,15000.0
1065,117,20240930,2024-09-30,1,30000,25500.0
1435,49,20240930,2024-09-30,2,30000,15000.0
1435,1947,20240930,2024-09-30,2,30000,15000.0
1362,742,20240930,2024-09-30,1,30000,15000.0
1364,723,20240930,2024-09-30,1,30000,15000.0
1100,602,20240930,2024-09-30,2,30000,15000.0
1368,513,20240930,2024-09-30,1,30000,15000.0
742,656,20240930,2024-09-30,1,30000,15000.0
1435,1298,20240930,2024-09-30,2,30000,15000.0
742,171,20240930,2024-09-30,1,30000,15000.0
754,2240,20240930,2024-09-30,2,30000,15000.0
350,780,20240930,2024-09-30,1,30000,15000.0
852,863,20240930,2024-09-30,1,30000,15000.0
977,561,20240930,2024-09-30,1,30000,15000.0
1435,306,20240930,2024-09-30,3,30000,15000.0
742,1451,20240930,2024-09-30,1,30000,15000.0
905,1663,20240930,2024-09-30,1,30000,15000.0
1362,549,20240930,2024-09-30,1,30000,15000.0
1065,253,20240930,2024-09-30,1,30000,25500.0
1362,1430,20240930,2024-09-30,1,30000,15000.0
200,564,20240930,2024-09-30,1,30000,25500.0
977,1178,20240930,2024-09-30,1,30000,15000.0
742,2107,20240930,2024-09-30,1,30000,15000.0
1435,1233,20240930,2024-09-30,2,30000,15000.0
1362,776,20240930,2024-09-30,1,30000,15000.0
1435,879,20240930,2024-09-30,2,30000,15000.0
1065,2041,20240930,2024-09-30,1,30000,25500.0
835,1372,20240930,2024-09-30,1,30000,15000.0
1166,1149,20240930,2024-09-30,1,30000,15000.0
1435,2202,20240930,2024-09-30,2,30000,15000.0
905,2319,20240930,2024-09-30,1,30000,15000.0
425,816,20240930,2024-09-30,1,30000,15000.0
1435,2395,20240930,2024-09-30,2,30000,15000.0
235,1390,20240930,2024-09-30,1,30000,25500.0
754,2279,20240930,2024-09-30,1,30000,15000.0
351,161,20240930,2024-09-30,1,30000,25500.0
462,1235,20240930,2024-09-30,1,30000,15000.0
919,1096,20240930,2024-09-30,1,30000,25500.0
1435,10,20240930,2024-09-30,2,30000,15000.0
905,1581,20240930,2024-09-30,1,30000,15000.0
1362,98,20240930,2024-09-30,2,30000,15000.0
905,2008,20240930,2024-09-30,1,30000,15000.0
1065,231,20240930,2024-09-30,1,30000,25500.0
1065,1660,20240930,2024-09-30,1,30000,25500.0
1362,131,20240930,2024-09-30,1,30000,15000.0
7,660,20240930,2024-09-30,1,30000,15000.0
754,623,20240930,2024-09-30,1,30000,15000.0
200,1948,20240930,2024-09-30,1,30000,25500.0
425,829,20240930,2024-09-30,1,30000,15000.0
977,1684,20240930,2024-09-30,1,30000,15000.0
1435,2107,20240930,2024-09-30,2,30000,15000.0
1435,387,20240930,2024-09-30,1,30000,15000.0
919,288,20240930,2024-09-30,1,30000,25500.0
1000,1190,20240930,2024-09-30,1,30000,25500.0
1362,2269,20240930,2024-09-30,1,30000,15000.0
440,72,20240930,2024-09-30,1,30000,15000.0
754,947,20240930,2024-09-30,1,30000,15000.0
1435,2043,20240930,2024-09-30,2,30000,15000.0
1435,320,20240930,2024-09-30,1,30000,15000.0
1195,280,20240930,2024-09-30,1,30000,25500.0
905,2080,20240930,2024-09-30,1,30000,15000.0
907,2334,20240930,2024-09-30,1,30000,25500.0
1435,1367,20240930,2024-09-30,1,30000,15000.0
1362,293,20240930,2024-09-30,1,30000,15000.0
854,1027,20240930,2024-09-30,1,30000,15000.0
742,1516,20240930,2024-09-30,1,30000,15000.0
818,1448,20240930,2024-09-30,1,30000,15000.0
103,477,20240930,2024-09-30,1,30000,15000.0
1435,1842,20240930,2024-09-30,2,30000,15000.0
235,863,20240930,2024-09-30,1,30000,25500.0
818,2166,20240930,2024-09-30,1,30000,15000.0
1377,1314,20240930,2024-09-30,1,30000,15000.0
919,1649,20240930,2024-09-30,1,30000,25500.0
1065,202,20240930,2024-09-30,2,30000,25500.0
1362,2216,20240930,2024-09-30,1,30000,15000.0
930,1370,20240930,2024-09-30,1,30000,15000.0
1435,363,20240930,2024-09-30,2,30000,15000.0
1435,2216,20240930,2024-09-30,1,30000,15000.0
1362,1948,20240930,2024-09-30,1,30000,15000.0
235,905,20240930,2024-09-30,1,30000,25500.0
977,186,20240930,2024-09-30,1,30000,15000.0
1362,1308,20240930,2024-09-30,1,30000,15000.0
1362,117,20240930,2024-09-30,1,30000,15000.0
1368,126,20240930,2024-09-30,1,30000,15000.0
1065,368,20240930,2024-09-30,1,30000,25500.0
157,1376,20240930,2024-09-30,1,30000,25500.0
572,1125,20240930,2024-09-30,1,30000,25500.0
1195,236,20240930,2024-09-30,1,30000,25500.0
1362,1893,20240930,2024-09-30,1,30000,15000.0
1435,1432,20240930,2024-09-30,1,30000,15000.0
148,1811,20240930,2024-09-30,1,30000,15000.0
1368,2253,20240930,2024-09-30,1,30000,15000.0
754,972,20240930,2024-09-30,1,30000,15000.0
1435,1423,20240930,2024-09-30,2,30000,15000.0
1065,615,20240930,2024-09-30,1,30000,25500.0
1362,1934,20240930,2024-09-30,1,30000,15000.0
1435,1962,20240930,2024-09-30,1,30000,15000.0
754,1455,20240930,2024-09-30,1,30000,15000.0
1065,144,20240930,2024-09-30,1,30000,25500.0
1435,1396,20240930,2024-09-30,2,30000,15000.0
905,1542,20240930,2024-09-30,1,30000,15000.0
1225,1977,20240930,2024-09-30,1,30000,25500.0
1362,1128,20240930,2024-09-30,2,30000,15000.0
828,1008,20240930,2024-09-30,1,30000,25500.0
1362,2300,20240930,2024-09-30,1,30000,15000.0
1065,1648,20240930,2024-09-30,1,30000,25500.0
1368,157,20240930,2024-09-30,1,30000,15000.0
1435,325,20240930,2024-09-30,2,30000,15000.0
1435,1401,20240930,2024-09-30,2,30000,15000.0
310,201,20240930,2024-09-30,1,30000,15000.0
1435,1293,20240930,2024-09-30,2,30000,15000.0
845,1047,20240930,2024-09-30,2,30000,15000.0
473,431,20240930,2024-09-30,1,30000,15000.0
1362,1639,20240930,2024-09-30,1,30000,15000.0
1435,1259,20240930,2024-09-30,1,30000,15000.0
919,850,20240930,2024-09-30,1,30000,25500.0
374,815,20240930,2024-09-30,1,30000,15000.0
966,1787,20240930,2024-09-30,1,30000,15000.0
1435,7,20240930,2024-09-30,2,30000,15000.0
163,1884,20240930,2024-09-30,1,29900,25415.0
919,1947,20240930,2024-09-30,1,29700,25245.0
1107,1391,20240930,2024-09-30,1,29000,14500.0
1368,2251,20240930,2024-09-30,2,29000,14500.0
1362,505,20240930,2024-09-30,1,29000,14500.0
1368,134,20240930,2024-09-30,1,29000,14500.0
919,1166,20240930,2024-09-30,1,29000,24650.0
1362,470,20240930,2024-09-30,1,29000,14500.0
1362,596,20240930,2024-09-30,1,28800,14400.0
487,2305,20240930,2024-09-30,1,28700,24395.0
919,1595,20240930,2024-09-30,1,28600,24310.0
494,1294,20240930,2024-09-30,1,28600,14300.0
855,1366,20240930,2024-09-30,1,28500,14250.0
919,1565,20240930,2024-09-30,1,28100,23885.0
1362,87,20240930,2024-09-30,1,28000,14000.0
1065,673,20240930,2024-09-30,1,27500,23375.0
1195,1010,20240930,2024-09-30,1,27300,23205.0
919,2002,20240930,2024-09-30,1,27200,23120.0
919,1227,20240930,2024-09-30,1,27100,23035.0
919,828,20240930,2024-09-30,1,27000,22950.0
1435,1658,20240930,2024-09-30,2,27000,13500.0
156,141,20240930,2024-09-30,1,27000,13500.0
1065,347,20240930,2024-09-30,1,27000,22950.0
1295,612,20240930,2024-09-30,1,27000,13500.0
1065,58,20240930,2024-09-30,1,27000,22950.0
919,1367,20240930,2024-09-30,1,26800,22780.0
919,1373,20240930,2024-09-30,1,26700,22695.0
683,745,20240930,2024-09-30,1,26700,13350.0
754,1707,20240930,2024-09-30,2,26700,13350.0
1362,1814,20240930,2024-09-30,2,26600,13300.0
1329,1213,20240930,2024-09-30,1,26500,22525.0
1065,1469,20240930,2024-09-30,1,26500,22525.0
818,1445,20240930,2024-09-30,1,26400,22440.0
350,790,20240930,2024-09-30,1,26300,13150.0
235,946,20240930,2024-09-30,1,26100,22185.0
919,2007,20240930,2024-09-30,1,26100,22185.0
355,1508,20240930,2024-09-30,1,26100,13050.0
1065,2260,20240930,2024-09-30,1,26000,22100.0
1362,437,20240930,2024-09-30,2,26000,13000.0
1369,245,20240930,2024-09-30,1,26000,13000.0
919,1148,20240930,2024-09-30,1,26000,22100.0
784,477,20240930,2024-09-30,1,26000,22100.0
163,1435,20240930,2024-09-30,1,26000,22100.0
784,141,20240930,2024-09-30,1,26000,22100.0
784,242,20240930,2024-09-30,1,26000,22100.0
97,1768,20240930,2024-09-30,2,25900,12950.0
235,823,20240930,2024-09-30,1,25600,21760.0
919,1442,20240930,2024-09-30,1,25500,21675.0
1157,697,20240930,2024-09-30,1,25500,21675.0
404,2241,20240930,2024-09-30,1,25500,12750.0
74,107,20240930,2024-09-30,1,25200,12600.0
1362,498,20240930,2024-09-30,2,25200,12600.0
818,1300,20240930,2024-09-30,1,25000,12500.0
1065,712,20240930,2024-09-30,1,25000,21250.0
74,74,20240930,2024-09-30,1,25000,12500.0
345,1004,20240930,2024-09-30,1,25000,12500.0
462,341,20240930,2024-09-30,1,25000,12500.0
829,1182,20240930,2024-09-30,1,25000,12500.0
905,1377,20240930,2024-09-30,1,25000,12500.0
977,2058,20240930,2024-09-30,1,25000,12500.0
818,1438,20240930,2024-09-30,1,25000,12500.0
966,2231,20240930,2024-09-30,1,25000,12500.0
1219,2215,20240930,2024-09-30,1,25000,12500.0
153,1008,20240930,2024-09-30,1,25000,12500.0
1065,1930,20240930,2024-09-30,1,25000,21250.0
1219,263,20240930,2024-09-30,1,25000,12500.0
1390,885,20240930,2024-09-30,1,25000,21250.0
1219,1282,20240930,2024-09-30,1,25000,12500.0
1435,172,20240930,2024-09-30,1,25000,12500.0
279,1051,20240930,2024-09-30,1,25000,12500.0
1065,1664,20240930,2024-09-30,1,25000,21250.0
1065,63,20240930,2024-09-30,1,25000,21250.0
1435,1995,20240930,2024-09-30,1,25000,12500.0
1065,2055,20240930,2024-09-30,1,25000,21250.0
1065,1873,20240930,2024-09-30,1,25000,21250.0
1362,1543,20240930,2024-09-30,1,25000,12500.0
97,1736,20240930,2024-09-30,2,25000,12500.0
1362,539,20240930,2024-09-30,1,25000,12500.0
97,1766,20240930,2024-09-30,1,25000,12500.0
905,1892,20240930,2024-09-30,1,25000,12500.0
445,984,20240930,2024-09-30,1,25000,12500.0
754,602,20240930,2024-09-30,1,25000,12500.0
1435,1817,20240930,2024-09-30,1,25000,12500.0
818,2174,20240930,2024-09-30,1,25000,12500.0
919,1729,20240930,2024-09-30,1,25000,21250.0
1435,1940,20240930,2024-09-30,1,25000,12500.0
1065,352,20240930,2024-09-30,1,25000,21250.0
1362,1666,20240930,2024-09-30,1,25000,12500.0
754,1695,20240930,2024-09-30,1,25000,12500.0
1219,1371,20240930,2024-09-30,1,25000,12500.0
1435,141,20240930,2024-09-30,2,25000,12500.0
754,521,20240930,2024-09-30,1,25000,12500.0
1065,910,20240930,2024-09-30,1,25000,21250.0
1362,1073,20240930,2024-09-30,1,25000,12500.0
278,812,20240930,2024-09-30,1,25000,21250.0
278,819,20240930,2024-09-30,1,25000,20000.0
754,2232,20240930,2024-09-30,1,25000,12500.0
977,299,20240930,2024-09-30,1,25000,12500.0
977,316,20240930,2024-09-30,1,25000,12500.0
1435,2188,20240930,2024-09-30,1,25000,12500.0
200,361,20240930,2024-09-30,1,25000,21250.0
1348,1390,20240930,2024-09-30,1,25000,21250.0
919,2030,20240930,2024-09-30,1,25000,21250.0
174,1861,20240930,2024-09-30,1,25000,12500.0
1219,902,20240930,2024-09-30,1,25000,12500.0
905,2030,20240930,2024-09-30,1,25000,12500.0
1295,885,20240930,2024-09-30,1,25000,12500.0
1065,1917,20240930,2024-09-30,1,25000,21250.0
754,2254,20240930,2024-09-30,1,25000,12500.0
1435,1273,20240930,2024-09-30,1,25000,12500.0
742,905,20240930,2024-09-30,1,25000,12500.0
977,58,20240930,2024-09-30,1,25000,12500.0
754,1481,20240930,2024-09-30,1,25000,12500.0
1435,1280,20240930,2024-09-30,2,25000,12500.0
598,801,20240930,2024-09-30,1,25000,12500.0
930,1373,20240930,2024-09-30,1,25000,12500.0
977,252,20240930,2024-09-30,1,25000,12500.0
1000,1182,20240930,2024-09-30,1,25000,12500.0
74,1092,20240930,2024-09-30,1,25000,12500.0
1065,272,20240930,2024-09-30,1,25000,21250.0
1349,2079,20240930,2024-09-30,1,25000,12500.0
1295,672,20240930,2024-09-30,1,25000,12500.0
919,1491,20240930,2024-09-30,1,25000,21250.0
1435,525,20240930,2024-09-30,1,25000,12500.0
1435,1672,20240930,2024-09-30,1,25000,12500.0
343,709,20240930,2024-09-30,1,25000,21250.0
1195,1935,20240930,2024-09-30,1,25000,21250.0
1065,2150,20240930,2024-09-30,1,25000,21250.0
1435,2060,20240930,2024-09-30,2,25000,12500.0
200,335,20240930,2024-09-30,1,25000,21250.0
1219,1265,20240930,2024-09-30,1,25000,12500.0
1362,1405,20240930,2024-09-30,1,25000,12500.0
1065,2312,20240930,2024-09-30,1,25000,21250.0
1435,1945,20240930,2024-09-30,1,25000,12500.0
754,905,20240930,2024-09-30,1,25000,12500.0
873,146,20240930,2024-09-30,1,25000,12500.0
1000,1161,20240930,2024-09-30,1,25000,21250.0
94,729,20240930,2024-09-30,1,25000,12500.0
1362,79,20240930,2024-09-30,1,25000,12500.0
754,1447,20240930,2024-09-30,2,25000,12500.0
977,18,20240930,2024-09-30,1,25000,12500.0
1219,1240,20240930,2024-09-30,1,25000,12500.0
1295,567,20240930,2024-09-30,1,25000,12500.0
1362,522,20240930,2024-09-30,1,25000,12500.0
919,915,20240930,2024-09-30,1,25000,21250.0
6,525,20240930,2024-09-30,1,25000,12500.0
1065,939,20240930,2024-09-30,1,25000,21250.0
156,1660,20240930,2024-09-30,1,25000,12500.0
818,885,20240930,2024-09-30,1,25000,12500.0
977,1689,20240930,2024-09-30,1,25000,12500.0
1145,2146,20240930,2024-09-30,1,25000,12500.0
153,1050,20240930,2024-09-30,1,25000,12500.0
664,811,20240930,2024-09-30,1,25000,12500.0
1065,856,20240930,2024-09-30,1,25000,21250.0
1065,964,20240930,2024-09-30,1,25000,21250.0
1065,1602,20240930,2024-09-30,1,25000,21250.0
1435,1148,20240930,2024-09-30,1,25000,12500.0
1219,1442,20240930,2024-09-30,1,25000,12500.0
1362,473,20240930,2024-09-30,1,25000,12500.0
1362,1050,20240930,2024-09-30,1,25000,12500.0
1065,1834,20240930,2024-09-30,1,25000,21250.0
1435,2058,20240930,2024-09-30,1,25000,12500.0
905,322,20240930,2024-09-30,1,25000,12500.0
1219,1447,20240930,2024-09-30,1,25000,12500.0
6,1659,20240930,2024-09-30,1,25000,12500.0
128,532,20240930,2024-09-30,1,25000,12500.0
977,1947,20240930,2024-09-30,1,25000,12500.0
1435,2195,20240930,2024-09-30,1,25000,12500.0
1435,1691,20240930,2024-09-30,1,25000,12500.0
1219,1253,20240930,2024-09-30,1,25000,12500.0
1362,322,20240930,2024-09-30,1,25000,12500.0
754,1534,20240930,2024-09-30,1,25000,12500.0
673,1114,20240930,2024-09-30,1,25000,12500.0
742,1280,20240930,2024-09-30,1,25000,12500.0
742,794,20240930,2024-09-30,2,25000,12500.0
1065,1733,20240930,2024-09-30,1,25000,21250.0
977,2184,20240930,2024-09-30,1,25000,12500.0
145,1168,20240930,2024-09-30,1,25000,12500.0
383,520,20240930,2024-09-30,1,25000,12500.0
523,508,20240930,2024-09-30,1,25000,12500.0
586,1809,20240930,2024-09-30,1,25000,12500.0
977,2161,20240930,2024-09-30,1,25000,12500.0
1065,266,20240930,2024-09-30,1,25000,21250.0
341,2234,20240930,2024-09-30,1,25000,12500.0
511,743,20240930,2024-09-30,1,25000,12500.0
479,239,20240930,2024-09-30,1,25000,12500.0
1435,1430,20240930,2024-09-30,1,25000,12500.0
1195,254,20240930,2024-09-30,1,25000,21250.0
543,2322,20240930,2024-09-30,1,25000,12500.0
1362,400,20240930,2024-09-30,1,25000,12500.0
1435,1342,20240930,2024-09-30,1,25000,12500.0
93,126,20240930,2024-09-30,1,25000,12500.0
1065,1581,20240930,2024-09-30,1,25000,21250.0
977,1538,20240930,2024-09-30,1,25000,12500.0
1362,1135,20240930,2024-09-30,1,25000,12500.0
897,1014,20240930,2024-09-30,1,25000,12500.0
523,1867,20240930,2024-09-30,1,25000,12500.0
853,652,20240930,2024-09-30,1,25000,12500.0
1219,1229,20240930,2024-09-30,1,25000,12500.0
1219,276,20240930,2024-09-30,1,25000,12500.0
1466,2120,20240930,2024-09-30,1,25000,21250.0
1065,1242,20240930,2024-09-30,1,25000,21250.0
510,1840,20240930,2024-09-30,1,25000,21250.0
279,2322,20240930,2024-09-30,1,25000,12500.0
1219,347,20240930,2024-09-30,1,25000,12500.0
1065,845,20240930,2024-09-30,1,25000,21250.0
305,396,20240930,2024-09-30,1,25000,21250.0
754,898,20240930,2024-09-30,1,25000,12500.0
818,1683,20240930,2024-09-30,1,25000,12500.0
1466,167,20240930,2024-09-30,1,25000,21250.0
1099,137,20240930,2024-09-30,1,25000,12500.0
1362,999,20240930,2024-09-30,1,25000,12500.0
309,165,20240930,2024-09-30,1,25000,12500.0
1065,1453,20240930,2024-09-30,1,25000,21250.0
1362,127,20240930,2024-09-30,1,25000,12500.0
919,762,20240930,2024-09-30,1,25000,21250.0
1435,2270,20240930,2024-09-30,1,25000,12500.0
6,1662,20240930,2024-09-30,1,25000,12500.0
1219,1846,20240930,2024-09-30,1,25000,12500.0
754,890,20240930,2024-09-30,1,25000,12500.0
977,628,20240930,2024-09-30,1,25000,12500.0
1435,1212,20240930,2024-09-30,1,25000,12500.0
1362,543,20240930,2024-09-30,2,24700,12350.0
1065,1720,20240930,2024-09-30,1,24500,20825.0
1362,242,20240930,2024-09-30,1,24500,12250.0
523,697,20240930,2024-09-30,1,24400,12200.0
1065,1138,20240930,2024-09-30,1,24000,20400.0
1362,2011,20240930,2024-09-30,1,24000,12000.0
1065,517,20240930,2024-09-30,1,24000,20400.0
462,620,20240930,2024-09-30,1,24000,12000.0
854,982,20240930,2024-09-30,1,24000,12000.0
1362,705,20240930,2024-09-30,1,24000,12000.0
919,1509,20240930,2024-09-30,1,23900,20315.0
1065,2293,20240930,2024-09-30,1,23500,19975.0
1065,626,20240930,2024-09-30,1,23500,19975.0
1368,133,20240930,2024-09-30,2,23500,11750.0
1466,123,20240930,2024-09-30,1,23400,19890.0
919,819,20240930,2024-09-30,1,23300,19805.0
919,1476,20240930,2024-09-30,1,23300,19805.0
1362,1075,20240930,2024-09-30,1,23000,11500.0
1219,1826,20240930,2024-09-30,1,23000,11500.0
1362,399,20240930,2024-09-30,1,23000,11500.0
1065,401,20240930,2024-09-30,1,22500,19125.0
1195,1904,20240930,2024-09-30,1,22000,18700.0
1362,1653,20240930,2024-09-30,1,22000,11000.0
1065,1416,20240930,2024-09-30,1,22000,18700.0
1362,1650,20240930,2024-09-30,1,22000,11000.0
742,256,20240930,2024-09-30,1,22000,11000.0
1368,2276,20240930,2024-09-30,1,22000,11000.0
919,2010,20240930,2024-09-30,1,21700,18445.0
1065,734,20240930,2024-09-30,1,21500,18275.0
1362,577,20240930,2024-09-30,1,21500,10750.0
1107,1814,20240930,2024-09-30,1,21100,10550.0
1065,1268,20240930,2024-09-30,1,21000,17850.0
933,646,20240930,2024-09-30,1,21000,15750.0
1065,62,20240930,2024-09-30,1,21000,17850.0
919,1247,20240930,2024-09-30,1,21000,17850.0
919,184,20240930,2024-09-30,1,21000,17850.0
1065,7,20240930,2024-09-30,1,20500,17425.0
1065,1527,20240930,2024-09-30,1,20500,17425.0
1065,145,20240930,2024-09-30,1,20500,17425.0
1219,1468,20240930,2024-09-30,1,20000,10000.0
977,1735,20240930,2024-09-30,1,20000,10000.0
1435,1199,20240930,2024-09-30,2,20000,10000.0
873,2105,20240930,2024-09-30,1,20000,10000.0
1065,2154,20240930,2024-09-30,1,20000,17000.0
977,883,20240930,2024-09-30,1,20000,10000.0
1435,127,20240930,2024-09-30,1,20000,10000.0
1466,1428,20240930,2024-09-30,1,20000,10000.0
977,1732,20240930,2024-09-30,1,20000,10000.0
1065,2286,20240930,2024-09-30,1,20000,17000.0
1100,628,20240930,2024-09-30,1,20000,10000.0
1362,2328,20240930,2024-09-30,2,20000,10000.0
754,1579,20240930,2024-09-30,1,20000,10000.0
1435,51,20240930,2024-09-30,1,20000,10000.0
742,482,20240930,2024-09-30,1,20000,10000.0
977,888,20240930,2024-09-30,1,20000,10000.0
1362,569,20240930,2024-09-30,1,20000,10000.0
818,2240,20240930,2024-09-30,1,20000,10000.0
977,1693,20240930,2024-09-30,1,20000,10000.0
1362,786,20240930,2024-09-30,1,20000,10000.0
1362,1502,20240930,2024-09-30,1,20000,10000.0
1065,1476,20240930,2024-09-30,1,20000,17000.0
1155,2248,20240930,2024-09-30,1,20000,10000.0
977,379,20240930,2024-09-30,1,20000,10000.0
977,1671,20240930,2024-09-30,1,20000,10000.0
742,1220,20240930,2024-09-30,1,20000,10000.0
754,1477,20240930,2024-09-30,1,20000,10000.0
754,1642,20240930,2024-09-30,1,20000,10000.0
977,537,20240930,2024-09-30,1,20000,10000.0
977,1935,20240930,2024-09-30,1,20000,10000.0
977,165,20240930,2024-09-30,1,20000,10000.0
977,885,20240930,2024-09-30,1,20000,10000.0
977,911,20240930,2024-09-30,1,20000,10000.0
977,1696,20240930,2024-09-30,1,20000,10000.0
1435,1250,20240930,2024-09-30,1,20000,10000.0
977,291,20240930,2024-09-30,1,20000,10000.0
1362,530,20240930,2024-09-30,1,20000,10000.0
1362,915,20240930,2024-09-30,1,20000,10000.0
977,125,20240930,2024-09-30,1,20000,10000.0
977,303,20240930,2024-09-30,1,20000,10000.0
977,738,20240930,2024-09-30,1,20000,10000.0
1219,1241,20240930,2024-09-30,1,20000,10000.0
818,1482,20240930,2024-09-30,1,20000,10000.0
977,2341,20240930,2024-09-30,1,20000,10000.0
977,1501,20240930,2024-09-30,1,20000,10000.0
977,2054,20240930,2024-09-30,1,20000,10000.0
1435,2259,20240930,2024-09-30,1,20000,10000.0
366,1110,20240930,2024-09-30,1,20000,17000.0
1065,2333,20240930,2024-09-30,1,20000,17000.0
1431,1385,20240930,2024-09-30,1,20000,10000.0
977,626,20240930,2024-09-30,1,20000,10000.0
1189,2121,20240930,2024-09-30,1,20000,10000.0
1362,296,20240930,2024-09-30,1,20000,10000.0
754,2116,20240930,2024-09-30,1,20000,10000.0
261,1496,20240930,2024-09-30,1,20000,10000.0
977,1466,20240930,2024-09-30,1,20000,10000.0
1435,1819,20240930,2024-09-30,1,20000,10000.0
977,260,20240930,2024-09-30,1,20000,10000.0
977,1395,20240930,2024-09-30,1,20000,10000.0
977,2338,20240930,2024-09-30,1,20000,10000.0
1362,2388,20240930,2024-09-30,1,20000,10000.0
977,46,20240930,2024-09-30,1,20000,10000.0
977,1519,20240930,2024-09-30,1,20000,10000.0
977,253,20240930,2024-09-30,1,20000,10000.0
1435,400,20240930,2024-09-30,1,20000,10000.0
754,1581,20240930,2024-09-30,1,20000,10000.0
1195,1072,20240930,2024-09-30,1,20000,17000.0
1362,1320,20240930,2024-09-30,1,20000,10000.0
742,494,20240930,2024-09-30,1,20000,10000.0
1435,1349,20240930,2024-09-30,1,20000,10000.0
1362,1421,20240930,2024-09-30,1,20000,10000.0
1435,2023,20240930,2024-09-30,1,20000,10000.0
200,254,20240930,2024-09-30,1,20000,17000.0
1219,2242,20240930,2024-09-30,1,20000,10000.0
1362,192,20240930,2024-09-30,1,20000,10000.0
156,516,20240930,2024-09-30,1,20000,10000.0
1065,836,20240930,2024-09-30,1,20000,17000.0
977,1271,20240930,2024-09-30,1,20000,10000.0
977,1705,20240930,2024-09-30,1,20000,10000.0
977,1576,20240930,2024-09-30,1,20000,10000.0
754,1476,20240930,2024-09-30,1,20000,10000.0
977,574,20240930,2024-09-30,1,20000,10000.0
1280,88,20240930,2024-09-30,1,20000,10000.0
1435,282,20240930,2024-09-30,1,20000,10000.0
382,2122,20240930,2024-09-30,1,20000,10000.0
1435,1828,20240930,2024-09-30,1,20000,10000.0
977,2014,20240930,2024-09-30,1,20000,10000.0
1362,1914,20240930,2024-09-30,1,20000,10000.0
1368,2255,20240930,2024-09-30,1,20000,10000.0
977,1837,20240930,2024-09-30,1,20000,10000.0
977,940,20240930,2024-09-30,1,20000,10000.0
905,25,20240930,2024-09-30,1,20000,10000.0
1362,991,20240930,2024-09-30,1,20000,10000.0
742,2297,20240930,2024-09-30,1,20000,10000.0
977,1532,20240930,2024-09-30,1,20000,10000.0
977,1987,20240930,2024-09-30,1,20000,10000.0
977,2048,20240930,2024-09-30,1,20000,10000.0
462,1225,20240930,2024-09-30,1,20000,10000.0
1362,1601,20240930,2024-09-30,1,20000,10000.0
905,2210,20240930,2024-09-30,1,20000,10000.0
1101,55,20240930,2024-09-30,1,20000,17000.0
977,151,20240930,2024-09-30,1,20000,10000.0
1016,996,20240930,2024-09-30,1,20000,10000.0
873,497,20240930,2024-09-30,1,20000,10000.0
977,1722,20240930,2024-09-30,1,20000,10000.0
977,1721,20240930,2024-09-30,1,20000,10000.0
977,1274,20240930,2024-09-30,1,20000,10000.0
1065,105,20240930,2024-09-30,1,20000,17000.0
977,1968,20240930,2024-09-30,1,20000,10000.0
977,2136,20240930,2024-09-30,1,20000,10000.0
977,1574,20240930,2024-09-30,1,20000,10000.0
977,148,20240930,2024-09-30,1,20000,10000.0
977,164,20240930,2024-09-30,1,20000,10000.0
977,314,20240930,2024-09-30,1,20000,10000.0
977,1537,20240930,2024-09-30,1,20000,10000.0
1435,340,20240930,2024-09-30,1,20000,10000.0
1435,2227,20240930,2024-09-30,1,20000,10000.0
742,892,20240930,2024-09-30,1,20000,10000.0
977,977,20240930,2024-09-30,1,20000,10000.0
919,1395,20240930,2024-09-30,1,20000,17000.0
966,1772,20240930,2024-09-30,1,20000,10000.0
1362,1422,20240930,2024-09-30,1,20000,10000.0
754,233,20240930,2024-09-30,1,20000,10000.0
873,123,20240930,2024-09-30,1,20000,10000.0
1362,1385,20240930,2024-09-30,1,20000,10000.0
977,568,20240930,2024-09-30,1,20000,10000.0
919,871,20240930,2024-09-30,1,20000,17000.0
1188,992,20240930,2024-09-30,1,20000,10000.0
1435,429,20240930,2024-09-30,1,20000,10000.0
977,602,20240930,2024-09-30,1,20000,10000.0
1435,1869,20240930,2024-09-30,1,20000,10000.0
589,1443,20240930,2024-09-30,1,20000,10000.0
1065,2385,20240930,2024-09-30,1,20000,17000.0
1362,1859,20240930,2024-09-30,1,20000,10000.0
977,1506,20240930,2024-09-30,1,20000,10000.0
977,1510,20240930,2024-09-30,1,20000,10000.0
1362,1200,20240930,2024-09-30,1,20000,10000.0
977,214,20240930,2024-09-30,1,20000,10000.0
638,897,20240930,2024-09-30,1,20000,10000.0
742,997,20240930,2024-09-30,1,20000,10000.0
1435,1294,20240930,2024-09-30,1,20000,10000.0
742,2275,20240930,2024-09-30,1,20000,10000.0
1219,1230,20240930,2024-09-30,1,20000,10000.0
1219,2237,20240930,2024-09-30,1,20000,10000.0
977,1298,20240930,2024-09-30,1,20000,10000.0
97,1794,20240930,2024-09-30,2,20000,10000.0
977,767,20240930,2024-09-30,1,20000,10000.0
1065,806,20240930,2024-09-30,1,20000,17000.0
754,511,20240930,2024-09-30,1,20000,10000.0
1362,2287,20240930,2024-09-30,1,20000,10000.0
977,2008,20240930,2024-09-30,1,20000,10000.0
1435,2284,20240930,2024-09-30,1,20000,10000.0
977,161,20240930,2024-09-30,1,20000,10000.0
977,799,20240930,2024-09-30,1,20000,10000.0
1312,1508,20240930,2024-09-30,1,20000,10000.0
1362,139,20240930,2024-09-30,1,20000,10000.0
1065,1698,20240930,2024-09-30,1,20000,17000.0
1362,223,20240930,2024-09-30,1,20000,10000.0
919,398,20240930,2024-09-30,1,19700,16745.0
1065,974,20240930,2024-09-30,1,19500,16575.0
919,1237,20240930,2024-09-30,1,19500,16575.0
905,2198,20240930,2024-09-30,1,19000,9500.0
1362,1228,20240930,2024-09-30,1,19000,9500.0
1362,2008,20240930,2024-09-30,1,19000,9500.0
494,2227,20240930,2024-09-30,1,19000,9500.0
919,907,20240930,2024-09-30,1,18900,16065.0
919,1276,20240930,2024-09-30,1,18700,15895.0
1065,1597,20240930,2024-09-30,1,18500,15725.0
1362,147,20240930,2024-09-30,1,18500,9250.0
919,241,20240930,2024-09-30,1,18100,15385.0
919,419,20240930,2024-09-30,1,18100,15385.0
1435,1415,20240930,2024-09-30,1,18000,9000.0
589,1498,20240930,2024-09-30,2,18000,9000.0
1362,2297,20240930,2024-09-30,1,18000,9000.0
919,2075,20240930,2024-09-30,1,18000,15300.0
1065,12,20240930,2024-09-30,1,18000,15300.0
905,968,20240930,2024-09-30,1,18000,9000.0
1362,791,20240930,2024-09-30,1,17900,8950.0
919,1441,20240930,2024-09-30,1,17900,15215.0
1362,152,20240930,2024-09-30,2,17800,8900.0
1065,1237,20240930,2024-09-30,1,17500,14875.0
1065,579,20240930,2024-09-30,1,17500,14875.0
919,249,20240930,2024-09-30,1,17500,14875.0
1362,587,20240930,2024-09-30,2,17200,8600.0
1107,1703,20240930,2024-09-30,1,17000,8500.0
1362,1003,20240930,2024-09-30,1,17000,8500.0
200,1470,20240930,2024-09-30,1,17000,14450.0
1065,1448,20240930,2024-09-30,1,17000,14450.0
1065,47,20240930,2024-09-30,1,17000,14450.0
1133,1376,20240930,2024-09-30,1,16500,8250.0
1065,1059,20240930,2024-09-30,1,16500,14025.0
1362,603,20240930,2024-09-30,1,16000,8000.0
1065,1546,20240930,2024-09-30,1,16000,13600.0
1362,1505,20240930,2024-09-30,1,16000,8000.0
523,1199,20240930,2024-09-30,1,15600,13260.0
1368,1424,20240930,2024-09-30,1,15500,7750.0
742,866,20240930,2024-09-30,1,15000,7500.0
1435,1041,20240930,2024-09-30,1,15000,7500.0
1000,1194,20240930,2024-09-30,1,15000,12750.0
1435,377,20240930,2024-09-30,1,15000,7500.0
1435,1285,20240930,2024-09-30,1,15000,7500.0
1065,318,20240930,2024-09-30,1,15000,12750.0
1435,171,20240930,2024-09-30,1,15000,7500.0
1065,807,20240930,2024-09-30,1,15000,12750.0
1435,1735,20240930,2024-09-30,1,15000,7500.0
1466,505,20240930,2024-09-30,1,15000,7500.0
1435,482,20240930,2024-09-30,1,15000,7500.0
1435,2200,20240930,2024-09-30,1,15000,7500.0
1435,1289,20240930,2024-09-30,1,15000,7500.0
1435,500,20240930,2024-09-30,1,15000,7500.0
1065,954,20240930,2024-09-30,1,15000,12750.0
1435,277,20240930,2024-09-30,1,15000,7500.0
1435,1942,20240930,2024-09-30,1,15000,7500.0
919,1262,20240930,2024-09-30,1,15000,12750.0
1435,1830,20240930,2024-09-30,1,15000,7500.0
1435,388,20240930,2024-09-30,1,15000,7500.0
1435,255,20240930,2024-09-30,1,15000,7500.0
1435,324,20240930,2024-09-30,1,15000,7500.0
1435,2394,20240930,2024-09-30,1,15000,7500.0
1435,2155,20240930,2024-09-30,1,15000,7500.0
919,1702,20240930,2024-09-30,1,15000,12750.0
1435,1878,20240930,2024-09-30,1,15000,7500.0
1136,1041,20240930,2024-09-30,1,15000,7500.0
1435,229,20240930,2024-09-30,1,15000,7500.0
1435,289,20240930,2024-09-30,1,15000,7500.0
1435,1219,20240930,2024-09-30,1,15000,7500.0
873,2398,20240930,2024-09-30,1,15000,7500.0
1435,162,20240930,2024-09-30,1,15000,7500.0
1435,1875,20240930,2024-09-30,1,15000,7500.0
1435,68,20240930,2024-09-30,1,15000,7500.0
1435,889,20240930,2024-09-30,1,15000,7500.0
1435,528,20240930,2024-09-30,1,15000,7500.0
1435,1816,20240930,2024-09-30,1,15000,7500.0
1435,599,20240930,2024-09-30,1,15000,7500.0
1435,2040,20240930,2024-09-30,1,15000,7500.0
1435,1262,20240930,2024-09-30,1,15000,7500.0
818,2129,20240930,2024-09-30,1,15000,7500.0
1435,2136,20240930,2024-09-30,1,15000,7500.0
1435,2003,20240930,2024-09-30,1,15000,7500.0
1435,1382,20240930,2024-09-30,1,15000,7500.0
1435,2098,20240930,2024-09-30,1,15000,7500.0
1435,1412,20240930,2024-09-30,1,15000,7500.0
1065,2205,20240930,2024-09-30,1,15000,12750.0
1435,1989,20240930,2024-09-30,1,15000,7500.0
1295,2373,20240930,2024-09-30,1,15000,7500.0
1435,611,20240930,2024-09-30,1,15000,7500.0
1435,2250,20240930,2024-09-30,1,15000,7500.0
1435,1222,20240930,2024-09-30,1,15000,7500.0
932,463,20240930,2024-09-30,1,15000,7500.0
1065,1731,20240930,2024-09-30,1,15000,12750.0
1435,2277,20240930,2024-09-30,1,15000,7500.0
1065,421,20240930,2024-09-30,1,15000,12750.0
1435,1321,20240930,2024-09-30,1,15000,7500.0
1435,1409,20240930,2024-09-30,1,15000,7500.0
586,1769,20240930,2024-09-30,1,15000,7500.0
1435,2152,20240930,2024-09-30,1,15000,7500.0
818,1473,20240930,2024-09-30,1,15000,7500.0
1435,151,20240930,2024-09-30,1,15000,7500.0
1435,352,20240930,2024-09-30,1,15000,7500.0
1435,1411,20240930,2024-09-30,1,15000,7500.0
1435,216,20240930,2024-09-30,1,15000,7500.0
1435,2213,20240930,2024-09-30,1,15000,7500.0
1435,1706,20240930,2024-09-30,1,15000,7500.0
1435,1010,20240930,2024-09-30,1,15000,7500.0
494,1225,20240930,2024-09-30,1,15000,7500.0
1435,2145,20240930,2024-09-30,1,15000,7500.0
1435,2269,20240930,2024-09-30,1,15000,7500.0
1065,2060,20240930,2024-09-30,1,15000,12750.0
1435,1958,20240930,2024-09-30,1,15000,7500.0
1435,2150,20240930,2024-09-30,1,15000,7500.0
1368,136,20240930,2024-09-30,1,15000,7500.0
1435,1003,20240930,2024-09-30,1,15000,7500.0
754,616,20240930,2024-09-30,1,15000,7500.0
1435,1915,20240930,2024-09-30,1,15000,7500.0
754,1733,20240930,2024-09-30,1,15000,7500.0
1435,1395,20240930,2024-09-30,1,15000,7500.0
1435,1722,20240930,2024-09-30,1,15000,7500.0
1065,867,20240930,2024-09-30,1,15000,12750.0
1219,1830,20240930,2024-09-30,1,15000,7500.0
1435,1836,20240930,2024-09-30,1,15000,7500.0
1065,1652,20240930,2024-09-30,1,15000,12750.0
1435,336,20240930,2024-09-30,1,15000,7500.0
754,1397,20240930,2024-09-30,1,15000,7500.0
1435,36,20240930,2024-09-30,1,15000,7500.0
1435,383,20240930,2024-09-30,1,15000,7500.0
1435,451,20240930,2024-09-30,1,15000,7500.0
1435,1168,20240930,2024-09-30,1,15000,7500.0
818,2215,20240930,2024-09-30,1,15000,7500.0
1435,351,20240930,2024-09-30,1,15000,7500.0
1435,1229,20240930,2024-09-30,1,15000,7500.0
1435,404,20240930,2024-09-30,1,15000,7500.0
1435,1311,20240930,2024-09-30,1,15000,7500.0
1435,1379,20240930,2024-09-30,1,15000,7500.0
966,1769,20240930,2024-09-30,1,15000,7500.0
1065,681,20240930,2024-09-30,1,15000,12750.0
1435,2214,20240930,2024-09-30,1,15000,7500.0
1435,1160,20240930,2024-09-30,1,15000,7500.0
1466,1946,20240930,2024-09-30,1,15000,7500.0
488,2095,20240930,2024-09-30,1,15000,12750.0
1435,1653,20240930,2024-09-30,1,15000,7500.0
742,2284,20240930,2024-09-30,1,15000,7500.0
1435,1414,20240930,2024-09-30,1,15000,7500.0
1373,1358,20240930,2024-09-30,1,15000,7500.0
586,1805,20240930,2024-09-30,1,15000,7500.0
1435,2088,20240930,2024-09-30,1,15000,7500.0
1435,554,20240930,2024-09-30,1,15000,7500.0
257,1678,20240930,2024-09-30,1,15000,7500.0
1435,227,20240930,2024-09-30,1,15000,7500.0
1435,1922,20240930,2024-09-30,1,15000,7500.0
1435,2078,20240930,2024-09-30,1,15000,7500.0
818,858,20240930,2024-09-30,1,15000,7500.0
1435,1043,20240930,2024-09-30,1,15000,7500.0
1435,2062,20240930,2024-09-30,1,15000,7500.0
818,1487,20240930,2024-09-30,1,15000,7500.0
1065,416,20240930,2024-09-30,1,15000,12750.0
1435,2186,20240930,2024-09-30,1,15000,7500.0
1435,444,20240930,2024-09-30,1,15000,7500.0
1435,2190,20240930,2024-09-30,1,15000,7500.0
1435,1260,20240930,2024-09-30,1,15000,7500.0
1435,1291,20240930,2024-09-30,1,15000,7500.0
1435,1447,20240930,2024-09-30,1,15000,7500.0
919,1847,20240930,2024-09-30,1,15000,12750.0
1065,659,20240930,2024-09-30,1,15000,12750.0
1362,153,20240930,2024-09-30,1,15000,7500.0
1435,18,20240930,2024-09-30,1,15000,7500.0
1435,345,20240930,2024-09-30,1,15000,7500.0
1435,494,20240930,2024-09-30,1,15000,7500.0
1065,519,20240930,2024-09-30,1,15000,12750.0
1435,1227,20240930,2024-09-30,1,15000,7500.0
786,1865,20240930,2024-09-30,1,15000,12750.0
1435,1408,20240930,2024-09-30,1,15000,7500.0
638,890,20240930,2024-09-30,1,14800,12580.0
754,2277,20240930,2024-09-30,1,14200,7100.0
1362,730,20240930,2024-09-30,1,14000,7000.0
1295,2362,20240930,2024-09-30,1,14000,7000.0
905,977,20240930,2024-09-30,1,14000,7000.0
1107,1374,20240930,2024-09-30,1,14000,7000.0
1362,469,20240930,2024-09-30,1,13900,6950.0
1362,1853,20240930,2024-09-30,1,13500,6750.0
1362,205,20240930,2024-09-30,1,13500,6750.0
404,2238,20240930,2024-09-30,1,13500,6750.0
1241,510,20240930,2024-09-30,1,13000,6500.0
1362,1054,20240930,2024-09-30,1,13000,6500.0
1362,998,20240930,2024-09-30,1,13000,6500.0
919,2019,20240930,2024-09-30,1,12800,10880.0
100,1619,20240930,2024-09-30,1,12700,6350.0
1362,2263,20240930,2024-09-30,1,12500,6250.0
1435,1310,20240930,2024-09-30,1,12500,6250.0
1362,457,20240930,2024-09-30,1,12000,6000.0
905,1927,20240930,2024-09-30,1,12000,6000.0
1362,1203,20240930,2024-09-30,1,12000,6000.0
1362,2105,20240930,2024-09-30,1,12000,6000.0
495,1088,20240930,2024-09-30,1,11600,5800.0
96,1632,20240930,2024-09-30,1,11200,9520.0
1155,2264,20240930,2024-09-30,1,11000,5500.0
1466,117,20240930,2024-09-30,1,11000,9350.0
778,1615,20240930,2024-09-30,1,11000,5500.0
1414,999,20240930,2024-09-30,1,10700,5350.0
1185,853,20240930,2024-09-30,1,10700,9095.0
1362,1022,20240930,2024-09-30,1,10600,5300.0
1362,2098,20240930,2024-09-30,1,10600,5300.0
1362,361,20240930,2024-09-30,1,10100,5050.0
1362,1026,20240930,2024-09-30,1,10000,5000.0
1362,1212,20240930,2024-09-30,1,10000,5000.0
1435,996,20240930,2024-09-30,1,10000,5000.0
97,1749,20240930,2024-09-30,1,10000,5000.0
1435,399,20240930,2024-09-30,1,10000,5000.0
1368,1643,20240930,2024-09-30,1,10000,5000.0
742,1987,20240930,2024-09-30,1,10000,5000.0
1362,1395,20240930,2024-09-30,1,10000,5000.0
754,2236,20240930,2024-09-30,1,10000,5000.0
905,1310,20240930,2024-09-30,1,10000,5000.0
1362,508,20240930,2024-09-30,1,10000,5000.0
1362,556,20240930,2024-09-30,1,10000,5000.0
754,1380,20240930,2024-09-30,1,10000,5000.0
1435,273,20240930,2024-09-30,1,10000,5000.0
603,2288,20240930,2024-09-30,1,10000,5000.0
1435,295,20240930,2024-09-30,1,10000,5000.0
1362,1013,20240930,2024-09-30,1,10000,5000.0
383,503,20240930,2024-09-30,1,10000,5000.0
1435,2099,20240930,2024-09-30,1,10000,5000.0
1362,631,20240930,2024-09-30,1,10000,5000.0
742,560,20240930,2024-09-30,1,10000,5000.0
754,528,20240930,2024-09-30,1,10000,5000.0
873,2124,20240930,2024-09-30,1,10000,5000.0
1435,307,20240930,2024-09-30,1,10000,5000.0
1368,1659,20240930,2024-09-30,1,10000,5000.0
742,478,20240930,2024-09-30,1,10000,5000.0
200,1440,20240930,2024-09-30,1,10000,8500.0
78,2320,20240930,2024-09-30,1,10000,5000.0
1362,1378,20240930,2024-09-30,1,10000,5000.0
754,494,20240930,2024-09-30,1,10000,5000.0
754,1458,20240930,2024-09-30,1,10000,5000.0
1435,585,20240930,2024-09-30,1,10000,5000.0
162,1812,20240930,2024-09-30,1,10000,5000.0
1435,1270,20240930,2024-09-30,1,10000,5000.0
1435,39,20240930,2024-09-30,1,10000,5000.0
754,245,20240930,2024-09-30,1,10000,5000.0
1362,736,20240930,2024-09-30,1,10000,5000.0
1219,2238,20240930,2024-09-30,1,10000,5000.0
1362,1383,20240930,2024-09-30,1,10000,5000.0
1435,2135,20240930,2024-09-30,1,10000,5000.0
742,1530,20240930,2024-09-30,1,10000,5000.0
97,1779,20240930,2024-09-30,1,10000,5000.0
754,659,20240930,2024-09-30,1,10000,5000.0
1435,2154,20240930,2024-09-30,1,10000,5000.0
742,416,20240930,2024-09-30,1,10000,5000.0
1466,523,20240930,2024-09-30,1,10000,5000.0
1435,1402,20240930,2024-09-30,1,10000,5000.0
1362,1103,20240930,2024-09-30,1,10000,5000.0
523,1212,20240930,2024-09-30,1,9000,4500.0
742,1947,20240930,2024-09-30,1,8500,4250.0
523,2388,20240930,2024-09-30,1,8000,4000.0
261,237,20240930,2024-09-30,1,8000,4000.0
1295,932,20240930,2024-09-30,1,7000,3500.0
1362,491,20240930,2024-09-30,1,7000,3500.0
74,1589,20240930,2024-09-30,1,6600,3300.0
1362,2317,20240930,2024-09-30,1,6100,3050.0
1362,280,20240930,2024-09-30,1,6000,3000.0
1362,529,20240930,2024-09-30,1,5000,2500.0
818,2239,20240930,2024-09-30,1,5000,2500.0
1295,1560,20240930,2024-09-30,1,5000,2500.0
1435,2388,20240930,2024-09-30,1,5000,2500.0
1435,1492,20240930,2024-09-30,1,5000,2500.0
403,1488,20240930,2024-09-30,1,5000,2500.0
1435,1865,20240930,2024-09-30,1,5000,2500.0
403,164,20240930,2024-09-30,1,5000,2500.0
97,1764,20240930,2024-09-30,1,5000,2500.0
1435,1831,20240930,2024-09-30,1,5000,2500.0
1435,235,20240930,2024-09-30,1,5000,2500.0
