loan_id,customer_id,origination_date,maturity_date,region,country,industry,customer_segment,loan_product,loan_amount,outstanding_balance,interest_rate,term_months,credit_score,annual_revenue_m,collateral_value,ltv,debt_service_coverage_ratio,payment_status,days_past_due,risk_score,risk_bucket,default_flag
L100000,C1207,2024-07-06,2028-07-06,Asia-Pacific,Australia,Public Sector,Mid-Market,Equipment Finance,390768.53,322486.13,0.032,48,688.0,55.42,417754.91,0.772,1.9,Current,0,30.5,Low,0
L100001,C1241,2024-05-01,2029-05-01,Europe,Germany,Transportation,Public Sector,Leasing,4064572.74,3324410.31,0.0371,60,768.0,221.11,6474574.54,0.513,2.37,Current,0,22.5,Low,0
L100002,C1307,2023-03-13,2026-03-13,Middle East & Africa,South Africa,Energy,Mid-Market,Working Capital,959182.72,334330.61,0.0864,36,693.0,26.2,969885.94,0.345,1.0,Current,0,40.8,Moderate,0
L100003,C1212,2023-05-08,2027-05-08,Asia-Pacific,Singapore,Construction,Mid-Market,Leasing,890800.85,459815.26,0.0875,48,699.0,43.67,1081278.79,0.425,1.14,Current,0,38.7,Moderate,0
L100004,C1067,2024-10-01,2028-10-01,North America,United States,Manufacturing,Enterprise,Equipment Finance,3819465.35,3082099.72,0.0335,48,691.0,626.14,4677735.59,0.659,1.54,Current,0,28.4,Low,0
L100005,C1347,2024-09-22,2029-09-22,Latin America,Colombia,Construction,Mid-Market,Leasing,1618970.85,1272778.69,0.1115,60,675.0,25.92,2147749.78,0.593,1.1,Late 30,31,62.1,Elevated,0
L100006,C1154,2024-08-17,2031-08-17,Asia-Pacific,China,Transportation,Enterprise,Leasing,5252278.45,4413985.9,0.0622,84,764.0,343.63,5298230.86,0.833,1.51,Current,0,40.6,Moderate,0
L100007,C1182,2023-06-26,2029-06-26,Asia-Pacific,China,Manufacturing,Mid-Market,Equipment Finance,1897187.7,1408025.51,0.0472,72,741.0,44.69,3071957.15,0.458,1.81,Default,182,64.8,Elevated,1
L100008,C1243,2024-07-14,2029-07-14,North America,United States,Manufacturing,SME,Working Capital,234008.7,201201.95,0.0832,60,642.0,5.73,245336.54,0.82,1.52,Late 60,61,78.6,High,0
L100009,C1100,2023-03-13,2028-03-13,Europe,Germany,Construction,Enterprise,Equipment Finance,2832679.31,1669512.13,0.0564,60,693.0,1201.24,4092788.68,0.408,1.56,Current,0,29.2,Low,0
L100010,C1375,2023-06-24,2028-06-24,Europe,Germany,Energy,SME,Working Capital,280175.56,207490.19,0.0951,60,626.0,4.57,367199.09,0.565,1.42,Late 30,42,59.9,Elevated,0
L100011,C1016,2024-06-03,2028-06-03,Latin America,Brazil,Retail,SME,Leasing,393052.51,275745.05,0.1099,48,635.0,3.58,408327.15,0.675,1.35,Current,0,46.1,Moderate,0
L100012,C1058,2024-11-11,2026-11-11,Asia-Pacific,China,Construction,Mid-Market,Project Finance,1605319.2,999818.97,0.0909,24,629.0,318.36,1655705.84,0.604,0.9,Current,0,57.6,Elevated,0
L100013,C1376,2024-12-23,2029-12-23,Middle East & Africa,Saudi Arabia,Construction,Enterprise,Equipment Finance,2829361.47,2482682.27,0.0755,60,709.0,366.94,3778898.73,0.657,1.63,Late 60,73,57.2,Elevated,0
L100014,C1171,2025-12-09,2030-12-09,Europe,United Kingdom,Energy,Enterprise,Equipment Finance,6693233.75,6559369.08,0.0433,60,752.0,426.49,10773403.48,0.609,1.44,Current,0,24.5,Low,0
L100015,C1339,2025-07-25,2029-07-25,North America,Mexico,Construction,SME,Equipment Finance,857060.35,790233.25,0.1035,48,620.0,4.41,911834.36,0.867,1.15,Current,0,72.5,Elevated,0
L100016,C1344,2024-02-08,2030-02-08,Europe,Netherlands,Retail,SME,Leasing,158537.22,118610.24,0.0773,72,657.0,4.63,237231.55,0.5,1.53,Current,0,33.1,Low,0
L100017,C1376,2025-05-12,2030-05-12,North America,Canada,Manufacturing,Public Sector,Equipment Finance,1926488.45,1800616.19,0.032,60,740.0,241.36,2688544.56,0.67,1.99,Current,0,23.8,Low,0
L100018,C1275,2023-04-26,2027-04-26,Middle East & Africa,South Africa,Healthcare,SME,Project Finance,740294.31,338310.24,0.0706,48,723.0,9.73,978167.59,0.346,1.59,Current,0,16.2,Low,0
L100019,C1259,2025-07-07,2027-07-07,Asia-Pacific,Singapore,Energy,SME,Equipment Finance,432918.04,388201.59,0.0955,24,641.0,7.07,624826.04,0.621,1.35,Current,0,41.1,Moderate,0
L100020,C1233,2024-02-28,2026-02-28,Asia-Pacific,China,Healthcare,SME,Equipment Finance,241132.97,74042.86,0.0775,24,661.0,10.72,256113.49,0.289,1.47,Current,0,28.9,Low,0
L100021,C1259,2025-04-02,2029-04-02,Europe,Germany,Construction,Mid-Market,Leasing,2167266.29,1847759.52,0.0815,48,650.0,110.8,2356529.53,0.784,1.88,Default,230,95.0,High,1
L100022,C1097,2025-11-08,2029-11-08,Latin America,Chile,Technology,Enterprise,Project Finance,8197066.32,8003922.29,0.0559,48,702.0,546.26,12020777.16,0.666,1.8,Current,0,24.0,Low,0
L100023,C1309,2025-02-17,2028-02-17,Middle East & Africa,United Arab Emirates,Transportation,Enterprise,Project Finance,8733475.91,7584157.66,0.0749,36,742.0,606.13,10560528.59,0.718,1.5,Grace Period,15,31.6,Low,0
L100024,C1071,2025-10-17,2028-10-17,Asia-Pacific,India,Healthcare,Enterprise,Working Capital,5291444.11,4966037.78,0.032,36,742.0,954.51,5822640.21,0.853,1.9,Current,0,34.8,Low,0
L100025,C1182,2023-01-26,2026-01-26,North America,Mexico,Manufacturing,SME,Leasing,188704.67,46420.74,0.0772,36,674.0,2.76,303560.04,0.153,1.28,Grace Period,23,35.1,Moderate,0
L100026,C1142,2023-07-27,2028-07-27,Europe,Germany,Energy,SME,Working Capital,170578.14,124417.3,0.0893,60,712.0,25.88,126905.65,0.98,1.93,Current,0,51.8,Moderate,0
L100027,C1289,2024-11-19,2029-11-19,North America,Canada,Public Sector,Mid-Market,Working Capital,257674.74,220529.52,0.032,60,773.0,42.21,262122.28,0.841,1.58,Current,0,30.3,Low,0
L100028,C1096,2024-08-19,2028-08-19,North America,United States,Transportation,SME,Equipment Finance,295408.08,217988.95,0.086,48,595.0,4.42,381358.72,0.572,1.38,Current,0,49.4,Moderate,0
L100029,C1078,2023-05-09,2026-05-09,Asia-Pacific,Singapore,Healthcare,SME,Leasing,103240.47,59130.81,0.0501,36,708.0,2.59,101158.84,0.585,1.47,Current,0,20.4,Low,0
L100030,C1307,2025-02-23,2028-02-23,Asia-Pacific,Australia,Construction,SME,Project Finance,931931.45,742804.56,0.1171,36,659.0,2.64,1503294.67,0.494,1.1,Grace Period,19,47.0,Moderate,0
L100031,C1185,2023-03-19,2026-03-19,Latin America,Chile,Manufacturing,SME,Equipment Finance,416513.6,188016.49,0.1005,36,654.0,10.06,725189.62,0.259,1.13,Current,0,42.6,Moderate,0
L100032,C1273,2025-12-01,2029-12-01,Europe,Germany,Energy,Mid-Market,Working Capital,453921.73,444843.3,0.0691,48,708.0,236.98,453740.17,0.98,1.3,Current,0,59.1,Elevated,0
L100033,C1333,2023-06-24,2025-06-24,Europe,Germany,Energy,Enterprise,Leasing,2454314.78,196345.18,0.0486,24,662.0,337.68,3951538.73,0.05,1.98,Current,0,32.0,Low,0
L100034,C1317,2024-05-11,2028-05-11,Europe,Netherlands,Retail,SME,Leasing,380805.77,295701.08,0.0759,48,716.0,6.82,352770.93,0.838,1.11,Grace Period,6,50.8,Moderate,0
L100035,C1151,2025-06-14,2032-06-14,North America,United States,Construction,Mid-Market,Equipment Finance,501548.47,468427.09,0.0749,84,702.0,66.48,880554.6,0.532,1.7,Current,0,27.5,Low,0
L100036,C1065,2024-07-14,2028-07-14,North America,United States,Transportation,Enterprise,Working Capital,2147610.43,1633027.76,0.0711,48,689.0,892.42,2806817.33,0.582,1.69,Current,0,28.1,Low,0
L100037,C1364,2025-03-23,2031-03-23,Europe,Netherlands,Manufacturing,Enterprise,Project Finance,9628011.92,8804156.06,0.032,72,714.0,1899.58,10212891.17,0.862,1.64,Current,0,40.2,Moderate,0
L100038,C1117,2025-02-08,2028-02-08,North America,Canada,Manufacturing,Enterprise,Equipment Finance,1233747.72,1015933.9,0.0337,36,671.0,1232.49,1813190.13,0.56,1.86,Late 60,97,56.6,Elevated,0
L100039,C1292,2025-11-11,2028-11-11,Asia-Pacific,Australia,Transportation,Mid-Market,Leasing,1081434.8,1047292.6,0.0731,36,678.0,50.02,1620772.85,0.646,1.39,Current,0,36.3,Moderate,0
L100040,C1292,2024-05-02,2031-05-02,Europe,Netherlands,Healthcare,Enterprise,Equipment Finance,1313662.72,1081098.8,0.032,84,,666.22,1654524.33,0.653,1.61,Current,0,18.8,Low,0
L100041,C1168,2025-12-10,2029-12-10,Middle East & Africa,Saudi Arabia,Retail,SME,Equipment Finance,304940.35,298841.54,0.1192,48,610.0,8.12,391944.05,0.762,0.94,Late 60,87,96.3,High,0
L100042,C1062,2024-07-03,2029-07-03,Asia-Pacific,Australia,Construction,Mid-Market,Trade Finance,320830.27,251054.51,0.0806,60,712.0,57.28,440092.37,0.57,1.53,Grace Period,28,26.3,Low,0
L100043,C1179,2025-09-17,2032-09-17,Europe,Germany,Technology,SME,Leasing,561584.32,546157.99,0.0419,84,730.0,2.79,567380.17,0.963,1.79,Current,0,44.5,Moderate,0
L100044,C1055,2025-03-26,2030-03-26,Middle East & Africa,United Arab Emirates,Construction,Mid-Market,Leasing,371537.46,339968.94,0.0853,60,681.0,35.35,367323.47,0.926,1.32,Current,0,61.8,Elevated,0
L100045,C1133,2023-05-14,2027-05-14,Asia-Pacific,China,Retail,Mid-Market,Equipment Finance,372170.41,263872.94,0.0733,48,680.0,118.19,449341.42,0.587,1.38,Current,0,32.9,Low,0
L100046,C1145,2024-12-26,2028-12-26,Europe,Netherlands,Technology,SME,Trade Finance,229265.87,184174.33,0.0458,48,698.0,11.95,333798.45,0.552,1.57,Current,0,21.1,Low,0
L100047,C1196,2025-08-28,2027-08-28,North America,Canada,Transportation,Enterprise,Equipment Finance,2728706.54,2402162.17,0.0683,24,721.0,422.04,3533536.95,0.68,1.5,Current,0,28.6,Low,0
L100048,C1070,2023-05-02,2026-05-02,Asia-Pacific,China,Retail,SME,Working Capital,75024.37,34086.14,0.1025,36,619.0,6.47,79564.74,0.428,0.78,Late 30,59,77.4,High,0
L100049,C1321,2025-07-15,2027-07-15,North America,United States,Energy,SME,Equipment Finance,442877.77,376764.52,0.0973,24,639.0,11.55,516655.86,0.729,1.41,Grace Period,28,48.5,Moderate,0
L100050,C1029,2023-04-15,2029-04-15,North America,Mexico,Retail,SME,Equipment Finance,102847.94,75456.72,0.086,72,649.0,1.91,119877.42,0.629,1.55,Current,0,34.7,Low,0
L100051,C1374,2025-08-11,2030-08-11,North America,Mexico,Manufacturing,Mid-Market,Working Capital,292248.72,275511.69,0.0523,60,713.0,43.98,341299.29,0.807,1.57,Current,0,36.0,Moderate,0
L100052,C1118,2025-05-24,2029-05-24,Asia-Pacific,India,Transportation,SME,Equipment Finance,233853.39,208298.35,0.0989,48,658.0,19.22,257538.4,0.809,1.75,Late 60,103,76.8,High,0
L100053,C1186,2023-06-12,2026-06-12,Asia-Pacific,China,Construction,Mid-Market,Working Capital,848876.72,258055.21,0.1006,36,690.0,69.83,1002422.0,0.257,1.0,Late 30,59,62.0,Elevated,0
L100054,C1332,2025-03-02,2030-03-02,Asia-Pacific,Singapore,Transportation,SME,Equipment Finance,692073.84,639206.36,0.1026,60,600.0,2.73,913901.77,0.699,1.09,Late 30,35,80.4,High,0
L100055,C1248,2023-05-16,2029-05-16,Asia-Pacific,India,Technology,Enterprise,Working Capital,3616664.29,2586512.74,0.046,72,770.0,516.2,4280152.87,0.604,1.71,Current,0,17.1,Low,0
L100056,C1021,2024-09-06,2028-09-06,Europe,United Kingdom,Transportation,Public Sector,Project Finance,3799024.04,3258852.38,0.047,48,734.0,433.27,4506771.23,0.723,1.99,Current,0,30.7,Low,0
L100057,C1229,2025-10-10,2029-10-10,Europe,Netherlands,Manufacturing,Mid-Market,Working Capital,130423.42,124396.83,0.0556,48,801.0,11.96,171446.69,0.726,1.07,Current,0,40.8,Moderate,0
L100058,C1215,2023-08-15,2029-08-15,North America,Mexico,Energy,Mid-Market,Equipment Finance,1215798.98,893161.86,0.0599,72,681.0,64.7,1290773.81,0.692,1.71,Current,0,34.4,Low,0
L100059,C1354,2023-07-21,2029-07-21,North America,Mexico,Energy,Enterprise,Working Capital,4476632.99,3394930.91,0.049,72,740.0,381.03,6043333.6,0.562,1.62,Current,0,21.6,Low,0
L100060,C1213,2024-04-08,2030-04-08,Asia-Pacific,Australia,Transportation,Public Sector,Trade Finance,2984024.46,2342636.65,0.0485,72,,83.1,3286890.66,0.713,1.24,Late 60,73,66.0,Elevated,0
L100061,C1377,2024-02-11,2028-02-11,Europe,France,Technology,Mid-Market,Equipment Finance,1267716.35,908653.52,0.032,48,720.0,61.02,1333519.27,0.681,1.75,Current,0,22.0,Low,0
L100062,C1201,2023-02-02,2026-02-02,Europe,France,Energy,Enterprise,Equipment Finance,1739962.96,901472.12,0.032,36,725.0,441.05,2508684.37,0.359,1.45,Current,0,24.2,Low,0
L100063,C1073,2024-05-11,2028-05-11,Asia-Pacific,China,Retail,Public Sector,Project Finance,3061683.53,2298239.58,0.0541,48,698.0,226.59,3270691.42,0.703,1.75,Current,0,31.8,Low,0
L100064,C1192,2023-10-17,2027-10-17,Asia-Pacific,Australia,Healthcare,Enterprise,Equipment Finance,10648167.19,8074143.02,0.032,48,805.0,386.78,14528384.26,0.556,1.43,Current,0,19.3,Low,0
L100065,C1348,2023-05-18,2029-05-18,Europe,United Kingdom,Technology,Mid-Market,Working Capital,234374.87,153426.82,0.0366,72,669.0,30.79,300406.63,0.511,1.82,Current,0,26.3,Low,0
L100066,C1006,2023-10-09,2025-10-09,Europe,France,Healthcare,SME,Working Capital,92271.57,18880.81,0.054,24,699.0,2.23,117522.61,0.161,2.06,Grace Period,23,20.0,Low,0
L100067,C1151,2023-01-02,2028-01-02,Europe,United Kingdom,Manufacturing,SME,Equipment Finance,563969.91,320560.73,0.0671,60,654.0,3.58,829198.87,0.387,1.58,Grace Period,14,31.7,Low,0
L100068,C1018,2025-09-17,2031-09-17,North America,United States,Construction,Mid-Market,Leasing,566064.23,541934.57,0.0872,72,675.0,98.81,924611.54,0.586,0.85,Current,0,50.6,Moderate,0
L100069,C1319,2025-12-19,2032-12-19,Europe,France,Technology,Mid-Market,Working Capital,268595.63,263223.72,0.0468,84,659.0,67.02,276066.17,0.953,1.78,Current,0,54.7,Moderate,0
L100070,C1194,2024-02-03,2029-02-03,North America,United States,Manufacturing,Mid-Market,Equipment Finance,2351209.76,1827215.39,0.0502,60,755.0,55.57,2467691.73,0.74,1.58,Current,0,29.4,Low,0
L100071,C1272,2025-08-15,2032-08-15,Europe,Netherlands,Retail,Mid-Market,Project Finance,2342701.64,2279974.79,0.0603,84,681.0,30.44,3548182.96,0.643,1.3,Current,0,36.6,Moderate,0
L100072,C1367,2024-05-03,2026-05-03,Middle East & Africa,United Arab Emirates,Public Sector,Mid-Market,Equipment Finance,776671.37,416287.31,0.032,24,676.0,46.0,921109.26,0.452,1.87,Current,0,20.5,Low,0
L100073,C1316,2025-09-13,2029-09-13,North America,Mexico,Construction,Enterprise,Leasing,1338492.46,1250116.76,0.063,48,762.0,758.11,1381563.95,0.905,1.75,Current,0,47.1,Moderate,0
L100074,C1155,2023-07-18,2025-07-18,North America,United States,Public Sector,SME,Project Finance,1980297.65,158423.81,0.0342,24,671.0,7.52,1886248.25,0.084,1.61,Current,0,21.4,Low,0
L100075,C1355,2023-11-21,2030-11-21,North America,United States,Retail,SME,Equipment Finance,321867.17,249887.13,0.0769,84,673.0,4.09,407459.68,0.613,0.96,Current,0,45.0,Moderate,0
L100076,C1179,2025-03-20,2031-03-20,North America,Mexico,Healthcare,Enterprise,Project Finance,12500000.0,11656491.59,0.032,72,779.0,95.08,14307740.32,0.815,1.33,Current,0,37.5,Moderate,0
L100077,C1371,2023-08-22,2025-08-22,Asia-Pacific,India,,Enterprise,Equipment Finance,5824556.66,2434567.78,0.0594,24,740.0,315.89,7263680.25,0.335,1.33,Current,0,28.2,Low,0
L100078,C1373,2025-06-07,2027-06-07,Europe,Germany,Transportation,Public Sector,Leasing,1244398.63,965107.45,0.0507,24,651.0,170.51,1673585.13,0.577,1.88,Current,0,34.9,Low,0
L100079,C1084,2024-04-24,2028-04-24,Asia-Pacific,China,Energy,Enterprise,Equipment Finance,2576081.86,2058090.92,0.0596,48,754.0,273.52,4079629.11,0.504,1.41,Default,221,70.2,Elevated,1
L100080,C1296,2024-03-10,2027-03-10,Asia-Pacific,Singapore,Energy,Enterprise,Working Capital,4414087.24,2673290.13,0.0767,36,724.0,371.53,6106117.4,0.438,1.29,Grace Period,13,28.4,Low,0
L100081,C1265,2024-05-11,2030-05-11,Europe,Germany,Manufacturing,SME,Project Finance,1410594.73,1191613.34,0.0858,72,659.0,9.12,1369035.17,0.87,1.66,Late 60,73,78.8,High,0
L100082,C1292,2025-05-23,2028-05-23,Asia-Pacific,India,Transportation,Mid-Market,Project Finance,603675.23,532999.0,0.0692,36,686.0,56.67,611394.05,0.872,1.56,Current,0,48.8,Moderate,0
L100083,C1063,2023-01-10,2029-01-10,North America,Canada,Construction,SME,Trade Finance,291899.81,191997.03,0.0981,72,589.0,10.16,391841.02,0.49,1.33,Current,0,53.6,Moderate,0
L100084,C1191,2025-04-03,2030-04-03,North America,Mexico,Construction,Mid-Market,Working Capital,496866.01,437017.08,0.0753,60,689.0,22.77,445757.42,0.98,1.57,Default,203,100.0,High,1
L100085,C1057,2025-05-21,2029-05-21,North America,United States,Healthcare,Public Sector,Project Finance,2280319.5,2004170.46,0.032,48,707.0,190.36,2686383.32,0.746,1.99,Current,0,28.6,Low,0
L100086,C1341,2025-06-19,2028-06-19,Asia-Pacific,China,Energy,SME,Leasing,284989.31,251508.46,0.089,36,653.0,1.65,389983.41,0.645,1.02,Late 30,57,67.4,Elevated,0
L100087,C1331,2025-12-17,2032-12-17,Europe,Germany,Technology,Mid-Market,Trade Finance,287986.31,282226.58,0.032,84,719.0,44.52,427777.39,0.66,1.64,Current,0,20.5,Low,0
L100088,C1220,2025-05-05,2030-05-05,North America,United States,Technology,SME,Working Capital,136994.38,122724.7,0.0611,60,722.0,2.88,125179.19,0.98,1.35,Late 60,84,79.1,High,0
L100089,C1049,2024-08-18,2028-08-18,Europe,France,Retail,SME,Project Finance,380083.84,293553.92,0.0891,48,629.0,12.17,532493.34,0.551,0.89,Late 30,40,72.8,Elevated,0
L100090,C1249,2024-05-06,2028-05-06,North America,Canada,Retail,SME,Equipment Finance,244311.01,182358.99,0.0653,48,715.0,7.09,367542.03,0.496,1.26,Current,0,29.7,Low,0
L100091,C1166,2024-02-16,2030-02-16,Asia-Pacific,India,Retail,SME,Leasing,234905.05,183368.86,0.0788,72,696.0,10.32,362860.67,0.505,1.63,Current,0,25.6,Low,0
L100092,C1299,2025-06-15,2031-06-15,Europe,Netherlands,Public Sector,Public Sector,Working Capital,684950.78,651680.89,0.032,72,750.0,176.25,664714.51,0.98,2.5,Current,0,41.4,Moderate,0
L100093,C1037,2024-03-22,2030-03-22,Europe,Germany,Retail,Mid-Market,Equipment Finance,2413675.14,2098928.02,0.0646,72,650.0,30.82,3819807.21,0.549,1.74,Current,0,33.8,Low,0
L100094,C1154,2024-09-28,2029-09-28,Europe,Netherlands,Technology,Enterprise,Equipment Finance,4617621.32,3682833.99,0.032,60,690.0,250.09,7314311.7,0.504,1.9,Grace Period,9,22.5,Low,0
L100095,C1137,2023-04-06,2029-04-06,Asia-Pacific,Singapore,Manufacturing,Enterprise,Trade Finance,6384282.25,4467521.46,0.0393,72,746.0,565.87,6891168.13,0.648,2.02,Current,0,22.0,Low,0
L100096,C1362,2023-12-04,2027-12-04,Europe,France,Manufacturing,SME,Leasing,223138.47,168603.38,0.0572,48,644.0,16.9,304777.78,0.553,1.22,Current,0,42.1,Moderate,0
L100097,C1113,2023-10-16,2028-10-16,North America,United States,Healthcare,SME,Equipment Finance,237465.61,181345.11,0.0504,60,,7.1,362460.75,0.5,1.37,Current,0,20.9,Low,0
L100098,C1375,2024-04-27,2028-04-27,North America,Mexico,Energy,Enterprise,Equipment Finance,9618193.76,6185457.69,0.0433,48,702.0,380.48,,0.525,1.94,Current,0,24.8,Low,0
L100099,C1350,2024-07-05,2029-07-05,Latin America,Colombia,Manufacturing,SME,Leasing,175101.23,140091.95,0.0959,60,638.0,4.89,216924.16,0.646,1.26,Grace Period,19,44.2,Moderate,0
L100100,C1223,2025-02-14,2032-02-14,Middle East & Africa,Saudi Arabia,Retail,Public Sector,Working Capital,1113169.09,1015914.71,0.0557,84,745.0,225.58,1120775.7,0.906,1.51,Late 30,35,63.2,Elevated,0
L100101,C1066,2024-04-12,2031-04-12,Asia-Pacific,India,Manufacturing,SME,Trade Finance,322197.78,287536.65,0.0753,84,646.0,19.32,476895.3,0.603,1.54,Current,0,33.4,Low,0
L100102,C1084,2023-06-09,2027-06-09,North America,Mexico,Retail,Mid-Market,Trade Finance,307291.9,147139.86,0.051,48,692.0,124.62,276722.02,0.532,1.45,Current,0,28.9,Low,0
L100103,C1006,2024-08-19,2029-08-19,Latin America,Chile,Construction,Enterprise,Working Capital,2882013.98,2249197.21,0.0976,60,751.0,563.95,3042743.78,0.739,0.98,Late 60,107,76.6,High,0
L100104,C1294,2023-02-09,2029-02-09,Asia-Pacific,India,Transportation,SME,Working Capital,251847.89,174711.07,0.1019,72,662.0,5.89,206075.95,0.848,0.96,Current,0,66.5,Elevated,0
L100105,C1275,2025-07-14,2032-07-14,Asia-Pacific,Australia,Transportation,SME,Equipment Finance,681659.1,655856.19,0.0981,84,663.0,6.62,1025986.57,0.639,1.36,Late 30,45,57.2,Elevated,0
L100106,C1122,2025-04-24,2030-04-24,Europe,Germany,Healthcare,Public Sector,Project Finance,6957838.12,6234379.65,0.032,60,767.0,312.48,9812476.62,0.635,2.26,Current,0,17.4,Low,0
L100107,C1277,2023-09-11,2025-09-11,North America,Canada,Transportation,SME,Equipment Finance,693886.53,86721.86,0.108,24,594.0,4.26,968557.96,0.09,1.76,Late 60,90,73.2,Elevated,0
L100108,C1219,2023-10-01,2027-10-01,North America,United States,Manufacturing,Mid-Market,Equipment Finance,909065.62,535693.11,0.0356,48,719.0,34.37,1296802.25,0.413,1.55,Current,0,20.0,Low,0
L100109,C1310,2023-01-25,2029-01-25,Middle East & Africa,Saudi Arabia,Retail,Mid-Market,Trade Finance,381965.5,227200.74,0.0791,72,698.0,109.99,434024.97,0.523,1.31,Grace Period,9,31.4,Low,0
L100110,C1032,2024-02-08,2029-02-08,Europe,Netherlands,Healthcare,SME,Project Finance,2053494.34,1528072.8,0.05,60,717.0,5.58,2330699.67,0.656,2.05,Current,0,19.6,Low,0
L100111,C1075,2023-02-22,2028-02-22,North America,United States,Energy,Enterprise,Equipment Finance,1430883.34,984399.71,0.0378,60,751.0,864.37,2259132.7,0.436,1.9,Current,0,21.6,Low,0
L100112,C1306,2025-10-22,2030-10-22,Europe,Germany,Construction,Enterprise,Working Capital,834068.99,808666.18,0.0708,60,706.0,1331.96,824839.5,0.98,1.5,Current,0,56.9,Elevated,0
L100113,C1140,2023-05-15,2027-05-15,Europe,Netherlands,Transportation,Mid-Market,Leasing,1008837.72,509225.49,0.0603,48,729.0,80.1,1491695.18,0.341,1.12,Current,0,33.7,Low,0
L100114,C1364,2024-12-03,2028-12-03,North America,United States,Technology,Enterprise,Equipment Finance,8901923.17,7668863.91,0.032,48,734.0,599.49,13453119.4,0.57,1.61,Grace Period,6,17.1,Low,0
L100115,C1334,2024-09-27,2030-09-27,Middle East & Africa,United Arab Emirates,Transportation,SME,Equipment Finance,364403.03,324141.24,0.1169,72,667.0,40.0,613420.03,0.528,0.89,Current,0,49.2,Moderate,0
L100116,C1035,2023-09-20,2027-09-20,Asia-Pacific,Singapore,Manufacturing,SME,Equipment Finance,582842.59,343342.19,0.0693,48,660.0,6.25,708217.0,0.485,1.4,Late 30,44,52.5,Moderate,0
L100117,C1153,2025-06-12,2030-06-12,Asia-Pacific,China,Transportation,Mid-Market,Leasing,228426.46,212792.13,0.0669,60,708.0,29.5,292302.33,0.728,1.29,Current,0,40.1,Moderate,0
L100118,C1278,2023-04-24,2028-04-24,Europe,Netherlands,Energy,Public Sector,Leasing,1259908.64,745074.99,0.0399,60,726.0,193.2,1170760.19,0.636,2.4,Current,0,22.9,Low,0
L100119,C1051,2025-08-23,2031-08-23,Asia-Pacific,India,Energy,SME,Leasing,82578.49,79938.58,0.0904,72,727.0,14.39,130835.7,0.611,0.89,Current,0,38.8,Moderate,0
L100120,C1327,2025-03-22,2029-03-22,Europe,United Kingdom,Manufacturing,SME,Equipment Finance,513350.76,455492.65,0.0632,48,749.0,2.47,783652.31,0.581,1.19,Current,0,29.2,Low,0
L100121,C1037,2024-11-05,2029-11-05,Asia-Pacific,Australia,Healthcare,Mid-Market,Trade Finance,256796.75,226082.03,0.0414,60,748.0,36.38,351081.33,0.644,1.78,Current,0,18.1,Low,0
L100122,C1041,2025-08-18,2028-08-18,North America,Mexico,Healthcare,Enterprise,Working Capital,909194.26,821671.1,0.032,36,806.0,953.15,1117869.71,0.735,1.93,Current,0,25.4,Low,0
L100123,C1206,2024-03-09,2027-03-09,Europe,Germany,Technology,SME,Project Finance,813740.28,456232.49,0.0692,36,623.0,4.65,905893.63,0.504,0.93,Late 60,105,78.7,High,0
L100124,C1093,2023-11-03,2027-11-03,North America,United States,Manufacturing,Mid-Market,Equipment Finance,1794210.03,1219332.07,0.0598,48,650.0,54.17,2642683.34,0.461,1.16,Current,0,42.5,Moderate,0
L100125,C1242,2023-06-10,2025-06-10,Europe,Germany,Manufacturing,Enterprise,Working Capital,1739742.18,389706.42,0.0393,24,724.0,933.81,2228072.91,0.175,1.59,Current,0,19.8,Low,0
L100126,C1148,2025-10-03,2032-10-03,Europe,Netherlands,Technology,Mid-Market,Project Finance,2495757.77,2445842.61,0.05,84,715.0,37.19,2494759.46,0.98,2.15,Current,0,46.8,Moderate,0
L100127,C1102,2024-03-03,2030-03-03,North America,United States,Manufacturing,SME,Equipment Finance,445963.96,351290.2,0.0731,72,664.0,2.21,775581.57,0.453,1.98,Current,0,29.9,Low,0
L100128,C1317,2025-06-21,2027-06-21,North America,United States,Construction,SME,Equipment Finance,288118.95,219481.65,0.0922,24,588.0,2.32,486608.45,0.451,1.16,Current,0,58.2,Elevated,0
L100129,C1060,2023-12-15,2029-12-15,Europe,France,Retail,Mid-Market,Equipment Finance,513645.23,384034.14,0.0503,72,736.0,83.19,894905.66,0.429,1.55,Current,0,21.2,Low,0
L100130,C1187,2025-11-12,2029-11-12,North America,United States,Technology,Mid-Market,Equipment Finance,1344932.36,1317265.58,0.032,48,795.0,68.11,2187211.56,0.602,1.53,Current,0,17.6,Low,0
L100131,C1064,2025-08-06,2030-08-06,Latin America,Brazil,Retail,Enterprise,Leasing,3712438.21,3507724.61,0.077,60,773.0,312.43,4160653.2,0.843,1.59,Late 30,41,57.1,Elevated,0
L100132,C1052,2023-12-22,2029-12-22,Europe,France,Manufacturing,Mid-Market,Equipment Finance,1627818.64,1331712.86,0.0433,72,745.0,28.28,2370375.14,0.562,2.08,Late 30,42,37.8,Moderate,0
L100133,C1077,2024-06-18,2029-06-18,Europe,Netherlands,Manufacturing,Enterprise,Equipment Finance,4156918.1,3613691.43,0.032,60,745.0,405.87,4614685.47,0.783,2.08,Current,0,32.8,Low,0
L100134,C1097,2025-05-17,2028-05-17,Europe,Germany,Construction,Public Sector,Working Capital,626811.39,560574.75,0.0706,36,694.0,459.58,780771.97,0.718,1.76,Current,0,36.8,Moderate,0
L100135,C1156,2023-09-06,2025-09-06,North America,Mexico,Construction,Mid-Market,Equipment Finance,1446438.02,698719.94,0.0802,24,685.0,34.54,1642039.47,0.426,1.21,Current,0,39.4,Moderate,0
L100136,C1177,2023-01-04,2027-01-04,Latin America,Chile,Public Sector,Mid-Market,Leasing,726311.43,463590.96,0.032,48,802.0,38.46,1125868.39,0.412,1.73,Current,0,12.6,Low,0
L100137,C1052,2023-11-04,2030-11-04,Europe,France,Manufacturing,Public Sector,Working Capital,932983.88,720974.4,0.032,84,735.0,109.94,802755.86,0.898,2.34,Current,0,42.0,Moderate,0
L100138,C1014,2024-10-01,2029-10-01,Asia-Pacific,Singapore,Construction,SME,Equipment Finance,275181.87,239202.56,0.1134,60,633.0,4.38,313792.34,0.762,1.08,Late 30,32,81.5,High,0
L100139,C1035,2023-05-28,2027-05-28,North America,Canada,Healthcare,Enterprise,Equipment Finance,2324317.08,1211810.94,0.032,48,789.0,591.93,2494406.59,0.486,1.38,Current,0,20.6,Low,0
L100140,C1239,2024-01-11,2026-01-11,Europe,Germany,Healthcare,Enterprise,Equipment Finance,5808398.13,1170262.85,0.032,24,792.0,1781.46,9023485.0,0.13,1.81,Current,0,16.2,Low,0
L100141,C1370,2025-10-19,2031-10-19,Europe,Germany,Manufacturing,SME,Equipment Finance,143425.32,139593.51,0.0708,72,640.0,6.3,166323.58,0.839,1.43,Current,0,54.8,Moderate,0
L100142,C1009,2023-03-28,2027-03-28,Latin America,Brazil,Retail,Mid-Market,Leasing,408527.03,233782.66,0.0795,48,682.0,56.1,428238.81,0.546,0.85,Current,0,46.3,Moderate,0
L100143,C1013,2023-02-27,2028-02-27,Europe,United Kingdom,Manufacturing,SME,Equipment Finance,269786.99,157254.93,0.0557,60,653.0,9.39,309519.18,0.508,1.57,Current,0,31.9,Low,0
L100144,C1296,2024-04-09,2029-04-09,Europe,Germany,Public Sector,SME,Equipment Finance,832386.18,703972.09,0.032,60,693.0,8.47,1039938.63,0.677,1.96,Current,0,22.0,Low,0
L100145,C1275,2023-01-14,2026-01-14,North America,United States,Transportation,Mid-Market,Trade Finance,1161144.91,487856.11,0.0474,36,732.0,40.54,1864692.57,0.262,2.01,Current,0,22.5,Low,0
L100146,C1278,2023-02-13,2025-02-13,Europe,Germany,Construction,SME,Trade Finance,81928.79,9105.29,0.0919,24,619.0,22.92,,0.088,0.94,Current,0,58.3,Elevated,0
L100147,C1065,2023-07-01,2027-07-01,Europe,Germany,Construction,Enterprise,Equipment Finance,7595505.9,4039662.45,0.0444,48,755.0,472.8,9233540.96,0.437,1.74,Current,0,24.3,Low,0
L100148,C1328,2023-04-22,2027-04-22,Europe,Netherlands,Public Sector,Public Sector,Equipment Finance,4909249.54,2405015.09,0.032,48,770.0,266.3,5634802.6,0.427,2.63,Current,0,12.6,Low,0
L100149,C1236,2025-06-17,2030-06-17,North America,United States,Manufacturing,Enterprise,Leasing,1316752.57,1200573.29,0.0366,60,820.0,675.61,1224584.76,0.98,1.85,Current,0,48.6,Moderate,0
L100150,C1059,2023-05-11,2029-05-11,Middle East & Africa,Saudi Arabia,Manufacturing,SME,Project Finance,139918.6,96817.04,0.0973,72,684.0,6.82,164228.69,0.59,1.02,Late 30,37,58.1,Elevated,0
L100151,C1043,2024-07-16,2027-07-16,Middle East & Africa,United Arab Emirates,Transportation,SME,Project Finance,579182.77,398815.57,0.1154,36,654.0,14.16,569073.78,0.701,0.89,Current,0,58.0,Elevated,0
L100152,C1228,2025-02-21,2029-02-21,North America,United States,Healthcare,SME,Equipment Finance,625985.47,518722.83,0.0394,48,705.0,3.82,651187.02,0.797,1.66,Current,0,33.1,Low,0
L100153,C1296,2024-11-01,2026-11-01,Europe,France,Manufacturing,SME,Equipment Finance,821599.41,454108.24,0.0645,24,659.0,8.94,901487.45,0.504,1.53,Current,0,31.3,Low,0
L100154,C1296,2024-12-19,2027-12-19,North America,United States,Manufacturing,Public Sector,Leasing,1015819.3,795063.54,0.0324,36,680.0,254.71,1156907.6,0.687,1.86,Current,0,32.4,Low,0
L100155,C1223,2024-01-25,2029-01-25,Asia-Pacific,China,Healthcare,Mid-Market,Project Finance,4953231.67,3340503.02,0.0439,60,706.0,,7247309.9,0.461,2.06,Current,0,18.7,Low,0
L100156,C1195,2025-08-21,2031-08-21,North America,Mexico,Manufacturing,SME,Project Finance,165886.84,157046.18,0.084,72,662.0,4.81,160187.1,0.98,1.36,Current,0,64.0,Elevated,0
L100157,C1264,2023-03-18,2028-03-18,Asia-Pacific,Singapore,Manufacturing,Enterprise,Equipment Finance,2801923.3,1826410.04,0.0565,60,675.0,386.27,4284155.98,0.426,1.12,Current,0,39.1,Moderate,0
L100158,C1049,2023-04-03,2026-04-03,Asia-Pacific,Australia,Retail,Mid-Market,Working Capital,418485.73,253877.55,0.0776,36,689.0,91.32,479336.44,0.53,1.35,Current,0,32.0,Low,0
L100159,C1138,2025-07-21,2030-07-21,Asia-Pacific,Singapore,Healthcare,SME,Equipment Finance,636940.64,605457.51,0.0574,60,604.0,6.87,1071011.01,0.565,1.68,Current,0,37.1,Moderate,0
L100160,C1037,2023-03-22,2027-03-22,North America,Mexico,Retail,SME,Working Capital,381266.81,185176.75,0.0892,48,647.0,3.31,311872.54,0.594,1.42,Current,0,37.8,Moderate,0
L100161,C1318,2023-07-14,2030-07-14,Middle East & Africa,United Arab Emirates,Retail,Mid-Market,Trade Finance,1095678.18,920884.33,0.0772,84,701.0,133.58,1638806.71,0.562,1.48,Current,0,26.5,Low,0
L100162,C1230,2023-07-17,2028-07-17,North America,United States,Manufacturing,Enterprise,Leasing,1188597.85,833613.58,0.032,60,740.0,,1840720.77,0.453,2.12,Current,0,19.8,Low,0
L100163,C1295,2023-02-18,2029-02-18,North America,Canada,Construction,SME,Equipment Finance,538420.6,367237.79,0.0939,72,634.0,5.25,943508.39,0.389,0.97,Current,0,54.9,Moderate,0
L100164,C1189,2023-05-04,2026-05-04,Europe,United Kingdom,Transportation,Public Sector,Working Capital,1658418.94,524936.52,0.0479,36,731.0,172.05,2133410.06,0.246,1.73,Current,0,22.5,Low,0
L100165,C1353,2024-09-08,2028-09-08,Europe,Netherlands,Construction,Enterprise,Leasing,986864.45,738244.41,0.0752,48,684.0,601.57,979784.83,0.753,1.96,Grace Period,2,41.4,Moderate,0
L100166,C1353,2024-12-23,2029-12-23,Middle East & Africa,United Arab Emirates,Manufacturing,Enterprise,Project Finance,1934972.38,1632698.82,0.0601,60,736.0,722.91,3115976.5,0.524,1.0,Current,0,34.1,Low,0
L100167,C1234,2023-03-28,2027-03-28,Asia-Pacific,India,Manufacturing,SME,Leasing,447051.01,266164.17,0.0808,48,674.0,2.05,675603.17,0.394,1.38,Current,0,32.5,Low,0
L100168,C1316,2025-10-08,2030-10-08,Europe,Netherlands,Manufacturing,SME,Project Finance,544054.29,531547.99,0.0699,60,638.0,6.94,576286.18,0.922,1.84,Current,0,58.7,Elevated,0
L100169,C1250,2023-04-12,2027-04-12,Latin America,Chile,Transportation,Enterprise,Equipment Finance,1646035.74,875096.4,0.0848,48,732.0,719.37,1882897.07,0.465,1.7,Grace Period,13,22.5,Low,0
L100170,C1275,2025-01-26,2032-01-26,North America,Canada,Retail,SME,Equipment Finance,289333.87,269653.33,0.0845,84,670.0,1.28,498322.79,0.541,1.59,Late 60,65,58.2,Elevated,0
L100171,C1093,2025-05-05,2028-05-05,Europe,Germany,Transportation,Mid-Market,Equipment Finance,1197038.43,1027922.95,0.0655,36,684.0,,1360762.13,0.755,1.73,Current,0,39.8,Moderate,0
L100172,C1373,2024-07-08,2030-07-08,North America,Mexico,Construction,Enterprise,Equipment Finance,3305943.07,2634931.81,0.0672,72,806.0,738.37,5298856.6,0.497,1.23,Current,0,32.6,Low,0
L100173,C1070,2024-06-02,2028-06-02,Latin America,Colombia,Retail,SME,Equipment Finance,132710.36,99556.35,0.1063,48,655.0,7.88,175701.14,0.567,1.55,Current,0,32.9,Low,0
L100174,C1263,2023-04-07,2027-04-07,North America,United States,Transportation,Enterprise,Working Capital,5694845.31,3067217.8,0.0619,48,,789.42,6963964.08,0.44,1.19,Current,0,33.5,Low,0
L100175,C1230,2023-09-18,2027-09-18,North America,United States,Manufacturing,Public Sector,Equipment Finance,4018480.24,2413743.06,0.0346,48,732.0,187.73,4375677.06,0.552,1.7,Current,0,19.8,Low,0
L100176,C1035,2025-07-10,2028-07-10,Europe,Netherlands,Public Sector,Enterprise,Equipment Finance,2855527.27,2499175.02,0.032,36,717.0,251.9,4465455.6,0.56,2.17,Current,0,13.1,Low,0
L100177,C1294,2024-01-28,2031-01-28,Latin America,Colombia,Healthcare,Mid-Market,Equipment Finance,816728.79,680757.01,0.0387,84,741.0,19.0,1146632.94,0.594,1.43,Current,0,19.3,Low,0
L100178,C1029,2023-02-25,2029-02-25,Middle East & Africa,United Arab Emirates,Manufacturing,Enterprise,Equipment Finance,4272837.47,3007994.76,0.0615,72,710.0,944.79,7243672.1,0.415,1.59,Current,0,21.6,Low,0
L100179,C1193,2025-03-26,2032-03-26,Asia-Pacific,Singapore,Technology,Mid-Market,Project Finance,931193.61,878657.86,0.0474,84,691.0,89.69,969650.8,0.906,1.79,Current,0,45.2,Moderate,0
L100180,C1310,2025-01-21,2032-01-21,Middle East & Africa,South Africa,Retail,Enterprise,Trade Finance,2718675.6,2463055.8,0.0728,84,704.0,990.54,2669785.82,0.923,1.95,Current,0,48.4,Moderate,0
L100181,C1047,2023-03-20,2028-03-20,Middle East & Africa,United Arab Emirates,Energy,Enterprise,Equipment Finance,1603118.22,1126900.62,0.0733,60,691.0,306.19,1871103.84,0.602,1.57,Current,0,26.8,Low,0
L100182,C1137,2023-02-15,2027-02-15,Europe,Germany,Technology,Enterprise,Project Finance,6159842.6,3405612.22,0.032,48,678.0,790.1,5906867.26,0.577,1.7,Current,0,24.7,Low,0
L100183,C1193,2023-05-28,2029-05-28,Europe,Germany,Manufacturing,SME,Working Capital,91168.78,61915.59,0.0826,72,654.0,2.17,129014.12,0.48,1.61,Grace Period,24,31.7,Low,0
L100184,C1351,2023-02-03,2025-02-03,Asia-Pacific,Australia,Manufacturing,SME,Trade Finance,110946.64,45033.81,0.0786,24,705.0,3.21,110074.87,0.409,1.17,Late 60,84,60.4,Elevated,0
L100185,C1145,2024-11-21,2030-11-21,Asia-Pacific,Australia,Manufacturing,SME,Leasing,635974.23,557220.98,0.0824,72,679.0,5.95,668178.83,0.834,1.64,Current,0,44.3,Moderate,0
L100186,C1044,2023-05-04,2027-05-04,Europe,Germany,Construction,Mid-Market,Equipment Finance,1003062.4,686865.76,0.0685,48,741.0,87.5,1632247.64,0.421,1.48,Current,0,26.1,Low,0
L100187,C1049,2024-10-10,2029-10-10,North America,United States,Public Sector,Mid-Market,Leasing,819812.51,713781.85,0.032,60,751.0,164.26,889550.51,0.802,2.06,Current,0,27.2,Low,0
L100188,C1075,2023-07-08,2027-07-08,Asia-Pacific,Singapore,Manufacturing,Mid-Market,Project Finance,558384.23,413700.04,0.0647,48,724.0,49.98,595639.63,0.695,1.07,Late 30,35,56.3,Elevated,0
L100189,C1329,2025-12-17,2029-12-17,North America,Mexico,Energy,Mid-Market,Working Capital,377044.78,369503.88,0.0661,48,768.0,33.91,446508.62,0.828,0.86,Current,0,56.2,Elevated,0
L100190,C1293,2025-03-23,2027-03-23,Latin America,Colombia,Manufacturing,Enterprise,Leasing,3399391.31,2245886.7,0.0692,24,732.0,271.82,4076121.47,0.551,1.08,Late 30,57,50.0,Moderate,0
L100191,C1158,2024-02-03,2028-02-03,North America,United States,Manufacturing,Public Sector,Equipment Finance,2511942.59,1525705.27,0.0375,48,750.0,150.15,4136188.19,0.369,2.48,Current,0,19.8,Low,0
L100192,C1322,2024-04-17,2028-04-17,North America,Canada,Technology,SME,Working Capital,55000.0,38100.04,0.0725,48,681.0,21.8,63728.61,0.598,1.2,Late 60,86,61.2,Elevated,0
L100193,C1348,2023-03-07,2026-03-07,Middle East & Africa,United Arab Emirates,Construction,Enterprise,Project Finance,7236235.14,2746288.75,0.0892,36,773.0,767.43,8076803.72,0.34,1.53,Current,0,24.8,Low,0
L100194,C1329,2023-02-03,2026-02-03,North America,United States,Transportation,Mid-Market,Leasing,899090.79,264182.79,0.0666,36,690.0,115.61,1212372.19,0.218,1.34,Current,0,33.4,Low,0
L100195,C1001,2024-08-12,2029-08-12,North America,Canada,Healthcare,Mid-Market,Working Capital,1122380.26,875430.46,0.0425,60,690.0,50.01,1492593.14,0.587,1.65,Current,0,21.6,Low,0
L100196,C1037,2023-01-17,2027-01-17,Europe,France,Technology,SME,Leasing,167436.62,89816.17,0.0487,48,703.0,5.49,196463.8,0.457,1.61,Current,0,20.2,Low,0
L100197,C1275,2024-11-06,2030-11-06,Middle East & Africa,Saudi Arabia,Manufacturing,Enterprise,Leasing,708711.68,651547.49,0.0723,72,705.0,740.5,1029299.56,0.633,1.98,Current,0,23.5,Low,0
L100198,C1145,2024-02-11,2027-02-11,North America,United States,Manufacturing,Public Sector,Leasing,944261.87,523205.96,0.032,36,768.0,168.09,1144327.1,0.457,2.17,Current,0,19.8,Low,0
L100199,C1060,2023-06-27,2028-06-27,Europe,United Kingdom,Retail,Enterprise,Project Finance,3396221.02,1968703.03,0.0519,60,740.0,400.68,4439896.88,0.443,1.78,Current,0,21.2,Low,0
L100200,C1245,2024-08-10,2027-08-10,Asia-Pacific,Singapore,Construction,Public Sector,Trade Finance,2236619.54,1699675.65,0.06,36,719.0,151.38,3243713.45,0.524,2.08,Current,0,24.5,Low,0
L100201,C1135,2024-08-28,2028-08-28,Latin America,Brazil,Retail,Public Sector,Leasing,348216.13,274879.32,0.0511,48,758.0,174.27,329201.97,0.835,1.55,Current,0,38.4,Moderate,0
L100202,C1349,2025-03-24,2030-03-24,Europe,Germany,Retail,SME,Leasing,188781.86,171422.26,0.0815,60,603.0,5.67,234318.34,0.732,1.73,Current,0,51.3,Moderate,0
L100203,C1219,2023-08-11,2028-08-11,North America,Canada,Transportation,Mid-Market,Leasing,1661940.69,1208898.59,0.0601,60,696.0,34.85,1614426.03,0.749,1.76,Current,0,37.1,Moderate,0
L100204,C1090,2024-08-17,2028-08-17,North America,United States,Retail,Mid-Market,Equipment Finance,973254.11,730938.25,0.0622,48,674.0,69.25,1521930.16,0.48,1.81,Current,0,29.5,Low,0
L100205,C1355,2025-07-20,2029-07-20,North America,United States,Healthcare,Public Sector,Equipment Finance,3774700.77,3510976.66,0.032,48,820.0,274.38,5570909.87,0.63,2.13,Current,0,17.0,Low,0
L100206,C1228,2023-10-14,2026-10-14,North America,United States,Manufacturing,SME,Equipment Finance,125974.31,50838.0,0.0642,36,678.0,,159382.35,0.319,1.35,Current,0,32.6,Low,0
L100207,C1112,2025-07-12,2029-07-12,Asia-Pacific,China,Manufacturing,Mid-Market,Leasing,287041.27,260789.32,0.0688,48,681.0,34.72,274759.1,0.949,1.32,Current,0,59.1,Elevated,0
L100208,C1054,2025-03-10,2029-03-10,North America,United States,Manufacturing,Enterprise,Equipment Finance,7983493.18,7298889.1,0.0462,48,684.0,512.28,13686516.27,0.533,1.49,Late 30,44,45.8,Moderate,0
L100209,C1210,2024-04-04,2029-04-04,Europe,Germany,Manufacturing,SME,Leasing,259652.41,192057.96,0.071,60,722.0,4.02,295030.78,0.651,1.26,Current,0,29.8,Low,0
L100210,C1283,2025-08-01,2029-08-01,Asia-Pacific,India,Healthcare,Enterprise,Project Finance,6813188.38,6298934.52,0.0325,48,734.0,494.07,7539014.94,0.836,1.89,Current,0,33.5,Low,0
L100211,C1317,2025-11-10,2030-11-10,Europe,Netherlands,Construction,Mid-Market,Equipment Finance,506707.21,496287.16,0.074,60,652.0,114.58,555226.31,0.894,1.4,Current,0,62.4,Elevated,0
L100212,C1048,2023-09-23,2027-09-23,North America,Mexico,Public Sector,Public Sector,Working Capital,1308751.67,844074.68,0.032,48,779.0,105.77,1456660.12,0.579,2.37,Current,0,12.6,Low,0
L100213,C1164,2025-12-07,2028-12-07,Asia-Pacific,China,Transportation,Enterprise,Trade Finance,1159917.32,1135722.69,0.0555,36,747.0,1847.05,1275027.62,0.891,1.64,Grace Period,23,44.2,Moderate,0
L100214,C1379,2023-01-06,2026-01-06,Asia-Pacific,India,Manufacturing,SME,Leasing,487370.1,205470.45,0.0791,36,696.0,5.26,746719.13,0.275,1.11,Current,0,35.6,Moderate,0
L100215,C1251,2023-05-10,2025-05-10,Asia-Pacific,China,Construction,Enterprise,Equipment Finance,12500000.0,4717096.93,0.0702,24,715.0,619.63,19150938.6,0.246,1.14,Current,0,35.9,Moderate,0
L100216,C1035,2023-02-17,2027-02-17,North America,Mexico,Healthcare,SME,Leasing,324188.37,198567.99,0.0403,48,689.0,3.45,292721.41,0.678,1.57,Current,0,26.4,Low,0
L100217,C1348,2024-02-07,2030-02-07,North America,Mexico,Manufacturing,Mid-Market,Working Capital,368837.47,308584.51,0.0592,72,713.0,117.76,407290.97,0.758,1.34,Current,0,37.6,Moderate,0
L100218,C1260,2025-10-07,2030-10-07,Latin America,Colombia,Energy,Mid-Market,Leasing,167211.27,161475.55,0.0822,60,709.0,53.65,179564.17,0.899,1.09,Current,0,57.9,Elevated,0
L100219,C1174,2024-10-04,2028-10-04,Europe,Germany,Healthcare,Enterprise,Equipment Finance,1305761.3,1111885.61,0.032,48,763.0,375.94,1346925.87,0.825,2.36,Current,0,32.6,Low,0
L100220,C1295,2024-11-10,2027-11-10,Europe,France,Energy,SME,Leasing,603326.67,445937.81,0.0754,36,706.0,3.85,823254.55,0.542,1.01,Default,168,83.2,High,1
L100221,C1246,2023-04-07,2029-04-07,Europe,Germany,Public Sector,SME,Leasing,134788.6,97987.0,0.0324,72,692.0,4.66,142024.83,0.69,2.37,Current,0,23.2,Low,0
L100222,C1098,2024-07-24,2026-07-24,Asia-Pacific,Australia,Construction,Enterprise,Equipment Finance,2797402.2,1218287.7,0.0697,24,683.0,622.14,4740832.64,0.257,1.51,Grace Period,25,32.0,Low,0
L100223,C1302,2024-02-26,2028-02-26,Latin America,Brazil,Construction,Mid-Market,Working Capital,779547.83,554045.95,0.1134,48,677.0,64.56,865325.81,0.64,1.39,Current,0,37.8,Moderate,0
L100224,C1096,2024-06-11,2030-06-11,North America,Canada,Manufacturing,Mid-Market,Equipment Finance,2289732.02,1812073.71,0.0396,72,733.0,56.58,2694760.04,0.672,1.87,Current,0,24.0,Low,0
L100225,C1086,2023-10-03,2027-10-03,Latin America,Brazil,Public Sector,SME,Equipment Finance,290778.14,163494.13,0.0596,48,622.0,3.54,510125.34,0.32,1.73,Current,0,30.2,Low,0
L100226,C1226,2023-08-03,2026-08-03,North America,Canada,Transportation,SME,Project Finance,477612.56,293774.14,0.0985,36,590.0,3.41,625591.82,0.47,1.8,Default,158,90.9,High,1
L100227,C1007,2025-11-10,2028-11-10,Europe,Netherlands,Manufacturing,Enterprise,Equipment Finance,3615809.03,3477566.63,0.032,36,771.0,360.7,4136862.04,0.841,1.45,Current,0,40.1,Moderate,0
L100228,C1239,2024-09-13,2029-09-13,Asia-Pacific,China,Transportation,SME,Working Capital,124767.76,108460.04,0.1066,60,716.0,7.32,133243.44,0.814,1.15,Default,184,94.1,High,1
L100229,C1209,2024-03-15,2027-03-15,North America,United States,Technology,Mid-Market,Leasing,521111.89,283610.34,0.0387,36,665.0,87.45,843946.85,0.336,1.52,Current,0,27.8,Low,0
L100230,C1273,2023-03-09,2028-03-09,North America,Canada,Technology,Public Sector,Equipment Finance,2850082.18,1772840.1,0.032,60,761.0,377.0,3813859.34,0.465,1.67,Grace Period,18,17.1,Low,0
L100231,C1060,2025-04-10,2029-04-10,Europe,United Kingdom,Manufacturing,SME,Trade Finance,236277.55,213084.13,0.0764,48,657.0,5.5,288024.49,0.74,1.33,Current,0,46.5,Moderate,0
L100232,C1220,2024-06-08,2028-06-08,Latin America,Brazil,Technology,Enterprise,Leasing,8956902.26,7167759.81,0.0527,48,735.0,608.86,11158912.27,0.642,2.11,Current,0,18.9,Low,0
L100233,C1167,2024-02-15,2027-02-15,Europe,Germany,Manufacturing,SME,Equipment Finance,421092.83,264940.85,0.0603,36,684.0,4.95,517976.88,0.511,1.46,Current,0,28.6,Low,0
L100234,C1066,2025-01-20,2031-01-20,Latin America,Chile,Manufacturing,Enterprise,Trade Finance,4395832.5,3856387.92,0.0747,72,687.0,162.97,4489629.5,0.859,2.02,Default,176,89.9,High,1
L100235,C1171,2023-05-02,2027-05-02,Asia-Pacific,Singapore,Manufacturing,Enterprise,Working Capital,1024897.93,523116.19,0.0625,48,694.0,419.86,1141936.95,0.458,2.12,Current,0,24.5,Low,0
L100236,C1351,2024-08-14,2029-08-14,Europe,Germany,Retail,Enterprise,Working Capital,2587079.57,2283601.93,0.0515,60,,380.35,3494239.4,0.654,2.41,Current,0,25.2,Low,0
L100237,C1313,2025-08-19,2029-08-19,Asia-Pacific,Singapore,Energy,SME,Equipment Finance,214646.36,202864.05,0.0947,48,658.0,2.89,337380.57,0.601,1.83,Current,0,32.8,Low,0
L100238,C1063,2024-05-19,2027-05-19,North America,Canada,Healthcare,Mid-Market,Equipment Finance,1219047.23,827870.28,0.032,36,672.0,40.8,1331370.92,0.622,2.43,Current,0,25.0,Low,0
L100239,C1321,2023-01-16,2027-01-16,North America,United States,Healthcare,Enterprise,Working Capital,2844185.96,1466296.37,0.032,48,777.0,521.93,2789113.23,0.526,1.88,Current,0,16.2,Low,0
L100240,C1214,2023-09-15,2027-09-15,Middle East & Africa,Saudi Arabia,Retail,SME,Equipment Finance,336044.95,245323.75,0.1052,48,644.0,2.72,344100.59,0.713,1.29,Current,0,49.1,Moderate,0
L100241,C1017,2023-03-20,2027-03-20,Asia-Pacific,Singapore,Transportation,SME,Equipment Finance,1318921.87,813669.24,0.0973,48,642.0,3.54,1649912.29,0.493,1.35,Current,0,41.7,Moderate,0
L100242,C1349,2024-07-11,2030-07-11,North America,United States,Retail,SME,Project Finance,1382619.13,1115790.66,0.074,72,671.0,,1938476.88,0.576,1.41,Late 60,64,61.7,Elevated,0
L100243,C1199,2024-02-16,2030-02-16,Europe,United Kingdom,Energy,Public Sector,Equipment Finance,4442688.24,3590960.18,0.0332,72,735.0,85.15,5498607.33,0.653,2.0,Current,0,24.2,Low,0
L100244,C1346,2023-05-09,2028-05-09,Europe,Germany,Manufacturing,Enterprise,Equipment Finance,5403578.52,3350102.96,0.032,60,768.0,428.47,8918167.25,0.376,1.95,Current,0,19.8,Low,0
L100245,C1037,2025-01-13,2030-01-13,Middle East & Africa,Saudi Arabia,Technology,Mid-Market,Equipment Finance,2695155.71,2369792.75,0.062,60,678.0,28.14,3714027.42,0.638,1.45,Current,0,28.7,Low,0
L100246,C1063,2023-07-04,2027-07-04,Europe,Netherlands,Healthcare,Enterprise,Leasing,1130490.0,709882.23,0.032,48,694.0,,1584806.94,0.448,1.53,Current,0,21.4,Low,0
L100247,C1342,2024-01-10,2029-01-10,Europe,Netherlands,Public Sector,Mid-Market,Working Capital,1180140.99,868013.18,0.032,60,710.0,51.31,1584810.06,0.548,2.0,Current,0,14.4,Low,0
L100248,C1090,2025-12-04,2029-12-04,Europe,France,Retail,Mid-Market,Project Finance,1009011.0,988830.78,0.0657,48,694.0,31.44,1424832.23,0.694,1.41,Current,0,35.5,Moderate,0
L100249,C1208,2023-03-07,2029-03-07,Europe,France,Technology,Mid-Market,Equipment Finance,698646.78,532066.35,0.0339,72,666.0,82.79,1182805.26,0.45,1.62,Current,0,26.8,Low,0
L100250,C1228,2023-09-12,2029-09-12,Asia-Pacific,India,Retail,Mid-Market,Equipment Finance,1342205.72,916525.15,0.0736,72,639.0,134.04,2182492.29,0.42,1.45,Current,0,38.4,Moderate,0
L100251,C1360,2023-12-15,2026-12-15,Middle East & Africa,South Africa,Technology,SME,Leasing,500649.68,234687.66,0.0754,36,688.0,9.27,663510.11,0.354,1.32,Current,0,28.8,Low,0
L100252,C1128,2024-07-27,2030-07-27,Europe,France,Energy,Enterprise,Leasing,1332449.41,1095987.26,0.0541,72,699.0,906.01,1496240.52,0.732,1.96,Grace Period,26,34.3,Low,0
L100253,C1286,2023-09-01,2029-09-01,North America,Mexico,Technology,Enterprise,Leasing,1932505.47,1588604.85,0.032,72,690.0,204.05,2171376.29,0.732,1.79,Current,0,31.5,Low,0
L100254,C1277,2025-11-26,2029-11-26,North America,Mexico,Manufacturing,SME,Trade Finance,224551.86,220060.82,0.065,48,709.0,4.73,,0.63,1.79,Late 60,78,50.6,Moderate,0
L100255,C1266,2023-01-10,2029-01-10,Asia-Pacific,China,Public Sector,Mid-Market,Leasing,652419.41,497902.6,0.032,72,698.0,77.5,613543.81,0.812,1.93,Current,0,31.9,Low,0
L100256,C1198,2025-11-21,2028-11-21,Asia-Pacific,Singapore,Manufacturing,SME,Leasing,401809.27,384088.43,0.0805,36,716.0,9.44,645336.88,0.595,1.37,Current,0,25.2,Low,0
L100257,C1027,2024-08-19,2026-08-19,North America,Canada,Healthcare,Public Sector,Trade Finance,10702875.69,5071241.48,0.032,24,760.0,682.09,12257948.41,0.414,2.21,Grace Period,23,16.2,Low,0
L100258,C1101,2023-02-28,2027-02-28,North America,Canada,Transportation,Public Sector,Equipment Finance,2862408.41,1569004.28,0.0362,48,745.0,446.25,4505869.63,0.348,1.54,Current,0,22.8,Low,0
L100259,C1213,2023-05-04,2028-05-04,Europe,Germany,Manufacturing,Public Sector,Trade Finance,952429.21,542560.65,0.032,60,740.0,400.98,,0.496,2.14,Current,0,19.8,Low,0
L100260,C1156,2023-04-28,2027-04-28,North America,Mexico,Manufacturing,SME,Leasing,115429.98,78801.09,0.0826,48,571.0,28.15,186416.65,0.423,1.7,Current,0,46.6,Moderate,0
L100261,C1070,2023-11-02,2030-11-02,Middle East & Africa,United Arab Emirates,Construction,SME,Leasing,202753.64,162912.74,0.1177,84,607.0,5.84,188024.71,0.866,1.36,Grace Period,24,69.3,Elevated,0
L100262,C1262,2023-12-25,2026-12-25,Europe,United Kingdom,Manufacturing,SME,Trade Finance,123001.08,82260.96,0.0541,36,667.0,4.6,143294.92,0.574,1.14,Current,0,40.0,Moderate,0
L100263,C1175,2024-12-19,2028-12-19,North America,Mexico,Technology,SME,Leasing,321120.94,275139.77,0.0562,48,695.0,6.14,497928.78,0.553,1.18,Current,0,31.2,Low,0
L100264,C1298,2023-12-14,2028-12-14,Latin America,Colombia,Healthcare,SME,Leasing,318241.8,212843.2,0.0727,60,615.0,3.12,351829.8,0.605,1.26,Current,0,42.6,Moderate,0
L100265,C1208,2025-03-12,2027-03-12,North America,Mexico,Energy,SME,Equipment Finance,249556.02,170043.63,0.0872,24,662.0,5.74,306134.02,0.555,1.77,Current,0,32.0,Low,0
L100266,C1140,2023-11-03,2028-11-03,North America,Canada,Manufacturing,Public Sector,Working Capital,3903580.73,3154636.95,0.0487,60,,78.84,5285697.6,0.597,1.99,Grace Period,15,22.5,Low,0
L100267,C1041,2023-10-23,2027-10-23,North America,Mexico,Construction,SME,Leasing,159825.0,114441.94,0.0965,48,659.0,3.96,243403.36,0.47,1.06,Late 30,46,66.0,Elevated,0
L100268,C1039,2023-10-21,2030-10-21,North America,Mexico,Retail,SME,Equipment Finance,304615.7,241002.82,0.0882,84,659.0,5.12,334872.69,0.72,1.02,Default,123,99.0,High,1
L100269,C1192,2023-12-27,2028-12-27,North America,United States,Manufacturing,Enterprise,Working Capital,2763927.78,2273597.58,0.0459,60,764.0,864.85,3082152.42,0.738,1.45,Current,0,31.8,Low,0
L100270,C1134,2025-07-21,2027-07-21,North America,Canada,Retail,Mid-Market,Working Capital,894278.12,753197.8,0.0738,24,733.0,115.51,768261.76,0.98,1.29,Current,0,56.8,Elevated,0
L100271,C1272,2023-09-27,2026-09-27,North America,Canada,Transportation,Enterprise,Leasing,5458029.03,2717852.95,0.0463,36,739.0,264.1,5792899.33,0.469,1.84,Grace Period,3,22.5,Low,0
L100272,C1239,2023-10-25,2026-10-25,North America,United States,Transportation,Mid-Market,Equipment Finance,1242635.67,755951.62,0.0461,36,723.0,210.1,1841030.59,0.411,1.79,Current,0,22.5,Low,0
L100273,C1108,2025-11-12,2032-11-12,Europe,Netherlands,Construction,Enterprise,Leasing,4785654.16,4689941.08,0.0583,84,701.0,526.25,4783739.9,0.98,1.26,Current,0,64.1,Elevated,0
L100274,C1288,2024-12-20,2029-12-20,Asia-Pacific,India,Construction,Mid-Market,Equipment Finance,658983.99,588134.72,0.0892,60,789.0,67.31,904346.3,0.65,1.56,Late 30,43,44.7,Moderate,0
L100275,C1215,2023-07-08,2027-07-08,Europe,Germany,Public Sector,Mid-Market,Equipment Finance,1650691.42,832583.91,0.032,48,676.0,21.27,2000417.3,0.416,2.16,Current,0,20.5,Low,0
L100276,C1334,2025-08-23,2028-08-23,Europe,Germany,Technology,Enterprise,Leasing,4396620.89,4052630.57,0.032,36,725.0,326.8,6772738.84,0.598,1.55,Current,0,17.1,Low,0
L100277,C1362,2023-07-18,2029-07-18,Europe,Germany,Technology,Mid-Market,Equipment Finance,2330728.73,1703555.84,0.032,72,747.0,111.2,3346625.03,0.509,1.76,Late 60,76,45.1,Moderate,0
L100278,C1365,2023-06-13,2026-06-13,Middle East & Africa,Saudi Arabia,Healthcare,SME,Equipment Finance,124042.98,67787.76,0.0744,36,712.0,6.11,146535.89,0.463,1.55,Current,0,17.6,Low,0
L100279,C1048,2024-05-18,2029-05-18,Middle East & Africa,South Africa,Manufacturing,Mid-Market,Working Capital,314964.14,241984.97,0.0788,60,723.0,62.01,433028.21,0.559,1.42,Grace Period,12,23.2,Low,0
L100280,C1201,2025-01-08,2030-01-08,North America,Mexico,Transportation,SME,Equipment Finance,526232.3,479649.66,0.1004,60,684.0,6.33,861533.0,0.557,0.89,Current,0,46.1,Moderate,0
L100281,C1010,2023-07-18,2027-07-18,North America,Mexico,Manufacturing,Enterprise,Trade Finance,484421.98,354206.49,0.0396,48,657.0,196.17,532364.82,0.665,1.75,Current,0,34.7,Low,0
L100282,C1334,2025-04-14,2029-04-14,North America,Mexico,Energy,SME,Trade Finance,282280.61,244564.44,0.0812,48,724.0,5.18,457517.08,0.535,1.56,Current,0,21.6,Low,0
L100283,C1266,2023-06-10,2026-06-10,North America,Canada,Manufacturing,SME,Working Capital,332011.82,130395.64,0.0885,36,664.0,13.17,292437.4,0.446,1.82,Current,0,29.9,Low,0
L100284,C1099,2025-05-28,2029-05-28,Europe,Netherlands,Manufacturing,SME,Trade Finance,151902.74,138958.08,0.0576,48,719.0,10.79,170052.44,0.817,1.32,Late 30,56,59.7,Elevated,0
L100285,C1230,2023-04-02,2030-04-02,Europe,France,Transportation,Enterprise,Project Finance,5000064.79,3921422.99,0.0595,84,645.0,444.15,5947439.64,0.659,1.48,Current,0,40.9,Moderate,0
L100286,C1212,2024-05-22,2029-05-22,North America,Canada,Transportation,SME,Equipment Finance,175093.71,128282.44,0.0926,60,668.0,14.5,200237.85,0.641,1.3,Current,0,40.0,Moderate,0
L100287,C1206,2024-12-06,2030-12-06,Europe,Germany,Technology,Enterprise,Working Capital,1409790.49,1296818.43,0.032,72,724.0,219.89,1685069.15,0.77,1.86,Current,0,29.1,Low,0
L100288,C1204,2023-10-07,2027-10-07,Europe,Netherlands,Manufacturing,Enterprise,Equipment Finance,2606701.69,1907405.75,0.032,48,758.0,262.78,3748444.84,0.509,1.77,Current,0,19.8,Low,0
L100289,C1373,2024-11-05,2027-11-05,North America,Mexico,Technology,SME,Working Capital,120836.22,93551.99,0.0559,36,693.0,17.46,163231.23,0.573,1.68,Current,0,22.0,Low,0
L100290,C1292,2025-01-03,2030-01-03,Middle East & Africa,South Africa,Healthcare,Enterprise,Leasing,1695944.84,1520081.62,0.0399,60,761.0,686.86,1832733.68,0.829,1.39,Current,0,37.1,Moderate,0
L100291,C1152,2024-12-04,2028-12-04,North America,United States,Construction,SME,Equipment Finance,278979.48,228161.12,0.1046,48,610.0,4.6,320177.26,0.713,1.38,Grace Period,25,56.0,Elevated,0
L100292,C1293,2024-03-24,2027-03-24,Latin America,Brazil,Transportation,SME,Equipment Finance,277028.53,160205.91,0.1154,36,656.0,5.31,357080.78,0.449,0.93,Current,0,50.1,Moderate,0
L100293,C1053,2025-04-26,2029-04-26,North America,Mexico,Technology,Enterprise,Trade Finance,6685821.01,5907236.68,0.032,48,738.0,291.1,6749881.29,0.875,1.79,Current,0,37.5,Moderate,0
L100294,C1108,2025-03-17,2030-03-17,Middle East & Africa,Saudi Arabia,Technology,Public Sector,Equipment Finance,1785734.79,1590285.26,0.032,60,776.0,273.03,3088630.59,0.515,2.42,Current,0,17.1,Low,0
L100295,C1044,2023-12-01,2028-12-01,Middle East & Africa,Saudi Arabia,Retail,SME,Equipment Finance,398587.93,301924.25,0.0946,60,698.0,6.22,621033.88,0.486,0.85,Grace Period,22,43.4,Moderate,0
L100296,C1336,2025-03-25,2028-03-25,Latin America,Chile,Construction,Mid-Market,Equipment Finance,693582.27,554988.61,0.1008,36,688.0,58.72,1121622.23,0.495,1.13,Current,0,41.0,Moderate,0
L100297,C1009,2025-10-17,2031-10-17,Asia-Pacific,Australia,Technology,SME,Leasing,173933.56,170454.89,0.0675,72,633.0,2.68,254122.62,0.671,1.17,Current,0,46.7,Moderate,0
L100298,C1338,2025-06-15,2029-06-15,Asia-Pacific,India,Technology,Mid-Market,Project Finance,667215.25,615507.45,0.0611,48,717.0,68.35,722003.22,0.852,1.71,Current,0,36.2,Moderate,0
L100299,C1316,2025-03-27,2028-03-27,Asia-Pacific,China,Manufacturing,Mid-Market,Working Capital,214269.07,173351.97,0.0715,36,803.0,41.77,176819.01,0.98,1.76,Current,0,48.6,Moderate,0
L100300,C1360,2025-04-12,2028-04-12,Asia-Pacific,India,Retail,Mid-Market,Leasing,360943.31,312355.74,0.0562,36,755.0,31.47,441099.86,0.708,1.53,Current,0,28.8,Low,0
L100301,C1291,2025-05-11,2031-05-11,North America,Mexico,Healthcare,Mid-Market,Equipment Finance,1078154.59,1026285.19,0.051,72,602.0,127.21,1770075.76,0.58,1.76,Late 60,87,65.4,Elevated,0
L100302,C1173,2023-11-22,2027-11-22,Europe,France,Energy,SME,Equipment Finance,609416.36,429542.72,0.0751,48,666.0,21.11,772670.77,0.556,1.78,Current,0,31.3,Low,0
L100303,C1308,2025-02-15,2029-02-15,Europe,France,Retail,Enterprise,Leasing,922957.52,775147.68,0.0382,48,759.0,1600.72,837281.41,0.926,1.77,Current,0,45.7,Moderate,0
L100304,C1375,2023-08-21,2026-08-21,Middle East & Africa,United Arab Emirates,Construction,Mid-Market,Project Finance,1303988.7,829996.93,0.1101,36,675.0,86.79,1819123.6,0.456,1.48,Current,0,34.2,Low,0
L100305,C1339,2024-01-20,2029-01-20,Europe,Netherlands,Manufacturing,Enterprise,Working Capital,863416.42,620159.14,0.032,60,719.0,407.13,716676.47,0.865,1.86,Current,0,39.6,Moderate,0
L100306,C1298,2025-10-24,2030-10-24,Europe,Germany,Manufacturing,SME,Leasing,210052.65,202430.98,0.0667,60,662.0,5.27,274565.36,0.737,0.73,Current,0,60.9,Elevated,0
L100307,C1291,2023-11-09,2027-11-09,Asia-Pacific,Australia,Manufacturing,Mid-Market,Working Capital,994829.42,635499.43,0.0637,48,725.0,74.58,687586.34,0.924,1.45,Current,0,46.7,Moderate,0
L100308,C1248,2025-07-03,2032-07-03,North America,Mexico,Transportation,Mid-Market,Leasing,560925.51,540789.15,0.0701,84,646.0,44.7,718903.11,0.752,1.22,Current,0,55.0,Moderate,0
L100309,C1338,2024-04-14,2026-04-14,North America,Mexico,Manufacturing,SME,Working Capital,174674.48,61844.19,0.0802,24,717.0,12.46,170343.66,0.363,1.17,Late 30,53,48.2,Moderate,0
L100310,C1164,2023-08-19,2026-08-19,Europe,France,Retail,SME,Leasing,569450.23,344645.36,0.0761,36,658.0,1.56,888518.31,0.388,1.84,Current,0,32.4,Low,0
L100311,C1190,2023-04-23,2028-04-23,Europe,United Kingdom,Retail,Mid-Market,Working Capital,695205.53,396792.28,0.068,60,656.0,48.28,849096.47,0.467,1.42,Current,0,36.1,Moderate,0
L100312,C1320,2024-08-08,2029-08-08,North America,Mexico,Technology,Enterprise,Leasing,1674040.36,1343544.33,0.032,60,788.0,788.75,1551870.76,0.866,2.34,Late 30,50,54.8,Moderate,0
L100313,C1099,2024-05-21,2027-05-21,Europe,Germany,Transportation,SME,Trade Finance,232690.43,178010.46,0.0919,36,599.0,3.26,347207.12,0.513,1.0,Late 30,39,76.6,High,0
L100314,C1290,2024-07-24,2029-07-24,Europe,Germany,Energy,Enterprise,Leasing,1609808.02,1254507.01,0.0434,60,707.0,413.6,2404120.44,0.522,1.37,Current,0,28.6,Low,0
L100315,C1041,2023-02-23,2027-02-23,Europe,Germany,Manufacturing,Mid-Market,Equipment Finance,1236872.82,684285.12,0.0468,48,682.0,83.81,1877025.21,0.365,1.87,Current,0,26.6,Low,0
L100316,C1222,2023-10-23,2028-10-23,Europe,Netherlands,Construction,Enterprise,Equipment Finance,4677074.09,3435074.07,0.066,60,,1230.42,8030407.84,0.428,1.45,Current,0,26.9,Low,0
L100317,C1013,2023-01-28,2028-01-28,Asia-Pacific,India,Manufacturing,Mid-Market,Leasing,328924.19,215126.68,0.0614,60,678.0,26.0,494188.91,0.435,1.63,Current,0,27.4,Low,0
L100318,C1378,2023-11-19,2030-11-19,North America,Mexico,Manufacturing,Mid-Market,Leasing,804617.15,641544.24,0.0535,84,622.0,24.83,856252.65,0.749,1.6,Current,0,47.8,Moderate,0
L100319,C1319,2025-10-11,2029-10-11,Latin America,Colombia,Healthcare,Mid-Market,Leasing,678977.11,649088.41,0.0452,48,693.0,32.26,805375.09,0.806,1.53,Late 60,69,64.5,Elevated,0
L100320,C1094,2023-06-13,2028-06-13,Middle East & Africa,South Africa,Manufacturing,Public Sector,Working Capital,1693052.73,1013980.13,0.0494,60,765.0,88.66,1595604.71,0.635,1.67,Current,0,21.0,Low,0
L100321,C1057,2025-01-21,2030-01-21,Europe,United Kingdom,Technology,Mid-Market,Equipment Finance,1569705.46,1408139.81,0.032,60,743.0,23.37,2195516.99,0.641,1.83,Current,0,18.8,Low,0
L100322,C1243,2023-01-07,2027-01-07,Europe,United Kingdom,Construction,Mid-Market,Working Capital,703132.78,352484.31,0.0763,48,769.0,31.73,981070.77,0.359,1.56,Current,0,24.3,Low,0
L100323,C1342,2024-09-17,2027-09-17,Europe,United Kingdom,Public Sector,Mid-Market,Working Capital,447095.78,310331.39,0.032,36,775.0,124.61,510448.7,0.608,2.34,Current,0,12.6,Low,0
L100324,C1122,2025-10-17,2032-10-17,Middle East & Africa,Saudi Arabia,Transportation,Enterprise,Leasing,4470162.54,4361056.28,0.0738,84,729.0,,5072312.63,0.86,1.36,Default,147,91.6,High,1
L100325,C1365,2024-01-19,2027-01-19,Asia-Pacific,Australia,Public Sector,SME,Leasing,147564.08,87843.89,0.0394,36,656.0,5.61,237008.32,0.371,1.61,Current,0,24.1,Low,0
L100326,C1173,2023-08-12,2029-08-12,Asia-Pacific,China,Healthcare,Mid-Market,Equipment Finance,450590.63,348189.81,0.032,72,777.0,32.07,696254.27,0.5,1.57,Current,0,16.2,Low,0
L100327,C1167,2024-09-21,2027-09-21,Europe,Netherlands,Public Sector,Mid-Market,Leasing,113921.96,77456.85,0.032,36,708.0,85.9,125264.08,0.618,2.38,Current,0,14.8,Low,0
L100328,C1128,2023-11-03,2029-11-03,Asia-Pacific,China,Technology,Public Sector,Project Finance,3986689.74,3229434.24,0.0345,72,732.0,735.87,6298509.63,0.513,2.24,Current,0,17.1,Low,0
L100329,C1102,2025-09-21,2028-09-21,North America,United States,Energy,Mid-Market,Trade Finance,391185.6,370001.49,0.0535,36,680.0,33.45,453055.39,0.817,1.04,Current,0,57.8,Elevated,0
L100330,C1127,2025-07-23,2032-07-23,Asia-Pacific,Australia,Retail,Mid-Market,Working Capital,671371.46,641195.79,0.0856,84,644.0,168.98,716459.73,0.895,0.88,Current,0,74.3,Elevated,0
L100331,C1065,2024-12-25,2029-12-25,North America,Canada,Energy,Public Sector,Equipment Finance,715442.16,636014.3,0.032,60,722.0,288.31,,0.644,1.71,Current,0,23.5,Low,0
L100332,C1143,2024-12-26,2027-12-26,Asia-Pacific,India,Manufacturing,Mid-Market,Working Capital,366229.95,311484.14,0.0616,36,695.0,58.61,502732.33,0.62,1.53,Current,0,24.8,Low,0
L100333,C1110,2024-10-10,2029-10-10,Middle East & Africa,United Arab Emirates,Energy,SME,Working Capital,235860.5,210997.16,0.1092,60,692.0,,215217.1,0.98,1.13,Default,221,100.0,High,1
L100334,C1021,2025-03-02,2030-03-02,North America,United States,Healthcare,SME,Equipment Finance,179650.99,158934.1,0.0583,60,668.0,7.01,228153.18,0.697,1.77,Current,0,31.7,Low,0
L100335,C1137,2024-05-19,2028-05-19,Europe,United Kingdom,Healthcare,SME,Project Finance,765765.16,507727.43,0.0534,48,635.0,17.39,1068334.4,0.475,1.62,Current,0,31.5,Low,0
L100336,C1015,2025-11-03,2028-11-03,North America,Mexico,Technology,SME,Equipment Finance,236334.43,228575.19,0.0569,36,620.0,7.59,398214.48,0.574,1.97,Current,0,35.1,Moderate,0
L100337,C1068,2024-01-08,2029-01-08,Asia-Pacific,China,Retail,Mid-Market,Equipment Finance,950923.07,775281.62,0.0661,60,700.0,81.12,1051875.98,0.737,1.7,Late 30,39,52.2,Moderate,0
L100338,C1275,2023-01-20,2028-01-20,North America,United States,Energy,Enterprise,Equipment Finance,4898686.34,2713103.29,0.0447,60,731.0,369.61,5767775.21,0.47,1.65,Current,0,21.6,Low,0
L100339,C1009,2025-02-17,2029-02-17,Latin America,Colombia,Technology,Enterprise,Equipment Finance,6027894.05,5323655.96,0.0435,48,724.0,807.56,10434440.49,0.51,1.92,Current,0,17.1,Low,0
L100340,C1118,2024-12-17,2030-12-17,North America,Mexico,Healthcare,SME,Project Finance,637243.75,543107.62,0.0707,72,665.0,3.04,945015.17,0.575,1.19,Grace Period,1,35.5,Moderate,0
L100341,C1259,2025-12-22,2028-12-22,Latin America,Chile,Public Sector,Mid-Market,Leasing,453345.23,444278.33,0.032,36,737.0,62.06,525677.52,0.845,1.71,Current,0,30.6,Low,0
L100342,C1008,2024-03-05,2026-03-05,Asia-Pacific,India,Manufacturing,SME,Equipment Finance,250299.56,136105.34,0.0758,24,725.0,32.86,322442.43,0.422,1.43,Current,0,22.9,Low,0
L100343,C1280,2024-04-23,2029-04-23,Europe,United Kingdom,Manufacturing,Public Sector,Leasing,2435639.62,1917061.01,0.032,60,718.0,48.69,3049787.13,0.629,2.21,Current,0,20.9,Low,0
L100344,C1030,2024-09-17,2027-09-17,Asia-Pacific,China,Technology,SME,Leasing,135410.63,102860.31,0.0673,36,684.0,6.36,190299.28,0.541,1.05,Current,0,36.6,Moderate,0
L100345,C1020,2024-03-12,2027-03-12,Asia-Pacific,India,Transportation,Mid-Market,Equipment Finance,874090.01,485549.2,0.0774,36,726.0,68.64,1259372.13,0.386,1.36,Current,0,27.4,Low,0
L100346,C1074,2025-05-13,2029-05-13,Latin America,Brazil,Public Sector,SME,Equipment Finance,260996.82,241663.8,0.0702,48,661.0,4.77,418140.39,0.578,1.68,Current,0,23.2,Low,0
L100347,C1326,2024-04-15,2028-04-15,North America,United States,Transportation,Mid-Market,Working Capital,502037.67,335123.07,0.0715,48,689.0,51.09,361780.94,0.926,1.56,Current,0,52.6,Moderate,0
L100348,C1018,2025-05-16,2028-05-16,Europe,France,Construction,Mid-Market,Equipment Finance,539734.91,453103.68,0.0776,36,681.0,61.38,882078.27,0.514,1.78,Late 30,58,49.3,Moderate,0
L100349,C1037,2024-04-10,2029-04-10,North America,Mexico,Healthcare,Enterprise,Project Finance,2192041.6,1607598.42,0.032,60,697.0,410.57,2068275.67,0.777,2.08,Current,0,32.9,Low,0
L100350,C1359,2023-09-07,2027-09-07,Europe,Netherlands,Manufacturing,SME,Equipment Finance,441576.69,241716.08,0.0722,48,678.0,6.31,742171.39,0.326,1.49,Current,0,28.9,Low,0
L100351,C1231,2025-12-05,2031-12-05,North America,Mexico,Manufacturing,Public Sector,Working Capital,2159370.16,2116182.76,0.0354,72,749.0,169.99,,0.98,2.11,Grace Period,3,48.6,Moderate,0
L100352,C1215,2024-07-10,2029-07-10,Europe,Netherlands,Manufacturing,Mid-Market,Project Finance,634086.99,516370.81,0.047,60,725.0,203.23,631470.95,0.818,1.61,Current,0,35.6,Moderate,0
L100353,C1015,2025-02-08,2029-02-08,Europe,Netherlands,Healthcare,Enterprise,Equipment Finance,4296293.2,3551008.0,0.032,48,702.0,410.57,4962812.73,0.716,1.94,Current,0,27.1,Low,0
L100354,C1149,2024-10-15,2027-10-15,Europe,Germany,Technology,Enterprise,Equipment Finance,6501425.9,4988481.93,0.032,36,745.0,683.31,7719065.52,0.646,2.08,Current,0,19.2,Low,0
L100355,C1219,2024-01-26,2030-01-26,Europe,France,Healthcare,Public Sector,Trade Finance,2061229.92,1768967.32,0.032,72,,151.91,2476199.93,0.714,2.19,Current,0,23.7,Low,0
L100356,C1202,2025-11-04,2028-11-04,Asia-Pacific,China,Transportation,SME,Leasing,192283.38,186701.97,0.0902,36,737.0,9.81,267583.76,0.698,1.37,Current,0,33.4,Low,0
L100357,C1198,2024-02-09,2027-02-09,Asia-Pacific,Singapore,Technology,SME,Working Capital,103882.05,70590.88,0.0709,36,730.0,8.67,140183.9,0.504,1.69,Late 30,57,35.1,Moderate,0
L100358,C1042,2025-12-02,2031-12-02,Europe,Netherlands,Transportation,SME,Equipment Finance,342163.36,335320.09,0.0738,72,613.0,7.13,483605.86,0.693,1.58,Late 60,76,75.6,High,0
L100359,C1375,2024-04-28,2029-04-28,Europe,Netherlands,Transportation,SME,Equipment Finance,376921.27,298451.76,0.072,60,675.0,2.91,,0.558,1.72,Current,0,30.6,Low,0
L100360,C1266,2023-01-20,2028-01-20,Latin America,Brazil,Healthcare,Mid-Market,Leasing,768429.08,451641.77,0.0539,60,697.0,36.38,875608.66,0.516,2.2,Current,0,20.3,Low,0
L100361,C1091,2023-02-07,2025-02-07,North America,Canada,Healthcare,Public Sector,Project Finance,3740296.6,299223.73,0.032,24,770.0,654.26,5612353.64,0.053,2.36,Current,0,16.2,Low,0
L100362,C1368,2025-12-12,2028-12-12,North America,United States,Transportation,Public Sector,Equipment Finance,1197839.31,1173882.52,0.0472,36,705.0,143.27,1321054.66,0.889,1.77,Current,0,46.7,Moderate,0
L100363,C1114,2024-08-21,2028-08-21,North America,United States,Transportation,Mid-Market,Project Finance,2291144.68,1707143.13,0.0704,48,625.0,86.3,2579433.42,0.662,1.65,Late 60,117,71.0,Elevated,0
L100364,C1049,2024-02-27,2029-02-27,Asia-Pacific,China,Healthcare,Mid-Market,Working Capital,700448.32,590479.08,0.0467,60,702.0,32.29,602288.66,0.98,1.76,Current,0,48.2,Moderate,0
L100365,C1339,2025-06-17,2029-06-17,Europe,United Kingdom,Healthcare,Enterprise,Equipment Finance,3897176.3,3644988.27,0.032,48,774.0,896.94,4601145.13,0.792,2.07,Late 30,38,48.0,Moderate,0
L100366,C1057,2024-11-08,2026-11-08,Asia-Pacific,Australia,Construction,Public Sector,Equipment Finance,2393684.17,1740231.66,0.0662,24,737.0,150.28,3494655.45,0.498,2.14,Current,0,24.3,Low,0
L100367,C1023,2024-12-20,2027-12-20,Asia-Pacific,Australia,Transportation,SME,Equipment Finance,864616.19,698758.69,0.0922,36,673.0,3.03,963589.06,0.725,0.82,Current,0,58.3,Elevated,0
L100368,C1238,2025-01-20,2030-01-20,Europe,France,Manufacturing,Mid-Market,Leasing,506052.4,448437.87,0.0453,60,712.0,37.29,493635.57,0.908,2.07,Current,0,44.3,Moderate,0
L100369,C1100,2023-08-19,2028-08-19,Middle East & Africa,Saudi Arabia,Technology,Enterprise,Working Capital,4011522.27,2847508.64,0.0542,60,760.0,340.5,5212704.85,0.546,2.08,Current,0,17.1,Low,0
L100370,C1057,2023-04-02,2025-04-02,Asia-Pacific,India,Retail,SME,Leasing,159956.95,49318.11,0.0935,24,680.0,7.07,158153.33,0.312,1.48,Current,0,30.3,Low,0
L100371,C1038,2025-03-20,2027-03-20,North America,United States,Manufacturing,Mid-Market,Equipment Finance,1843927.92,1515239.75,0.0537,24,694.0,60.55,2721711.39,0.557,1.79,Late 60,68,52.5,Moderate,0
L100372,C1047,2023-01-01,2026-01-01,Europe,Netherlands,Public Sector,Public Sector,Working Capital,2524324.59,796273.71,0.032,36,769.0,116.64,2382983.58,0.334,2.22,Late 60,109,40.6,Moderate,0
L100373,C1365,2025-02-26,2028-02-26,Europe,Netherlands,Manufacturing,Public Sector,Working Capital,1041488.21,911032.69,0.032,36,814.0,226.05,1408378.82,0.647,1.97,Late 30,40,40.0,Moderate,0
L100374,C1254,2023-05-25,2027-05-25,North America,Mexico,Technology,Public Sector,Leasing,4411143.09,2235044.84,0.032,48,762.0,113.19,6310857.12,0.354,2.32,Current,0,17.1,Low,0
L100375,C1320,2023-10-16,2026-10-16,North America,United States,Technology,Enterprise,Leasing,3414852.07,1390924.67,0.032,36,747.0,715.36,3225575.95,0.431,2.0,Current,0,17.1,Low,0
L100376,C1235,2025-02-19,2030-02-19,Latin America,Chile,Manufacturing,SME,Equipment Finance,196272.3,171143.22,0.1003,60,676.0,9.18,332014.44,0.515,1.44,Current,0,30.6,Low,0
L100377,C1206,2024-11-02,2029-11-02,Europe,Germany,Retail,SME,Working Capital,144527.99,122597.68,0.0848,60,652.0,5.42,143144.01,0.856,1.53,Current,0,52.9,Moderate,0
L100378,C1082,2025-05-25,2032-05-25,Europe,United Kingdom,Technology,Mid-Market,Leasing,1402178.04,1311911.46,0.0362,84,696.0,68.64,1575586.22,0.833,2.03,Current,0,38.5,Moderate,0
L100379,C1367,2024-10-08,2031-10-08,Asia-Pacific,China,Retail,Mid-Market,Leasing,1241601.6,1092180.78,0.066,84,700.0,171.87,1743936.87,0.626,1.7,Late 60,92,53.3,Moderate,0
L100380,C1312,2023-02-08,2026-02-08,Europe,Netherlands,Energy,Mid-Market,Equipment Finance,524685.25,121026.44,0.0509,36,677.0,52.6,817711.7,0.148,1.31,Current,0,35.6,Moderate,0
L100381,C1200,2025-07-20,2027-07-20,Latin America,Chile,Public Sector,Mid-Market,Working Capital,491693.59,392739.21,0.0434,24,716.0,32.3,446181.49,0.88,1.87,Current,0,34.1,Low,0
L100382,C1039,2023-08-27,2027-08-27,Asia-Pacific,Singapore,Retail,Mid-Market,Working Capital,599843.22,389931.24,0.0937,48,662.0,83.06,566097.49,0.689,1.91,Current,0,37.2,Moderate,0
L100383,C1288,2023-05-14,2028-05-14,Europe,United Kingdom,Technology,Enterprise,Leasing,1938050.75,1256711.43,0.032,60,749.0,237.83,1971478.02,0.637,1.86,Current,0,18.5,Low,0
L100384,C1126,2025-08-15,2027-08-15,Europe,Netherlands,Energy,SME,Project Finance,2370913.2,2006790.84,0.0887,24,686.0,4.83,3189074.27,0.629,1.83,Late 30,39,46.4,Moderate,0
L100385,C1079,2023-08-16,2027-08-16,Latin America,Brazil,Construction,SME,Project Finance,691616.5,524293.65,0.1281,48,642.0,3.79,1118815.42,0.469,0.8,Current,0,57.8,Elevated,0
L100386,C1280,2024-08-09,2028-08-09,Asia-Pacific,China,Technology,SME,Equipment Finance,314967.65,245655.78,0.0693,48,605.0,3.56,419684.42,0.585,1.5,Late 30,53,57.1,Elevated,0
L100387,C1318,2024-06-17,2027-06-17,Latin America,Chile,Retail,SME,Working Capital,358230.85,230760.84,0.1138,36,682.0,4.71,511250.82,0.451,0.93,Current,0,44.2,Moderate,0
L100388,C1233,2025-04-27,2030-04-27,North America,United States,Technology,Enterprise,Leasing,2104903.26,1883501.23,0.032,60,750.0,838.59,2172914.69,0.867,2.2,Late 30,58,54.9,Moderate,0
L100389,C1028,2023-02-11,2028-02-11,Middle East & Africa,South Africa,Energy,Mid-Market,Trade Finance,1130016.01,764244.81,0.0835,60,658.0,115.12,1691718.26,0.452,1.82,Late 60,64,60.8,Elevated,0
L100390,C1228,2023-04-22,2027-04-22,Asia-Pacific,Australia,Manufacturing,SME,Equipment Finance,124093.61,79374.33,0.0748,48,701.0,9.77,212954.71,0.373,1.37,Current,0,27.9,Low,0
L100391,C1349,2024-03-22,2030-03-22,North America,United States,Construction,Enterprise,Equipment Finance,2666204.92,2278012.99,0.065,72,661.0,591.3,4095399.44,0.556,1.83,Current,0,34.9,Low,0
L100392,C1260,2024-06-24,2027-06-24,Europe,United Kingdom,Retail,Mid-Market,Leasing,1335740.04,888587.4,0.0436,36,732.0,49.44,1311689.66,0.677,2.05,Current,0,25.8,Low,0
L100393,C1100,2025-05-21,2028-05-21,Asia-Pacific,Australia,Manufacturing,SME,Equipment Finance,811622.78,669839.96,0.0801,36,670.0,1.27,1026626.54,0.652,1.38,Late 30,56,53.8,Moderate,0
L100394,C1245,2024-10-26,2028-10-26,North America,United States,Construction,SME,Working Capital,114660.14,86843.92,0.1267,48,564.0,6.91,88580.8,0.98,1.23,Current,0,89.5,High,0
L100395,C1094,2023-06-21,2028-06-21,Europe,United Kingdom,Retail,SME,Leasing,146136.68,104519.98,0.0665,60,667.0,1.34,197476.12,0.529,1.64,Current,0,30.8,Low,0
L100396,C1332,2025-12-28,2030-12-28,Middle East & Africa,Saudi Arabia,Manufacturing,Mid-Market,Equipment Finance,1346926.91,1319988.37,0.0732,60,689.0,17.6,2382190.57,0.554,1.23,Current,0,33.7,Low,0
L100397,C1321,2024-05-21,2026-05-21,North America,United States,Manufacturing,SME,Leasing,170592.77,66631.63,0.0816,24,651.0,4.98,201481.31,0.331,1.5,Late 30,55,51.5,Moderate,0
L100398,C1216,2025-11-24,2032-11-24,Europe,Netherlands,Construction,SME,Project Finance,516839.01,506502.23,0.1035,84,622.0,6.48,528317.37,0.959,1.88,Late 30,40,87.1,High,0
L100399,C1051,2025-12-25,2029-12-25,Europe,Netherlands,Transportation,SME,Project Finance,1004074.55,983993.06,0.0879,48,653.0,4.16,1105968.18,0.89,1.25,Grace Period,20,64.0,Elevated,0
L100400,C1152,2023-02-28,2027-02-28,Europe,France,Manufacturing,Mid-Market,Leasing,530171.56,312373.27,0.051,48,686.0,150.28,704121.63,0.444,1.89,Current,0,25.9,Low,0
L100401,C1045,2024-07-17,2029-07-17,Middle East & Africa,United Arab Emirates,Public Sector,SME,Equipment Finance,104415.07,90256.54,0.053,60,619.0,7.32,151059.51,0.597,1.76,Current,0,30.8,Low,0
L100402,C1291,2024-04-20,2031-04-20,Asia-Pacific,Australia,Technology,Enterprise,Equipment Finance,1630923.57,1333378.6,0.032,84,793.0,411.23,1944657.2,0.686,1.71,Current,0,22.4,Low,0
L100403,C1258,2024-06-28,2029-06-28,North America,Mexico,Retail,SME,Project Finance,607456.69,480626.15,0.0821,60,651.0,12.99,888726.48,0.541,1.47,Default,175,80.7,High,1
L100404,C1098,2023-12-11,2030-12-11,Latin America,Brazil,Retail,Mid-Market,Working Capital,180881.04,150826.24,0.0887,84,664.0,153.06,153842.76,0.98,1.74,Late 60,84,88.1,High,0
L100405,C1325,2024-09-04,2027-09-04,Middle East & Africa,Saudi Arabia,Public Sector,Mid-Market,Working Capital,448662.95,291951.77,0.0433,36,679.0,79.7,514742.12,0.567,1.85,Grace Period,29,20.0,Low,0
L100406,C1288,2024-06-25,2029-06-25,North America,Canada,Technology,Mid-Market,Project Finance,799695.99,628238.66,0.032,60,742.0,35.87,975048.7,0.644,1.94,Current,0,19.0,Low,0
L100407,C1355,2023-07-18,2029-07-18,Middle East & Africa,United Arab Emirates,Energy,SME,Equipment Finance,845125.91,566839.92,0.1093,72,615.0,3.91,942637.61,0.601,1.65,Late 30,39,58.5,Elevated,0
L100408,C1106,2023-11-12,2027-11-12,North America,Mexico,Technology,Enterprise,Working Capital,6697411.68,4523461.98,0.0377,48,750.0,195.74,7740791.83,0.584,1.67,Current,0,17.1,Low,0
L100409,C1066,2023-06-21,2027-06-21,Latin America,Brazil,Manufacturing,Enterprise,Equipment Finance,1877650.22,1161047.98,0.0755,48,714.0,467.54,2863016.77,0.406,1.21,Current,0,29.7,Low,0
L100410,C1182,2025-07-01,2032-07-01,Asia-Pacific,Australia,Transportation,SME,Equipment Finance,378888.15,357409.51,0.1003,84,638.0,2.87,511504.77,0.699,1.75,Late 60,90,71.6,Elevated,0
L100411,C1100,2025-01-14,2028-01-14,Asia-Pacific,India,Manufacturing,SME,Leasing,140275.0,102722.8,0.0918,36,630.0,4.48,210201.33,0.489,1.43,Current,0,39.1,Moderate,0
L100412,C1280,2024-02-08,2028-02-08,North America,Mexico,Technology,Public Sector,Leasing,1406876.84,865199.59,0.032,48,733.0,270.33,1803598.44,0.48,2.37,Current,0,17.1,Low,0
L100413,C1161,2024-03-09,2030-03-09,Middle East & Africa,United Arab Emirates,Manufacturing,Mid-Market,Trade Finance,1793082.13,1385489.36,0.0671,72,704.0,16.95,1998059.82,0.693,1.25,Current,0,36.3,Moderate,0
L100414,C1238,2023-03-28,2029-03-28,North America,Mexico,Energy,SME,Equipment Finance,249047.0,179164.55,0.0693,72,673.0,2.51,432146.59,0.415,1.5,Current,0,31.4,Low,0
L100415,C1065,2023-11-16,2030-11-16,North America,Canada,Energy,SME,Project Finance,511631.64,434299.32,0.102,84,634.0,4.02,822720.58,0.528,1.1,Current,0,48.8,Moderate,0
L100416,C1032,2025-10-04,2031-10-04,North America,Canada,Transportation,Mid-Market,Working Capital,308572.87,301359.4,0.07,72,687.0,56.14,307386.59,0.98,1.45,Current,0,59.8,Elevated,0
L100417,C1356,2023-02-11,2025-02-11,Asia-Pacific,India,Construction,Enterprise,Working Capital,3708873.79,296709.9,0.0893,24,748.0,353.39,5153706.23,0.058,1.18,Current,0,33.9,Low,0
L100418,C1169,2023-06-07,2029-06-07,North America,Mexico,Manufacturing,Mid-Market,Trade Finance,94915.25,72328.75,0.0577,72,641.0,49.04,140627.55,0.514,1.4,Current,0,37.9,Moderate,0
L100419,C1052,2025-07-26,2029-07-26,Middle East & Africa,Saudi Arabia,Public Sector,Public Sector,Leasing,1302066.79,1185235.38,0.032,48,766.0,148.45,1276003.48,0.929,2.07,Late 60,76,65.3,Elevated,0
L100420,C1308,2024-07-09,2029-07-09,Asia-Pacific,China,Public Sector,Mid-Market,Leasing,707803.12,540550.27,0.032,60,686.0,23.61,912707.84,0.592,1.25,Current,0,26.5,Low,0
L100421,C1050,2023-02-10,2027-02-10,North America,Canada,Healthcare,SME,Equipment Finance,222493.11,91478.21,0.067,48,643.0,3.95,232775.29,0.393,1.32,Current,0,36.0,Moderate,0
L100422,C1378,2024-06-10,2030-06-10,North America,Canada,Transportation,Mid-Market,Equipment Finance,1599295.31,1262500.61,0.0721,72,700.0,50.82,2337598.48,0.54,1.72,Current,0,26.1,Low,0
L100423,C1146,2025-03-05,2030-03-05,North America,Mexico,Healthcare,SME,Project Finance,1212794.48,1084819.56,0.056,60,662.0,4.54,1940338.65,0.559,1.73,Current,0,26.6,Low,0
L100424,C1177,2024-01-22,2030-01-22,Europe,United Kingdom,Manufacturing,SME,Leasing,107948.69,86121.84,0.0678,72,626.0,5.89,126964.64,0.678,1.21,Current,0,50.2,Moderate,0
L100425,C1098,2024-02-17,2027-02-17,Asia-Pacific,India,Technology,SME,Leasing,824569.29,395321.25,0.06,36,731.0,7.13,1056659.88,0.374,1.66,Current,0,17.1,Low,0
L100426,C1032,2024-11-13,2027-11-13,North America,Canada,Manufacturing,SME,Equipment Finance,142998.03,115658.02,0.0661,36,707.0,8.39,170263.5,0.679,1.23,Current,0,35.2,Moderate,0
L100427,C1155,2024-10-12,2028-10-12,Middle East & Africa,Saudi Arabia,Retail,Enterprise,Leasing,5493135.13,4671288.8,0.0805,48,651.0,324.08,7172439.71,0.651,1.67,Late 60,76,64.1,Elevated,0
L100428,C1139,2025-09-19,2027-09-19,North America,Canada,Retail,SME,Working Capital,195856.85,169594.52,0.103,24,604.0,2.07,251074.97,0.675,1.3,Grace Period,22,53.0,Moderate,0
L100429,C1170,2023-09-03,2028-09-03,Asia-Pacific,China,Public Sector,Mid-Market,Equipment Finance,723655.43,490820.13,0.032,60,745.0,127.59,854958.15,0.574,1.78,Current,0,12.6,Low,0
L100430,C1186,2023-10-27,2027-10-27,Latin America,Chile,Transportation,Mid-Market,Working Capital,420393.92,272540.61,0.108,48,679.0,73.66,460379.72,0.592,1.18,Current,0,39.5,Moderate,0
L100431,C1239,2023-06-16,2028-06-16,Asia-Pacific,India,Technology,Mid-Market,Working Capital,522794.03,399769.37,0.0499,60,770.0,32.09,494553.98,0.808,2.28,Current,0,32.1,Low,0
L100432,C1027,2024-12-07,2026-12-07,Asia-Pacific,China,Retail,Enterprise,Project Finance,7241609.08,4827047.89,0.0592,24,747.0,570.19,10579296.1,0.456,1.36,Current,0,26.2,Low,0
L100433,C1137,2024-08-16,2027-08-16,Middle East & Africa,South Africa,Energy,Enterprise,Equipment Finance,2034166.0,1268995.3,0.0675,36,739.0,930.71,3145896.7,0.403,1.52,Current,0,22.4,Low,0
L100434,C1328,2024-01-24,2029-01-24,North America,United States,Manufacturing,Enterprise,Working Capital,1665712.99,1230485.93,0.0574,60,697.0,1402.31,2005672.09,0.614,1.84,Current,0,23.9,Low,0
L100435,C1361,2025-02-05,2029-02-05,North America,Mexico,Transportation,SME,Equipment Finance,208790.38,181519.82,0.0913,48,677.0,6.42,272127.43,0.667,1.09,Current,0,46.0,Moderate,0
L100436,C1204,2024-02-15,2027-02-15,North America,Canada,Healthcare,Mid-Market,Leasing,359261.73,214323.02,0.032,36,667.0,111.88,484809.15,0.442,1.36,Current,0,30.7,Low,0
L100437,C1139,2023-08-17,2026-08-17,Europe,United Kingdom,Healthcare,Mid-Market,Working Capital,331817.19,125415.4,0.032,36,765.0,27.4,387666.63,0.324,1.58,Current,0,16.2,Low,0
L100438,C1158,2024-08-23,2027-08-23,Asia-Pacific,India,Manufacturing,SME,Working Capital,92157.47,58064.99,0.0885,36,688.0,5.38,109723.65,0.529,1.52,Default,234,71.3,Elevated,1
L100439,C1297,2024-04-16,2029-04-16,Asia-Pacific,India,Transportation,SME,Equipment Finance,255860.19,204991.87,0.0909,60,627.0,4.47,371366.29,0.552,1.18,Late 60,102,76.9,High,0
L100440,C1150,2024-03-21,2027-03-21,Middle East & Africa,South Africa,Energy,SME,Project Finance,776147.11,465289.76,0.1068,36,695.0,6.8,1203108.4,0.387,1.15,Grace Period,28,36.5,Moderate,0
L100441,C1359,2024-05-22,2028-05-22,North America,Mexico,Manufacturing,Mid-Market,Equipment Finance,1039478.05,815442.34,0.0551,48,789.0,157.49,1254233.11,0.65,1.88,Current,0,22.2,Low,0
L100442,C1010,2025-09-25,2030-09-25,Asia-Pacific,India,Manufacturing,Mid-Market,Working Capital,1675295.68,1609461.49,0.0601,60,696.0,67.72,1641650.72,0.98,1.25,Current,0,60.7,Elevated,0
L100443,C1230,2023-08-11,2027-08-11,North America,Mexico,Healthcare,SME,Trade Finance,58878.46,41364.36,0.0473,48,704.0,3.08,95493.65,0.433,1.61,Current,0,19.1,Low,0
L100444,C1197,2023-10-20,2028-10-20,North America,Mexico,Retail,Enterprise,Leasing,3415456.37,2457597.58,0.0447,60,,219.3,3229485.78,0.761,1.24,Current,0,42.7,Moderate,0
L100445,C1171,2024-09-07,2027-09-07,Asia-Pacific,India,Healthcare,Public Sector,Project Finance,4167710.06,2976928.88,0.032,36,762.0,638.08,6573382.08,0.453,2.18,Current,0,16.2,Low,0
L100446,C1180,2023-02-24,2029-02-24,Latin America,Brazil,Transportation,SME,Working Capital,288176.4,212265.13,0.1281,72,601.0,7.56,328294.5,0.647,1.11,Default,149,100.0,High,1
L100447,C1060,2023-06-27,2027-06-27,Europe,Germany,Construction,Public Sector,Project Finance,6291457.86,4201778.93,0.0444,48,726.0,303.65,9997474.39,0.42,2.06,Late 30,56,42.3,Moderate,0
L100448,C1131,2024-09-09,2028-09-09,North America,Mexico,Healthcare,SME,Working Capital,163169.38,137963.48,0.0533,48,685.0,4.44,180092.57,0.766,1.24,Current,0,42.2,Moderate,0
L100449,C1134,2024-07-16,2030-07-16,Europe,Netherlands,Public Sector,Public Sector,Working Capital,1364459.13,1208021.05,0.032,72,820.0,271.55,1768006.85,0.683,2.23,Current,0,17.6,Low,0
L100450,C1250,2024-12-24,2029-12-24,North America,Mexico,Construction,Public Sector,Equipment Finance,1457754.47,1237036.41,0.0517,60,658.0,124.73,2275507.64,0.544,1.47,Current,0,37.5,Moderate,0
L100451,C1227,2023-05-01,2028-05-01,Middle East & Africa,United Arab Emirates,Technology,SME,Working Capital,256317.88,188911.34,0.0872,60,670.0,6.99,275242.88,0.686,1.27,Default,237,83.7,High,1
L100452,C1156,2025-07-20,2031-07-20,Asia-Pacific,Australia,Manufacturing,Enterprise,Equipment Finance,1166522.76,1122821.87,0.0566,72,785.0,231.68,1507722.14,0.745,2.03,Current,0,29.8,Low,0
L100453,C1196,2024-06-23,2026-06-23,North America,Mexico,Manufacturing,Public Sector,Trade Finance,2289271.81,804011.71,0.032,24,739.0,184.07,2065253.44,0.389,1.93,Current,0,19.8,Low,0
L100454,C1217,2023-06-25,2029-06-25,North America,Mexico,Retail,Public Sector,Equipment Finance,2214478.12,1729011.83,0.0347,72,729.0,154.39,2675485.86,0.646,1.58,Grace Period,2,23.3,Low,0
L100455,C1017,2023-12-06,2028-12-06,North America,Canada,Construction,Public Sector,Equipment Finance,1692084.8,1144737.46,0.0599,60,694.0,30.52,2933779.11,0.39,1.63,Current,0,29.0,Low,0
L100456,C1336,2023-09-22,2027-09-22,Latin America,Colombia,Retail,Mid-Market,Project Finance,1566780.83,967355.72,0.1018,48,657.0,46.78,1733794.0,0.558,0.91,Current,0,49.2,Moderate,0
L100457,C1339,2024-05-23,2027-05-23,Europe,United Kingdom,Retail,SME,Equipment Finance,297670.5,181855.26,0.076,36,591.0,3.15,471477.13,0.386,1.09,Current,0,56.4,Elevated,0
L100458,C1138,2024-05-01,2027-05-01,Asia-Pacific,India,Manufacturing,Enterprise,Leasing,5520837.34,3571411.45,0.0423,36,712.0,421.3,7074253.07,0.505,1.81,Late 60,61,49.2,Moderate,0
L100459,C1289,2024-04-20,2031-04-20,Asia-Pacific,Singapore,Public Sector,Mid-Market,Working Capital,3477438.74,3063675.08,0.0335,84,684.0,58.06,3169288.25,0.967,1.4,Current,0,50.7,Moderate,0
L100460,C1151,2024-05-18,2027-05-18,Europe,United Kingdom,Technology,Mid-Market,Equipment Finance,1966453.73,1140803.54,0.0386,36,717.0,173.57,3467487.36,0.329,1.87,Current,0,17.6,Low,0
L100461,C1025,2025-09-28,2028-09-28,North America,Canada,Construction,Mid-Market,Equipment Finance,698247.08,640234.5,0.0737,36,652.0,70.06,736811.81,0.869,1.44,Current,0,59.3,Elevated,0
L100462,C1329,2025-11-02,2030-11-02,Latin America,Chile,Manufacturing,Mid-Market,Leasing,1047386.58,1026438.85,0.0745,60,686.0,71.35,1399892.73,0.733,1.26,Current,0,42.5,Moderate,0
L100463,C1101,2024-06-28,2029-06-28,Europe,United Kingdom,Energy,SME,Equipment Finance,482437.76,372317.09,0.0823,60,647.0,7.48,659076.88,0.565,1.49,Current,0,36.3,Moderate,0
L100464,C1136,2025-11-16,2028-11-16,Europe,Netherlands,Construction,Enterprise,Equipment Finance,2028267.97,1957495.29,0.0613,36,712.0,824.11,2185245.38,0.896,1.29,Current,0,54.6,Moderate,0
L100465,C1218,2025-06-08,2031-06-08,Asia-Pacific,Singapore,Public Sector,SME,Equipment Finance,157127.47,145184.46,0.0453,72,670.0,7.29,185500.32,0.783,1.94,Current,0,34.6,Low,0
L100466,C1166,2025-06-11,2029-06-11,Asia-Pacific,Australia,Transportation,Enterprise,Leasing,2507761.24,2238161.04,0.0598,48,682.0,571.6,3562729.95,0.628,1.32,Late 30,41,54.0,Moderate,0
L100467,C1101,2023-09-22,2029-09-22,Latin America,Colombia,Healthcare,Enterprise,Equipment Finance,5541392.6,4642293.17,0.0388,72,750.0,746.03,6102439.05,0.761,1.54,Current,0,27.7,Low,0
L100468,C1304,2024-04-28,2027-04-28,North America,United States,Healthcare,Mid-Market,Equipment Finance,380548.33,209775.0,0.032,36,756.0,12.88,616780.87,0.34,1.66,Current,0,16.2,Low,0
L100469,C1135,2024-01-09,2026-01-09,Europe,United Kingdom,Retail,Mid-Market,Working Capital,350901.03,67794.82,0.0718,24,697.0,211.8,403113.61,0.168,1.71,Current,0,25.4,Low,0
L100470,C1224,2023-04-28,2028-04-28,Europe,United Kingdom,Technology,SME,Working Capital,250290.44,152317.23,0.0641,60,658.0,14.74,189130.27,0.805,1.69,Current,0,43.1,Moderate,0
L100471,C1252,2023-03-18,2026-03-18,Europe,Netherlands,Technology,Public Sector,Equipment Finance,2299420.32,1321376.88,0.032,36,752.0,263.14,2840039.27,0.465,1.46,Grace Period,26,19.4,Low,0
L100472,C1354,2024-11-06,2028-11-06,North America,Canada,Technology,Enterprise,Equipment Finance,7886986.57,6186787.19,0.032,48,667.0,199.88,8856166.27,0.699,1.9,Current,0,33.0,Low,0
L100473,C1181,2024-04-17,2026-04-17,North America,United States,Healthcare,Mid-Market,Project Finance,790807.44,325850.45,0.045,24,710.0,122.84,1184788.48,0.275,1.32,Current,0,24.0,Low,0
L100474,C1178,2025-06-23,2030-06-23,North America,Mexico,Technology,SME,Working Capital,702566.22,658115.45,0.0696,60,666.0,3.58,758574.6,0.868,1.42,Current,0,50.0,Moderate,0
L100475,C1346,2025-01-02,2031-01-02,Europe,United Kingdom,Technology,SME,Leasing,100343.9,87444.81,0.0614,72,646.0,7.66,90522.49,0.966,1.59,Current,0,58.1,Elevated,0
L100476,C1182,2023-04-03,2029-04-03,Europe,United Kingdom,Public Sector,Mid-Market,Leasing,224049.04,158580.81,0.032,72,693.0,26.18,292871.92,0.541,1.89,Late 30,36,35.5,Moderate,0
L100477,C1113,2025-07-01,2032-07-01,Europe,United Kingdom,Retail,Public Sector,Equipment Finance,2169047.1,2051573.1,0.032,84,720.0,914.57,2997845.99,0.684,2.12,Current,0,26.4,Low,0
L100478,C1016,2024-06-16,2030-06-16,Asia-Pacific,Singapore,Retail,Enterprise,Project Finance,3323355.26,2725727.93,0.05,72,762.0,196.29,4593898.24,0.593,1.76,Current,0,21.2,Low,0
L100479,C1123,2024-09-02,2028-09-02,Europe,Germany,Transportation,SME,Trade Finance,207485.15,171439.67,0.0661,48,699.0,5.74,192158.85,0.892,1.18,Current,0,57.7,Elevated,0
L100480,C1074,2025-11-27,2029-11-27,Europe,Netherlands,Technology,Enterprise,Trade Finance,2160265.06,2087400.41,0.032,48,710.0,128.77,2129148.42,0.98,1.65,Current,0,47.7,Moderate,0
L100481,C1115,2024-12-04,2030-12-04,North America,United States,Construction,Mid-Market,Equipment Finance,865158.69,765212.55,0.0776,72,662.0,56.54,1109156.0,0.69,1.42,Current,0,43.7,Moderate,0
L100482,C1205,2023-01-03,2029-01-03,Europe,Germany,Public Sector,Enterprise,Equipment Finance,2127988.21,1471464.26,0.032,72,735.0,368.75,3269448.69,0.45,1.65,Current,0,12.6,Low,0
L100483,C1199,2023-07-08,2030-07-08,Europe,Netherlands,Transportation,SME,Equipment Finance,419583.09,334246.78,0.0726,84,689.0,11.13,637732.13,0.524,1.26,Current,0,35.6,Moderate,0
L100484,C1071,2024-04-22,2029-04-22,North America,Mexico,Construction,Mid-Market,Equipment Finance,806260.15,677224.18,0.0688,60,688.0,44.55,990649.98,0.684,1.8,Current,0,35.2,Moderate,0
L100485,C1176,2023-02-26,2026-02-26,Europe,United Kingdom,Construction,Public Sector,Equipment Finance,4257077.9,1408699.08,0.0519,36,730.0,465.93,5032081.73,0.28,1.44,Current,0,27.2,Low,0
L100486,C1172,2023-07-08,2030-07-08,Europe,United Kingdom,Transportation,SME,Working Capital,161720.27,128167.03,0.1038,84,678.0,2.91,192826.23,0.665,1.21,Current,0,42.5,Moderate,0
L100487,C1016,2025-05-15,2032-05-15,North America,United States,Construction,Enterprise,Equipment Finance,1982343.89,1832717.09,0.0602,84,691.0,403.01,2062300.84,0.889,1.35,Current,0,56.2,Elevated,0
L100488,C1107,2023-06-22,2028-06-22,Europe,France,Energy,Public Sector,Trade Finance,548154.73,320071.52,0.034,60,792.0,195.53,722241.82,0.443,2.51,Current,0,21.6,Low,0
L100489,C1274,2023-07-23,2029-07-23,Europe,Germany,Technology,SME,Equipment Finance,295449.38,206517.99,0.0521,72,681.0,7.48,395333.13,0.522,1.48,Current,0,25.9,Low,0
L100490,C1007,2024-07-05,2029-07-05,Asia-Pacific,China,Transportation,SME,Equipment Finance,156363.33,132822.15,0.1005,60,625.0,6.91,187528.9,0.708,1.14,Late 60,115,85.3,High,0
L100491,C1114,2023-04-24,2030-04-24,Asia-Pacific,China,Manufacturing,Mid-Market,Project Finance,819479.8,593893.81,0.0766,84,695.0,90.76,1057312.15,0.562,1.27,Current,0,31.6,Low,0
L100492,C1180,2023-10-25,2026-10-25,Asia-Pacific,India,Public Sector,SME,Working Capital,243814.88,169101.99,0.0433,36,737.0,6.49,205505.65,0.823,1.63,Current,0,28.8,Low,0
L100493,C1063,2025-10-21,2031-10-21,Europe,United Kingdom,Transportation,SME,Leasing,87320.94,84602.75,0.0928,72,642.0,8.29,115546.67,0.732,1.46,Current,0,47.8,Moderate,0
L100494,C1245,2024-11-15,2026-11-15,Asia-Pacific,Singapore,Manufacturing,Mid-Market,Working Capital,1209179.3,780803.49,0.0683,24,740.0,33.24,957343.98,0.816,1.23,Late 30,55,61.8,Elevated,0
L100495,C1271,2025-11-11,2029-11-11,Europe,France,Public Sector,Enterprise,Equipment Finance,3805361.28,3679557.52,0.032,48,730.0,610.84,5039324.58,0.73,2.33,Current,0,21.4,Low,0
L100496,C1128,2024-01-25,2027-01-25,Europe,Netherlands,Construction,SME,Equipment Finance,318267.51,199732.12,0.1059,36,621.0,14.91,446471.95,0.447,1.38,Late 60,79,74.5,Elevated,0
L100497,C1087,2024-11-25,2028-11-25,Asia-Pacific,China,Construction,SME,Leasing,134353.54,114347.57,0.1074,48,675.0,1.94,124112.55,0.921,1.42,Grace Period,4,59.9,Elevated,0
L100498,C1295,2023-09-15,2026-09-15,Europe,Germany,Healthcare,Enterprise,Leasing,4052886.29,1474590.6,0.032,36,714.0,650.0,5503973.31,0.268,1.82,Current,0,17.3,Low,0
L100499,C1081,2024-02-21,2031-02-21,Europe,Netherlands,Public Sector,Mid-Market,Working Capital,532157.83,441397.37,0.032,84,753.0,88.24,661331.94,0.667,1.97,Current,0,16.4,Low,0
L100500,C1055,2023-07-12,2028-07-12,Asia-Pacific,India,Healthcare,Enterprise,Equipment Finance,2329932.69,1441603.14,0.032,60,,1187.64,4047221.63,0.356,1.73,Current,0,16.2,Low,0
L100501,C1012,2025-06-21,2031-06-21,Middle East & Africa,United Arab Emirates,Transportation,Mid-Market,Working Capital,598557.93,553013.42,0.1089,72,657.0,90.98,564073.69,0.98,1.65,Current,0,62.6,Elevated,0
L100502,C1034,2023-07-03,2026-07-03,Latin America,Chile,Manufacturing,Public Sector,Project Finance,1564595.67,759145.91,0.0357,36,745.0,244.76,1653029.0,0.459,1.82,Current,0,19.8,Low,0
L100503,C1331,2023-08-26,2025-08-26,Europe,United Kingdom,Transportation,Mid-Market,Equipment Finance,375392.54,107133.97,0.065,24,669.0,75.72,468723.8,0.229,1.55,Current,0,31.7,Low,0
L100504,C1355,2024-05-15,2029-05-15,Europe,France,Construction,SME,Equipment Finance,170479.16,134552.83,0.0943,60,663.0,3.49,287781.27,0.468,1.18,Current,0,44.2,Moderate,0
L100505,C1207,2024-04-17,2029-04-17,Asia-Pacific,Australia,Transportation,Enterprise,Leasing,3186168.74,2343052.07,0.0588,60,794.0,377.38,3839788.55,0.61,1.37,Current,0,27.2,Low,0
L100506,C1350,2023-12-06,2027-12-06,Europe,France,Technology,Mid-Market,Project Finance,1789618.59,1039137.1,0.0397,48,699.0,25.34,2015728.59,0.516,1.85,Current,0,20.9,Low,0
L100507,C1268,2024-01-15,2030-01-15,Middle East & Africa,South Africa,Public Sector,SME,Working Capital,329933.78,270777.17,0.0623,72,710.0,13.83,407760.4,0.664,1.76,Late 30,44,35.9,Moderate,0
L100508,C1154,2023-11-01,2029-11-01,Europe,United Kingdom,Construction,SME,Working Capital,105308.05,78299.69,0.1104,72,651.0,7.27,79865.68,0.98,1.04,Grace Period,26,78.8,High,0
L100509,C1271,2025-09-25,2030-09-25,North America,United States,Energy,Enterprise,Leasing,3630610.1,3504783.49,0.0431,60,729.0,272.0,4761947.72,0.736,1.67,Current,0,30.9,Low,0
L100510,C1159,2024-09-21,2031-09-21,North America,Canada,Retail,SME,Equipment Finance,305599.7,267379.35,0.09,84,654.0,6.51,414895.14,0.644,1.46,Grace Period,29,37.4,Moderate,0
L100511,C1365,2025-10-13,2030-10-13,Middle East & Africa,United Arab Emirates,Construction,SME,Leasing,141694.41,136465.8,0.1288,60,617.0,11.29,193929.16,0.704,1.19,Late 60,82,86.9,High,0
L100512,C1323,2025-12-24,2030-12-24,North America,Mexico,Retail,SME,Equipment Finance,408217.22,400052.88,0.0821,60,673.0,10.18,640217.17,0.625,0.95,Current,0,45.7,Moderate,0
L100513,C1321,2024-12-23,2028-12-23,North America,Canada,Retail,Mid-Market,Working Capital,513031.94,431267.58,0.073,48,681.0,32.63,473908.79,0.91,1.24,Current,0,59.5,Elevated,0
L100514,C1201,2025-06-04,2027-06-04,Europe,France,Retail,Mid-Market,Equipment Finance,672883.93,563902.48,0.0635,24,658.0,8.31,1007517.78,0.56,1.23,Current,0,40.7,Moderate,0
L100515,C1196,2023-04-02,2026-04-02,North America,Mexico,Construction,Mid-Market,Equipment Finance,993090.16,532052.49,0.0767,36,721.0,74.11,1403481.22,0.379,1.44,Current,0,27.2,Low,0
L100516,C1044,2025-11-08,2030-11-08,Europe,United Kingdom,Transportation,SME,Leasing,227127.45,222584.9,0.0824,60,662.0,3.17,227235.53,0.98,1.14,Current,0,72.4,Elevated,0
L100517,C1248,2024-06-01,2029-06-01,Asia-Pacific,Singapore,Manufacturing,SME,Leasing,223967.25,184728.03,0.0879,60,663.0,8.09,349678.87,0.528,1.26,Current,0,37.6,Moderate,0
L100518,C1043,2025-02-17,2029-02-17,North America,Canada,Technology,Mid-Market,Working Capital,419608.01,345927.14,0.042,48,764.0,104.54,522807.51,0.662,1.35,Current,0,25.7,Low,0
L100519,C1205,2023-09-15,2028-09-15,Middle East & Africa,Saudi Arabia,Construction,Mid-Market,Leasing,341009.3,249361.91,0.1162,60,612.0,115.69,542627.84,0.46,1.15,Current,0,54.1,Moderate,0
L100520,C1049,2023-04-16,2026-04-16,Middle East & Africa,United Arab Emirates,Technology,Mid-Market,Trade Finance,657893.46,336299.0,0.0576,36,761.0,171.09,947566.22,0.355,1.27,Current,0,24.4,Low,0
L100521,C1180,2025-08-03,2028-08-03,Europe,Netherlands,Public Sector,SME,Project Finance,379150.15,341738.8,0.032,36,657.0,11.84,410848.97,0.832,2.03,Current,0,40.9,Moderate,0
L100522,C1296,2024-05-26,2031-05-26,North America,Canada,Manufacturing,SME,Project Finance,334192.07,295159.59,0.0911,84,680.0,16.27,408681.7,0.722,1.6,Default,217,80.2,High,1
L100523,C1117,2023-05-28,2027-05-28,Europe,France,Healthcare,SME,Working Capital,156159.53,103310.93,0.0476,48,661.0,12.93,151498.37,0.682,1.62,Current,0,31.8,Low,0
L100524,C1228,2024-12-17,2027-12-17,North America,Mexico,Technology,Mid-Market,Working Capital,815955.96,582273.85,0.0512,36,678.0,143.95,593919.33,0.98,1.59,Current,0,53.5,Moderate,0
L100525,C1098,2023-02-01,2027-02-01,Europe,United Kingdom,Technology,Mid-Market,Working Capital,593644.6,405664.95,0.0328,48,763.0,56.55,586468.1,0.692,1.15,Current,0,33.3,Low,0
L100526,C1113,2024-05-12,2028-05-12,Latin America,Colombia,Manufacturing,Enterprise,Leasing,1911772.61,1454424.75,0.0733,48,807.0,215.81,2216083.01,0.656,1.36,Current,0,27.6,Low,0
L100527,C1069,2025-02-21,2030-02-21,Latin America,Brazil,Manufacturing,Mid-Market,Equipment Finance,695813.23,613885.97,0.0779,60,696.0,270.28,711777.16,0.862,1.2,Current,0,52.6,Moderate,0
L100528,C1061,2025-02-21,2032-02-21,Asia-Pacific,India,Public Sector,Mid-Market,Working Capital,770775.13,720639.84,0.032,84,735.0,60.31,1013833.24,0.711,1.86,Current,0,19.9,Low,0
L100529,C1141,2024-05-07,2029-05-07,Europe,France,Technology,Mid-Market,Equipment Finance,241375.84,199696.25,0.032,60,715.0,124.24,272249.21,0.734,1.95,Current,0,27.1,Low,0
L100530,C1046,2024-02-24,2029-02-24,Asia-Pacific,Singapore,Manufacturing,SME,Equipment Finance,518423.61,420415.4,0.0697,60,738.0,3.91,723571.16,0.581,1.48,Default,163,66.6,Elevated,1
L100531,C1338,2025-07-28,2029-07-28,Asia-Pacific,Australia,Manufacturing,Mid-Market,Project Finance,604691.54,563498.6,0.0715,48,624.0,105.43,900088.42,0.626,1.89,Current,0,37.6,Moderate,0
L100532,C1281,2023-07-15,2028-07-15,Europe,United Kingdom,Technology,SME,Equipment Finance,143650.66,87815.63,0.0475,60,695.0,1.21,211649.28,0.415,1.47,Current,0,23.7,Low,0
L100533,C1084,2023-03-11,2027-03-11,Asia-Pacific,Australia,Manufacturing,Mid-Market,Leasing,539426.06,317327.86,0.056,48,676.0,44.97,553997.8,0.573,1.39,Current,0,31.9,Low,0
L100534,C1336,2023-06-15,2025-06-15,North America,United States,Construction,SME,Working Capital,632168.52,162253.06,0.1221,24,560.0,5.17,722984.8,0.224,1.47,Current,0,55.2,Elevated,0
L100535,C1138,2025-05-01,2031-05-01,North America,Canada,Public Sector,Enterprise,Equipment Finance,9176800.92,8603389.57,0.032,72,740.0,639.45,14574573.85,0.59,2.08,Current,0,12.6,Low,0
L100536,C1201,2024-05-15,2028-05-15,Europe,Netherlands,Energy,Public Sector,Project Finance,6255154.84,4157257.73,0.032,48,810.0,447.08,9639652.66,0.431,1.9,Current,0,21.6,Low,0
L100537,C1265,2023-02-01,2027-02-01,North America,Canada,Transportation,SME,Equipment Finance,401463.08,269947.94,0.0804,48,633.0,2.79,505438.13,0.534,1.85,Current,0,38.2,Moderate,0
L100538,C1293,2023-07-01,2026-07-01,North America,United States,Manufacturing,Mid-Market,Project Finance,608822.63,220095.63,0.053,36,734.0,87.32,563429.45,0.391,1.79,Current,0,19.8,Low,0
L100539,C1002,2023-02-16,2029-02-16,Middle East & Africa,South Africa,Healthcare,Enterprise,Project Finance,7027849.85,5191895.56,0.0462,72,793.0,1026.92,9529491.4,0.545,1.64,Current,0,16.2,Low,0
L100540,C1107,2025-06-15,2028-06-15,Latin America,Colombia,Retail,SME,Equipment Finance,237406.18,200396.24,0.1127,36,660.0,23.55,282353.43,0.71,1.0,Late 60,67,81.5,High,0
L100541,C1127,2024-05-28,2028-05-28,Europe,France,Technology,Enterprise,Equipment Finance,2159997.83,1680842.41,0.032,48,,743.89,3468246.54,0.485,2.22,Current,0,17.1,Low,0
L100542,C1222,2023-03-15,2029-03-15,Middle East & Africa,Saudi Arabia,Retail,Mid-Market,Equipment Finance,1060237.03,842543.19,0.0954,72,627.0,43.62,1622068.59,0.519,1.45,Current,0,40.6,Moderate,0
L100543,C1331,2023-08-28,2027-08-28,Latin America,Colombia,Energy,Public Sector,Leasing,1280859.69,802295.55,0.0704,48,713.0,104.54,1895531.63,0.423,1.71,Current,0,22.9,Low,0
L100544,C1166,2024-11-23,2030-11-23,North America,United States,Healthcare,Public Sector,Equipment Finance,3716012.17,3357837.65,0.032,72,793.0,714.93,6486850.7,0.518,2.35,Current,0,16.2,Low,0
L100545,C1176,2024-10-10,2027-10-10,Europe,Germany,Technology,SME,Trade Finance,69039.88,48435.63,0.0694,36,683.0,8.69,92403.7,0.524,1.86,Current,0,23.8,Low,0
L100546,C1033,2025-06-26,2030-06-26,Europe,United Kingdom,Technology,Mid-Market,Equipment Finance,1012288.22,932444.35,0.032,60,727.0,57.22,1719103.45,0.542,1.93,Current,0,17.1,Low,0
L100547,C1199,2023-01-14,2030-01-14,North America,Mexico,Retail,Mid-Market,Project Finance,1076823.99,759168.43,0.05,84,697.0,21.25,1487546.24,0.51,1.81,Current,0,25.4,Low,0
L100548,C1185,2023-03-17,2027-03-17,Asia-Pacific,India,Manufacturing,SME,Equipment Finance,257425.98,169670.38,0.074,48,755.0,3.09,297663.79,0.57,1.51,Current,0,20.8,Low,0
L100549,C1241,2023-02-03,2028-02-03,Europe,United Kingdom,Public Sector,SME,Trade Finance,253210.56,150167.09,0.032,60,674.0,8.13,379684.46,0.396,1.97,Current,0,20.9,Low,0
L100550,C1321,2024-03-06,2028-03-06,Europe,United Kingdom,Public Sector,Public Sector,Equipment Finance,1174002.44,888409.26,0.032,48,820.0,286.42,1808285.4,0.491,2.17,Current,0,12.6,Low,0
L100551,C1215,2025-03-15,2030-03-15,North America,Mexico,Technology,SME,Leasing,269318.2,232536.38,0.0587,60,686.0,1.65,439919.12,0.529,2.08,Grace Period,15,23.2,Low,0
L100552,C1019,2024-12-08,2030-12-08,North America,Mexico,Healthcare,Mid-Market,Leasing,642665.1,560587.38,0.032,72,779.0,85.86,695732.52,0.806,1.46,Current,0,33.4,Low,0
L100553,C1310,2023-08-17,2028-08-17,Middle East & Africa,United Arab Emirates,Technology,Enterprise,Equipment Finance,2364661.9,1624080.84,0.0409,60,698.0,181.52,3002752.05,0.541,1.74,Current,0,21.1,Low,0
L100554,C1181,2024-12-03,2030-12-03,North America,Canada,Energy,SME,Project Finance,459700.23,396271.41,0.0849,72,671.0,12.73,696959.92,0.569,1.03,Current,0,43.9,Moderate,0
L100555,C1184,2024-12-08,2029-12-08,North America,Mexico,Public Sector,Mid-Market,Equipment Finance,886092.98,761779.42,0.032,60,707.0,66.01,945609.36,0.806,1.93,Grace Period,16,29.8,Low,0
L100556,C1331,2023-07-19,2028-07-19,North America,United States,Technology,Public Sector,Leasing,1078347.86,737506.39,0.032,60,762.0,172.56,1482620.28,0.497,1.98,Current,0,17.1,Low,0
L100557,C1224,2025-03-18,2029-03-18,Europe,Germany,Retail,Mid-Market,Leasing,729890.63,653910.15,0.0451,48,738.0,107.16,950030.78,0.688,1.64,Current,0,26.7,Low,0
L100558,C1300,2024-04-28,2029-04-28,Europe,France,Transportation,SME,Working Capital,152801.78,116177.87,0.0923,60,672.0,6.85,123252.42,0.943,1.4,Default,193,100.0,High,1
L100559,C1334,2023-03-26,2029-03-26,Europe,United Kingdom,Technology,SME,Equipment Finance,229012.62,168738.02,0.0493,72,727.0,12.51,261954.09,0.644,1.37,Current,0,23.7,Low,0
L100560,C1187,2024-03-23,2029-03-23,North America,Canada,Construction,Public Sector,Equipment Finance,5643846.61,4778637.07,0.0516,60,701.0,241.77,9186196.87,0.52,1.8,Current,0,27.7,Low,0
L100561,C1373,2025-04-01,2028-04-01,North America,Canada,Technology,SME,Equipment Finance,415366.04,338238.18,0.0651,36,650.0,5.99,428484.91,0.789,1.97,Current,0,43.2,Moderate,0
L100562,C1065,2025-02-17,2029-02-17,Middle East & Africa,Saudi Arabia,Retail,Mid-Market,Equipment Finance,776261.07,701228.09,0.0731,48,693.0,48.6,1226594.24,0.572,1.04,Grace Period,15,39.4,Moderate,0
L100563,C1331,2023-10-07,2028-10-07,Asia-Pacific,Australia,Manufacturing,SME,Equipment Finance,355284.92,246189.45,0.0743,60,671.0,6.47,557619.83,0.442,1.16,Late 30,32,56.8,Elevated,0
L100564,C1322,2025-04-08,2031-04-08,Asia-Pacific,Singapore,Retail,Mid-Market,Trade Finance,347277.23,327056.02,0.0694,72,685.0,166.2,481763.8,0.679,1.72,Default,239,77.3,High,1
L100565,C1037,2024-03-06,2027-03-06,Asia-Pacific,India,Public Sector,Public Sector,Leasing,1306625.36,842158.43,0.032,36,730.0,168.4,1577277.45,0.534,2.27,Current,0,12.6,Low,0
L100566,C1058,2024-05-13,2027-05-13,Asia-Pacific,China,Public Sector,Mid-Market,Working Capital,442738.84,255603.34,0.032,36,768.0,86.68,310466.41,0.823,1.83,Current,0,28.8,Low,0
L100567,C1014,2023-04-04,2027-04-04,North America,United States,Technology,Public Sector,Leasing,816796.6,569908.68,0.032,48,743.0,133.25,1226283.28,0.465,2.41,Current,0,17.1,Low,0
L100568,C1105,2025-12-15,2028-12-15,Europe,Netherlands,Public Sector,SME,Equipment Finance,408702.02,400527.98,0.032,36,744.0,1.53,455408.65,0.879,1.61,Current,0,33.3,Low,0
L100569,C1376,2025-07-05,2032-07-05,Europe,Netherlands,Healthcare,Mid-Market,Leasing,542140.15,516686.67,0.032,84,715.0,65.96,602095.76,0.858,1.68,Current,0,36.1,Moderate,0
L100570,C1047,2023-08-15,2027-08-15,Europe,Netherlands,Construction,Enterprise,Equipment Finance,2822448.48,1519035.17,0.0639,48,739.0,603.92,4883081.97,0.311,1.37,Current,0,29.0,Low,0
L100571,C1012,2024-09-18,2028-09-18,Middle East & Africa,United Arab Emirates,Manufacturing,Mid-Market,Leasing,522655.42,440328.72,0.0528,48,725.0,54.17,588716.85,0.748,1.36,Late 30,56,53.0,Moderate,0
L100572,C1174,2025-05-06,2028-05-06,Europe,United Kingdom,Healthcare,SME,Leasing,1362275.12,1139494.47,0.0557,36,652.0,2.18,1486724.9,0.766,2.03,Current,0,40.1,Moderate,0
L100573,C1134,2024-07-03,2028-07-03,Asia-Pacific,India,Technology,Enterprise,Leasing,1771411.3,1380117.02,0.032,48,759.0,579.67,2887449.87,0.478,1.29,Current,0,23.9,Low,0
L100574,C1239,2023-08-23,2030-08-23,Middle East & Africa,United Arab Emirates,Healthcare,Mid-Market,Trade Finance,189776.38,151773.92,0.0519,84,788.0,68.41,183029.67,0.829,1.29,Current,0,39.7,Moderate,0
L100575,C1230,2025-11-21,2029-11-21,Europe,France,Healthcare,Mid-Market,Equipment Finance,383178.69,374366.39,0.032,48,725.0,33.43,437022.11,0.857,1.46,Current,0,37.5,Moderate,0
L100576,C1314,2023-10-08,2025-10-08,Middle East & Africa,Saudi Arabia,Public Sector,Public Sector,Leasing,2614756.06,961749.68,0.032,24,800.0,99.38,3212850.49,0.299,2.53,Grace Period,17,12.6,Low,0
L100577,C1157,2024-01-25,2027-01-25,Europe,France,Energy,SME,Equipment Finance,708722.15,416547.64,0.0701,36,690.0,4.7,1141577.64,0.365,1.26,Current,0,34.5,Low,0
L100578,C1175,2024-02-07,2031-02-07,Middle East & Africa,Saudi Arabia,Construction,SME,Leasing,164876.47,144793.56,0.1178,84,662.0,8.24,257746.31,0.562,1.01,Default,196,93.8,High,1
L100579,C1008,2025-09-26,2032-09-26,Europe,Germany,Manufacturing,SME,Working Capital,377011.17,366624.91,0.0892,84,679.0,7.12,470029.93,0.78,0.99,Current,0,54.5,Moderate,0
L100580,C1368,2024-07-04,2027-07-04,Europe,Netherlands,Construction,Mid-Market,Equipment Finance,1490078.65,988047.23,0.0679,36,703.0,33.59,2610813.4,0.378,1.39,Current,0,31.5,Low,0
L100581,C1081,2025-02-19,2030-02-19,Europe,France,Public Sector,SME,Working Capital,160868.22,142900.18,0.0464,60,719.0,5.99,145758.18,0.98,1.98,Current,0,41.6,Moderate,0
L100582,C1226,2025-09-01,2027-09-01,North America,Mexico,Healthcare,Enterprise,Leasing,2236773.7,2061690.84,0.032,24,696.0,831.98,3052368.31,0.675,1.94,Default,232,69.9,Elevated,1
L100583,C1334,2025-10-06,2030-10-06,Europe,Germany,Construction,SME,Equipment Finance,362572.96,352557.21,0.1024,60,659.0,2.66,401462.41,0.878,1.27,Late 30,38,81.2,High,0
L100584,C1229,2025-07-12,2028-07-12,Middle East & Africa,South Africa,Retail,Mid-Market,Trade Finance,1047962.88,945604.17,0.0698,36,685.0,60.32,1658686.36,0.57,0.97,Current,0,42.6,Moderate,0
L100585,C1237,2025-09-03,2031-09-03,Asia-Pacific,Singapore,Public Sector,SME,Leasing,308298.9,296636.17,0.0389,72,675.0,12.62,493734.65,0.601,1.62,Current,0,20.7,Low,0
L100586,C1066,2025-11-13,2031-11-13,North America,United States,Healthcare,SME,Project Finance,407873.8,399055.55,0.0481,72,732.0,2.5,459784.37,0.868,1.67,Current,0,36.0,Moderate,0
L100587,C1269,2025-12-07,2028-12-07,Europe,Netherlands,Technology,SME,Leasing,221317.61,216891.26,0.0633,36,653.0,11.26,336575.71,0.644,1.36,Grace Period,24,36.0,Moderate,0
L100588,C1072,2024-12-03,2028-12-03,North America,Mexico,Construction,Enterprise,Trade Finance,7114431.45,5796339.26,0.0683,48,661.0,1309.87,9766027.59,0.594,1.69,Late 30,39,52.9,Moderate,0
L100589,C1262,2023-05-27,2026-05-27,North America,Mexico,Energy,Mid-Market,Equipment Finance,1121212.52,690248.68,0.0425,36,726.0,50.54,1228138.73,0.562,1.79,Current,0,21.6,Low,0
L100590,C1219,2023-05-28,2027-05-28,Latin America,Colombia,Public Sector,Mid-Market,Leasing,1203499.28,560930.03,0.032,48,668.0,46.89,1627222.64,0.345,1.59,Late 30,45,40.0,Moderate,0
L100591,C1186,2025-05-27,2027-05-27,Europe,Netherlands,Healthcare,Enterprise,Working Capital,2609273.22,2146224.94,0.032,24,674.0,910.78,3684405.41,0.583,2.02,Current,0,24.5,Low,0
L100592,C1273,2023-12-05,2026-12-05,Europe,Germany,Public Sector,Mid-Market,Leasing,851779.26,527155.22,0.032,36,757.0,51.68,963422.42,0.547,1.95,Current,0,12.6,Low,0
L100593,C1273,2025-05-11,2032-05-11,Europe,France,Manufacturing,SME,Leasing,260781.86,248522.78,0.0712,84,678.0,1.28,253493.24,0.98,1.81,Late 60,112,84.2,High,0
L100594,C1077,2025-10-10,2027-10-10,North America,United States,Manufacturing,Public Sector,Trade Finance,2455084.07,2321416.58,0.032,24,766.0,216.33,4008154.93,0.579,2.56,Current,0,19.8,Low,0
L100595,C1142,2024-12-10,2030-12-10,North America,United States,Retail,SME,Leasing,371463.8,322380.76,0.0789,72,643.0,7.36,449652.31,0.717,1.11,Grace Period,9,54.3,Moderate,0
L100596,C1183,2025-04-12,2027-04-12,Asia-Pacific,India,Public Sector,SME,Working Capital,209252.62,169938.83,0.0612,24,637.0,8.7,209922.14,0.81,1.84,Current,0,42.7,Moderate,0
L100597,C1057,2023-11-15,2027-11-15,Asia-Pacific,Singapore,Retail,Mid-Market,Working Capital,356467.37,256307.84,0.077,48,647.0,33.6,432915.04,0.592,1.76,Current,0,34.4,Low,0
L100598,C1135,2024-04-14,2028-04-14,Latin America,Chile,Retail,SME,Project Finance,755311.87,597901.05,0.1192,48,650.0,4.65,1022155.28,0.585,0.92,Current,0,50.2,Moderate,0
L100599,C1015,2025-11-09,2031-11-09,Asia-Pacific,India,Technology,SME,Project Finance,580936.83,567874.6,0.0796,72,633.0,10.08,654419.51,0.868,1.36,Current,0,57.5,Elevated,0
L100600,C1166,2025-06-28,2028-06-28,Europe,France,Energy,Enterprise,Leasing,2175600.96,1867617.91,0.0384,36,740.0,462.47,2121174.84,0.88,1.51,Current,0,43.4,Moderate,0
L100601,C1078,2023-08-28,2026-08-28,Asia-Pacific,India,Manufacturing,SME,Equipment Finance,1543813.7,560654.05,0.0854,36,654.0,2.13,2532660.17,0.221,1.36,Current,0,36.6,Moderate,0
L100602,C1084,2025-10-10,2030-10-10,Middle East & Africa,United Arab Emirates,Technology,Enterprise,Equipment Finance,1420665.85,1366543.89,0.0416,60,752.0,1033.93,1964117.25,0.696,1.56,Current,0,23.2,Low,0
L100603,C1310,2024-06-07,2029-06-07,Asia-Pacific,India,Energy,Public Sector,Working Capital,2152344.73,1620276.2,0.059,60,746.0,201.41,2549141.79,0.636,1.72,Late 30,38,40.9,Moderate,0
L100604,C1053,2025-07-15,2030-07-15,Latin America,Chile,Retail,Mid-Market,Project Finance,1087132.18,1021774.41,0.0821,60,707.0,114.09,1680030.72,0.608,1.57,Late 60,73,51.6,Moderate,0
L100605,C1045,2024-07-11,2026-07-11,Asia-Pacific,India,Manufacturing,Enterprise,Leasing,2807197.75,1814234.21,0.0477,24,755.0,202.07,2563790.64,0.708,1.12,Current,0,38.0,Moderate,0
L100606,C1121,2024-10-28,2027-10-28,Middle East & Africa,South Africa,Manufacturing,Enterprise,Equipment Finance,12500000.0,9701615.94,0.0635,36,723.0,445.31,20806736.97,0.466,1.27,Current,0,27.1,Low,0
L100607,C1008,2023-06-13,2029-06-13,North America,Mexico,Energy,Public Sector,Equipment Finance,1284389.29,995264.01,0.0359,72,747.0,,,0.489,2.11,Current,0,21.6,Low,0
L100608,C1330,2024-01-02,2029-01-02,Asia-Pacific,Australia,Manufacturing,SME,Leasing,160901.57,115772.14,0.0836,60,681.0,5.21,259070.24,0.447,1.54,Current,0,27.1,Low,0
L100609,C1375,2025-03-04,2030-03-04,Europe,Netherlands,Energy,SME,Project Finance,597855.25,556923.83,0.0945,60,572.0,2.64,642809.84,0.866,1.14,Late 60,108,100.0,High,0
L100610,C1305,2025-07-03,2029-07-03,Europe,Netherlands,Transportation,Mid-Market,Equipment Finance,592929.88,558861.78,0.0626,48,715.0,13.21,748168.86,0.747,1.7,Current,0,33.6,Low,0
L100611,C1303,2023-04-11,2026-04-11,Asia-Pacific,Australia,Healthcare,Mid-Market,Working Capital,890139.03,329727.58,0.0479,36,721.0,149.14,1046900.58,0.315,1.99,Current,0,16.2,Low,0
L100612,C1038,2023-03-09,2030-03-09,Latin America,Colombia,Transportation,SME,Working Capital,131690.82,107605.89,0.1183,84,679.0,6.41,180988.59,0.595,1.03,Grace Period,9,43.4,Moderate,0
L100613,C1210,2025-01-24,2030-01-24,Latin America,Brazil,Retail,Mid-Market,Trade Finance,920580.69,843199.88,0.0951,60,643.0,119.56,1513896.81,0.557,1.07,Current,0,47.6,Moderate,0
L100614,C1033,2024-05-25,2027-05-25,North America,Canada,Transportation,SME,Equipment Finance,151016.83,113609.09,0.0791,36,646.0,9.78,201237.97,0.565,1.59,Current,0,35.8,Moderate,0
L100615,C1114,2025-07-04,2031-07-04,Asia-Pacific,China,Construction,Public Sector,Trade Finance,511561.32,482143.0,0.0663,72,685.0,332.99,667291.97,0.723,2.2,Current,0,38.8,Moderate,0
L100616,C1187,2023-03-27,2028-03-27,Asia-Pacific,Australia,Healthcare,SME,Working Capital,157224.18,116373.24,0.0664,60,711.0,4.51,127023.5,0.916,1.23,Grace Period,29,49.8,Moderate,0
L100617,C1258,2024-01-17,2028-01-17,Europe,Germany,Manufacturing,SME,Project Finance,243172.75,187066.98,0.0772,48,619.0,7.45,345422.4,0.542,1.51,Late 30,54,57.0,Elevated,0
L100618,C1105,2023-02-09,2027-02-09,North America,Canada,Healthcare,SME,Equipment Finance,787542.21,502297.49,0.0547,48,648.0,13.37,1297891.47,0.387,1.93,Current,0,29.2,Low,0
L100619,C1097,2025-02-12,2030-02-12,North America,Canada,Retail,SME,Leasing,100821.63,87598.52,0.0739,60,680.0,5.79,151130.31,0.58,1.44,Late 30,50,49.3,Moderate,0
L100620,C1312,2025-07-13,2029-07-13,Asia-Pacific,Australia,Transportation,SME,Working Capital,98359.16,92406.61,0.1153,48,634.0,17.88,94254.74,0.98,0.72,Default,133,100.0,High,1
L100621,C1085,2023-06-05,2028-06-05,Europe,France,Energy,SME,Equipment Finance,414975.93,326028.69,0.0821,60,629.0,2.17,723073.98,0.451,1.54,Late 30,46,56.2,Elevated,0
L100622,C1184,2023-12-25,2028-12-25,Latin America,Colombia,Technology,SME,Leasing,174259.89,117591.84,0.0755,60,715.0,2.03,172562.59,0.681,1.1,Current,0,34.6,Low,0
L100623,C1108,2025-07-01,2028-07-01,Europe,France,Public Sector,SME,Leasing,101491.38,88499.57,0.032,36,726.0,10.15,128942.52,0.686,1.48,Current,0,19.7,Low,0
L100624,C1324,2023-02-02,2030-02-02,Latin America,Colombia,Transportation,Mid-Market,Leasing,2373115.97,1900842.18,0.0902,84,717.0,34.91,3122896.85,0.609,0.82,Current,0,42.0,Moderate,0
L100625,C1203,2025-11-08,2029-11-08,Europe,United Kingdom,Transportation,Mid-Market,Equipment Finance,542134.64,530581.66,0.0602,48,722.0,205.88,771124.39,0.688,1.87,Current,0,27.9,Low,0
L100626,C1041,2025-08-05,2029-08-05,Asia-Pacific,China,Retail,SME,Leasing,218505.11,207598.2,0.0998,48,651.0,12.6,320856.86,0.647,1.1,Current,0,47.5,Moderate,0
L100627,C1056,2023-06-02,2028-06-02,North America,United States,Transportation,SME,Equipment Finance,289162.65,184252.8,0.0968,60,650.0,14.72,427152.64,0.431,1.44,Current,0,38.0,Moderate,0
L100628,C1368,2023-06-11,2028-06-11,Europe,France,Transportation,SME,Trade Finance,320383.07,236789.17,0.0898,60,633.0,9.52,306877.99,0.772,1.54,Current,0,50.6,Moderate,0
L100629,C1357,2025-01-11,2029-01-11,Asia-Pacific,Singapore,Manufacturing,SME,Trade Finance,277467.14,222583.52,0.0785,48,678.0,3.11,287147.62,0.775,1.44,Late 30,36,60.6,Elevated,0
L100630,C1291,2023-01-04,2028-01-04,Latin America,Brazil,Manufacturing,SME,Equipment Finance,202102.78,111446.44,0.0926,60,652.0,1.97,286820.07,0.389,1.33,Late 30,44,55.8,Elevated,0
L100631,C1029,2024-07-23,2030-07-23,Middle East & Africa,South Africa,Retail,Enterprise,Equipment Finance,2871388.31,2406849.03,0.0682,72,708.0,1213.02,4424552.97,0.544,1.57,Current,0,23.4,Low,0
L100632,C1278,2023-03-25,2029-03-25,North America,United States,Transportation,Public Sector,Equipment Finance,1967654.75,1592498.47,0.0456,72,757.0,90.77,2765796.32,0.576,1.93,Current,0,22.5,Low,0
L100633,C1251,2024-08-21,2030-08-21,Europe,Germany,Healthcare,Public Sector,Leasing,2599117.06,2125882.84,0.032,72,804.0,614.44,3032210.11,0.701,2.0,Current,0,22.7,Low,0
L100634,C1357,2024-01-15,2027-01-15,North America,United States,Transportation,Mid-Market,Project Finance,910524.6,482177.47,0.0487,36,705.0,87.85,854391.6,0.564,1.28,Current,0,32.2,Low,0
L100635,C1184,2025-02-27,2029-02-27,North America,Mexico,Manufacturing,Mid-Market,Leasing,2343226.34,1950729.48,0.0492,48,772.0,55.32,3490026.32,0.559,1.6,Current,0,19.8,Low,0
L100636,C1178,2025-08-10,2030-08-10,Asia-Pacific,China,Public Sector,SME,Equipment Finance,210186.37,202651.77,0.0476,60,663.0,7.23,292767.69,0.692,1.68,Grace Period,25,28.6,Low,0
L100637,C1240,2024-06-12,2026-06-12,Asia-Pacific,India,Energy,Enterprise,Equipment Finance,3451126.78,1545197.42,0.0607,24,658.0,640.51,4914721.51,0.314,1.67,Current,0,32.8,Low,0
L100638,C1056,2024-12-01,2029-12-01,Asia-Pacific,India,Public Sector,Enterprise,Equipment Finance,1770003.56,1487007.76,0.032,60,781.0,423.39,2427946.81,0.612,2.25,Current,0,12.6,Low,0
L100639,C1283,2024-10-20,2028-10-20,Middle East & Africa,South Africa,Technology,Enterprise,Project Finance,3022332.38,2265061.64,0.0539,48,,1161.78,3321570.67,0.682,1.75,Current,0,22.8,Low,0
L100640,C1188,2025-12-03,2029-12-03,Asia-Pacific,Australia,Energy,Enterprise,Working Capital,1148859.78,1125882.58,0.0638,48,718.0,1137.35,1148400.23,0.98,1.25,Late 60,79,86.6,High,0
L100641,C1071,2023-09-19,2026-09-19,Asia-Pacific,China,Manufacturing,Mid-Market,Leasing,414004.34,216494.69,0.0725,36,637.0,63.88,392321.11,0.552,0.96,Late 30,38,68.1,Elevated,0
L100642,C1309,2023-09-22,2027-09-22,North America,Canada,Public Sector,Enterprise,Equipment Finance,2727829.83,1807035.74,0.032,48,720.0,330.89,4230043.7,0.427,1.82,Current,0,12.6,Low,0
L100643,C1100,2024-02-07,2028-02-07,North America,United States,Manufacturing,Enterprise,Trade Finance,1277867.66,852592.26,0.0399,48,679.0,1078.66,1410644.06,0.604,1.35,Current,0,32.4,Low,0
L100644,C1326,2025-03-18,2030-03-18,Asia-Pacific,Australia,Manufacturing,SME,Equipment Finance,488696.38,424616.48,0.0819,60,655.0,1.57,607899.7,0.698,1.19,Late 60,61,75.1,High,0
L100645,C1103,2025-08-09,2030-08-09,Middle East & Africa,South Africa,Construction,Public Sector,Project Finance,2636658.35,2493422.52,0.0757,60,711.0,302.87,4337632.81,0.575,1.7,Current,0,25.9,Low,0
L100646,C1185,2023-11-12,2026-11-12,North America,Canada,Healthcare,SME,Project Finance,359636.45,230947.17,0.0583,36,686.0,8.7,427737.0,0.54,1.65,Current,0,22.3,Low,0
L100647,C1165,2023-04-15,2026-04-15,Europe,Netherlands,Healthcare,Public Sector,Leasing,1340246.22,839754.54,0.032,36,,137.62,1719566.6,0.488,2.71,Current,0,16.2,Low,0
L100648,C1278,2024-10-07,2030-10-07,Asia-Pacific,India,Energy,Enterprise,Project Finance,11413622.75,9844184.21,0.0685,72,754.0,877.9,13580554.11,0.725,1.68,Current,0,30.0,Low,0
L100649,C1070,2024-10-23,2027-10-23,North America,Mexico,Public Sector,SME,Equipment Finance,369795.14,252210.9,0.0402,36,628.0,5.41,457674.49,0.551,2.31,Late 30,58,47.2,Moderate,0
L100650,C1093,2024-02-12,2028-02-12,Europe,France,Energy,Mid-Market,Working Capital,503108.1,399999.02,0.0536,48,719.0,,407999.0,0.98,1.7,Current,0,50.6,Moderate,0
L100651,C1073,2023-07-13,2027-07-13,Middle East & Africa,South Africa,Energy,SME,Equipment Finance,142188.7,91802.36,0.0954,48,668.0,9.99,236198.86,0.389,1.51,Current,0,32.0,Low,0
L100652,C1087,2025-07-23,2030-07-23,Asia-Pacific,Australia,Healthcare,Enterprise,Leasing,1340875.09,1234299.7,0.032,60,743.0,244.85,1682617.56,0.734,1.7,Current,0,25.3,Low,0
L100653,C1172,2025-07-07,2031-07-07,North America,Canada,Energy,Enterprise,Equipment Finance,1652513.84,1568414.06,0.0447,72,727.0,822.78,2577785.63,0.608,1.34,Current,0,27.1,Low,0
L100654,C1222,2025-03-13,2030-03-13,Middle East & Africa,United Arab Emirates,Healthcare,Mid-Market,Equipment Finance,2068203.62,1898377.75,0.0443,60,723.0,16.97,3596590.62,0.528,1.49,Current,0,17.8,Low,0
L100655,C1328,2024-09-28,2031-09-28,Europe,Netherlands,Manufacturing,Enterprise,Equipment Finance,4718552.33,4225543.88,0.0442,84,710.0,573.02,4822943.25,0.876,1.74,Current,0,42.1,Moderate,0
L100656,C1160,2023-10-12,2029-10-12,Middle East & Africa,South Africa,Manufacturing,SME,Equipment Finance,198062.2,155621.04,0.0944,72,665.0,5.65,302298.32,0.515,1.13,Current,0,40.6,Moderate,0
L100657,C1155,2024-03-04,2027-03-04,North America,Mexico,Healthcare,SME,Working Capital,129431.07,93895.93,0.06,36,728.0,3.94,99529.97,0.943,1.28,Current,0,49.1,Moderate,0
L100658,C1061,2023-03-08,2026-03-08,Europe,Germany,Retail,Mid-Market,Leasing,450388.98,162188.66,0.0617,36,665.0,73.85,560046.89,0.29,1.71,Current,0,31.1,Low,0
L100659,C1037,2023-09-27,2027-09-27,Europe,Germany,Manufacturing,SME,Equipment Finance,195297.0,121393.96,0.0717,48,633.0,5.24,323233.44,0.376,1.23,Late 60,84,71.8,Elevated,0
L100660,C1289,2024-05-22,2028-05-22,North America,Canada,Energy,Mid-Market,Trade Finance,822751.05,592365.81,0.0741,48,694.0,111.54,784593.41,0.755,1.14,Current,0,47.7,Moderate,0
L100661,C1240,2024-04-23,2029-04-23,Middle East & Africa,Saudi Arabia,Retail,SME,Trade Finance,179606.27,138335.2,0.1015,60,617.0,7.78,294951.23,0.469,0.93,Grace Period,16,55.9,Elevated,0
L100662,C1202,2023-03-08,2026-03-08,North America,United States,Retail,Mid-Market,Equipment Finance,3240682.63,1994993.29,0.0604,36,627.0,76.79,4717224.72,0.423,1.5,Current,0,39.3,Moderate,0
L100663,C1168,2025-11-24,2028-11-24,North America,United States,Transportation,Mid-Market,Leasing,1501152.78,1461682.94,0.0598,36,677.0,69.5,1795746.65,0.814,1.24,Late 60,91,81.8,High,0
L100664,C1197,2023-10-12,2027-10-12,Europe,France,Energy,Enterprise,Working Capital,4077308.25,3000424.33,0.0614,48,,358.18,3060432.82,0.98,1.52,Late 60,88,79.2,High,0
L100665,C1321,2024-07-23,2029-07-23,Asia-Pacific,Australia,Healthcare,SME,Working Capital,265037.42,229961.87,0.0767,60,682.0,4.56,296873.0,0.775,1.63,Late 30,53,53.4,Moderate,0
L100666,C1071,2024-05-25,2029-05-25,Asia-Pacific,India,Energy,Enterprise,Leasing,2035926.7,1554837.34,0.0507,60,735.0,559.86,2588004.56,0.601,1.71,Grace Period,6,21.6,Low,0
L100667,C1189,2024-05-06,2031-05-06,Latin America,Brazil,Manufacturing,Mid-Market,Working Capital,753963.3,673099.37,0.0913,84,623.0,52.09,686561.36,0.98,1.15,Current,0,76.5,High,0
L100668,C1091,2025-07-27,2028-07-27,North America,Mexico,Healthcare,SME,Equipment Finance,266666.29,236415.6,0.0562,36,700.0,10.96,370088.98,0.639,1.28,Current,0,28.3,Low,0
L100669,C1039,2025-03-18,2029-03-18,Europe,Germany,Transportation,Mid-Market,Equipment Finance,2494945.32,2248089.23,0.0617,48,694.0,61.46,2568775.61,0.875,1.39,Current,0,51.7,Moderate,0
L100670,C1263,2025-08-21,2032-08-21,North America,United States,Healthcare,Mid-Market,Working Capital,673917.05,655878.12,0.0495,84,690.0,73.23,963437.35,0.681,1.89,Late 30,33,44.5,Moderate,0
L100671,C1267,2024-02-22,2029-02-22,Europe,Netherlands,Transportation,SME,Working Capital,209066.63,171539.03,0.0944,60,665.0,2.31,194240.84,0.883,1.54,Grace Period,28,53.7,Moderate,0
L100672,C1323,2023-10-05,2028-10-05,Latin America,Brazil,Energy,Mid-Market,Project Finance,1930143.76,1397253.74,0.0957,60,702.0,104.09,2432302.72,0.574,1.42,Current,0,28.2,Low,0
L100673,C1008,2024-04-21,2028-04-21,Asia-Pacific,China,Healthcare,SME,Equipment Finance,895762.69,632760.13,0.066,48,643.0,,1440909.2,0.439,1.88,Late 30,45,48.1,Moderate,0
L100674,C1067,2024-09-06,2026-09-06,Europe,Germany,Public Sector,SME,Equipment Finance,142130.52,71917.24,0.032,24,703.0,2.88,220953.8,0.325,2.29,Current,0,15.7,Low,0
L100675,C1218,2024-01-08,2030-01-08,Europe,France,Retail,Mid-Market,Equipment Finance,2814863.15,2388884.16,0.0471,72,737.0,160.95,4747039.49,0.503,1.47,Current,0,23.3,Low,0
L100676,C1308,2024-05-04,2029-05-04,Middle East & Africa,South Africa,Healthcare,Mid-Market,Equipment Finance,869999.62,678948.16,0.0421,60,706.0,89.39,1501614.39,0.452,2.02,Grace Period,26,18.7,Low,0
L100677,C1357,2023-06-06,2028-06-06,Europe,Netherlands,Transportation,Enterprise,Equipment Finance,1534506.8,959696.11,0.0531,60,689.0,879.7,1782917.94,0.538,1.55,Late 30,53,46.1,Moderate,0
L100678,C1299,2024-10-28,2028-10-28,North America,Canada,Energy,SME,Leasing,158278.68,132003.92,0.0872,48,657.0,7.29,188794.79,0.699,1.67,Current,0,39.3,Moderate,0
L100679,C1343,2025-02-10,2029-02-10,Europe,United Kingdom,Manufacturing,Public Sector,Leasing,646169.82,581979.77,0.032,48,780.0,217.09,914403.15,0.636,2.24,Current,0,21.1,Low,0
L100680,C1309,2024-07-11,2027-07-11,North America,Canada,Construction,Enterprise,Working Capital,2787260.86,2138529.65,0.0826,36,667.0,403.6,2181300.24,0.98,0.9,Current,0,79.5,High,0
L100681,C1119,2025-08-14,2030-08-14,North America,Mexico,Manufacturing,Public Sector,Leasing,921792.97,888112.6,0.032,60,770.0,372.83,1325269.75,0.67,1.75,Current,0,23.8,Low,0
L100682,C1221,2025-12-20,2029-12-20,North America,Canada,Technology,Enterprise,Equipment Finance,3825169.11,3748665.73,0.032,48,719.0,968.69,3915682.48,0.957,1.5,Current,0,45.5,Moderate,0
L100683,C1241,2025-09-17,2027-09-17,Europe,Germany,Technology,SME,Working Capital,346654.94,314403.63,0.0674,24,690.0,5.27,473380.32,0.664,1.06,Current,0,38.8,Moderate,0
L100684,C1133,2023-04-16,2027-04-16,Asia-Pacific,Australia,Manufacturing,Mid-Market,Equipment Finance,656348.68,376667.41,0.0681,48,683.0,209.65,1023002.83,0.368,1.79,Current,0,26.5,Low,0
L100685,C1336,2025-08-24,2031-08-24,Europe,Netherlands,Manufacturing,SME,Project Finance,516981.19,491029.85,0.0852,72,650.0,4.87,684547.4,0.717,2.06,Grace Period,10,40.2,Moderate,0
L100686,C1292,2024-01-14,2028-01-14,Europe,Germany,Healthcare,Enterprise,Equipment Finance,1628766.2,1175945.3,0.032,48,805.0,202.25,2185276.08,0.538,1.83,Current,0,16.2,Low,0
L100687,C1196,2024-05-22,2028-05-22,Latin America,Brazil,Retail,Mid-Market,Leasing,580292.79,417660.15,0.0931,48,,19.95,952271.25,0.439,1.57,Current,0,36.0,Moderate,0
L100688,C1182,2024-03-26,2029-03-26,Asia-Pacific,Australia,Transportation,SME,Project Finance,2687697.98,2261764.06,0.1072,60,676.0,1.93,3903569.01,0.579,1.67,Current,0,30.4,Low,0
L100689,C1301,2023-11-19,2029-11-19,Europe,Germany,Healthcare,Public Sector,Working Capital,1938319.95,1516964.47,0.032,72,,177.95,2491651.6,0.609,2.18,Current,0,16.2,Low,0
L100690,C1084,2025-08-01,2030-08-01,North America,Mexico,Manufacturing,SME,Working Capital,153998.11,148344.61,0.0733,60,698.0,4.76,200049.51,0.742,1.39,Current,0,37.7,Moderate,0
L100691,C1083,2024-11-08,2030-11-08,Middle East & Africa,South Africa,Transportation,Mid-Market,Working Capital,373846.74,337189.45,0.0959,72,639.0,88.56,343933.24,0.98,1.19,Current,0,75.2,High,0
L100692,C1152,2025-11-18,2028-11-18,North America,United States,Manufacturing,Enterprise,Equipment Finance,3383964.88,3285603.71,0.0387,36,687.0,471.56,3590431.71,0.915,1.86,Grace Period,16,49.3,Moderate,0
L100693,C1048,2025-11-14,2031-11-14,Europe,Netherlands,Technology,SME,Working Capital,193623.09,189750.63,0.0642,72,652.0,9.28,193545.64,0.98,1.78,Current,0,58.1,Elevated,0
L100694,C1173,2024-04-08,2030-04-08,Middle East & Africa,United Arab Emirates,Construction,Mid-Market,Project Finance,1406116.87,1125955.92,0.0946,72,688.0,59.64,1956489.57,0.575,1.38,Current,0,34.5,Low,0
L100695,C1164,2025-03-10,2029-03-10,Europe,France,Technology,Enterprise,Trade Finance,3066162.71,2610215.6,0.032,48,754.0,484.04,4194393.76,0.622,1.98,Current,0,17.3,Low,0
L100696,C1192,2024-07-03,2029-07-03,Asia-Pacific,Singapore,Energy,SME,Leasing,140842.1,122845.14,0.0966,60,616.0,3.84,161105.43,0.763,1.3,Current,0,58.3,Elevated,0
L100697,C1175,2024-06-07,2027-06-07,Europe,United Kingdom,Manufacturing,Mid-Market,Leasing,416928.63,237053.63,0.0542,36,671.0,140.11,679489.05,0.349,1.23,Late 60,119,64.9,Elevated,0
L100698,C1341,2025-03-22,2029-03-22,Asia-Pacific,India,Manufacturing,SME,Working Capital,222560.14,202953.69,0.1085,48,641.0,2.13,207012.76,0.98,1.55,Grace Period,13,62.8,Elevated,0
L100699,C1104,2025-01-01,2028-01-01,North America,United States,Technology,Mid-Market,Leasing,369063.12,277189.28,0.035,36,706.0,69.91,547150.87,0.507,1.41,Current,0,23.3,Low,0
L100700,C1156,2025-09-24,2027-09-24,North America,United States,Retail,SME,Equipment Finance,498274.44,439236.15,0.0678,24,735.0,4.91,687946.51,0.638,1.58,Current,0,22.7,Low,0
L100701,C1280,2025-04-10,2032-04-10,Europe,United Kingdom,Energy,Public Sector,Equipment Finance,2225929.55,2071257.67,0.0372,84,705.0,373.44,2969669.71,0.697,2.17,Current,0,30.5,Low,0
L100702,C1108,2024-11-23,2027-11-23,North America,Canada,Transportation,Enterprise,Equipment Finance,1201520.8,928492.55,0.0546,36,685.0,473.84,1248588.87,0.744,1.28,Grace Period,25,45.7,Moderate,0
L100703,C1249,2025-10-08,2030-10-08,Middle East & Africa,United Arab Emirates,Construction,SME,Leasing,260902.93,251536.57,0.1238,60,607.0,5.53,377226.43,0.667,0.93,Grace Period,20,64.5,Elevated,0
L100704,C1365,2023-04-24,2027-04-24,North America,United States,Manufacturing,SME,Equipment Finance,122846.54,62819.55,0.0632,48,696.0,4.66,196392.51,0.32,2.04,Current,0,24.1,Low,0
L100705,C1142,2025-04-17,2029-04-17,Europe,Netherlands,Manufacturing,Mid-Market,Equipment Finance,1448975.38,1324649.24,0.0409,48,702.0,137.59,1824576.06,0.726,1.64,Current,0,31.5,Low,0
L100706,C1091,2024-03-24,2028-03-24,Asia-Pacific,Singapore,Healthcare,Enterprise,Equipment Finance,3002727.74,1994066.2,0.032,48,713.0,480.72,4227006.36,0.472,1.46,Late 60,91,47.8,Moderate,0
L100707,C1072,2024-04-02,2028-04-02,Asia-Pacific,Australia,Transportation,Mid-Market,Trade Finance,1843291.14,1494107.56,0.0804,48,676.0,,2497349.07,0.598,1.65,Current,0,30.4,Low,0
L100708,C1004,2025-05-23,2030-05-23,Europe,France,Technology,SME,Equipment Finance,607700.67,558255.76,0.0574,60,651.0,6.51,787418.38,0.709,1.42,Late 30,45,58.0,Elevated,0
L100709,C1107,2023-10-08,2030-10-08,Europe,Netherlands,Construction,SME,Equipment Finance,176464.43,138408.56,0.1042,84,661.0,5.57,261464.96,0.529,0.79,Current,0,54.7,Moderate,0
L100710,C1322,2025-08-11,2029-08-11,Latin America,Chile,Public Sector,Public Sector,Leasing,521391.63,480923.53,0.032,48,820.0,210.18,639015.13,0.753,2.25,Current,0,23.2,Low,0
L100711,C1096,2024-06-02,2031-06-02,Asia-Pacific,Singapore,Construction,Mid-Market,Equipment Finance,625469.93,541361.95,0.0851,84,703.0,82.29,1049884.05,0.516,1.1,Current,0,39.1,Moderate,0
L100712,C1362,2024-01-27,2029-01-27,Asia-Pacific,China,Retail,Enterprise,Trade Finance,1110335.84,888499.45,0.0518,60,720.0,333.28,1597645.5,0.556,1.65,Late 60,106,49.2,Moderate,0
L100713,C1362,2023-12-18,2028-12-18,Middle East & Africa,Saudi Arabia,Construction,Mid-Market,Trade Finance,1816391.57,1357694.39,0.0934,60,657.0,63.48,1785285.84,0.76,1.04,Late 30,33,78.1,High,0
L100714,C1259,2024-04-28,2027-04-28,Asia-Pacific,China,Public Sector,Public Sector,Leasing,1673291.74,1180282.57,0.032,36,715.0,231.16,2509439.62,0.47,2.44,Current,0,13.5,Low,0
L100715,C1372,2025-10-16,2027-10-16,North America,Canada,Public Sector,SME,Leasing,420742.85,388026.69,0.032,24,718.0,6.73,485170.88,0.8,1.84,Current,0,27.4,Low,0
L100716,C1154,2023-04-05,2029-04-05,Europe,France,Construction,SME,Leasing,207539.36,151012.66,0.0762,72,676.0,6.83,332410.88,0.454,0.65,Current,0,55.6,Elevated,0
L100717,C1363,2024-07-10,2029-07-10,North America,Mexico,Public Sector,Public Sector,Equipment Finance,2022329.81,1580767.11,0.032,60,748.0,295.1,2977938.2,0.531,2.44,Current,0,12.6,Low,0
L100718,C1206,2025-07-13,2029-07-13,Asia-Pacific,Australia,Retail,Public Sector,Equipment Finance,2202369.19,2064490.46,0.0516,48,782.0,243.94,2291969.21,0.901,1.79,Current,0,43.7,Moderate,0
L100719,C1030,2024-05-05,2030-05-05,Latin America,Chile,Technology,SME,Equipment Finance,620244.53,536857.17,0.0851,72,682.0,14.55,974262.76,0.551,1.75,Current,0,23.9,Low,0
L100720,C1316,2024-09-27,2028-09-27,Europe,France,Transportation,SME,Equipment Finance,391139.14,313021.11,0.0781,48,687.0,,437313.42,0.716,1.49,Default,139,82.7,High,1
L100721,C1361,2024-01-27,2029-01-27,Europe,Netherlands,Technology,Mid-Market,Leasing,393675.23,327346.96,0.032,60,724.0,291.83,613326.57,0.534,1.99,Current,0,17.1,Low,0
L100722,C1336,2023-05-16,2027-05-16,North America,Canada,Public Sector,Mid-Market,Equipment Finance,2483738.55,1661914.07,0.032,48,715.0,59.82,4299966.73,0.386,1.76,Current,0,13.5,Low,0
L100723,C1158,2024-12-17,2030-12-17,Latin America,Brazil,Technology,SME,Equipment Finance,275472.56,248188.42,0.0887,72,645.0,9.97,424624.94,0.584,1.15,Current,0,41.0,Moderate,0
L100724,C1038,2025-10-20,2028-10-20,North America,Mexico,Public Sector,Enterprise,Leasing,1997490.59,1896816.32,0.032,36,748.0,306.02,2596047.8,0.731,2.03,Current,0,21.5,Low,0
L100725,C1222,2024-07-20,2027-07-20,North America,Mexico,Public Sector,SME,Leasing,55000.0,40888.01,0.032,36,722.0,13.11,74335.1,0.55,1.69,Current,0,12.6,Low,0
L100726,C1329,2024-04-02,2029-04-02,North America,Canada,Retail,Enterprise,Equipment Finance,5011459.52,3896842.94,0.0347,60,705.0,310.17,6723581.46,0.58,2.01,Current,0,23.9,Low,0
L100727,C1319,2023-05-15,2026-05-15,North America,Mexico,Energy,SME,Equipment Finance,346162.5,109561.46,0.0775,36,681.0,7.3,374785.67,0.292,1.35,Current,0,33.8,Low,0
L100728,C1234,2025-11-22,2032-11-22,Europe,Germany,Construction,SME,Equipment Finance,345944.33,339025.44,0.1067,84,609.0,4.67,593859.32,0.571,0.97,Late 30,34,77.4,High,0
L100729,C1298,2025-08-23,2030-08-23,Europe,Netherlands,Construction,Mid-Market,Equipment Finance,767258.43,733980.35,0.0691,60,712.0,76.76,972031.96,0.755,1.24,Current,0,44.6,Moderate,0
L100730,C1012,2025-09-17,2028-09-17,Europe,Germany,Retail,SME,Project Finance,432628.89,412149.58,0.0735,36,672.0,4.75,490876.24,0.84,1.7,Current,0,47.5,Moderate,0
L100731,C1236,2024-01-26,2027-01-26,North America,Mexico,Retail,Mid-Market,Trade Finance,508427.39,353390.98,0.0761,36,646.0,35.56,530540.72,0.666,1.52,Current,0,39.0,Moderate,0
L100732,C1041,2024-11-17,2030-11-17,North America,Canada,Transportation,SME,Leasing,320304.54,280711.53,0.081,72,649.0,4.65,526678.74,0.533,1.29,Current,0,42.0,Moderate,0
L100733,C1284,2024-04-11,2029-04-11,Europe,United Kingdom,Transportation,Public Sector,Leasing,2438696.31,1852177.17,0.0335,60,769.0,598.16,3918797.99,0.473,2.21,Current,0,22.5,Low,0
L100734,C1017,2023-09-13,2029-09-13,North America,Mexico,Manufacturing,Enterprise,Working Capital,1668525.18,1395441.02,0.045,72,688.0,641.3,1571874.65,0.888,1.39,Current,0,51.2,Moderate,0
L100735,C1226,2023-08-20,2026-08-20,Asia-Pacific,China,Retail,Enterprise,Working Capital,3307928.55,2034376.34,0.0636,36,683.0,215.87,2894450.83,0.703,0.88,Current,0,52.0,Moderate,0
L100736,C1360,2024-02-25,2030-02-25,North America,Mexico,Energy,SME,Equipment Finance,311848.03,258650.55,0.0795,72,661.0,10.85,506449.67,0.511,1.16,Current,0,42.4,Moderate,0
L100737,C1042,2024-08-07,2028-08-07,Europe,Germany,Construction,SME,Equipment Finance,243683.36,197570.45,0.0893,48,731.0,,325794.3,0.606,1.37,Current,0,29.0,Low,0
L100738,C1162,2023-05-09,2028-05-09,Europe,United Kingdom,Public Sector,Mid-Market,Leasing,815548.54,466480.3,0.032,60,696.0,91.96,1325952.28,0.352,1.92,Current,0,16.9,Low,0
L100739,C1015,2025-02-19,2029-02-19,Europe,Netherlands,Technology,Mid-Market,Leasing,330410.49,293642.55,0.032,48,732.0,81.73,520698.04,0.564,1.36,Late 30,51,40.0,Moderate,0
L100740,C1271,2024-05-22,2026-05-22,North America,United States,Energy,SME,Equipment Finance,373641.81,240918.46,0.0747,24,674.0,8.06,593936.73,0.406,1.67,Grace Period,15,29.9,Low,0
L100741,C1351,2025-08-12,2032-08-12,North America,Mexico,Manufacturing,SME,Equipment Finance,133467.15,129111.46,0.0763,84,650.0,17.35,145137.95,0.89,1.52,Current,0,54.8,Moderate,0
L100742,C1000,2023-11-19,2030-11-19,Middle East & Africa,South Africa,Public Sector,Mid-Market,Equipment Finance,533991.73,458545.65,0.032,84,728.0,34.7,825869.37,0.555,1.88,Current,0,12.6,Low,0
L100743,C1207,2023-02-01,2027-02-01,North America,Canada,Technology,SME,Equipment Finance,101238.59,67786.08,0.0583,48,664.0,8.03,178224.54,0.38,1.71,Current,0,27.2,Low,0
L100744,C1301,2023-12-09,2030-12-09,Europe,United Kingdom,,Mid-Market,Leasing,656690.01,545066.53,0.0467,84,690.0,126.65,774874.12,0.703,1.31,Current,0,38.1,Moderate,0
L100745,C1009,2025-12-27,2028-12-27,Europe,Germany,Construction,SME,Working Capital,456720.47,447586.06,0.1128,36,587.0,3.69,612542.88,0.731,1.31,Grace Period,29,63.4,Elevated,0
L100746,C1183,2023-12-17,2026-12-17,Europe,Netherlands,Energy,SME,Leasing,228773.96,159105.1,0.0786,36,663.0,3.46,275925.73,0.577,1.67,Current,0,31.9,Low,0
L100747,C1049,2025-02-25,2027-02-25,Europe,Netherlands,Retail,Mid-Market,Equipment Finance,1407740.91,985894.81,0.0479,24,726.0,48.54,2461425.13,0.401,1.91,Current,0,21.2,Low,0
L100748,C1350,2025-07-07,2029-07-07,Asia-Pacific,Australia,Healthcare,Mid-Market,Equipment Finance,3792588.49,3503065.18,0.0424,48,717.0,70.94,5727542.59,0.612,1.91,Current,0,16.7,Low,0
L100749,C1193,2023-11-09,2025-11-09,Middle East & Africa,United Arab Emirates,Energy,SME,Project Finance,763458.7,405844.2,0.1197,24,705.0,2.29,742368.43,0.547,1.35,Default,120,74.5,Elevated,1
L100750,C1197,2024-12-28,2028-12-28,North America,Canada,Manufacturing,Mid-Market,Leasing,466359.56,370070.06,0.0461,48,726.0,81.64,587279.27,0.63,1.16,Current,0,30.7,Low,0
L100751,C1378,2023-08-28,2026-08-28,Europe,Netherlands,Technology,Enterprise,Equipment Finance,2410382.97,1401516.84,0.032,36,743.0,200.45,2548489.63,0.55,1.86,Current,0,17.1,Low,0
L100752,C1299,2024-02-25,2029-02-25,North America,Mexico,Technology,Mid-Market,Equipment Finance,969561.34,670824.33,0.0356,60,689.0,129.32,1276240.18,0.526,1.49,Current,0,24.2,Low,0
L100753,C1119,2023-11-09,2029-11-09,Europe,Netherlands,Construction,Mid-Market,Project Finance,1242112.37,887206.33,0.0759,72,664.0,79.76,1970655.88,0.45,1.81,Current,0,34.4,Low,0
L100754,C1239,2025-01-23,2030-01-23,Asia-Pacific,Singapore,Technology,Public Sector,Working Capital,893088.05,789075.34,0.0394,60,701.0,753.12,804856.85,0.98,2.28,Current,0,49.3,Moderate,0
L100755,C1112,2025-08-13,2028-08-13,North America,Mexico,Healthcare,Mid-Market,Project Finance,3175101.54,2956373.15,0.037,36,705.0,87.8,5121203.3,0.577,1.54,Current,0,19.2,Low,0
L100756,C1197,2023-10-24,2028-10-24,Europe,France,Energy,Public Sector,Working Capital,2238466.43,1482341.21,0.0395,60,746.0,190.4,1689912.96,0.877,1.87,Current,0,42.2,Moderate,0
L100757,C1308,2023-11-24,2026-11-24,Latin America,Colombia,Energy,Enterprise,Leasing,1000896.12,602060.11,0.0774,36,793.0,292.54,1399861.98,0.43,1.48,Late 30,45,41.4,Moderate,0
L100758,C1360,2025-06-13,2030-06-13,North America,Canada,Retail,SME,Leasing,152337.83,144007.9,0.0782,60,680.0,6.38,247436.88,0.582,1.65,Current,0,28.4,Low,0
L100759,C1361,2024-05-09,2029-05-09,Europe,Netherlands,Manufacturing,Mid-Market,Equipment Finance,740510.22,584589.56,0.0413,60,671.0,56.92,1118625.98,0.523,1.21,Current,0,37.5,Moderate,0
L100760,C1188,2024-07-28,2028-07-28,Asia-Pacific,India,Retail,Enterprise,Working Capital,2700427.3,2087211.88,0.0734,48,669.0,1001.44,3657061.68,0.571,0.89,Current,0,47.6,Moderate,0
L100761,C1340,2025-02-13,2028-02-13,North America,United States,Healthcare,Public Sector,Working Capital,2395529.28,1841424.55,0.032,36,751.0,129.33,3409491.8,0.54,2.1,Current,0,16.2,Low,0
L100762,C1339,2023-05-13,2029-05-13,North America,United States,Manufacturing,Mid-Market,Equipment Finance,4645263.54,3187067.46,0.0498,72,735.0,203.04,6974317.74,0.457,0.95,Late 60,82,63.4,Elevated,0
L100763,C1207,2025-08-19,2031-08-19,North America,Mexico,Energy,SME,Project Finance,461008.33,436421.9,0.0948,72,656.0,12.12,685380.11,0.637,1.43,Grace Period,18,37.6,Moderate,0
L100764,C1013,2024-02-27,2029-02-27,Middle East & Africa,South Africa,Manufacturing,Mid-Market,Leasing,571153.08,416016.19,0.0665,60,725.0,51.12,527739.1,0.788,1.62,Late 30,46,51.2,Moderate,0
L100765,C1045,2024-12-04,2031-12-04,North America,United States,Public Sector,SME,Equipment Finance,459294.49,411690.39,0.032,84,683.0,16.77,615676.36,0.669,2.13,Current,0,23.2,Low,0
L100766,C1249,2024-04-28,2030-04-28,North America,Canada,Technology,Enterprise,Equipment Finance,2335181.77,1919663.34,0.032,72,772.0,295.38,2886749.4,0.665,1.66,Current,0,20.7,Low,0
L100767,C1315,2025-04-12,2028-04-12,North America,Canada,Healthcare,Mid-Market,Project Finance,1652244.17,1315693.44,0.0422,36,654.0,65.88,2508336.31,0.525,1.84,Current,0,28.1,Low,0
L100768,C1346,2024-11-01,2029-11-01,North America,Mexico,Transportation,Enterprise,Trade Finance,1772286.31,1440281.28,0.0519,60,783.0,217.54,2495704.36,0.577,1.77,Current,0,22.5,Low,0
L100769,C1092,2023-07-09,2027-07-09,Asia-Pacific,China,Transportation,Enterprise,Leasing,568663.78,299785.95,0.0669,48,680.0,1508.18,773843.74,0.387,1.19,Current,0,39.1,Moderate,0
L100770,C1341,2023-07-13,2027-07-13,North America,Canada,Retail,Mid-Market,Trade Finance,676650.13,369774.89,0.0529,48,722.0,20.89,1081739.6,0.342,1.82,Current,0,21.2,Low,0
L100771,C1314,2025-08-19,2028-08-19,Europe,Germany,Retail,Mid-Market,Project Finance,1613043.86,1469085.29,0.0669,36,682.0,23.74,1559250.22,0.942,1.67,Current,0,53.8,Moderate,0
L100772,C1184,2024-07-16,2031-07-16,Europe,Netherlands,Construction,Enterprise,Project Finance,12500000.0,11136348.9,0.0607,84,710.0,323.84,20192261.93,0.552,1.38,Current,0,30.5,Low,0
L100773,C1142,2023-10-04,2028-10-04,Middle East & Africa,South Africa,Public Sector,Enterprise,Project Finance,6437533.74,4213636.36,0.0379,60,745.0,1089.67,6280287.52,0.671,1.89,Current,0,16.7,Low,0
L100774,C1179,2023-06-14,2026-06-14,North America,Mexico,Public Sector,Enterprise,Leasing,1256512.24,818798.31,0.032,36,764.0,867.65,1457884.86,0.562,1.99,Grace Period,15,12.6,Low,0
L100775,C1256,2023-05-07,2027-05-07,Middle East & Africa,South Africa,Technology,SME,Working Capital,154591.58,103522.27,0.0803,48,698.0,5.93,178198.53,0.581,1.55,Current,0,21.1,Low,0
L100776,C1307,2025-10-08,2029-10-08,Europe,Netherlands,Construction,Mid-Market,Working Capital,158506.71,152864.19,0.0796,48,722.0,109.09,155921.47,0.98,1.29,Current,0,59.9,Elevated,0
L100777,C1065,2025-12-20,2030-12-20,North America,Mexico,Manufacturing,SME,Working Capital,88956.87,87177.73,0.0816,60,726.0,5.12,106027.89,0.822,1.45,Grace Period,27,38.6,Moderate,0
L100778,C1127,2024-03-23,2030-03-23,Asia-Pacific,China,Construction,Enterprise,Equipment Finance,5014676.4,4040817.54,0.0678,72,727.0,623.71,8031325.02,0.503,1.26,Current,0,31.8,Low,0
L100779,C1045,2023-08-05,2027-08-05,Middle East & Africa,United Arab Emirates,Retail,Mid-Market,Working Capital,461816.46,329607.67,0.077,48,757.0,161.5,600998.41,0.548,1.06,Default,159,79.0,High,1
L100780,C1356,2024-04-17,2028-04-17,North America,Mexico,Manufacturing,Mid-Market,Trade Finance,1075707.48,866744.13,0.0408,48,708.0,49.78,1112827.75,0.779,1.68,Current,0,34.7,Low,0
L100781,C1154,2023-05-12,2028-05-12,Middle East & Africa,United Arab Emirates,Public Sector,SME,Equipment Finance,104326.3,76874.4,0.0497,60,731.0,3.42,120659.37,0.637,1.37,Current,0,18.6,Low,0
L100782,C1095,2024-08-10,2028-08-10,Europe,France,Retail,SME,Trade Finance,184363.71,148682.49,0.064,48,676.0,7.36,173160.95,0.859,1.66,Grace Period,14,48.3,Moderate,0
L100783,C1077,2024-11-20,2028-11-20,Europe,United Kingdom,Energy,Enterprise,Leasing,1974462.3,1740709.18,0.0344,48,707.0,,2503892.41,0.695,1.82,Current,0,29.9,Low,0
L100784,C1028,2025-12-07,2028-12-07,Latin America,Colombia,Technology,SME,Equipment Finance,568336.22,556969.5,0.0854,36,688.0,5.89,638326.95,0.873,1.16,Current,0,53.2,Moderate,0
L100785,C1179,2023-12-22,2026-12-22,Europe,United Kingdom,Retail,SME,Equipment Finance,482279.3,313466.3,0.0729,36,679.0,10.25,607164.44,0.516,1.5,Current,0,29.9,Low,0
L100786,C1293,2023-08-12,2027-08-12,Asia-Pacific,China,Retail,Enterprise,Project Finance,9313521.95,6232277.86,0.0562,48,723.0,423.69,14252722.37,0.437,1.36,Current,0,26.2,Low,0
L100787,C1122,2023-05-03,2029-05-03,Europe,Netherlands,Manufacturing,Enterprise,Leasing,6360526.65,4832138.15,0.032,72,752.0,519.5,10249951.85,0.471,1.31,Current,0,26.0,Low,0
L100788,C1153,2024-02-23,2028-02-23,Asia-Pacific,India,Healthcare,SME,Equipment Finance,263704.85,185998.31,0.0473,48,716.0,6.94,431568.01,0.431,1.39,Current,0,21.1,Low,0
L100789,C1241,2024-10-24,2027-10-24,Europe,Germany,Construction,SME,Working Capital,389487.15,265968.46,0.1095,36,649.0,6.57,271287.83,0.98,1.21,Current,0,74.7,Elevated,0
L100790,C1135,2023-03-16,2028-03-16,North America,Canada,Energy,Public Sector,Equipment Finance,1224849.27,903667.49,0.041,60,628.0,625.35,1771154.31,0.51,2.07,Current,0,38.2,Moderate,0
L100791,C1280,2025-04-21,2032-04-21,Europe,France,Healthcare,Enterprise,Leasing,1389833.93,1308959.68,0.032,84,811.0,603.6,1424572.96,0.919,1.94,Current,0,40.1,Moderate,0
L100792,C1121,2024-05-05,2028-05-05,Europe,France,,Mid-Market,Project Finance,2774541.08,1976106.65,0.0537,48,693.0,48.04,3278980.9,0.603,1.91,Late 30,38,42.7,Moderate,0
L100793,C1169,2025-05-10,2027-05-10,North America,Canada,Manufacturing,SME,Working Capital,75018.47,64551.46,0.0849,24,641.0,7.63,75088.93,0.86,1.13,Current,0,64.1,Elevated,0
L100794,C1372,2024-05-10,2029-05-10,North America,United States,Transportation,SME,Project Finance,841941.64,631851.65,0.0951,60,615.0,10.28,1353173.29,0.467,1.25,Current,0,49.2,Moderate,0
L100795,C1317,2023-06-22,2027-06-22,Europe,Netherlands,Transportation,SME,Working Capital,190422.57,91549.76,0.0851,48,645.0,8.89,219995.97,0.416,1.75,Current,0,36.0,Moderate,0
L100796,C1217,2023-01-10,2028-01-10,North America,Canada,Transportation,Enterprise,Trade Finance,4198247.17,2547813.04,0.055,60,701.0,749.53,4621184.0,0.551,1.07,Current,0,38.4,Moderate,0
L100797,C1148,2024-09-21,2027-09-21,North America,Mexico,,SME,Equipment Finance,315400.57,203015.14,0.102,36,622.0,2.17,473761.98,0.429,1.15,Late 30,37,70.3,Elevated,0
L100798,C1376,2024-08-09,2026-08-09,Asia-Pacific,India,Healthcare,SME,Equipment Finance,337251.65,200253.55,0.0596,24,657.0,1.17,584760.34,0.342,1.26,Current,0,35.1,Moderate,0
L100799,C1175,2025-06-17,2029-06-17,Asia-Pacific,Australia,Energy,Enterprise,Equipment Finance,4660622.99,4270277.05,0.0478,48,748.0,1058.33,4960624.23,0.861,1.5,Current,0,42.2,Moderate,0
L100800,C1130,2025-08-06,2030-08-06,Asia-Pacific,Australia,Manufacturing,Public Sector,Leasing,1146184.44,1103715.96,0.0341,60,820.0,301.92,1733020.27,0.637,1.81,Current,0,21.2,Low,0
L100801,C1226,2023-06-16,2027-06-16,Europe,Germany,Energy,Enterprise,Working Capital,1266603.33,927219.1,0.0549,48,759.0,473.62,1067332.64,0.869,1.75,Current,0,41.5,Moderate,0
L100802,C1157,2023-12-03,2026-12-03,Middle East & Africa,Saudi Arabia,Healthcare,Mid-Market,Working Capital,701902.19,456874.08,0.0586,36,758.0,89.2,557893.59,0.819,1.6,Current,0,32.1,Low,0
L100803,C1337,2023-08-21,2027-08-21,Europe,United Kingdom,Manufacturing,Mid-Market,Equipment Finance,952866.73,606983.91,0.0548,48,690.0,191.59,1614299.35,0.376,1.31,Current,0,31.4,Low,0
L100804,C1080,2023-04-01,2028-04-01,North America,United States,Manufacturing,Mid-Market,Equipment Finance,765263.27,507159.38,0.0512,60,708.0,139.33,781630.03,0.649,1.47,Current,0,26.4,Low,0
L100805,C1019,2023-01-28,2026-01-28,North America,Mexico,,SME,Working Capital,171137.82,87043.83,0.0806,36,688.0,9.99,211494.57,0.412,1.39,Current,0,29.7,Low,0
L100806,C1163,2023-03-24,2028-03-24,Asia-Pacific,Australia,Transportation,Mid-Market,Trade Finance,1588465.26,996739.05,0.0812,60,665.0,33.47,1533538.21,0.65,1.63,Current,0,34.8,Low,0
L100807,C1360,2024-07-17,2029-07-17,North America,Mexico,Transportation,Mid-Market,Equipment Finance,749578.69,642514.91,0.0661,60,674.0,36.28,1111997.34,0.578,2.17,Current,0,30.8,Low,0
L100808,C1023,2023-06-26,2027-06-26,Europe,United Kingdom,Retail,Mid-Market,Equipment Finance,737075.71,481444.51,0.0495,48,724.0,13.21,1095053.24,0.44,1.79,Current,0,21.2,Low,0
L100809,C1307,2023-08-23,2030-08-23,Latin America,Colombia,Public Sector,Enterprise,Equipment Finance,1288472.98,1073976.87,0.032,84,795.0,710.92,2147990.16,0.5,1.53,Current,0,13.1,Low,0
L100810,C1000,2023-05-04,2029-05-04,North America,Mexico,Transportation,Public Sector,Leasing,1642485.4,1136892.83,0.0336,72,737.0,457.34,2491576.23,0.456,1.87,Current,0,22.5,Low,0
L100811,C1211,2025-03-21,2029-03-21,North America,Mexico,Manufacturing,SME,Equipment Finance,477857.91,416437.19,0.0761,48,627.0,11.5,732973.47,0.568,1.52,Late 60,68,65.3,Elevated,0
L100812,C1172,2024-11-11,2026-11-11,Latin America,Chile,Transportation,Mid-Market,Leasing,1180596.17,692209.39,0.1004,24,679.0,88.16,1399491.32,0.495,1.15,Late 60,89,68.3,Elevated,0
L100813,C1060,2025-11-24,2029-11-24,Europe,United Kingdom,Manufacturing,SME,Working Capital,191186.66,187362.93,0.087,48,,5.0,191110.19,0.98,1.55,Current,0,67.1,Elevated,0
L100814,C1283,2023-05-25,2026-05-25,North America,United States,Technology,SME,Leasing,426248.45,207004.41,0.0525,36,684.0,3.88,586842.75,0.353,0.98,Current,0,38.4,Moderate,0
L100815,C1066,2023-08-27,2027-08-27,Middle East & Africa,Saudi Arabia,Healthcare,SME,Leasing,374185.83,191945.2,0.0604,48,693.0,3.3,476236.54,0.403,1.61,Current,0,21.1,Low,0
L100816,C1166,2024-05-13,2030-05-13,Middle East & Africa,United Arab Emirates,Technology,SME,Equipment Finance,622555.09,549487.84,0.0645,72,671.0,4.97,671398.71,0.818,1.29,Late 30,42,66.5,Elevated,0
L100817,C1212,2024-12-06,2030-12-06,Europe,France,Energy,Enterprise,Trade Finance,3990386.35,3575588.59,0.0525,72,737.0,261.79,6451143.56,0.554,1.63,Current,0,21.6,Low,0
L100818,C1196,2023-05-04,2027-05-04,Asia-Pacific,Australia,Construction,Mid-Market,Leasing,1806898.77,1304620.36,0.085,48,698.0,172.28,2052302.08,0.636,1.75,Current,0,29.5,Low,0
L100819,C1012,2023-08-05,2027-08-05,North America,United States,Public Sector,Public Sector,Equipment Finance,2034063.11,1466803.7,0.032,48,,102.58,2078010.21,0.706,1.99,Current,0,19.5,Low,0
L100820,C1169,2024-04-28,2026-04-28,North America,Mexico,Construction,SME,Equipment Finance,151203.61,72580.99,0.1057,24,604.0,4.87,256481.8,0.283,1.35,Late 60,93,78.4,High,0
L100821,C1248,2023-01-17,2027-01-17,Europe,France,Transportation,SME,Working Capital,263865.86,171613.94,0.091,48,648.0,1.66,293626.8,0.584,1.52,Default,215,81.2,High,1
L100822,C1200,2024-03-10,2026-03-10,North America,Mexico,Technology,Mid-Market,Project Finance,2819651.21,1222636.0,0.0347,24,729.0,69.71,4087917.65,0.299,1.8,Current,0,17.1,Low,0
L100823,C1277,2025-04-13,2031-04-13,Asia-Pacific,Australia,Manufacturing,SME,Equipment Finance,811527.54,731638.0,0.0687,72,732.0,5.49,920677.73,0.795,0.96,Grace Period,13,49.1,Moderate,0
L100824,C1294,2024-07-05,2030-07-05,Middle East & Africa,United Arab Emirates,Construction,SME,Equipment Finance,686406.08,603321.57,0.1131,72,640.0,4.41,908427.05,0.664,1.46,Current,0,44.6,Moderate,0
L100825,C1068,2024-04-16,2027-04-16,North America,United States,Technology,Public Sector,Equipment Finance,6936736.26,5136000.95,0.032,36,778.0,128.99,10431435.7,0.492,2.07,Current,0,17.1,Low,0
L100826,C1305,2024-06-12,2029-06-12,Europe,Netherlands,Energy,SME,Working Capital,257237.38,196419.15,0.0766,60,697.0,5.51,223339.55,0.879,1.2,Late 30,46,73.6,Elevated,0
L100827,C1340,2025-11-23,2030-11-23,North America,Canada,Healthcare,SME,Trade Finance,242317.35,237471.0,0.0567,60,676.0,3.92,345574.64,0.687,1.55,Current,0,29.5,Low,0
L100828,C1318,2024-07-01,2030-07-01,Middle East & Africa,Saudi Arabia,Retail,Mid-Market,Leasing,325541.42,262818.0,0.0681,72,736.0,,350025.78,0.751,1.29,Current,0,38.5,Moderate,0
L100829,C1323,2024-08-27,2028-08-27,North America,United States,Transportation,Mid-Market,Leasing,869115.39,706414.81,0.0622,48,736.0,195.2,918521.01,0.769,1.19,Current,0,43.8,Moderate,0
L100830,C1080,2025-10-02,2028-10-02,Europe,United Kingdom,Technology,Mid-Market,Project Finance,1301399.73,1229436.29,0.0377,36,765.0,64.53,1254025.02,0.98,1.83,Current,0,45.9,Moderate,0
L100831,C1247,2023-06-12,2028-06-12,Europe,Germany,Transportation,Mid-Market,Working Capital,602628.42,357343.16,0.0702,60,707.0,80.71,537201.09,0.665,1.3,Grace Period,12,34.9,Low,0
L100832,C1173,2023-04-10,2026-04-10,Europe,France,Healthcare,Enterprise,Equipment Finance,3580108.4,2030746.5,0.032,36,820.0,359.9,4314218.91,0.471,2.09,Current,0,16.2,Low,0
L100833,C1373,2024-05-21,2029-05-21,Asia-Pacific,China,Technology,SME,Equipment Finance,429201.49,323860.28,0.0684,60,658.0,3.38,683832.75,0.474,1.65,Grace Period,7,28.3,Low,0
L100834,C1315,2023-12-19,2026-12-19,Asia-Pacific,Australia,Energy,Mid-Market,Leasing,686995.75,369624.21,0.0615,36,777.0,57.18,911837.39,0.405,1.91,Current,0,21.6,Low,0
L100835,C1061,2023-08-06,2028-08-06,Europe,France,Technology,Enterprise,Project Finance,11037215.41,7081902.09,0.032,60,774.0,2267.02,11405509.22,0.621,1.81,Current,0,17.2,Low,0
L100836,C1357,2023-05-14,2029-05-14,Asia-Pacific,Australia,Construction,Enterprise,Working Capital,393178.7,310752.51,0.0923,72,765.0,401.65,434893.23,0.715,1.14,Current,0,42.6,Moderate,0
L100837,C1264,2025-08-15,2028-08-15,Latin America,Chile,Manufacturing,Mid-Market,Working Capital,595154.63,547020.15,0.0975,36,692.0,72.57,557960.55,0.98,0.93,Default,236,100.0,High,1
L100838,C1206,2024-11-13,2028-11-13,Europe,France,Public Sector,Mid-Market,Project Finance,3601449.55,3124440.34,0.032,48,754.0,34.7,4390623.34,0.712,2.58,Current,0,20.0,Low,0
L100839,C1169,2025-01-01,2030-01-01,Europe,Germany,Energy,SME,Equipment Finance,965792.62,810641.03,0.0693,60,718.0,1.0,1628477.07,0.498,1.6,Current,0,22.0,Low,0
L100840,C1187,2023-05-05,2026-05-05,North America,Mexico,Construction,SME,Equipment Finance,499126.0,309976.98,0.103,36,609.0,3.37,778358.13,0.398,1.09,Current,0,56.2,Elevated,0
L100841,C1292,2024-01-15,2029-01-15,Asia-Pacific,China,Transportation,SME,Equipment Finance,867445.9,719111.6,0.101,60,652.0,24.07,1308390.35,0.55,1.73,Late 30,44,52.7,Moderate,0
L100842,C1290,2024-11-08,2029-11-08,Europe,United Kingdom,Transportation,Enterprise,Project Finance,7077664.27,5794111.17,0.0521,60,641.0,694.32,7864081.86,0.737,1.99,Current,0,46.1,Moderate,0
L100843,C1209,2024-08-16,2028-08-16,Europe,France,Transportation,SME,Working Capital,179853.8,146328.15,0.0859,48,651.0,15.21,149254.71,0.98,0.94,Late 30,56,97.6,High,0
L100844,C1376,2025-02-05,2031-02-05,North America,United States,Retail,Enterprise,Equipment Finance,4715413.0,4246607.13,0.0545,72,693.0,386.91,7472570.33,0.568,1.44,Current,0,29.0,Low,0
L100845,C1088,2025-01-21,2029-01-21,Middle East & Africa,Saudi Arabia,Technology,SME,Equipment Finance,325860.15,283438.07,0.0745,48,673.0,1.28,471166.99,0.602,1.38,Current,0,30.0,Low,0
L100846,C1161,2024-03-06,2029-03-06,Europe,France,Construction,Enterprise,Working Capital,1211877.85,913058.52,0.0581,60,820.0,241.38,1390108.88,0.657,1.18,Current,0,36.9,Moderate,0
L100847,C1227,2025-05-19,2028-05-19,Asia-Pacific,Australia,Construction,Enterprise,Working Capital,1414956.93,1263764.97,0.0744,36,779.0,613.97,1996978.22,0.633,1.33,Current,0,31.1,Low,0
L100848,C1062,2023-10-24,2025-10-24,North America,Mexico,Energy,SME,Working Capital,94201.43,31386.43,0.1023,24,609.0,6.37,88666.22,0.354,1.5,Current,0,42.9,Moderate,0
L100849,C1189,2023-03-11,2025-03-11,Latin America,Colombia,Energy,SME,Equipment Finance,443536.33,51408.3,0.1026,24,685.0,5.46,718777.52,0.072,0.8,Default,185,92.4,High,1
L100850,C1317,2025-09-04,2031-09-04,North America,United States,Technology,SME,Trade Finance,213608.59,207198.79,0.0531,72,711.0,3.96,281796.22,0.735,1.67,Late 60,85,55.9,Elevated,0
L100851,C1256,2023-01-01,2029-01-01,North America,United States,Energy,Enterprise,Working Capital,1548013.48,1156587.24,0.0523,72,715.0,859.55,1325788.34,0.872,1.87,Current,0,42.7,Moderate,0
L100852,C1269,2023-11-11,2029-11-11,Middle East & Africa,United Arab Emirates,Healthcare,SME,Working Capital,129257.61,107838.44,0.0725,72,690.0,4.03,109995.21,0.98,1.48,Current,0,52.2,Moderate,0
L100853,C1061,2023-05-04,2026-05-04,Middle East & Africa,South Africa,Healthcare,Mid-Market,Working Capital,714481.9,272087.01,0.0677,36,725.0,70.2,815944.17,0.333,1.52,Current,0,17.0,Low,0
L100854,C1055,2023-09-25,2027-09-25,North America,Mexico,Transportation,Mid-Market,Trade Finance,990627.93,718638.55,0.0721,48,639.0,65.47,1112685.28,0.646,1.33,Late 60,105,72.9,Elevated,0
L100855,C1167,2024-03-28,2030-03-28,Europe,United Kingdom,Energy,Enterprise,Trade Finance,1170340.11,983423.01,0.0431,72,689.0,381.96,1663765.75,0.591,1.89,Current,0,27.2,Low,0
L100856,C1122,2023-05-28,2028-05-28,Asia-Pacific,Singapore,Public Sector,Mid-Market,Working Capital,252590.06,179641.82,0.032,60,729.0,33.58,304508.78,0.59,1.47,Current,0,14.7,Low,0
L100857,C1003,2024-05-26,2027-05-26,Middle East & Africa,United Arab Emirates,Technology,Mid-Market,Leasing,1264454.0,849408.18,0.0618,36,717.0,44.5,1569940.21,0.541,1.64,Current,0,17.6,Low,0
L100858,C1210,2025-10-17,2031-10-17,Europe,Netherlands,Construction,Public Sector,Leasing,758204.61,736245.78,0.0525,72,699.0,734.89,987408.22,0.746,1.85,Current,0,38.2,Moderate,0
L100859,C1286,2023-05-10,2026-05-10,Europe,United Kingdom,Manufacturing,SME,Project Finance,829687.4,402131.45,0.0842,36,642.0,10.96,1136597.18,0.354,1.81,Current,0,33.8,Low,0
L100860,C1277,2025-10-13,2028-10-13,Asia-Pacific,Singapore,Technology,Enterprise,Working Capital,4873175.44,4562161.54,0.0375,36,742.0,903.64,5026454.88,0.908,1.51,Grace Period,9,41.2,Moderate,0
L100861,C1039,2024-03-08,2030-03-08,Asia-Pacific,India,Manufacturing,SME,Equipment Finance,835037.96,660129.76,0.0775,72,706.0,3.38,1401217.04,0.471,1.26,Current,0,29.9,Low,0
L100862,C1296,2024-10-24,2028-10-24,Asia-Pacific,Singapore,Transportation,Mid-Market,Equipment Finance,1486869.36,1137378.66,0.0767,48,687.0,23.79,1601285.34,0.71,1.1,Current,0,47.3,Moderate,0
L100863,C1144,2024-04-13,2028-04-13,Europe,United Kingdom,Healthcare,Enterprise,Trade Finance,3401110.63,2358227.94,0.032,48,809.0,947.3,5560352.04,0.424,2.02,Current,0,16.2,Low,0
L100864,C1059,2023-12-11,2028-12-11,North America,Mexico,Retail,Mid-Market,Project Finance,6619359.85,5343959.92,0.0661,60,666.0,101.64,6123491.58,0.873,1.45,Late 30,35,71.8,Elevated,0
L100865,C1179,2023-04-20,2030-04-20,Middle East & Africa,United Arab Emirates,Healthcare,Enterprise,Trade Finance,582190.85,396762.56,0.0325,84,754.0,522.63,614835.61,0.645,1.46,Current,0,20.5,Low,0
L100866,C1082,2024-10-11,2027-10-11,Middle East & Africa,United Arab Emirates,Transportation,SME,Leasing,187040.32,130120.35,0.1134,36,645.0,4.37,267697.88,0.486,0.97,Default,171,96.1,High,1
L100867,C1255,2025-09-10,2030-09-10,Asia-Pacific,Australia,Energy,Mid-Market,Project Finance,2932976.03,2807729.52,0.065,60,718.0,23.4,2863884.11,0.98,1.62,Current,0,50.8,Moderate,0
L100868,C1282,2024-07-07,2028-07-07,North America,United States,Transportation,Mid-Market,Project Finance,1474421.75,1214888.32,0.0778,48,660.0,99.31,1616894.48,0.751,1.21,Current,0,52.6,Moderate,0
L100869,C1275,2024-10-02,2027-10-02,North America,Canada,Technology,Mid-Market,Equipment Finance,1989290.66,1597627.62,0.032,36,786.0,121.01,2258804.75,0.707,1.48,Current,0,25.9,Low,0
L100870,C1044,2024-12-02,2028-12-02,Asia-Pacific,Singapore,Healthcare,Mid-Market,Equipment Finance,947319.7,778494.54,0.0421,48,651.0,38.07,1480356.29,0.526,1.95,Current,0,28.6,Low,0
L100871,C1132,2024-02-12,2028-02-12,North America,Canada,Energy,SME,Trade Finance,229052.11,165965.13,0.0774,48,729.0,3.43,305601.34,0.543,1.35,Current,0,26.8,Low,0
L100872,C1189,2023-05-28,2026-05-28,Latin America,Colombia,Manufacturing,SME,Equipment Finance,278386.29,109161.82,0.0965,36,675.0,11.87,297416.49,0.367,1.51,Current,0,28.9,Low,0
L100873,C1374,2024-07-08,2028-07-08,Europe,Netherlands,Manufacturing,SME,Working Capital,132612.01,104941.54,0.0726,48,693.0,3.69,135940.66,0.772,1.33,Current,0,42.5,Moderate,0
L100874,C1207,2025-08-18,2030-08-18,Asia-Pacific,China,Retail,Mid-Market,Working Capital,388114.81,368211.15,0.0773,60,743.0,174.77,375575.37,0.98,1.41,Current,0,53.7,Moderate,0
L100875,C1248,2023-12-10,2028-12-10,Middle East & Africa,United Arab Emirates,Healthcare,SME,Working Capital,210137.16,168202.33,0.0836,60,716.0,5.14,295405.35,0.569,1.42,Late 30,44,38.3,Moderate,0
L100876,C1128,2025-08-09,2030-08-09,Europe,Netherlands,Manufacturing,Enterprise,Equipment Finance,2213395.48,2127592.38,0.032,60,708.0,377.71,2436812.21,0.873,2.12,Current,0,42.2,Moderate,0
L100877,C1112,2025-07-05,2031-07-05,Europe,United Kingdom,Retail,Mid-Market,Working Capital,926564.64,893226.01,0.0587,72,715.0,59.64,1045666.54,0.854,1.87,Current,0,40.9,Moderate,0
L100878,C1302,2023-09-16,2027-09-16,Europe,Netherlands,Manufacturing,SME,Equipment Finance,476845.26,269825.29,0.0589,48,743.0,4.33,658707.09,0.41,1.82,Current,0,19.8,Low,0
L100879,C1317,2024-09-19,2028-09-19,Europe,France,Healthcare,Enterprise,Project Finance,12141418.29,9578517.77,0.032,48,713.0,964.91,16191350.72,0.592,1.73,Current,0,17.5,Low,0
L100880,C1021,2025-03-10,2029-03-10,Europe,France,Construction,Enterprise,Equipment Finance,1802184.08,1502646.35,0.0642,48,795.0,831.3,3131059.9,0.48,1.28,Current,0,31.3,Low,0
L100881,C1204,2024-06-15,2029-06-15,Europe,Germany,Retail,SME,Working Capital,67006.36,51839.58,0.0886,60,675.0,10.8,62715.37,0.827,1.57,Late 60,117,73.9,Elevated,0
L100882,C1295,2025-02-14,2028-02-14,Latin America,Chile,Construction,SME,Project Finance,602494.72,469415.59,0.1353,36,634.0,6.17,880591.09,0.533,1.42,Grace Period,3,43.2,Moderate,0
L100883,C1059,2025-09-08,2029-09-08,Europe,United Kingdom,Technology,SME,Equipment Finance,1753949.45,1664234.27,0.0492,48,647.0,4.14,2377653.63,0.7,1.94,Current,0,36.6,Moderate,0
L100884,C1245,2024-11-20,2027-11-20,North America,United States,Retail,SME,Equipment Finance,680428.05,483956.92,0.0857,36,652.0,5.47,1031237.16,0.469,1.41,Grace Period,22,37.1,Moderate,0
L100885,C1179,2025-07-16,2029-07-16,Europe,United Kingdom,Manufacturing,Enterprise,Project Finance,4652395.33,4189675.86,0.0414,48,662.0,368.65,5463043.39,0.767,1.94,Late 60,64,70.0,Elevated,0
L100886,C1192,2025-05-02,2032-05-02,Europe,United Kingdom,Retail,Public Sector,Equipment Finance,2871040.19,2678781.42,0.032,84,720.0,570.99,3417518.73,0.784,2.18,Current,0,34.4,Low,0
L100887,C1225,2025-06-14,2030-06-14,North America,Mexico,Public Sector,SME,Equipment Finance,497861.24,472051.85,0.0347,60,680.0,10.24,539040.47,0.876,1.83,Current,0,40.3,Moderate,0
L100888,C1331,2025-07-11,2029-07-11,North America,United States,Retail,Enterprise,Leasing,1176363.83,1077339.24,0.0501,48,683.0,453.52,1148499.82,0.938,1.7,Late 30,37,71.3,Elevated,0
L100889,C1033,2023-09-23,2028-09-23,Asia-Pacific,India,Energy,SME,Trade Finance,469618.7,370871.24,0.0738,60,692.0,3.1,760581.64,0.488,1.34,Grace Period,18,32.1,Low,0
L100890,C1076,2023-01-09,2028-01-09,Europe,France,Manufacturing,Mid-Market,Leasing,659626.6,488479.85,0.0434,60,696.0,150.77,983729.16,0.497,1.45,Grace Period,28,26.7,Low,0
L100891,C1131,2023-06-27,2027-06-27,Latin America,Colombia,Transportation,Enterprise,Leasing,2468223.03,1366698.12,0.0819,48,698.0,522.45,2674861.27,0.511,1.18,Current,0,36.1,Moderate,0
L100892,C1304,2023-09-18,2027-09-18,North America,United States,Technology,SME,Trade Finance,215149.51,120945.06,0.0543,48,669.0,5.07,279018.89,0.433,1.4,Grace Period,18,30.2,Low,0
L100893,C1225,2025-01-04,2030-01-04,North America,Mexico,Technology,SME,Leasing,475550.08,431160.96,0.0545,60,694.0,14.38,682735.14,0.632,1.16,Late 30,30,50.9,Moderate,0
L100894,C1071,2024-07-12,2026-07-12,Asia-Pacific,Australia,Retail,Mid-Market,Leasing,469080.44,317400.08,0.0556,24,695.0,42.28,546198.87,0.581,1.53,Current,0,26.3,Low,0
L100895,C1008,2024-05-25,2028-05-25,Middle East & Africa,United Arab Emirates,Transportation,Public Sector,Leasing,625460.37,424182.11,0.0471,48,707.0,188.74,769310.65,0.551,1.71,Late 30,42,42.8,Moderate,0
L100896,C1376,2023-01-08,2027-01-08,North America,Canada,Healthcare,SME,Equipment Finance,393718.06,259205.88,0.0434,48,688.0,4.77,613722.37,0.422,1.84,Grace Period,3,22.0,Low,0
L100897,C1052,2025-01-20,2030-01-20,North America,United States,Healthcare,SME,Equipment Finance,99783.15,91506.41,0.0517,60,681.0,2.43,118800.89,0.77,1.97,Current,0,35.2,Moderate,0
L100898,C1012,2024-02-22,2031-02-22,North America,Canada,Manufacturing,SME,Working Capital,150783.33,121765.82,0.0684,84,629.0,6.69,162055.63,0.751,1.75,Default,232,91.7,High,1
L100899,C1154,2025-04-20,2031-04-20,Europe,Netherlands,Manufacturing,Mid-Market,Equipment Finance,1929177.59,1746860.53,0.0396,72,693.0,36.15,2271734.19,0.769,2.05,Late 60,64,64.6,Elevated,0
L100900,C1210,2023-05-03,2027-05-03,Europe,France,Manufacturing,Mid-Market,Working Capital,745831.31,439504.07,0.0415,48,726.0,40.71,508886.82,0.864,1.38,Current,0,43.7,Moderate,0
L100901,C1098,2023-11-11,2026-11-11,North America,Canada,Public Sector,Enterprise,Equipment Finance,6349283.36,3475177.31,0.032,36,776.0,310.14,9763279.06,0.356,1.65,Current,0,12.6,Low,0
L100902,C1063,2023-02-10,2028-02-10,North America,United States,Construction,Enterprise,Leasing,3728094.15,2550522.83,0.0741,60,705.0,333.55,5332847.22,0.478,1.76,Current,0,27.0,Low,0
L100903,C1032,2023-11-10,2029-11-10,Europe,United Kingdom,Technology,Enterprise,Equipment Finance,12500000.0,10242357.96,0.032,72,771.0,285.33,22084900.3,0.464,2.24,Current,0,17.1,Low,0
L100904,C1155,2025-10-25,2031-10-25,Latin America,Chile,Healthcare,Enterprise,Leasing,1849498.23,1794229.25,0.0441,72,710.0,559.51,1915639.22,0.937,2.07,Current,0,43.4,Moderate,0
L100905,C1361,2024-06-01,2030-06-01,Asia-Pacific,Australia,Transportation,SME,Working Capital,226195.66,181027.88,0.1186,72,622.0,4.99,279280.44,0.648,1.32,Current,0,48.4,Moderate,0
L100906,C1056,2024-04-16,2027-04-16,Europe,Netherlands,Public Sector,Mid-Market,Leasing,563783.35,387861.35,0.032,36,712.0,59.75,908241.2,0.427,1.44,Current,0,16.9,Low,0
L100907,C1217,2023-10-28,2028-10-28,North America,United States,Retail,SME,Equipment Finance,568650.34,436864.59,0.0727,60,717.0,23.67,854928.97,0.511,1.51,Current,0,22.8,Low,0
L100908,C1073,2023-10-25,2029-10-25,North America,Canada,Technology,SME,Equipment Finance,315011.0,254473.07,0.0599,72,687.0,4.99,548861.12,0.464,1.74,Current,0,23.0,Low,0
L100909,C1256,2025-01-17,2030-01-17,North America,Canada,Public Sector,Public Sector,Project Finance,11252305.37,10304298.47,0.032,60,756.0,334.67,18519390.06,0.556,2.67,Current,0,12.6,Low,0
L100910,C1023,2025-12-28,2030-12-28,Asia-Pacific,China,Technology,Enterprise,Equipment Finance,2549512.53,2498522.28,0.032,60,804.0,749.5,4133316.37,0.604,2.14,Current,0,17.1,Low,0
L100911,C1077,2025-03-12,2029-03-12,Middle East & Africa,Saudi Arabia,Technology,Public Sector,Project Finance,9391231.03,8587550.25,0.0372,48,746.0,221.21,15490501.55,0.554,2.2,Current,0,17.1,Low,0
L100912,C1003,2025-03-18,2030-03-18,Middle East & Africa,South Africa,Public Sector,Mid-Market,Equipment Finance,1367149.11,1200554.88,0.032,60,807.0,68.73,2036188.61,0.59,1.62,Default,191,57.6,Elevated,1
L100913,C1246,2024-05-16,2028-05-16,Latin America,Brazil,Healthcare,Mid-Market,Equipment Finance,951114.6,749997.74,0.0618,48,696.0,58.75,1324704.59,0.566,1.29,Current,0,27.3,Low,0
L100914,C1273,2023-04-02,2026-04-02,Latin America,Brazil,Healthcare,Mid-Market,Working Capital,730143.83,268418.09,0.0684,36,,65.76,999002.64,0.269,1.63,Current,0,23.9,Low,0
L100915,C1065,2025-03-02,2031-03-02,Latin America,Brazil,Healthcare,SME,Leasing,284909.69,260053.73,0.0858,72,677.0,3.82,433979.25,0.599,1.19,Current,0,33.3,Low,0
L100916,C1172,2025-06-26,2032-06-26,North America,Mexico,Technology,SME,Equipment Finance,401326.26,376185.35,0.0497,84,672.0,4.05,442495.94,0.85,1.99,Current,0,44.1,Moderate,0
L100917,C1111,2024-07-05,2030-07-05,North America,United States,Technology,Mid-Market,Trade Finance,558745.36,446527.07,0.0435,72,682.0,58.61,629729.48,0.709,1.29,Current,0,37.8,Moderate,0
L100918,C1017,2023-04-10,2027-04-10,Europe,Germany,Transportation,SME,Equipment Finance,217326.25,134512.9,0.0778,48,757.0,1.62,264156.54,0.509,1.54,Late 60,76,50.8,Moderate,0
L100919,C1014,2025-02-18,2028-02-18,Europe,France,Technology,Public Sector,Leasing,1386016.82,1200901.39,0.032,36,769.0,581.52,2136470.42,0.562,2.25,Current,0,17.1,Low,0
L100920,C1356,2025-10-17,2029-10-17,North America,Mexico,Energy,SME,Leasing,92241.93,88120.73,0.0829,48,682.0,21.0,99153.99,0.889,1.34,Current,0,55.4,Elevated,0
L100921,C1246,2023-09-15,2029-09-15,Middle East & Africa,South Africa,Public Sector,SME,Leasing,399003.01,335547.59,0.0491,72,672.0,6.11,450088.79,0.746,1.37,Current,0,36.0,Moderate,0
L100922,C1252,2023-06-28,2028-06-28,Europe,Netherlands,Healthcare,Enterprise,Project Finance,3134801.85,2335271.55,0.032,60,725.0,725.15,4041046.39,0.578,1.35,Current,0,21.4,Low,0
L100923,C1112,2025-03-23,2032-03-23,Europe,United Kingdom,Retail,SME,Equipment Finance,287748.17,273279.74,0.0691,84,699.0,10.75,309930.57,0.882,1.3,Grace Period,19,52.5,Moderate,0
L100924,C1100,2023-12-27,2027-12-27,North America,Mexico,Energy,Public Sector,Trade Finance,2124508.68,1264500.58,0.0398,48,676.0,101.17,3443663.35,0.367,1.79,Current,0,29.5,Low,0
L100925,C1301,2025-02-19,2030-02-19,North America,Mexico,Transportation,Enterprise,Working Capital,3104300.87,2875385.97,0.0729,60,679.0,853.48,3254229.54,0.884,1.81,Grace Period,6,51.0,Moderate,0
L100926,C1166,2025-02-28,2031-02-28,North America,United States,Technology,SME,Trade Finance,75810.74,68780.91,0.0591,72,672.0,4.22,79057.36,0.87,1.38,Current,0,50.2,Moderate,0
L100927,C1038,2023-10-17,2026-10-17,Middle East & Africa,Saudi Arabia,Public Sector,Enterprise,Project Finance,6084163.13,3446315.04,0.032,36,805.0,1986.31,6711534.98,0.513,1.98,Current,0,12.6,Low,0
L100928,C1185,2023-02-16,2030-02-16,Europe,United Kingdom,Manufacturing,Mid-Market,Trade Finance,822485.62,591451.89,0.0386,84,690.0,51.61,1232546.36,0.48,1.32,Current,0,31.2,Low,0
L100929,C1198,2024-09-23,2029-09-23,Asia-Pacific,China,Retail,Enterprise,Working Capital,1966209.89,1692674.69,0.0656,60,740.0,842.91,2271965.08,0.745,1.62,Current,0,31.2,Low,0
L100930,C1216,2024-03-25,2026-03-25,North America,Mexico,Technology,Enterprise,Leasing,5672652.57,1684554.33,0.032,24,746.0,429.74,7082133.82,0.238,1.23,Current,0,25.4,Low,0
L100931,C1204,2025-07-02,2027-07-02,Europe,Netherlands,Transportation,Enterprise,Leasing,1615178.31,1329120.05,0.041,24,771.0,1873.82,1855356.98,0.716,2.19,Current,0,30.2,Low,0
L100932,C1325,2024-01-26,2030-01-26,Europe,United Kingdom,Technology,Mid-Market,Working Capital,162419.28,130933.56,0.0557,72,653.0,42.22,220161.49,0.595,1.67,Current,0,29.2,Low,0
L100933,C1092,2023-09-20,2028-09-20,Asia-Pacific,India,Manufacturing,SME,Leasing,391751.62,291134.21,0.0828,60,700.0,11.33,579566.52,0.502,0.65,Current,0,46.8,Moderate,0
L100934,C1224,2025-07-26,2030-07-26,Asia-Pacific,China,Technology,Enterprise,Working Capital,1397141.66,1293379.71,0.0372,60,737.0,707.92,1702534.51,0.76,1.48,Current,0,30.1,Low,0
L100935,C1337,2025-03-21,2030-03-21,North America,United States,Energy,Public Sector,Equipment Finance,809372.37,712522.15,0.032,60,775.0,295.52,1096295.18,0.65,1.7,Late 60,95,52.0,Moderate,0
L100936,C1371,2024-11-26,2028-11-26,Latin America,Chile,,Mid-Market,Project Finance,1635510.78,1364761.5,0.0633,48,684.0,66.85,2675483.2,0.51,1.39,Late 30,31,44.8,Moderate,0
L100937,C1366,2025-11-08,2031-11-08,North America,United States,Transportation,Mid-Market,Equipment Finance,1978680.74,1939107.13,0.0619,72,691.0,38.36,3072006.17,0.631,1.41,Current,0,32.2,Low,0
L100938,C1276,2025-05-06,2031-05-06,Middle East & Africa,United Arab Emirates,Technology,Mid-Market,Trade Finance,302775.79,288769.62,0.0614,72,709.0,11.67,368695.69,0.783,1.4,Current,0,36.0,Moderate,0
L100939,C1040,2025-08-06,2028-08-06,North America,United States,Manufacturing,Enterprise,Equipment Finance,12500000.0,11745977.36,0.044,36,698.0,934.4,21755175.41,0.54,1.49,Current,0,25.3,Low,0
L100940,C1375,2025-05-08,2030-05-08,North America,Canada,Manufacturing,Public Sector,Equipment Finance,1380555.61,1302757.48,0.032,60,699.0,169.86,2335615.35,0.558,1.7,Current,0,23.6,Low,0
L100941,C1012,2024-03-06,2028-03-06,Middle East & Africa,United Arab Emirates,Manufacturing,SME,Project Finance,635220.97,515778.27,0.1065,48,650.0,11.36,924229.93,0.558,1.52,Current,0,33.2,Low,0
L100942,C1209,2023-03-13,2027-03-13,North America,United States,Manufacturing,SME,Project Finance,297796.34,199877.07,0.0824,48,677.0,6.84,439323.18,0.455,1.8,Current,0,27.5,Low,0
L100943,C1169,2024-10-06,2028-10-06,Europe,France,Transportation,Mid-Market,Working Capital,546076.45,416383.37,0.0756,48,661.0,122.07,544831.74,0.764,1.4,Current,0,48.5,Moderate,0
L100944,C1257,2025-04-05,2031-04-05,Europe,United Kingdom,Manufacturing,Mid-Market,Trade Finance,582952.28,529377.0,0.0473,72,691.0,95.36,746477.9,0.709,1.66,Current,0,32.1,Low,0
L100945,C1297,2025-12-15,2027-12-15,North America,Canada,Retail,Mid-Market,Equipment Finance,408525.98,395672.03,0.0683,24,620.0,12.58,475385.55,0.832,1.26,Current,0,63.7,Elevated,0
L100946,C1280,2025-01-23,2029-01-23,Asia-Pacific,China,Energy,SME,Project Finance,3110336.74,2595579.0,0.1034,48,650.0,8.05,4188215.18,0.62,1.33,Late 30,41,57.9,Elevated,0
L100947,C1086,2024-09-04,2029-09-04,Middle East & Africa,Saudi Arabia,Manufacturing,Mid-Market,Leasing,545380.85,449087.46,0.0613,60,743.0,46.87,642151.82,0.699,1.52,Late 30,48,44.9,Moderate,0
L100948,C1286,2024-09-15,2027-09-15,Middle East & Africa,United Arab Emirates,Retail,Mid-Market,Leasing,545657.58,436028.59,0.0717,36,719.0,119.43,633278.59,0.689,1.33,Late 30,41,50.7,Moderate,0
L100949,C1287,2023-05-19,2029-05-19,Europe,United Kingdom,Energy,Mid-Market,Leasing,1275152.07,882084.77,0.0529,72,693.0,83.68,2054488.23,0.429,1.69,Current,0,26.5,Low,0
L100950,C1009,2023-01-20,2030-01-20,Europe,Germany,Technology,Mid-Market,Equipment Finance,2775898.66,2160111.83,0.032,84,722.0,84.29,3174483.22,0.68,1.87,Current,0,21.9,Low,0
L100951,C1242,2023-02-03,2026-02-03,North America,United States,Retail,Enterprise,Working Capital,3666625.71,1463286.77,0.0498,36,693.0,405.45,4775707.34,0.306,1.28,Current,0,33.1,Low,0
L100952,C1048,2025-09-21,2028-09-21,North America,Mexico,Retail,Mid-Market,Working Capital,265586.48,241949.77,0.0681,36,754.0,32.94,246788.77,0.98,1.81,Current,0,50.0,Moderate,0
L100953,C1213,2025-05-01,2032-05-01,North America,Canada,Construction,Enterprise,Equipment Finance,3926869.95,3640523.17,0.0611,84,793.0,367.01,4089802.55,0.89,1.46,Current,0,48.2,Moderate,0
L100954,C1086,2023-10-07,2026-10-07,Latin America,Chile,Manufacturing,Mid-Market,Trade Finance,211554.58,132548.26,0.0667,36,710.0,19.0,196819.23,0.673,1.86,Current,0,25.8,Low,0
L100955,C1136,2024-04-09,2026-04-09,Middle East & Africa,Saudi Arabia,Transportation,Mid-Market,Leasing,1226314.81,465117.78,0.0796,24,788.0,40.22,1498413.37,0.31,1.45,Late 60,62,53.1,Moderate,0
L100956,C1103,2024-06-24,2031-06-24,Asia-Pacific,Singapore,Retail,Mid-Market,Equipment Finance,375422.8,337743.56,0.0686,84,666.0,23.4,510892.5,0.661,2.02,Current,0,34.2,Low,0
L100957,C1327,2023-09-06,2029-09-06,Europe,United Kingdom,Retail,SME,Working Capital,112688.48,94666.94,0.0948,72,612.0,2.26,103694.63,0.913,1.68,Current,0,64.1,Elevated,0
L100958,C1344,2024-04-22,2029-04-22,Europe,Netherlands,Manufacturing,SME,Equipment Finance,325858.79,278888.98,0.0635,60,645.0,5.91,495821.75,0.562,1.57,Current,0,33.3,Low,0
L100959,C1303,2024-01-28,2029-01-28,Europe,Germany,Healthcare,Mid-Market,Equipment Finance,1254592.11,1017974.27,0.032,60,707.0,80.77,1736364.37,0.586,1.63,Late 30,50,36.5,Moderate,0
L100960,C1274,2025-02-27,2031-02-27,Europe,United Kingdom,Healthcare,Enterprise,Working Capital,1639836.18,1466499.54,0.032,72,820.0,470.63,1495829.53,0.98,1.63,Current,0,45.0,Moderate,0
L100961,C1138,2025-04-09,2030-04-09,Europe,Netherlands,Manufacturing,Mid-Market,Equipment Finance,2339121.05,2145235.35,0.0355,60,693.0,42.57,2996538.97,0.716,1.81,Current,0,32.3,Low,0
L100962,C1054,2023-04-03,2028-04-03,North America,Canada,Construction,SME,Equipment Finance,496607.49,385524.98,0.1007,60,617.0,3.06,544516.23,0.708,1.31,Current,0,56.1,Elevated,0
L100963,C1215,2024-05-07,2030-05-07,North America,Canada,Energy,Mid-Market,Working Capital,774769.33,599376.73,0.0722,72,662.0,47.65,611364.26,0.98,1.31,Current,0,67.1,Elevated,0
L100964,C1162,2025-12-22,2030-12-22,Latin America,Chile,Healthcare,SME,Equipment Finance,160015.15,156814.85,0.0723,60,726.0,3.3,188214.61,0.833,1.63,Current,0,33.2,Low,0
L100965,C1107,2025-08-06,2029-08-06,Europe,United Kingdom,Manufacturing,Enterprise,Project Finance,12500000.0,11763763.42,0.0385,48,774.0,461.66,17817894.95,0.66,1.75,Current,0,23.0,Low,0
L100966,C1092,2025-05-19,2029-05-19,Latin America,Brazil,Technology,Enterprise,Project Finance,4027650.84,3612858.55,0.0645,48,727.0,186.87,5727324.47,0.631,1.83,Current,0,18.0,Low,0
L100967,C1061,2025-03-11,2029-03-11,North America,Mexico,Manufacturing,Mid-Market,Equipment Finance,2655097.34,2313039.06,0.0457,48,633.0,89.59,4423503.27,0.523,1.37,Current,0,40.1,Moderate,0
L100968,C1315,2023-01-22,2027-01-22,Europe,United Kingdom,Technology,Mid-Market,Leasing,2348784.04,1296236.32,0.0375,48,670.0,40.81,3446404.81,0.376,2.05,Current,0,26.1,Low,0
L100969,C1122,2025-12-17,2029-12-17,North America,Canada,Manufacturing,SME,Equipment Finance,439510.58,430720.37,0.0489,48,737.0,6.95,624817.81,0.689,1.61,Current,0,25.3,Low,0
L100970,C1348,2025-03-17,2029-03-17,North America,United States,Retail,Mid-Market,Working Capital,969899.62,813914.87,0.0743,48,718.0,100.54,886933.5,0.918,1.81,Current,0,45.4,Moderate,0
L100971,C1254,2025-08-22,2031-08-22,North America,Mexico,Manufacturing,Enterprise,Equipment Finance,580237.35,559013.57,0.032,72,738.0,588.2,594371.13,0.941,1.98,Current,0,45.5,Moderate,0
L100972,C1062,2025-09-27,2029-09-27,North America,Mexico,Technology,Enterprise,Trade Finance,2013533.45,1912097.2,0.0336,48,816.0,787.8,2789454.83,0.685,1.81,Current,0,22.3,Low,0
L100973,C1023,2023-10-11,2025-10-11,Middle East & Africa,South Africa,Manufacturing,Mid-Market,Equipment Finance,1836685.85,1007014.83,0.0637,24,778.0,16.1,2272503.65,0.443,1.41,Grace Period,2,23.4,Low,0
L100974,C1158,2023-01-15,2027-01-15,Europe,United Kingdom,Manufacturing,Mid-Market,Working Capital,911271.56,391079.94,0.0633,48,703.0,42.73,790596.49,0.495,2.07,Current,0,22.9,Low,0
L100975,C1030,2024-12-18,2027-12-18,Europe,United Kingdom,Energy,SME,Equipment Finance,160915.83,130206.67,0.0845,36,663.0,10.9,281782.79,0.462,1.35,Current,0,37.1,Moderate,0
L100976,C1362,2024-05-24,2030-05-24,Europe,Germany,Manufacturing,SME,Equipment Finance,275327.75,236021.3,0.0668,72,650.0,7.54,316814.18,0.745,1.71,Current,0,42.4,Moderate,0
L100977,C1344,2023-01-14,2027-01-14,Europe,Germany,Manufacturing,SME,Leasing,56235.43,21694.27,0.0661,48,661.0,17.3,51979.87,0.417,1.4,Current,0,34.3,Low,0
L100978,C1249,2023-10-11,2027-10-11,Europe,United Kingdom,Technology,Mid-Market,Working Capital,677331.51,431417.61,0.0406,48,657.0,166.86,942874.45,0.458,1.2,Current,0,37.5,Moderate,0
L100979,C1111,2025-12-24,2031-12-24,North America,United States,Transportation,Public Sector,Trade Finance,489360.41,479573.2,0.0502,72,677.0,276.95,552735.05,0.868,1.56,Current,0,50.1,Moderate,0
L100980,C1329,2024-02-27,2026-02-27,Latin America,Brazil,Manufacturing,Mid-Market,Equipment Finance,1867095.2,951831.81,0.0801,24,639.0,49.61,2455351.62,0.388,1.52,Current,0,35.2,Moderate,0
L100981,C1245,2023-10-16,2026-10-16,Asia-Pacific,Australia,Technology,SME,Equipment Finance,648266.2,381656.11,0.0555,36,722.0,3.04,700582.05,0.545,1.7,Default,185,62.1,Elevated,1
L100982,C1135,2024-12-03,2030-12-03,Asia-Pacific,China,Transportation,SME,Leasing,185955.27,158620.13,0.1073,72,599.0,4.09,223713.29,0.709,1.38,Current,0,55.8,Elevated,0
L100983,C1334,2024-12-09,2029-12-09,Europe,Netherlands,Energy,SME,Leasing,331284.98,289591.69,0.0646,60,738.0,4.27,539718.22,0.537,1.73,Default,130,66.6,Elevated,1
L100984,C1079,2023-12-13,2028-12-13,North America,Mexico,Healthcare,Enterprise,Project Finance,5657849.15,4487013.2,0.032,60,719.0,332.28,8037058.39,0.558,1.98,Current,0,16.4,Low,0
L100985,C1215,2025-07-20,2031-07-20,Latin America,Brazil,Manufacturing,Mid-Market,Trade Finance,724865.37,686248.95,0.0726,72,770.0,32.82,909973.25,0.754,1.2,Current,0,39.6,Moderate,0
L100986,C1262,2024-09-19,2031-09-19,Europe,Netherlands,Energy,Enterprise,Project Finance,3298773.08,2940621.17,0.0455,84,714.0,615.7,3729605.16,0.788,1.82,Current,0,36.1,Moderate,0
L100987,C1344,2023-06-23,2025-06-23,North America,Canada,Technology,Enterprise,Equipment Finance,4976969.41,2257141.84,0.032,24,685.0,1374.3,6442850.99,0.35,1.88,Current,0,23.4,Low,0
L100988,C1052,2023-12-01,2029-12-01,Europe,United Kingdom,Retail,SME,Leasing,94514.33,69520.99,0.0801,72,709.0,9.81,128390.26,0.541,1.28,Current,0,30.2,Low,0
L100989,C1109,2025-07-14,2030-07-14,Asia-Pacific,India,Retail,Mid-Market,Working Capital,184429.17,176930.49,0.0728,60,745.0,47.49,180469.1,0.98,1.54,Grace Period,20,50.3,Moderate,0
L100990,C1319,2023-04-20,2026-04-20,Asia-Pacific,China,Retail,Public Sector,Equipment Finance,2091201.83,601047.24,0.0435,36,702.0,431.29,2371340.57,0.253,1.89,Current,0,24.5,Low,0
L100991,C1189,2023-01-28,2029-01-28,Asia-Pacific,Singapore,Technology,Mid-Market,Working Capital,471587.13,298849.33,0.0538,72,700.0,71.91,566928.61,0.527,1.43,Current,0,23.8,Low,0
L100992,C1286,2024-12-04,2028-12-04,Asia-Pacific,China,Manufacturing,SME,Equipment Finance,382319.25,337603.87,0.0875,48,638.0,5.36,639276.91,0.528,1.34,Current,0,40.0,Moderate,0
L100993,C1293,2024-04-25,2030-04-25,North America,Canada,Healthcare,Public Sector,Equipment Finance,1539939.32,1223775.88,0.032,72,754.0,215.75,2611974.52,0.469,2.55,Current,0,16.2,Low,0
L100994,C1115,2023-10-01,2028-10-01,Latin America,Brazil,Energy,Enterprise,Project Finance,12500000.0,8428650.28,0.0819,60,732.0,424.04,19138298.74,0.44,1.78,Late 60,71,49.6,Moderate,0
L100995,C1125,2024-05-06,2028-05-06,Europe,Germany,Manufacturing,Mid-Market,Equipment Finance,1063810.85,774379.4,0.0464,48,691.0,86.84,1508430.34,0.513,1.71,Current,0,25.0,Low,0
L100996,C1189,2023-07-24,2026-07-24,Asia-Pacific,Singapore,Manufacturing,Mid-Market,Trade Finance,721080.3,334928.74,0.0544,36,635.0,63.25,1075580.12,0.311,1.57,Current,0,35.1,Moderate,0
L100997,C1010,2024-02-23,2030-02-23,North America,Canada,Technology,SME,Equipment Finance,366030.49,316819.84,0.0682,72,659.0,3.5,627656.93,0.505,1.21,Current,0,36.9,Moderate,0
L100998,C1303,2023-09-28,2028-09-28,Latin America,Chile,Healthcare,Enterprise,Equipment Finance,6205668.54,4974910.99,0.0508,60,774.0,296.53,6438517.28,0.773,2.11,Current,0,28.4,Low,0
L100999,C1043,2024-10-17,2026-10-17,North America,Canada,Manufacturing,Mid-Market,Equipment Finance,1353639.39,756801.82,0.0435,24,696.0,70.11,1799086.46,0.421,1.91,Current,0,24.1,Low,0
L101000,C1355,2025-01-18,2027-01-18,North America,United States,Construction,SME,Equipment Finance,421867.54,328141.78,0.093,24,638.0,7.17,494890.33,0.663,1.48,Current,0,44.3,Moderate,0
L101001,C1295,2025-09-15,2030-09-15,Europe,United Kingdom,Healthcare,Enterprise,Leasing,3986701.27,3853392.75,0.032,60,712.0,395.3,6568395.68,0.587,1.29,Current,0,24.4,Low,0
L101002,C1133,2023-03-15,2026-03-15,North America,United States,Public Sector,Public Sector,Equipment Finance,778941.66,330544.18,0.032,36,743.0,114.0,1337578.76,0.247,2.34,Current,0,12.6,Low,0
L101003,C1027,2023-12-15,2028-12-15,North America,Mexico,Energy,Enterprise,Working Capital,676763.63,544527.19,0.0642,60,782.0,1042.51,867366.98,0.628,1.52,Current,0,23.0,Low,0
L101004,C1300,2023-10-09,2028-10-09,Asia-Pacific,India,Technology,SME,Project Finance,577895.21,387606.06,0.074,60,638.0,10.47,648346.33,0.598,1.7,Current,0,31.9,Low,0
L101005,C1170,2024-09-24,2027-09-24,Europe,Netherlands,Manufacturing,SME,Leasing,218325.72,146608.27,0.0737,36,699.0,1.6,352394.46,0.416,1.38,Current,0,28.0,Low,0
L101006,C1073,2024-08-10,2029-08-10,Latin America,Brazil,Technology,Public Sector,Equipment Finance,3141646.64,2470753.1,0.0321,60,759.0,527.75,3273400.48,0.755,1.85,Current,0,27.9,Low,0
L101007,C1163,2025-08-18,2028-08-18,Europe,Netherlands,Manufacturing,Public Sector,Leasing,1702989.25,1603454.59,0.032,36,757.0,202.05,1772862.52,0.904,2.21,Current,0,42.5,Moderate,0
L101008,C1343,2025-10-19,2032-10-19,Asia-Pacific,India,Manufacturing,Mid-Market,Project Finance,2512740.54,2460717.23,0.0752,84,676.0,65.25,3423999.25,0.719,1.34,Current,0,41.1,Moderate,0
L101009,C1261,2025-04-16,2031-04-16,Europe,France,Transportation,Mid-Market,Working Capital,258832.14,234382.03,0.0715,72,677.0,117.47,329947.57,0.71,1.31,Current,0,43.7,Moderate,0
L101010,C1260,2023-08-18,2027-08-18,Asia-Pacific,China,Energy,Mid-Market,Equipment Finance,963170.2,641631.64,0.07,48,696.0,161.58,1620748.78,0.396,1.52,Current,0,26.7,Low,0
L101011,C1195,2023-02-02,2027-02-02,Europe,Germany,Manufacturing,Mid-Market,Leasing,333941.89,165380.83,0.0522,48,684.0,108.01,375812.01,0.44,2.03,Current,0,26.3,Low,0
L101012,C1058,2025-09-09,2029-09-09,Europe,France,Retail,SME,Leasing,306438.33,289903.86,0.0716,48,673.0,6.39,365612.63,0.793,1.66,Current,0,43.5,Moderate,0
L101013,C1360,2025-10-13,2032-10-13,Latin America,Brazil,Manufacturing,SME,Equipment Finance,109828.02,107631.46,0.0895,84,689.0,2.34,149489.18,0.72,1.54,Current,0,33.6,Low,0
L101014,C1281,2023-10-12,2027-10-12,Europe,France,Transportation,SME,Equipment Finance,399550.77,283560.93,0.0662,48,741.0,1.57,415624.84,0.682,1.4,Current,0,31.4,Low,0
L101015,C1195,2023-02-26,2028-02-26,North America,Canada,Technology,Enterprise,Trade Finance,961724.62,583521.23,0.032,60,756.0,827.36,1488727.53,0.392,2.24,Current,0,17.1,Low,0
L101016,C1275,2025-01-26,2031-01-26,Asia-Pacific,India,Energy,SME,Equipment Finance,261353.76,241485.55,0.1023,72,591.0,12.64,332823.9,0.726,0.84,Current,0,71.8,Elevated,0
L101017,C1137,2024-10-20,2027-10-20,Middle East & Africa,South Africa,Technology,SME,Equipment Finance,548605.2,374594.15,0.0785,36,725.0,3.32,641571.2,0.584,1.96,Late 30,38,35.1,Moderate,0
L101018,C1282,2025-08-10,2030-08-10,North America,Canada,Manufacturing,Mid-Market,Equipment Finance,1105819.95,1046648.79,0.0467,60,696.0,49.07,1467310.06,0.713,2.21,Current,0,31.6,Low,0
L101019,C1367,2024-09-02,2027-09-02,Europe,Netherlands,Construction,SME,Working Capital,69130.85,55402.03,0.0894,36,726.0,3.89,83850.37,0.661,1.35,Current,0,32.8,Low,0
L101020,C1131,2025-04-22,2030-04-22,Middle East & Africa,South Africa,Energy,SME,Leasing,165778.16,148483.81,0.0836,60,720.0,3.83,257484.43,0.577,1.44,Current,0,24.5,Low,0
L101021,C1003,2025-05-25,2029-05-25,Asia-Pacific,China,Manufacturing,Mid-Market,Equipment Finance,405719.66,366427.92,0.0768,48,685.0,112.95,479370.9,0.764,1.54,Current,0,37.9,Moderate,0
L101022,C1281,2023-01-14,2030-01-14,Latin America,Brazil,Healthcare,Mid-Market,Leasing,272004.87,215383.46,0.0552,84,742.0,66.41,280018.06,0.769,1.51,Current,0,29.2,Low,0
L101023,C1323,2023-06-24,2027-06-24,Europe,Netherlands,Retail,Mid-Market,Working Capital,570703.39,274494.99,0.0682,48,669.0,50.32,792043.41,0.347,1.36,Current,0,35.4,Moderate,0
L101024,C1314,2025-05-27,2028-05-27,Asia-Pacific,China,Public Sector,Public Sector,Equipment Finance,3106294.07,2621538.19,0.032,36,766.0,1194.81,4451846.74,0.589,2.24,Current,0,12.6,Low,0
L101025,C1370,2023-07-16,2029-07-16,Europe,Germany,Retail,SME,Trade Finance,273989.43,199891.58,0.0649,72,686.0,2.26,321753.74,0.621,1.59,Late 60,84,55.4,Elevated,0
L101026,C1131,2023-08-06,2029-08-06,Latin America,Chile,Transportation,Public Sector,Equipment Finance,3183499.02,2213451.4,0.0622,72,776.0,323.04,3723068.97,0.595,1.78,Current,0,22.5,Low,0
L101027,C1348,2025-04-01,2030-04-01,Europe,Netherlands,Transportation,Public Sector,Equipment Finance,2228991.11,2018877.95,0.0455,60,768.0,120.03,3937369.84,0.513,2.46,Current,0,22.5,Low,0
L101028,C1079,2023-08-22,2028-08-22,Asia-Pacific,India,Technology,Enterprise,Trade Finance,1924038.17,1379627.98,0.033,60,748.0,435.36,2769437.87,0.498,1.78,Current,0,17.1,Low,0
L101029,C1223,2023-06-16,2026-06-16,Europe,United Kingdom,Retail,Mid-Market,Project Finance,962243.38,564874.34,0.0504,36,786.0,63.6,1023263.06,0.552,1.2,Default,145,75.3,High,1
L101030,C1337,2023-01-05,2028-01-05,Europe,France,Technology,Mid-Market,Leasing,563143.06,406220.78,0.032,60,699.0,97.91,545372.85,0.745,2.23,Current,0,30.9,Low,0
L101031,C1347,2024-05-02,2026-05-02,Asia-Pacific,China,Healthcare,Mid-Market,Project Finance,833193.21,429492.27,0.0469,24,654.0,49.33,874404.41,0.491,1.38,Current,0,32.5,Low,0
L101032,C1235,2024-11-28,2027-11-28,Europe,France,Transportation,Enterprise,Leasing,1593443.43,1226901.4,0.0506,36,668.0,382.33,1730171.96,0.709,1.47,Current,0,41.1,Moderate,0
L101033,C1207,2025-03-09,2031-03-09,Middle East & Africa,United Arab Emirates,Technology,SME,Leasing,257808.36,232457.52,0.0833,72,737.0,4.63,253506.63,0.917,1.49,Default,204,87.4,High,1
L101034,C1174,2025-09-10,2030-09-10,Europe,France,Manufacturing,Public Sector,Project Finance,3877984.15,3726568.08,0.032,60,745.0,117.74,4158124.02,0.896,2.16,Current,0,41.9,Moderate,0
L101035,C1329,2024-12-18,2027-12-18,Asia-Pacific,China,,Mid-Market,Working Capital,3153181.57,2414053.98,0.0404,36,721.0,85.84,2462335.06,0.98,1.24,Current,0,53.1,Moderate,0
L101036,C1334,2025-04-11,2028-04-11,Europe,Netherlands,Healthcare,Enterprise,Equipment Finance,1589173.37,1291339.32,0.032,36,726.0,571.47,2071167.71,0.623,1.7,Current,0,16.4,Low,0
L101037,C1091,2023-08-26,2030-08-26,Europe,Germany,Public Sector,Mid-Market,Working Capital,495748.0,355883.23,0.032,84,705.0,75.96,517881.39,0.687,1.5,Current,0,22.0,Low,0
L101038,C1051,2024-01-20,2027-01-20,Europe,Netherlands,Healthcare,SME,Leasing,107219.09,68944.69,0.0414,36,653.0,5.27,133108.61,0.518,1.83,Current,0,28.3,Low,0
L101039,C1309,2023-11-11,2026-11-11,North America,United States,Public Sector,Mid-Market,Equipment Finance,773980.11,338630.43,0.032,36,740.0,51.46,1270803.79,0.266,2.27,Current,0,12.6,Low,0
L101040,C1308,2023-03-08,2026-03-08,North America,Canada,Technology,Mid-Market,Trade Finance,515102.04,155812.55,0.0391,36,709.0,120.22,561716.99,0.277,1.42,Current,0,22.5,Low,0
L101041,C1037,2025-11-25,2027-11-25,Asia-Pacific,China,Construction,Mid-Market,Leasing,1186556.07,1144179.92,0.0838,24,699.0,109.28,1857340.38,0.616,1.62,Grace Period,1,28.1,Low,0
L101042,C1186,2023-09-17,2027-09-17,Asia-Pacific,China,Manufacturing,SME,Working Capital,138334.88,94731.41,0.0868,48,685.0,13.22,188286.51,0.503,1.56,Current,0,26.1,Low,0
L101043,C1192,2024-05-26,2031-05-26,Asia-Pacific,Australia,Retail,SME,Working Capital,160696.68,141872.29,0.1009,84,644.0,6.93,224951.21,0.631,1.07,Current,0,48.3,Moderate,0
L101044,C1016,2024-01-10,2028-01-10,North America,Mexico,Technology,Mid-Market,Leasing,566340.5,374056.18,0.032,48,658.0,134.17,586580.05,0.638,1.22,Current,0,38.3,Moderate,0
L101045,C1252,2023-02-01,2027-02-01,Europe,United Kingdom,Energy,Mid-Market,Equipment Finance,430028.71,231472.83,0.0601,48,637.0,44.81,517889.32,0.447,1.29,Current,0,43.3,Moderate,0
L101046,C1369,2025-09-26,2030-09-26,North America,Canada,Energy,Public Sector,Trade Finance,999455.22,958954.8,0.0359,60,820.0,203.07,1367129.02,0.701,1.77,Current,0,28.1,Low,0
L101047,C1080,2023-08-07,2028-08-07,Asia-Pacific,Singapore,Energy,SME,Working Capital,143877.28,93759.53,0.0923,60,720.0,11.54,113039.88,0.829,1.65,Current,0,38.3,Moderate,0
L101048,C1295,2023-04-24,2028-04-24,Middle East & Africa,South Africa,Healthcare,SME,Working Capital,187410.8,131750.86,0.0897,60,734.0,9.28,139474.12,0.945,1.34,Current,0,47.7,Moderate,0
L101049,C1030,2024-01-20,2029-01-20,North America,Mexico,Construction,SME,Leasing,338603.01,262653.55,0.1061,60,624.0,4.59,323458.28,0.812,1.0,Late 30,42,89.2,High,0
L101050,C1081,2023-06-07,2028-06-07,Asia-Pacific,Australia,Retail,Mid-Market,Equipment Finance,845895.65,512182.01,0.056,60,692.0,30.32,1247368.07,0.411,1.53,Current,0,26.8,Low,0
L101051,C1214,2025-12-22,2030-12-22,North America,United States,Transportation,Mid-Market,Equipment Finance,837314.5,820568.21,0.0568,60,659.0,51.11,1359387.3,0.604,1.16,Current,0,43.6,Moderate,0
L101052,C1351,2023-07-03,2029-07-03,North America,United States,Technology,Mid-Market,Leasing,267925.32,186870.09,0.032,72,663.0,37.93,293154.31,0.637,1.89,Current,0,28.7,Low,0
L101053,C1336,2023-11-11,2028-11-11,North America,United States,Technology,Public Sector,Equipment Finance,3069465.31,2416159.54,0.032,60,735.0,670.0,5279942.03,0.458,1.87,Current,0,17.1,Low,0
L101054,C1355,2023-10-10,2029-10-10,North America,United States,Public Sector,SME,Working Capital,119924.6,99808.13,0.0413,72,740.0,8.81,152778.14,0.653,1.49,Current,0,16.8,Low,0
L101055,C1375,2023-01-19,2026-01-19,Asia-Pacific,Australia,Public Sector,Enterprise,Project Finance,9897602.43,5068897.12,0.032,36,786.0,298.54,9482846.41,0.535,2.05,Current,0,12.6,Low,0
L101056,C1304,2023-01-15,2028-01-15,Middle East & Africa,United Arab Emirates,Energy,SME,Equipment Finance,700543.29,457779.92,0.1081,60,627.0,2.88,928554.26,0.493,1.69,Late 60,82,66.3,Elevated,0
L101057,C1138,2024-07-18,2029-07-18,North America,Mexico,Retail,SME,Equipment Finance,292753.3,248891.88,0.0804,60,648.0,3.39,313542.05,0.794,2.0,Late 30,56,66.1,Elevated,0
L101058,C1048,2023-09-14,2027-09-14,Europe,Netherlands,Healthcare,Mid-Market,Working Capital,294448.6,160742.9,0.032,48,743.0,41.02,402333.28,0.4,1.46,Current,0,18.5,Low,0
L101059,C1312,2023-04-21,2029-04-21,Asia-Pacific,Singapore,Public Sector,SME,Equipment Finance,323317.82,222297.98,0.0435,72,668.0,4.96,509905.05,0.436,1.55,Current,0,22.0,Low,0
L101060,C1070,2023-11-05,2027-11-05,Latin America,Brazil,Retail,Mid-Market,Trade Finance,771183.41,530980.93,0.0833,48,695.0,115.75,1091154.23,0.487,1.48,Current,0,27.6,Low,0
L101061,C1197,2023-10-21,2026-10-21,Europe,France,Construction,Mid-Market,Leasing,605332.75,371522.55,0.0678,36,697.0,31.86,854745.81,0.435,1.78,Current,0,28.4,Low,0
L101062,C1286,2024-04-02,2030-04-02,North America,Mexico,Manufacturing,Enterprise,Equipment Finance,2500856.2,2092472.29,0.0437,72,751.0,1984.85,3085773.64,0.678,1.13,Late 30,37,53.4,Moderate,0
L101063,C1013,2025-12-03,2028-12-03,Asia-Pacific,Singapore,Transportation,Mid-Market,Equipment Finance,1343872.52,1316995.07,0.0721,36,700.0,32.32,2311668.18,0.57,1.46,Current,0,28.4,Low,0
L101064,C1347,2023-12-21,2027-12-21,Europe,United Kingdom,Manufacturing,Mid-Market,Trade Finance,840733.28,534301.16,0.0542,48,679.0,24.21,1338516.74,0.399,1.53,Current,0,27.7,Low,0
L101065,C1115,2025-02-05,2029-02-05,Latin America,Chile,Construction,Mid-Market,Equipment Finance,792834.1,713339.96,0.0957,48,661.0,165.21,1248409.74,0.571,0.69,Late 30,45,75.3,High,0
L101066,C1081,2025-04-22,2031-04-22,Europe,Netherlands,Energy,SME,Working Capital,68794.63,62289.15,0.1108,72,621.0,12.48,70975.26,0.878,0.98,Current,0,74.9,Elevated,0
L101067,C1141,2023-02-04,2027-02-04,Asia-Pacific,Australia,Construction,SME,Equipment Finance,425395.93,284703.91,0.1128,48,591.0,4.91,448935.98,0.634,1.04,Grace Period,12,61.9,Elevated,0
L101068,C1175,2024-07-05,2029-07-05,North America,Mexico,Retail,Mid-Market,Equipment Finance,621050.38,525987.0,0.0615,60,688.0,73.47,646658.47,0.813,1.58,Current,0,42.4,Moderate,0
L101069,C1172,2024-05-27,2030-05-27,Europe,France,Manufacturing,Public Sector,Project Finance,4701872.45,3634406.67,0.0322,72,779.0,295.94,4718802.72,0.77,2.32,Current,0,31.8,Low,0
L101070,C1058,2024-07-05,2029-07-05,Middle East & Africa,United Arab Emirates,Healthcare,SME,Equipment Finance,356378.08,305071.65,0.0746,60,631.0,5.99,522743.75,0.584,1.55,Late 60,110,60.2,Elevated,0
L101071,C1071,2023-07-26,2030-07-26,Europe,France,Transportation,Mid-Market,Equipment Finance,324041.79,272833.96,0.0638,84,700.0,25.96,524485.79,0.52,1.8,Current,0,26.1,Low,0
L101072,C1181,2024-05-10,2030-05-10,Europe,France,Healthcare,Enterprise,Leasing,2726778.12,2220710.65,0.032,72,777.0,103.02,4393792.07,0.505,1.91,Current,0,16.2,Low,0
L101073,C1086,2023-05-23,2027-05-23,Latin America,Chile,Manufacturing,Enterprise,Project Finance,8648534.94,5390261.59,0.0724,48,666.0,284.31,8921150.25,0.604,1.3,Current,0,36.0,Moderate,0
L101074,C1244,2025-11-27,2032-11-27,Middle East & Africa,Saudi Arabia,Manufacturing,Mid-Market,Equipment Finance,1402498.24,1374448.28,0.0663,84,694.0,178.83,1720368.73,0.799,1.41,Late 30,51,60.4,Elevated,0
L101075,C1341,2024-10-04,2028-10-04,Europe,Netherlands,Healthcare,Mid-Market,Equipment Finance,1037463.55,907271.01,0.032,48,778.0,183.24,1100308.13,0.825,2.01,Current,0,32.6,Low,0
L101076,C1007,2023-02-10,2025-02-10,Europe,Netherlands,Transportation,Enterprise,Trade Finance,716214.63,263696.05,0.0443,24,743.0,408.07,1175870.71,0.224,1.9,Current,0,22.5,Low,0
L101077,C1013,2024-07-17,2027-07-17,Europe,United Kingdom,Transportation,Enterprise,Working Capital,4001404.59,2761871.6,0.0747,36,651.0,265.03,5064523.01,0.545,1.5,Late 30,40,54.2,Moderate,0
L101078,C1244,2025-10-25,2030-10-25,Asia-Pacific,Singapore,Manufacturing,SME,Project Finance,766549.89,747502.08,0.0894,60,697.0,6.54,966263.42,0.774,1.14,Late 60,92,74.9,Elevated,0
L101079,C1010,2025-03-06,2028-03-06,Europe,France,Technology,Public Sector,Working Capital,614279.74,490302.41,0.032,36,729.0,301.95,682878.83,0.718,2.17,Current,0,24.9,Low,0
L101080,C1243,2023-10-06,2028-10-06,North America,Canada,Healthcare,SME,Working Capital,113702.05,74808.09,0.0625,60,709.0,7.98,125257.68,0.597,1.68,Late 30,39,36.2,Moderate,0
L101081,C1186,2025-09-11,2029-09-11,Middle East & Africa,Saudi Arabia,Energy,Enterprise,Leasing,2974879.1,2860636.34,0.0574,48,702.0,100.19,3244910.56,0.882,1.79,Grace Period,26,45.8,Moderate,0
L101082,C1172,2023-07-06,2027-07-06,Latin America,Colombia,Construction,SME,Equipment Finance,484247.35,320345.26,0.123,48,648.0,38.96,561263.51,0.571,0.86,Current,0,55.2,Elevated,0
L101083,C1230,2023-09-08,2025-09-08,Middle East & Africa,South Africa,Healthcare,SME,Working Capital,135296.08,62440.77,0.0877,24,663.0,11.1,122136.07,0.511,1.2,Current,0,35.6,Moderate,0
L101084,C1340,2023-06-04,2029-06-04,Latin America,Chile,Technology,SME,Working Capital,289828.32,224887.7,0.1017,72,681.0,4.87,250807.33,0.897,1.49,Current,0,47.8,Moderate,0
L101085,C1048,2025-10-24,2029-10-24,Asia-Pacific,Singapore,Retail,Mid-Market,Trade Finance,222710.85,215744.65,0.0704,48,670.0,37.15,293565.43,0.735,1.38,Current,0,43.9,Moderate,0
L101086,C1051,2025-02-23,2028-02-23,Asia-Pacific,India,Technology,SME,Leasing,133755.39,103900.76,0.0746,36,673.0,10.14,151297.69,0.687,1.39,Current,0,35.1,Moderate,0
L101087,C1264,2024-07-05,2028-07-05,Asia-Pacific,China,Transportation,SME,Equipment Finance,98591.98,78438.49,0.1078,48,613.0,7.48,154464.9,0.508,1.61,Current,0,41.8,Moderate,0
L101088,C1019,2025-01-16,2029-01-16,Europe,Netherlands,Manufacturing,Mid-Market,Leasing,431939.24,366269.66,0.0384,48,723.0,61.41,,0.64,1.29,Current,0,28.2,Low,0
L101089,C1162,2023-10-19,2028-10-19,Europe,United Kingdom,Manufacturing,Mid-Market,Working Capital,1278329.91,885414.54,0.0538,60,711.0,77.06,1379570.86,0.642,2.14,Current,0,23.2,Low,0
L101090,C1188,2023-03-18,2027-03-18,North America,Canada,Manufacturing,Enterprise,Leasing,8581585.23,4050897.09,0.0431,48,675.0,447.6,13846133.11,0.293,1.55,Current,0,27.9,Low,0
L101091,C1148,2025-07-28,2027-07-28,Asia-Pacific,India,Construction,Enterprise,Project Finance,7352376.12,6384605.24,0.0733,24,752.0,615.81,8394995.63,0.761,1.67,Current,0,35.6,Moderate,0
L101092,C1202,2025-11-18,2031-11-18,North America,Mexico,Public Sector,Mid-Market,Working Capital,368093.15,360731.29,0.032,72,715.0,90.99,425682.21,0.847,1.84,Current,0,31.7,Low,0
L101093,C1043,2023-02-20,2027-02-20,North America,Mexico,Manufacturing,SME,Equipment Finance,287082.56,117325.47,0.0637,48,678.0,6.8,292835.11,0.401,1.55,Current,0,27.4,Low,0
L101094,C1101,2023-02-01,2025-02-01,Europe,France,Energy,SME,Leasing,322201.16,71069.94,0.0766,24,693.0,6.59,468059.28,0.152,1.35,Current,0,31.7,Low,0
L101095,C1001,2024-09-03,2029-09-03,Europe,Netherlands,Healthcare,Public Sector,Working Capital,498621.23,407958.78,0.032,60,771.0,545.47,526996.74,0.774,2.36,Current,0,28.5,Low,0
L101096,C1365,2023-02-18,2028-02-18,North America,Canada,Transportation,SME,Trade Finance,152244.62,91437.45,0.0808,60,702.0,2.04,160814.27,0.569,1.26,Grace Period,8,33.3,Low,0
L101097,C1316,2025-02-26,2030-02-26,Asia-Pacific,China,Transportation,Mid-Market,Leasing,1670733.27,1482084.76,0.072,60,679.0,35.37,1511726.46,0.98,1.28,Grace Period,21,65.7,Elevated,0
L101098,C1096,2025-11-12,2029-11-12,Middle East & Africa,United Arab Emirates,Construction,Public Sector,Working Capital,673079.73,659170.88,0.0825,48,765.0,233.82,814566.46,0.809,2.05,Current,0,39.4,Moderate,0
L101099,C1013,2023-11-19,2027-11-19,North America,Canada,,Public Sector,Leasing,1090177.85,818889.02,0.0369,48,741.0,146.29,1523006.29,0.538,1.96,Current,0,21.2,Low,0
L101100,C1102,2023-11-06,2027-11-06,North America,Canada,Energy,Mid-Market,Leasing,732477.21,492618.14,0.0532,48,715.0,45.37,1024776.15,0.481,1.37,Current,0,27.2,Low,0
L101101,C1363,2025-08-13,2027-08-13,Europe,United Kingdom,Transportation,Mid-Market,Equipment Finance,1142169.15,995926.19,0.0519,24,705.0,128.87,1539748.09,0.647,1.14,Current,0,38.0,Moderate,0
L101102,C1308,2024-01-22,2028-01-22,Asia-Pacific,India,Technology,Mid-Market,Project Finance,1247809.98,795594.88,0.0529,48,760.0,52.88,1721320.17,0.462,2.18,Current,0,17.1,Low,0
L101103,C1250,2023-09-19,2030-09-19,Middle East & Africa,Saudi Arabia,Healthcare,Enterprise,Trade Finance,2357571.01,1808940.62,0.0384,84,774.0,154.42,3132035.66,0.578,1.55,Current,0,16.2,Low,0
L101104,C1350,2023-04-04,2028-04-04,North America,Mexico,Retail,SME,Leasing,348362.59,198329.25,0.0883,60,643.0,4.23,375942.9,0.528,1.96,Late 60,112,63.1,Elevated,0
L101105,C1067,2025-07-25,2029-07-25,Asia-Pacific,Australia,Manufacturing,SME,Leasing,763780.91,686661.81,0.0882,48,648.0,5.7,984571.66,0.697,1.5,Grace Period,11,40.2,Moderate,0
L101106,C1203,2025-10-26,2028-10-26,North America,United States,Construction,Mid-Market,Equipment Finance,900761.25,847789.17,0.0882,36,680.0,59.44,1266420.41,0.669,1.47,Current,0,37.5,Moderate,0
L101107,C1301,2023-03-14,2028-03-14,Europe,United Kingdom,Construction,SME,Working Capital,175305.74,132377.51,0.1164,60,621.0,7.76,227497.27,0.582,1.27,Late 60,105,77.4,High,0
L101108,C1007,2025-05-10,2028-05-10,Latin America,Brazil,Retail,Mid-Market,Leasing,1762876.75,1539520.39,0.0849,36,652.0,77.83,2159729.86,0.713,1.94,Current,0,40.9,Moderate,0
L101109,C1165,2023-06-15,2026-06-15,North America,Mexico,Technology,SME,Working Capital,130577.61,56849.84,0.0788,36,600.0,5.05,131500.02,0.432,0.92,Grace Period,4,55.1,Elevated,0
L101110,C1135,2023-05-23,2026-05-23,North America,Canada,Healthcare,Enterprise,Equipment Finance,1609060.83,682410.66,0.032,36,688.0,229.09,2829217.05,0.241,1.93,Grace Period,6,22.0,Low,0
L101111,C1067,2024-02-13,2029-02-13,Europe,United Kingdom,Public Sector,Enterprise,Working Capital,2205783.64,1803127.14,0.032,60,820.0,365.14,2979678.21,0.605,1.91,Current,0,12.6,Low,0
L101112,C1085,2024-04-01,2029-04-01,Europe,France,Construction,Mid-Market,Equipment Finance,1809206.26,1400881.3,0.0652,60,657.0,39.42,2174149.38,0.644,1.41,Current,0,41.2,Moderate,0
L101113,C1367,2025-07-03,2027-07-03,Latin America,Brazil,Technology,Enterprise,Working Capital,2352187.55,2030604.81,0.0573,24,817.0,402.23,3205372.6,0.634,1.57,Current,0,18.2,Low,0
L101114,C1194,2025-02-23,2028-02-23,Latin America,Chile,Construction,SME,Working Capital,169731.01,141603.55,0.14,36,665.0,8.44,144435.62,0.98,0.9,Late 60,84,100.0,High,0
L101115,C1031,2023-06-23,2028-06-23,North America,Canada,Energy,Mid-Market,Equipment Finance,418381.56,256197.54,0.0582,60,694.0,74.51,694531.5,0.369,1.6,Current,0,26.3,Low,0
L101116,C1259,2024-10-22,2029-10-22,North America,Mexico,Transportation,SME,Leasing,236697.93,202541.71,0.0873,60,601.0,9.17,245572.33,0.825,1.35,Current,0,65.5,Elevated,0
L101117,C1224,2025-08-04,2030-08-04,Asia-Pacific,Australia,Public Sector,Enterprise,Project Finance,12500000.0,11852597.6,0.032,60,754.0,378.29,15240031.4,0.778,1.6,Current,0,25.2,Low,0
L101118,C1149,2024-12-05,2027-12-05,North America,Mexico,Healthcare,Enterprise,Working Capital,932534.18,718225.24,0.0387,36,819.0,1222.89,1322278.66,0.543,1.89,Late 30,50,34.2,Low,0
L101119,C1150,2023-09-12,2028-09-12,Middle East & Africa,South Africa,Technology,Public Sector,Equipment Finance,1947417.23,1369006.98,0.033,60,816.0,349.06,2128111.65,0.643,2.15,Current,0,18.9,Low,0
L101120,C1204,2023-05-07,2029-05-07,Asia-Pacific,China,Retail,Enterprise,Leasing,2077888.46,1625822.09,0.0472,72,734.0,514.59,3178838.68,0.511,1.42,Current,0,24.6,Low,0
L101121,C1352,2024-05-11,2029-05-11,North America,Canada,Public Sector,Public Sector,Equipment Finance,1497487.51,1172148.16,0.032,60,722.0,334.34,2083080.69,0.563,2.84,Current,0,12.6,Low,0
L101122,C1288,2024-05-16,2027-05-16,Middle East & Africa,Saudi Arabia,Retail,SME,Working Capital,207323.28,145063.88,0.1315,36,624.0,3.62,158238.15,0.917,1.51,Late 60,118,91.3,High,0
L101123,C1152,2024-01-08,2029-01-08,North America,Canada,Healthcare,Public Sector,Working Capital,1596378.14,1165286.74,0.032,60,727.0,62.22,2225939.45,0.524,2.32,Current,0,16.2,Low,0
L101124,C1093,2023-04-04,2027-04-04,Europe,Germany,Retail,Mid-Market,Equipment Finance,1245760.65,850767.09,0.032,48,741.0,39.82,1783833.98,0.477,1.82,Current,0,21.2,Low,0
L101125,C1041,2023-05-12,2025-05-12,Europe,Netherlands,Manufacturing,Mid-Market,Working Capital,302498.2,24199.86,0.0679,24,766.0,92.19,405493.02,0.06,1.59,Current,0,19.8,Low,0
L101126,C1074,2024-08-21,2028-08-21,Europe,United Kingdom,Technology,Mid-Market,Working Capital,205193.71,152559.86,0.032,48,720.0,60.96,273283.18,0.558,2.01,Current,0,17.1,Low,0
L101127,C1052,2025-10-18,2031-10-18,Asia-Pacific,Singapore,Technology,SME,Project Finance,703235.57,686380.02,0.0721,72,669.0,5.05,700107.62,0.98,1.94,Current,0,55.1,Elevated,0
L101128,C1306,2024-10-10,2028-10-10,Asia-Pacific,Australia,Public Sector,SME,Equipment Finance,243444.25,203384.91,0.032,48,749.0,3.25,296668.59,0.686,1.93,Current,0,17.9,Low,0
L101129,C1218,2024-04-09,2030-04-09,Latin America,Chile,Retail,SME,Equipment Finance,948177.93,792513.27,0.108,72,623.0,1.64,1206737.69,0.657,1.03,Current,0,55.2,Elevated,0
L101130,C1014,2025-10-17,2029-10-17,Latin America,Chile,Construction,SME,Leasing,730445.45,698355.73,0.1279,48,652.0,13.31,950417.66,0.735,1.04,Grace Period,3,59.0,Elevated,0
L101131,C1351,2025-01-05,2029-01-05,Europe,United Kingdom,Transportation,Mid-Market,Equipment Finance,3075005.8,2555890.03,0.0456,48,708.0,50.99,3302247.21,0.774,1.7,Late 30,32,55.0,Moderate,0
L101132,C1057,2025-02-24,2027-02-24,North America,Mexico,Technology,Enterprise,Leasing,1508067.51,1027768.91,0.032,24,712.0,367.78,1797202.02,0.572,2.06,Current,0,18.5,Low,0
L101133,C1245,2024-09-25,2029-09-25,Asia-Pacific,China,Technology,Mid-Market,Equipment Finance,1348429.76,1070336.92,0.051,60,689.0,38.25,2199260.07,0.487,1.65,Current,0,22.7,Low,0
L101134,C1004,2025-04-01,2028-04-01,Latin America,Brazil,Technology,Mid-Market,Equipment Finance,1606180.77,1368608.97,0.0574,36,686.0,126.25,1846936.56,0.741,1.37,Current,0,37.6,Moderate,0
L101135,C1223,2024-07-28,2028-07-28,Europe,Germany,Manufacturing,Mid-Market,Working Capital,827550.75,616153.26,0.0437,48,758.0,100.17,997990.91,0.617,2.01,Current,0,19.8,Low,0
L101136,C1211,2024-11-01,2027-11-01,Europe,United Kingdom,Technology,Mid-Market,Equipment Finance,789114.3,609457.81,0.032,36,786.0,31.84,1077335.98,0.566,1.49,Current,0,18.7,Low,0
L101137,C1345,2024-11-13,2028-11-13,Europe,Germany,Public Sector,SME,Working Capital,377058.23,303594.59,0.0345,48,694.0,11.32,309666.48,0.98,1.49,Current,0,47.6,Moderate,0
L101138,C1228,2025-04-19,2029-04-19,North America,Mexico,Construction,Enterprise,Equipment Finance,3469640.28,3079679.22,0.0589,48,704.0,438.71,4000601.24,0.77,1.15,Current,0,49.6,Moderate,0
L101139,C1185,2025-09-10,2027-09-10,Asia-Pacific,Australia,Public Sector,SME,Leasing,263733.86,231813.33,0.0344,24,667.0,3.77,265256.41,0.874,1.46,Current,0,44.8,Moderate,0
L101140,C1201,2023-11-06,2027-11-06,Europe,United Kingdom,Healthcare,Enterprise,Leasing,1066252.28,833954.99,0.032,48,747.0,400.11,1455208.73,0.573,2.24,Current,0,16.2,Low,0
L101141,C1240,2025-02-02,2032-02-02,Asia-Pacific,India,Technology,Enterprise,Project Finance,9327105.71,8727885.29,0.0408,84,724.0,295.34,9005258.06,0.969,2.1,Late 30,37,63.0,Elevated,0
L101142,C1157,2023-02-21,2025-02-21,Middle East & Africa,Saudi Arabia,Manufacturing,Mid-Market,Project Finance,1541650.43,362439.89,0.0705,24,700.0,25.57,2339123.2,0.155,1.44,Late 30,42,44.3,Moderate,0
L101143,C1271,2024-08-02,2028-08-02,Middle East & Africa,Saudi Arabia,Healthcare,Enterprise,Leasing,3406430.94,2444815.59,0.032,48,763.0,776.65,5126659.31,0.477,1.83,Current,0,16.2,Low,0
L101144,C1201,2025-09-14,2029-09-14,Europe,Germany,Technology,SME,Working Capital,205788.71,195277.03,0.0655,48,666.0,4.8,199182.57,0.98,1.54,Late 60,110,83.9,High,0
L101145,C1368,2024-12-12,2028-12-12,Europe,Germany,Energy,Enterprise,Equipment Finance,3852485.97,3275466.94,0.0358,48,721.0,703.77,6495861.12,0.504,1.34,Current,0,27.1,Low,0
L101146,C1073,2023-10-28,2028-10-28,Asia-Pacific,Singapore,Manufacturing,Enterprise,Working Capital,1857858.65,1381475.84,0.0577,60,729.0,573.56,2599832.81,0.531,2.15,Current,0,19.8,Low,0
L101147,C1277,2024-10-27,2027-10-27,Asia-Pacific,Singapore,Construction,Enterprise,Equipment Finance,5473965.33,4128817.36,0.0815,36,702.0,674.44,5761901.78,0.717,1.8,Current,0,35.3,Moderate,0
L101148,C1313,2024-01-23,2028-01-23,Europe,France,Technology,Mid-Market,Leasing,647696.51,400118.16,0.032,48,696.0,16.31,1044570.72,0.383,1.88,Current,0,21.4,Low,0
L101149,C1272,2024-04-21,2029-04-21,Middle East & Africa,South Africa,Healthcare,Enterprise,Equipment Finance,1491468.09,1071674.45,0.032,60,776.0,280.45,1833904.13,0.584,1.46,Current,0,18.5,Low,0
L101150,C1372,2023-09-16,2027-09-16,North America,Canada,Energy,Public Sector,Project Finance,5775571.72,3233432.63,0.0502,48,673.0,327.37,8077549.75,0.4,1.87,Current,0,30.1,Low,0
L101151,C1164,2024-11-10,2031-11-10,Middle East & Africa,South Africa,Technology,Mid-Market,Leasing,454663.1,397565.31,0.0499,84,773.0,26.31,468808.49,0.848,1.39,Late 30,36,57.5,Elevated,0
L101152,C1205,2023-08-05,2030-08-05,North America,United States,Technology,Enterprise,Working Capital,885030.26,737272.31,0.032,84,750.0,604.91,1144425.45,0.644,1.78,Current,0,19.0,Low,0
L101153,C1058,2024-04-28,2027-04-28,North America,United States,Technology,Enterprise,Leasing,1437912.24,1007747.19,0.032,36,768.0,202.66,2202069.14,0.458,1.92,Current,0,17.1,Low,0
L101154,C1142,2025-10-11,2029-10-11,Europe,Germany,Transportation,Mid-Market,Equipment Finance,1142295.1,1095865.04,0.061,48,718.0,58.59,2003306.95,0.547,1.45,Current,0,25.5,Low,0
L101155,C1060,2025-04-13,2028-04-13,North America,Canada,Manufacturing,Public Sector,Equipment Finance,2122249.17,1763813.11,0.032,36,721.0,624.08,3744496.64,0.471,1.62,Current,0,19.8,Low,0
L101156,C1300,2024-03-04,2027-03-04,North America,Mexico,Retail,Mid-Market,Trade Finance,182860.38,128647.37,0.0603,36,657.0,93.76,174977.87,0.735,2.14,Current,0,41.8,Moderate,0
L101157,C1297,2025-11-08,2029-11-08,North America,Canada,Manufacturing,Mid-Market,Project Finance,1435297.15,1392630.65,0.0712,48,665.0,18.41,2000047.4,0.696,1.7,Current,0,35.8,Moderate,0
L101158,C1073,2023-01-18,2028-01-18,Europe,France,Technology,SME,Equipment Finance,643212.47,456429.48,0.0592,60,672.0,9.31,787796.75,0.579,1.75,Grace Period,5,25.7,Low,0
L101159,C1305,2025-11-12,2029-11-12,Asia-Pacific,India,,SME,Working Capital,138204.23,135264.72,0.1059,48,691.0,17.02,137970.01,0.98,1.12,Late 30,46,84.8,High,0
L101160,C1121,2024-01-17,2027-01-17,North America,Canada,Technology,Enterprise,Leasing,2363437.1,1530161.46,0.032,36,723.0,2600.0,2390844.85,0.64,1.41,Current,0,22.3,Low,0
L101161,C1277,2025-06-06,2028-06-06,Asia-Pacific,India,Energy,Mid-Market,Equipment Finance,1774718.36,1514070.66,0.0597,36,719.0,77.87,3056647.0,0.495,1.45,Current,0,24.4,Low,0
L101162,C1357,2025-11-03,2032-11-03,Middle East & Africa,United Arab Emirates,Public Sector,Mid-Market,Leasing,1153047.46,1129986.51,0.0442,84,632.0,24.89,1628952.73,0.694,1.69,Current,0,34.4,Low,0
L101163,C1315,2024-10-25,2030-10-25,North America,United States,Healthcare,SME,Equipment Finance,590480.51,513854.85,0.0523,72,668.0,7.2,624637.28,0.823,1.82,Current,0,41.8,Moderate,0
L101164,C1070,2024-10-13,2026-10-13,North America,Canada,Transportation,Mid-Market,Equipment Finance,194101.44,103808.52,0.0556,24,734.0,156.02,341263.83,0.304,1.76,Current,0,22.5,Low,0
L101165,C1068,2025-03-11,2030-03-11,Middle East & Africa,South Africa,Energy,Enterprise,Working Capital,5214179.77,4569855.0,0.078,60,722.0,427.43,6704700.91,0.682,1.58,Current,0,26.6,Low,0
L101166,C1042,2023-09-09,2027-09-09,Middle East & Africa,South Africa,Manufacturing,Enterprise,Equipment Finance,5017278.65,3367384.49,0.0536,48,704.0,916.46,6281053.27,0.536,1.8,Late 60,89,50.7,Moderate,0
L101167,C1319,2023-07-19,2028-07-19,Europe,Germany,Healthcare,SME,Project Finance,2517855.82,1601099.91,0.0619,60,658.0,3.27,3155251.07,0.507,2.15,Current,0,27.4,Low,0
L101168,C1207,2024-01-16,2029-01-16,Asia-Pacific,Australia,Technology,Mid-Market,Working Capital,338619.1,272707.3,0.0703,60,598.0,73.06,414785.37,0.657,1.7,Late 30,48,60.0,Elevated,0
L101169,C1059,2024-06-11,2030-06-11,North America,Canada,Technology,Mid-Market,Project Finance,644739.44,540723.57,0.0438,72,675.0,12.39,907163.91,0.596,2.05,Grace Period,5,25.2,Low,0
L101170,C1223,2025-03-27,2027-03-27,Europe,United Kingdom,Retail,Mid-Market,Working Capital,535291.62,434999.93,0.0601,24,732.0,32.18,549910.79,0.791,1.65,Current,0,34.9,Low,0
L101171,C1201,2023-10-26,2027-10-26,Asia-Pacific,Australia,Construction,Mid-Market,Project Finance,1528331.16,1030354.72,0.0902,48,660.0,57.78,1962824.13,0.525,0.84,Current,0,53.6,Moderate,0
L101172,C1226,2024-09-06,2031-09-06,North America,United States,Retail,Mid-Market,Leasing,1061995.56,936871.52,0.046,84,674.0,46.3,990210.78,0.946,1.53,Late 30,58,74.1,Elevated,0
L101173,C1241,2023-01-18,2026-01-18,Asia-Pacific,Singapore,Energy,Mid-Market,Leasing,1355923.91,768041.8,0.0697,36,607.0,25.9,1729446.96,0.444,1.24,Late 60,111,78.0,High,0
L101174,C1062,2023-02-28,2026-02-28,Europe,Germany,Construction,Mid-Market,Leasing,691006.55,291750.5,0.0733,36,620.0,42.55,798240.52,0.365,1.53,Late 60,75,70.8,Elevated,0
L101175,C1147,2025-11-14,2030-11-14,Asia-Pacific,China,Technology,Mid-Market,Trade Finance,547886.64,535582.9,0.0336,60,758.0,71.15,610229.78,0.878,1.46,Current,0,40.1,Moderate,0
L101176,C1274,2025-07-01,2030-07-01,Europe,France,Transportation,Mid-Market,Equipment Finance,1312435.01,1226087.67,0.0592,60,713.0,54.98,1604080.14,0.764,1.71,Grace Period,26,35.3,Moderate,0
L101177,C1345,2025-08-04,2030-08-04,Europe,Germany,Retail,Enterprise,Working Capital,1644222.79,1586287.42,0.0615,60,675.0,498.48,1918331.46,0.827,1.86,Default,204,90.9,High,1
L101178,C1092,2023-12-19,2028-12-19,North America,Canada,Transportation,Enterprise,Working Capital,1566351.16,1279158.93,0.0643,60,698.0,755.67,1569394.92,0.815,1.84,Current,0,42.1,Moderate,0
L101179,C1217,2024-07-26,2029-07-26,North America,United States,Retail,SME,Leasing,446829.54,373428.46,0.0889,60,659.0,4.45,544842.41,0.685,1.85,Current,0,37.4,Moderate,0
L101180,C1360,2025-01-04,2028-01-04,Asia-Pacific,Australia,Construction,Enterprise,Project Finance,12500000.0,9358633.32,0.0786,36,669.0,1114.85,12742378.04,0.734,0.98,Grace Period,24,57.4,Elevated,0
L101181,C1228,2023-10-16,2028-10-16,North America,United States,Manufacturing,Enterprise,Leasing,4878285.28,3198282.4,0.0415,60,660.0,259.94,7909640.42,0.404,1.39,Current,0,34.8,Low,0
L101182,C1086,2025-03-14,2030-03-14,North America,United States,Construction,SME,Equipment Finance,296114.96,269956.29,0.0988,60,644.0,18.18,351768.18,0.767,2.06,Current,0,49.7,Moderate,0
L101183,C1221,2025-01-08,2031-01-08,North America,Canada,Technology,Mid-Market,Working Capital,154091.62,136064.58,0.0476,72,735.0,115.65,151715.82,0.897,1.94,Current,0,39.3,Moderate,0
L101184,C1006,2024-03-18,2027-03-18,North America,Canada,Retail,SME,Leasing,224680.5,136461.64,0.0785,36,682.0,4.41,234263.93,0.583,1.47,Current,0,30.2,Low,0
L101185,C1185,2024-04-25,2027-04-25,Middle East & Africa,Saudi Arabia,Public Sector,Enterprise,Equipment Finance,2234789.46,1174891.87,0.032,36,787.0,401.18,3458017.43,0.34,1.86,Current,0,12.6,Low,0
L101186,C1215,2023-12-07,2028-12-07,Europe,United Kingdom,Manufacturing,SME,Equipment Finance,302802.41,247320.12,0.0636,60,613.0,6.25,407904.08,0.606,1.49,Current,0,40.6,Moderate,0
L101187,C1021,2025-05-02,2028-05-02,Latin America,Chile,Manufacturing,Mid-Market,Equipment Finance,656701.3,564747.08,0.0698,36,706.0,84.07,873568.67,0.646,0.89,Current,0,41.6,Moderate,0
L101188,C1077,2025-12-11,2027-12-11,North America,Canada,Manufacturing,SME,Project Finance,596737.62,580604.18,0.0857,24,662.0,10.84,928715.39,0.625,1.26,Current,0,38.2,Moderate,0
L101189,C1375,2025-12-09,2031-12-09,Asia-Pacific,Australia,Technology,Mid-Market,Project Finance,981289.73,961663.94,0.0363,72,710.0,25.26,1442113.09,0.667,1.64,Current,0,22.7,Low,0
L101190,C1238,2025-04-21,2029-04-21,Europe,United Kingdom,Manufacturing,Public Sector,Leasing,800882.67,737855.15,0.032,48,740.0,301.66,1033063.59,0.714,1.85,Current,0,27.3,Low,0
L101191,C1174,2024-01-16,2028-01-16,Europe,Germany,Construction,Mid-Market,Equipment Finance,1969673.45,1554186.69,0.0767,48,657.0,15.61,2701294.48,0.575,1.31,Grace Period,11,41.9,Moderate,0
L101192,C1087,2025-05-01,2027-05-01,Middle East & Africa,Saudi Arabia,Technology,Enterprise,Leasing,1482443.8,1190639.77,0.0482,24,630.0,430.03,2401449.33,0.496,2.35,Current,0,33.3,Low,0
L101193,C1047,2023-09-10,2025-09-10,Latin America,Colombia,Public Sector,Public Sector,Project Finance,4153018.18,805773.47,0.032,24,810.0,566.52,6716869.93,0.12,2.04,Late 30,48,30.6,Low,0
L101194,C1162,2025-09-21,2031-09-21,Middle East & Africa,United Arab Emirates,Energy,Enterprise,Working Capital,3318646.58,3190680.71,0.0894,72,741.0,199.31,4010843.75,0.796,1.45,Current,0,38.3,Moderate,0
L101195,C1207,2023-10-14,2027-10-14,North America,Mexico,Technology,SME,Equipment Finance,554805.38,406253.95,0.0697,48,625.0,2.04,882202.11,0.46,1.66,Current,0,34.2,Low,0
L101196,C1068,2024-03-16,2027-03-16,North America,Canada,Manufacturing,Enterprise,Equipment Finance,5500216.14,2944500.59,0.0333,36,754.0,550.42,9319124.46,0.316,1.87,Current,0,19.8,Low,0
L101197,C1304,2023-04-08,2027-04-08,Asia-Pacific,China,Retail,SME,Trade Finance,252952.23,155842.44,0.093,48,643.0,13.0,410600.04,0.38,1.2,Grace Period,21,44.2,Moderate,0
L101198,C1162,2023-03-09,2026-03-09,North America,Canada,Manufacturing,Mid-Market,Project Finance,2728669.87,654033.85,0.0523,36,688.0,70.97,2624178.39,0.249,1.97,Current,0,25.6,Low,0
L101199,C1021,2024-03-04,2027-03-04,Asia-Pacific,Singapore,Manufacturing,Enterprise,Equipment Finance,7691890.17,5578373.48,0.0479,36,707.0,147.37,13599293.54,0.41,1.75,Current,0,22.1,Low,0
L101200,C1051,2024-08-03,2027-08-03,Europe,United Kingdom,Energy,Enterprise,Project Finance,8210995.54,5297851.43,0.043,36,748.0,,11719280.19,0.452,1.32,Current,0,27.6,Low,0
L101201,C1327,2023-01-02,2027-01-02,Europe,France,Public Sector,Mid-Market,Equipment Finance,333914.38,138198.31,0.032,48,692.0,61.62,489037.19,0.283,1.95,Current,0,17.6,Low,0
L101202,C1128,2025-07-18,2028-07-18,Middle East & Africa,United Arab Emirates,Manufacturing,Mid-Market,Equipment Finance,713307.59,624676.3,0.085,36,662.0,27.92,948610.18,0.659,1.41,Default,180,82.0,High,1
L101203,C1141,2023-05-05,2027-05-05,Asia-Pacific,India,Transportation,Enterprise,Working Capital,2857174.14,1448181.04,0.0704,48,765.0,522.45,2663721.79,0.544,1.37,Current,0,27.2,Low,0
L101204,C1075,2025-12-17,2029-12-17,North America,Canada,Construction,Enterprise,Leasing,1808282.89,1772117.23,0.0558,48,707.0,542.02,2718134.27,0.652,1.65,Current,0,29.2,Low,0
L101205,C1306,2023-10-27,2027-10-27,North America,Mexico,Construction,Mid-Market,Leasing,1860204.06,1128162.96,0.0674,48,,42.81,2587220.72,0.436,1.6,Current,0,32.2,Low,0
L101206,C1310,2024-02-20,2027-02-20,Europe,Netherlands,Manufacturing,Enterprise,Trade Finance,2173520.53,1280174.14,0.032,36,,1478.72,2283346.08,0.561,1.88,Current,0,19.8,Low,0
L101207,C1092,2023-06-17,2025-06-17,Europe,United Kingdom,Manufacturing,SME,Project Finance,634572.11,160580.63,0.0722,24,647.0,7.93,861389.3,0.186,1.6,Current,0,32.9,Low,0
L101208,C1277,2025-06-04,2027-06-04,North America,Canada,Technology,SME,Equipment Finance,626828.28,477440.78,0.0585,24,663.0,11.66,705730.02,0.677,1.62,Current,0,31.9,Low,0
L101209,C1171,2025-03-14,2029-03-14,Europe,United Kingdom,Energy,Mid-Market,Working Capital,479417.6,427281.84,0.0553,48,708.0,102.64,504661.87,0.847,0.92,Default,204,100.0,High,1
L101210,C1063,2023-03-25,2028-03-25,Asia-Pacific,India,Construction,Public Sector,Project Finance,4599206.0,3104487.3,0.0777,60,667.0,209.56,6151866.8,0.505,1.94,Current,0,33.8,Low,0
L101211,C1302,2023-04-11,2026-04-11,Middle East & Africa,Saudi Arabia,Healthcare,SME,Leasing,412456.42,117851.93,0.0645,36,691.0,4.88,567854.76,0.208,1.59,Current,0,21.4,Low,0
L101212,C1031,2024-10-24,2029-10-24,Europe,Netherlands,Technology,SME,Trade Finance,90343.69,78567.76,0.0545,60,652.0,4.57,91151.96,0.862,1.36,Late 30,47,71.6,Elevated,0
L101213,C1332,2025-08-20,2030-08-20,Europe,United Kingdom,Manufacturing,SME,Working Capital,152171.94,146286.36,0.0733,60,705.0,8.39,149212.09,0.98,1.5,Current,0,52.6,Moderate,0
L101214,C1009,2023-04-08,2025-04-08,North America,United States,Transportation,Enterprise,Equipment Finance,5610749.68,1520373.71,0.0593,24,743.0,320.72,6811624.74,0.223,1.77,Current,0,22.5,Low,0
L101215,C1122,2023-08-04,2025-08-04,Europe,Germany,Manufacturing,SME,Equipment Finance,339125.11,44532.55,0.0663,24,688.0,16.03,500301.91,0.089,1.82,Late 60,72,53.6,Moderate,0
L101216,C1086,2024-08-01,2027-08-01,Europe,Netherlands,Transportation,Mid-Market,Project Finance,4199418.05,2690035.49,0.0855,36,629.0,36.53,6713870.46,0.401,1.68,Current,0,38.9,Moderate,0
L101217,C1089,2023-04-08,2025-04-08,Europe,Netherlands,Manufacturing,Public Sector,Trade Finance,584872.68,224537.31,0.032,24,744.0,262.71,868151.46,0.259,2.13,Current,0,19.8,Low,0
L101218,C1182,2023-11-10,2027-11-10,Asia-Pacific,India,Retail,SME,Equipment Finance,122501.1,78632.68,0.1039,48,615.0,4.77,193463.89,0.406,1.58,Late 30,51,58.1,Elevated,0
L101219,C1285,2023-01-19,2025-01-19,North America,Canada,Construction,Mid-Market,Equipment Finance,1514559.88,121164.79,0.0737,24,681.0,43.86,1919968.57,0.063,1.35,Current,0,36.5,Moderate,0
L101220,C1151,2024-06-17,2030-06-17,North America,Mexico,Manufacturing,Mid-Market,Project Finance,2962580.06,2430261.77,0.0663,72,616.0,223.03,2914528.6,0.834,1.74,Default,203,100.0,High,1
L101221,C1196,2025-02-14,2029-02-14,North America,United States,Manufacturing,Enterprise,Equipment Finance,3100893.91,2616361.12,0.0478,48,677.0,365.61,5237268.89,0.5,1.54,Current,0,27.8,Low,0
L101222,C1369,2024-03-21,2029-03-21,Middle East & Africa,United Arab Emirates,Healthcare,SME,Equipment Finance,411804.92,290559.4,0.0722,60,728.0,4.55,574731.47,0.506,1.76,Current,0,16.2,Low,0
L101223,C1189,2023-10-22,2028-10-22,Asia-Pacific,China,Manufacturing,Mid-Market,Project Finance,2762434.6,2084273.42,0.0661,60,718.0,38.42,2694432.12,0.774,1.12,Current,0,43.7,Moderate,0
L101224,C1301,2024-04-20,2028-04-20,North America,Canada,Energy,SME,Project Finance,376706.35,290032.93,0.0884,48,651.0,5.64,490180.3,0.592,1.61,Current,0,34.0,Low,0
L101225,C1146,2024-07-26,2030-07-26,Middle East & Africa,Saudi Arabia,Retail,Enterprise,Project Finance,4258806.74,3573016.82,0.0752,72,689.0,450.78,5990257.34,0.596,1.48,Current,0,28.6,Low,0
L101226,C1029,2023-06-11,2030-06-11,Europe,Netherlands,Transportation,Enterprise,Working Capital,2129696.78,1673560.65,0.0698,84,681.0,239.81,1959161.36,0.854,1.8,Current,0,48.2,Moderate,0
L101227,C1097,2023-05-24,2027-05-24,Europe,Netherlands,Manufacturing,SME,Equipment Finance,551527.99,331293.01,0.0742,48,680.0,4.23,566384.33,0.585,1.29,Late 60,107,61.8,Elevated,0
L101228,C1060,2023-07-12,2026-07-12,Latin America,Chile,Technology,Mid-Market,Trade Finance,320353.17,205801.19,0.0573,36,700.0,84.64,437668.17,0.47,1.55,Grace Period,6,20.7,Low,0
L101229,C1344,2025-12-06,2029-12-06,North America,United States,Energy,Enterprise,Equipment Finance,3092456.64,3030607.51,0.0395,48,787.0,907.34,3247301.01,0.933,1.65,Current,0,46.6,Moderate,0
L101230,C1010,2025-03-05,2028-03-05,North America,United States,Retail,SME,Equipment Finance,283344.58,220941.28,0.0757,36,653.0,5.58,380983.7,0.58,1.53,Current,0,33.8,Low,0
L101231,C1312,2023-05-03,2027-05-03,Europe,Germany,Manufacturing,SME,Project Finance,769640.03,549685.93,0.0788,48,674.0,5.7,1168761.05,0.47,1.22,Default,127,81.7,High,1
L101232,C1052,2023-11-27,2027-11-27,North America,United States,Construction,Mid-Market,Working Capital,530372.68,344251.76,0.0872,48,629.0,46.37,757974.54,0.454,1.52,Current,0,41.5,Moderate,0
L101233,C1057,2024-03-05,2028-03-05,Asia-Pacific,China,Construction,SME,Project Finance,440052.55,295456.11,0.1219,48,636.0,4.03,518261.85,0.57,0.69,Late 30,36,79.8,High,0
L101234,C1201,2023-07-24,2028-07-24,North America,United States,Manufacturing,SME,Equipment Finance,673500.78,537122.7,0.0735,60,679.0,3.11,697137.42,0.77,1.29,Current,0,45.9,Moderate,0
L101235,C1030,2025-07-22,2028-07-22,North America,Canada,Manufacturing,Mid-Market,Trade Finance,460774.94,422872.04,0.0457,36,690.0,22.09,585035.49,0.723,1.21,Current,0,42.3,Moderate,0
L101236,C1029,2025-10-13,2029-10-13,North America,United States,,SME,Working Capital,151573.11,146283.49,0.0732,48,665.0,3.56,149209.16,0.98,1.78,Current,0,54.9,Moderate,0
L101237,C1294,2023-09-26,2027-09-26,Europe,United Kingdom,Public Sector,Mid-Market,Working Capital,211781.77,136069.02,0.032,48,734.0,101.59,285816.71,0.476,2.01,Current,0,12.6,Low,0
L101238,C1022,2023-01-26,2028-01-26,North America,Canada,Technology,Enterprise,Trade Finance,1490467.02,1004452.53,0.032,60,803.0,368.95,2136774.3,0.47,1.96,Current,0,17.1,Low,0
L101239,C1226,2023-10-26,2028-10-26,North America,Mexico,Transportation,Mid-Market,Leasing,980540.58,683769.32,0.0652,60,696.0,46.8,1179828.05,0.58,1.91,Late 30,44,44.8,Moderate,0
L101240,C1044,2024-09-14,2026-09-14,Middle East & Africa,Saudi Arabia,Construction,SME,Working Capital,216249.56,144874.67,0.1152,24,693.0,4.38,270640.9,0.535,0.93,Current,0,45.3,Moderate,0
L101241,C1032,2025-06-09,2030-06-09,Europe,Germany,Public Sector,Enterprise,Working Capital,2701097.81,2571673.82,0.032,60,778.0,1038.47,2623107.3,0.98,2.15,Current,0,41.4,Moderate,0
L101242,C1254,2024-01-02,2027-01-02,Europe,Netherlands,Technology,SME,Project Finance,831371.18,609306.48,0.0593,36,722.0,3.09,1073568.47,0.568,1.64,Current,0,17.1,Low,0
L101243,C1149,2023-10-24,2028-10-24,North America,United States,Technology,Enterprise,Project Finance,12500000.0,9433727.87,0.032,60,722.0,569.96,19901112.0,0.474,1.81,Current,0,17.1,Low,0
L101244,C1007,2023-09-25,2028-09-25,Europe,Netherlands,Construction,Mid-Market,Working Capital,345456.55,256483.33,0.078,60,674.0,55.59,286769.68,0.894,1.74,Current,0,54.5,Moderate,0
L101245,C1258,2023-01-16,2027-01-16,North America,Mexico,Energy,Enterprise,Equipment Finance,1355959.96,543997.17,0.0363,48,720.0,500.65,1701449.75,0.32,2.19,Current,0,21.6,Low,0
L101246,C1368,2023-01-02,2028-01-02,Europe,Netherlands,Public Sector,SME,Equipment Finance,177505.26,132900.9,0.0372,60,711.0,6.4,298953.48,0.445,1.71,Current,0,14.2,Low,0
L101247,C1213,2024-04-24,2030-04-24,North America,Canada,Manufacturing,SME,Trade Finance,141093.11,115470.65,0.0621,72,702.0,5.7,,0.657,1.7,Current,0,26.0,Low,0
L101248,C1144,2024-11-09,2029-11-09,Middle East & Africa,Saudi Arabia,Manufacturing,Mid-Market,Trade Finance,358013.05,304325.76,0.0613,60,709.0,94.83,407568.01,0.747,1.54,Current,0,32.2,Low,0
L101249,C1320,2023-01-16,2027-01-16,Latin America,Chile,Public Sector,SME,Trade Finance,224048.24,107482.3,0.0549,48,723.0,5.4,207910.94,0.517,1.66,Current,0,12.6,Low,0
L101250,C1127,2023-08-19,2028-08-19,North America,Canada,Healthcare,SME,Equipment Finance,675100.01,457045.1,0.0423,60,662.0,16.22,900728.41,0.507,1.7,Current,0,26.6,Low,0
L101251,C1232,2025-09-05,2029-09-05,North America,Mexico,,Enterprise,Leasing,6354070.44,6140457.93,0.032,48,770.0,493.42,8104304.44,0.758,1.62,Current,0,30.8,Low,0
L101252,C1180,2025-12-02,2030-12-02,North America,Canada,Manufacturing,Enterprise,Working Capital,2555984.22,2504864.54,0.052,60,775.0,166.94,2554961.83,0.98,0.66,Current,0,71.7,Elevated,0
L101253,C1275,2024-12-03,2030-12-03,Europe,Germany,Technology,SME,Working Capital,621677.76,561580.19,0.0629,72,707.0,8.17,572811.79,0.98,1.96,Current,0,48.2,Moderate,0
L101254,C1196,2024-07-27,2027-07-27,North America,Canada,Public Sector,Enterprise,Equipment Finance,2820965.1,1798922.44,0.032,36,759.0,612.09,3658361.9,0.492,1.84,Current,0,12.6,Low,0
L101255,C1183,2024-09-27,2027-09-27,Middle East & Africa,South Africa,Manufacturing,Enterprise,Working Capital,740135.05,582531.2,0.0681,36,763.0,489.78,859913.77,0.677,1.39,Current,0,28.5,Low,0
L101256,C1159,2024-02-12,2027-02-12,Asia-Pacific,India,Manufacturing,Enterprise,Equipment Finance,6389261.63,3528550.2,0.045,36,702.0,408.65,10788011.35,0.327,1.57,Current,0,23.0,Low,0
L101257,C1112,2023-08-12,2026-08-12,Asia-Pacific,China,Technology,Enterprise,Leasing,895573.14,417473.08,0.032,36,753.0,129.38,1242389.99,0.336,1.54,Current,0,17.4,Low,0
L101258,C1184,2024-02-12,2028-02-12,Europe,Netherlands,Retail,Mid-Market,Equipment Finance,625505.57,423504.67,0.047,48,703.0,17.35,941149.33,0.45,1.66,Late 30,54,42.3,Moderate,0
L101259,C1023,2025-02-10,2028-02-10,Latin America,Brazil,Energy,Mid-Market,Equipment Finance,1310451.59,1120695.35,0.0885,36,645.0,161.08,2139516.84,0.524,1.32,Default,221,86.1,High,1
L101260,C1129,2024-12-16,2029-12-16,North America,Mexico,Retail,Mid-Market,Equipment Finance,913314.9,778544.78,0.0511,60,710.0,40.34,1044701.72,0.745,1.37,Current,0,37.7,Moderate,0
L101261,C1029,2025-01-10,2028-01-10,Europe,Netherlands,Retail,Public Sector,Trade Finance,1305938.37,997070.48,0.032,36,689.0,418.54,1470255.74,0.678,2.02,Current,0,31.5,Low,0
L101262,C1122,2024-10-18,2027-10-18,Europe,France,Energy,SME,Working Capital,90524.97,67684.3,0.0979,36,648.0,2.04,69037.99,0.98,1.34,Current,0,68.8,Elevated,0
L101263,C1133,2023-03-11,2028-03-11,Latin America,Colombia,Public Sector,SME,Trade Finance,210876.51,145995.35,0.0614,60,692.0,2.87,245086.66,0.596,1.82,Late 60,107,45.6,Moderate,0
L101264,C1010,2024-11-18,2028-11-18,Europe,France,Construction,SME,Leasing,438238.45,378169.27,0.092,48,622.0,8.38,722706.84,0.523,0.94,Late 30,35,75.8,High,0
L101265,C1112,2025-08-27,2029-08-27,Asia-Pacific,China,Technology,Public Sector,Leasing,1702940.87,1610381.88,0.032,48,760.0,215.84,1953246.44,0.824,1.83,Current,0,33.4,Low,0
L101266,C1255,2024-12-06,2030-12-06,North America,United States,Technology,Mid-Market,Leasing,449101.49,390652.78,0.032,72,716.0,80.95,693785.34,0.563,1.95,Current,0,17.8,Low,0
L101267,C1368,2024-09-02,2031-09-02,Latin America,Brazil,Public Sector,Mid-Market,Working Capital,258540.58,230374.51,0.0618,84,691.0,57.51,234982.0,0.98,1.48,Current,0,48.4,Moderate,0
L101268,C1234,2023-09-15,2028-09-15,Europe,United Kingdom,Public Sector,Enterprise,Leasing,1626659.46,1098973.63,0.032,60,776.0,422.01,2024840.11,0.543,1.82,Current,0,12.6,Low,0
L101269,C1270,2025-05-04,2027-05-04,Europe,Germany,Construction,Public Sector,Working Capital,1549874.46,1182637.72,0.0603,24,697.0,150.88,1462457.12,0.809,1.6,Current,0,43.6,Moderate,0
L101270,C1254,2024-05-07,2027-05-07,Latin America,Chile,Retail,SME,Project Finance,737153.35,457382.57,0.1075,36,747.0,2.62,774886.13,0.59,1.16,Current,0,31.4,Low,0
L101271,C1358,2023-10-23,2030-10-23,Europe,United Kingdom,Technology,Enterprise,Project Finance,4033630.96,3148252.53,0.032,84,741.0,1145.34,4757182.44,0.662,1.84,Current,0,20.5,Low,0
L101272,C1357,2024-06-12,2029-06-12,Europe,Netherlands,Public Sector,Enterprise,Equipment Finance,962265.35,762206.38,0.032,60,709.0,1268.41,1451537.43,0.525,2.01,Current,0,14.6,Low,0
L101273,C1043,2023-05-16,2028-05-16,Europe,United Kingdom,Public Sector,SME,Leasing,312388.1,209468.76,0.036,60,653.0,2.89,396024.1,0.529,1.55,Current,0,24.7,Low,0
L101274,C1179,2025-10-22,2030-10-22,North America,Canada,Energy,Enterprise,Equipment Finance,2060822.43,2011045.02,0.0467,60,772.0,242.08,3407055.76,0.59,1.84,Current,0,21.6,Low,0
L101275,C1344,2025-02-04,2028-02-04,Europe,United Kingdom,Manufacturing,SME,Equipment Finance,486860.3,374696.46,0.0739,36,656.0,4.43,827034.44,0.453,1.86,Current,0,31.3,Low,0
L101276,C1335,2023-12-14,2027-12-14,North America,Canada,Healthcare,Mid-Market,Working Capital,343807.32,199660.56,0.0475,48,663.0,71.63,358047.69,0.558,1.2,Current,0,35.6,Moderate,0
L101277,C1203,2025-05-01,2031-05-01,North America,United States,Public Sector,Mid-Market,Leasing,409852.63,382714.77,0.032,72,754.0,51.82,670639.7,0.571,1.53,Current,0,13.1,Low,0
L101278,C1168,2023-02-14,2029-02-14,Middle East & Africa,South Africa,Energy,SME,Working Capital,196237.12,120689.62,0.1272,72,648.0,7.5,144041.1,0.838,1.41,Late 30,38,73.6,Elevated,0
L101279,C1022,2024-02-07,2027-02-07,Europe,Germany,Construction,SME,Equipment Finance,1281500.0,610826.01,0.0997,36,675.0,5.33,1572726.53,0.388,1.73,Late 60,73,60.4,Elevated,0
L101280,C1181,2024-12-26,2029-12-26,Europe,Netherlands,Manufacturing,SME,Trade Finance,327659.67,284765.58,0.0769,60,708.0,5.12,397298.31,0.717,0.93,Current,0,45.8,Moderate,0
L101281,C1192,2023-01-08,2026-01-08,Europe,France,Healthcare,SME,Trade Finance,229647.44,67922.99,0.052,36,693.0,24.55,307044.63,0.221,1.88,Current,0,21.1,Low,0
L101282,C1240,2025-02-06,2032-02-06,Europe,Netherlands,Transportation,Mid-Market,Leasing,895080.63,816502.02,0.051,84,781.0,41.88,1172060.92,0.697,1.99,Current,0,28.7,Low,0
L101283,C1198,2025-06-01,2028-06-01,Asia-Pacific,India,Manufacturing,SME,Project Finance,218734.67,197483.63,0.1004,36,606.0,15.2,290038.36,0.681,1.16,Grace Period,19,55.3,Elevated,0
L101284,C1082,2024-10-04,2029-10-04,Latin America,Chile,Retail,SME,Equipment Finance,170266.28,152397.79,0.116,60,629.0,13.49,288122.56,0.529,1.61,Current,0,37.6,Moderate,0
L101285,C1367,2023-08-07,2026-08-07,Latin America,Chile,Manufacturing,Enterprise,Working Capital,444680.02,233186.9,0.0865,36,726.0,656.11,394953.18,0.59,1.36,Current,0,24.7,Low,0
L101286,C1082,2025-03-07,2030-03-07,Europe,France,Retail,Enterprise,Project Finance,12500000.0,10977862.29,0.0392,60,810.0,145.41,18908003.86,0.581,1.76,Grace Period,6,21.2,Low,0
L101287,C1145,2024-01-21,2029-01-21,Europe,United Kingdom,Energy,Mid-Market,Project Finance,4348262.07,3415026.66,0.0603,60,764.0,59.13,5733185.35,0.596,1.39,Current,0,25.8,Low,0
L101288,C1193,2025-03-25,2029-03-25,Europe,United Kingdom,Retail,Public Sector,Project Finance,5214680.1,4422196.19,0.032,48,785.0,167.16,6611525.31,0.669,2.25,Current,0,25.2,Low,0
L101289,C1111,2024-11-24,2030-11-24,Europe,Netherlands,Transportation,Mid-Market,Leasing,786149.26,682964.62,0.0664,72,660.0,58.73,884072.07,0.773,1.77,Current,0,45.5,Moderate,0
L101290,C1026,2023-04-27,2029-04-27,Europe,Netherlands,Manufacturing,Enterprise,Project Finance,2609187.5,1781487.88,0.0385,72,710.0,248.33,2943298.14,0.605,2.21,Current,0,21.6,Low,0
L101291,C1232,2023-04-26,2029-04-26,Asia-Pacific,India,Manufacturing,SME,Working Capital,158109.85,120426.19,0.0993,72,641.0,8.79,153581.57,0.784,1.7,Current,0,47.1,Moderate,0
L101292,C1089,2023-01-13,2027-01-13,Europe,Netherlands,Manufacturing,Enterprise,Equipment Finance,9809612.0,5414268.93,0.032,48,706.0,884.02,15623110.47,0.347,1.74,Current,0,22.3,Low,0
L101293,C1334,2023-03-11,2028-03-11,Europe,France,Transportation,Public Sector,Equipment Finance,2422205.86,1768423.02,0.0398,60,791.0,475.09,3336708.87,0.53,2.76,Current,0,22.5,Low,0
L101294,C1301,2023-11-19,2028-11-19,Europe,France,Public Sector,Enterprise,Project Finance,4624952.59,3615737.11,0.032,60,745.0,378.73,4696062.46,0.77,2.43,Current,0,24.6,Low,0
L101295,C1162,2023-01-09,2028-01-09,Europe,Germany,Healthcare,Mid-Market,Working Capital,192278.34,141777.93,0.0356,60,711.0,,240328.19,0.59,1.89,Current,0,17.8,Low,0
L101296,C1176,2025-10-17,2029-10-17,North America,Mexico,Technology,Mid-Market,Leasing,1618665.36,1572812.13,0.0407,48,742.0,72.13,2262141.48,0.695,1.48,Current,0,24.9,Low,0
L101297,C1360,2025-09-28,2030-09-28,North America,Mexico,Transportation,SME,Trade Finance,203749.13,197114.85,0.0923,60,595.0,16.34,,0.6,0.94,Late 30,36,78.9,High,0
L101298,C1010,2023-07-06,2026-07-06,Asia-Pacific,China,Technology,Mid-Market,Working Capital,192427.48,89206.43,0.0553,36,715.0,60.55,207256.05,0.43,1.2,Current,0,27.1,Low,0
L101299,C1143,2023-12-22,2027-12-22,Europe,Netherlands,Construction,Enterprise,Leasing,1521990.87,1058014.59,0.0626,48,672.0,635.37,2116810.18,0.5,1.29,Late 30,58,57.7,Elevated,0
L101300,C1023,2025-03-27,2028-03-27,North America,United States,Technology,Public Sector,Leasing,802360.91,688221.82,0.032,36,746.0,198.83,1010571.72,0.681,2.5,Current,0,22.0,Low,0
L101301,C1052,2024-12-16,2028-12-16,Europe,Netherlands,Construction,Mid-Market,Working Capital,493841.07,391969.13,0.0987,48,660.0,42.45,587959.85,0.667,1.52,Current,0,39.6,Moderate,0
L101302,C1349,2024-09-10,2027-09-10,Asia-Pacific,China,Retail,SME,Project Finance,681136.85,493275.66,0.1004,36,636.0,8.27,835814.72,0.59,1.16,Late 60,105,74.5,Elevated,0
L101303,C1038,2025-12-08,2028-12-08,North America,Canada,Healthcare,Mid-Market,Leasing,542893.96,531015.05,0.032,36,724.0,54.31,544735.65,0.975,1.76,Current,0,44.6,Moderate,0
L101304,C1363,2024-11-05,2029-11-05,Middle East & Africa,United Arab Emirates,Manufacturing,SME,Leasing,384262.51,324486.67,0.1033,60,680.0,7.06,630195.29,0.515,1.23,Grace Period,19,35.3,Moderate,0
L101305,C1297,2025-01-09,2029-01-09,Latin America,Colombia,Manufacturing,SME,Working Capital,187952.5,168845.68,0.11,48,664.0,7.53,229353.32,0.736,1.38,Current,0,43.6,Moderate,0
L101306,C1243,2024-07-21,2026-07-21,Europe,United Kingdom,Technology,SME,Working Capital,332495.12,137072.83,0.0518,24,695.0,6.82,377870.52,0.363,1.31,Current,0,27.8,Low,0
L101307,C1281,2024-07-15,2029-07-15,Asia-Pacific,Australia,Healthcare,Enterprise,Project Finance,5216300.87,4026773.64,0.032,60,714.0,678.35,6578097.39,0.612,1.89,Current,0,17.3,Low,0
L101308,C1070,2023-11-07,2029-11-07,North America,Canada,Retail,SME,Equipment Finance,1909525.08,1449723.06,0.07,72,686.0,3.24,2966584.22,0.489,1.49,Current,0,28.9,Low,0
L101309,C1044,2024-07-16,2030-07-16,Latin America,Brazil,Transportation,SME,Working Capital,129422.28,109212.83,0.1176,72,650.0,3.12,111397.09,0.98,0.82,Late 60,90,100.0,High,0
L101310,C1139,2025-10-23,2031-10-23,Europe,United Kingdom,Technology,SME,Leasing,144996.2,141430.33,0.0508,72,663.0,5.36,165960.48,0.852,2.05,Current,0,45.9,Moderate,0
L101311,C1290,2024-02-01,2031-02-01,Latin America,Brazil,Public Sector,Enterprise,Equipment Finance,1912710.05,1597162.78,0.032,84,724.0,474.51,2129849.53,0.75,1.73,Current,0,23.0,Low,0
L101312,C1116,2023-05-01,2028-05-01,Europe,United Kingdom,Energy,Enterprise,Working Capital,1688081.72,1037091.98,0.0609,60,719.0,347.22,1307451.07,0.793,1.32,Current,0,41.6,Moderate,0
L101313,C1066,2024-10-27,2031-10-27,North America,United States,Public Sector,SME,Working Capital,66231.29,58951.53,0.0398,84,761.0,6.39,60130.56,0.98,1.94,Current,0,41.4,Moderate,0
L101314,C1298,2025-05-21,2032-05-21,North America,United States,Manufacturing,SME,Leasing,290465.66,277355.14,0.0747,84,670.0,9.66,426089.9,0.651,1.49,Current,0,32.8,Low,0
L101315,C1240,2025-11-17,2029-11-17,Asia-Pacific,Singapore,Transportation,Mid-Market,Project Finance,593817.15,581940.81,0.0804,48,647.0,121.11,635670.25,0.915,1.54,Late 30,40,77.5,High,0
L101316,C1204,2024-08-26,2030-08-26,Europe,United Kingdom,Retail,SME,Equipment Finance,358557.89,320207.29,0.0778,72,695.0,13.2,589471.25,0.543,1.12,Grace Period,11,36.9,Moderate,0
L101317,C1156,2025-05-17,2031-05-17,North America,United States,Construction,Mid-Market,Equipment Finance,442630.78,417764.51,0.0852,72,664.0,25.67,751731.31,0.556,1.65,Current,0,34.4,Low,0
L101318,C1296,2023-10-15,2028-10-15,Asia-Pacific,India,Public Sector,Mid-Market,Leasing,582675.1,437296.64,0.032,60,733.0,28.2,598072.02,0.731,2.46,Current,0,21.5,Low,0
L101319,C1279,2024-04-06,2030-04-06,Middle East & Africa,South Africa,Healthcare,Public Sector,Leasing,2390275.71,1850102.97,0.032,72,736.0,192.19,3422033.52,0.541,1.66,Current,0,16.2,Low,0
L101320,C1136,2024-04-23,2028-04-23,Europe,Germany,Public Sector,SME,Working Capital,683226.11,533645.86,0.032,48,739.0,5.78,700463.42,0.762,1.84,Current,0,24.0,Low,0
L101321,C1049,2023-12-22,2027-12-22,Europe,Germany,Technology,Mid-Market,Project Finance,959495.21,692519.97,0.0432,48,691.0,50.03,1524849.81,0.454,1.57,Current,0,22.3,Low,0
L101322,C1330,2025-02-09,2030-02-09,North America,Mexico,Transportation,SME,Working Capital,164564.05,149670.11,0.1044,60,711.0,3.9,171691.8,0.872,2.0,Current,0,44.3,Moderate,0
L101323,C1051,2025-08-21,2030-08-21,Asia-Pacific,Singapore,Manufacturing,Public Sector,Equipment Finance,1475028.53,1397686.45,0.0389,60,708.0,190.44,1923666.44,0.727,2.27,Current,0,30.5,Low,0
L101324,C1163,2023-12-21,2029-12-21,Europe,Germany,Energy,Public Sector,Leasing,1016383.26,783752.75,0.032,72,729.0,310.36,1139288.23,0.688,2.04,Current,0,27.0,Low,0
L101325,C1340,2023-05-03,2029-05-03,Middle East & Africa,South Africa,Technology,Enterprise,Equipment Finance,2291234.83,1656314.76,0.04,72,798.0,210.49,3889866.21,0.426,1.32,Current,0,23.1,Low,0
L101326,C1158,2025-06-05,2030-06-05,Europe,France,Manufacturing,Mid-Market,Working Capital,859700.04,779483.46,0.0523,60,710.0,247.97,795073.13,0.98,1.32,Current,0,56.4,Elevated,0
L101327,C1315,2025-07-17,2032-07-17,Europe,United Kingdom,Construction,SME,Equipment Finance,245979.6,231606.33,0.0828,84,736.0,5.57,403599.91,0.574,1.51,Current,0,25.3,Low,0
L101328,C1185,2025-10-18,2028-10-18,North America,Canada,Public Sector,Enterprise,Leasing,9589749.08,8989026.17,0.032,36,744.0,920.86,,0.896,1.66,Current,0,34.7,Low,0
L101329,C1283,2023-10-19,2030-10-19,North America,Canada,Retail,Enterprise,Project Finance,8168040.5,6229875.51,0.0508,84,734.0,335.02,11292705.12,0.552,1.29,Current,0,28.0,Low,0
L101330,C1224,2025-02-11,2027-02-11,Asia-Pacific,China,Manufacturing,SME,Working Capital,99950.77,74583.42,0.092,24,744.0,7.85,101779.79,0.733,1.31,Current,0,35.1,Moderate,0
L101331,C1106,2025-02-24,2030-02-24,Europe,United Kingdom,Retail,Mid-Market,Equipment Finance,783501.5,691066.61,0.0614,60,634.0,61.71,860642.32,0.803,1.64,Current,0,51.4,Moderate,0
L101332,C1339,2025-05-13,2028-05-13,Europe,France,Manufacturing,Mid-Market,Equipment Finance,608739.69,534660.34,0.0451,36,642.0,98.66,678409.8,0.788,1.77,Late 30,39,65.3,Elevated,0
L101333,C1177,2025-06-06,2030-06-06,Latin America,Brazil,Technology,Enterprise,Working Capital,3034292.4,2776073.8,0.0582,60,715.0,424.38,2831595.28,0.98,1.41,Current,0,50.4,Moderate,0
L101334,C1173,2025-11-04,2029-11-04,Latin America,Colombia,Public Sector,Enterprise,Leasing,1005616.87,985504.53,0.032,48,785.0,1256.09,1483273.58,0.664,2.06,Current,0,16.1,Low,0
L101335,C1250,2024-06-25,2027-06-25,Middle East & Africa,South Africa,Manufacturing,Mid-Market,Equipment Finance,445283.07,329892.41,0.0751,36,,23.0,697627.21,0.473,1.22,Current,0,42.2,Moderate,0
L101336,C1353,2023-03-20,2028-03-20,North America,Canada,Manufacturing,Mid-Market,Project Finance,1272260.95,972165.31,0.0627,60,727.0,104.49,1340759.72,0.725,1.8,Current,0,28.2,Low,0
L101337,C1331,2023-07-13,2028-07-13,Europe,United Kingdom,Manufacturing,SME,Leasing,363852.32,244553.39,0.0765,60,692.0,5.92,457417.54,0.535,1.56,Current,0,24.8,Low,0
L101338,C1149,2025-08-06,2028-08-06,Middle East & Africa,Saudi Arabia,Technology,Mid-Market,Leasing,1486165.92,1343909.69,0.056,36,790.0,30.85,1445653.37,0.93,1.74,Current,0,41.9,Moderate,0
L101339,C1087,2025-07-03,2030-07-03,Europe,Netherlands,Public Sector,SME,Equipment Finance,727079.24,697893.4,0.032,60,730.0,18.45,1132033.09,0.616,2.14,Current,0,12.6,Low,0
L101340,C1123,2023-01-05,2026-01-05,North America,Mexico,Manufacturing,Enterprise,Leasing,3537351.35,1363542.75,0.032,36,750.0,1510.17,5288257.23,0.258,1.59,Current,0,19.8,Low,0
L101341,C1099,2024-02-03,2027-02-03,Asia-Pacific,Australia,Manufacturing,Mid-Market,Equipment Finance,923698.81,594230.63,0.0553,36,756.0,16.03,1561174.76,0.381,1.37,Current,0,24.5,Low,0
L101342,C1112,2023-09-15,2026-09-15,Europe,Germany,Transportation,Mid-Market,Equipment Finance,1536626.88,660817.94,0.053,36,710.0,64.72,2588155.21,0.255,1.09,Late 60,93,64.3,Elevated,0
L101343,C1163,2023-12-06,2028-12-06,Europe,Germany,Energy,SME,Leasing,126068.9,104199.41,0.0896,60,647.0,8.52,145410.29,0.717,0.88,Current,0,59.9,Elevated,0
L101344,C1008,2024-11-04,2029-11-04,Latin America,Chile,Construction,SME,Leasing,83993.36,75754.22,0.1216,60,607.0,7.23,91628.39,0.827,1.0,Grace Period,25,75.5,High,0
L101345,C1202,2024-07-08,2029-07-08,Europe,United Kingdom,Retail,Mid-Market,Project Finance,2309756.57,1852086.74,0.0645,60,670.0,148.42,3631958.31,0.51,1.57,Late 30,54,48.2,Moderate,0
L101346,C1322,2024-06-20,2030-06-20,Europe,Germany,Construction,SME,Trade Finance,118420.83,98155.61,0.0894,72,648.0,12.37,119546.45,0.821,1.01,Current,0,67.4,Elevated,0
L101347,C1163,2024-04-14,2029-04-14,Europe,Germany,Retail,SME,Equipment Finance,314329.91,231921.96,0.0755,60,667.0,6.48,334606.72,0.693,1.2,Current,0,45.7,Moderate,0
L101348,C1030,2024-12-05,2030-12-05,Europe,Germany,Technology,Enterprise,Equipment Finance,3717900.4,3282401.18,0.032,72,664.0,1969.61,4668501.48,0.703,2.28,Current,0,33.8,Low,0
L101349,C1148,2025-01-21,2032-01-21,North America,Canada,Public Sector,Mid-Market,Project Finance,2070523.95,1834266.59,0.032,84,714.0,103.68,,0.603,2.19,Current,0,13.7,Low,0
L101350,C1127,2023-02-14,2027-02-14,Asia-Pacific,Australia,Manufacturing,Mid-Market,Trade Finance,1085285.28,664252.15,0.057,48,705.0,46.65,1541810.36,0.431,1.21,Current,0,31.3,Low,0
L101351,C1225,2023-05-06,2026-05-06,Middle East & Africa,Saudi Arabia,Manufacturing,Mid-Market,Project Finance,2905181.75,1440642.21,0.0787,36,725.0,41.18,4765344.81,0.302,1.34,Current,0,25.3,Low,0
L101352,C1095,2024-01-20,2027-01-20,North America,Mexico,Transportation,Enterprise,Equipment Finance,3884038.53,1785043.62,0.045,36,784.0,1037.59,5009050.98,0.356,1.7,Current,0,22.5,Low,0
L101353,C1114,2024-04-28,2029-04-28,Europe,Germany,Manufacturing,SME,Equipment Finance,252636.61,213274.29,0.0677,60,679.0,3.36,309956.19,0.688,1.33,Late 30,57,56.3,Elevated,0
L101354,C1282,2025-12-16,2029-12-16,Middle East & Africa,United Arab Emirates,Retail,Enterprise,Equipment Finance,3692402.92,3618554.86,0.0751,48,689.0,372.32,4813622.14,0.752,1.25,Current,0,45.2,Moderate,0
L101355,C1066,2025-09-05,2028-09-05,North America,Mexico,Construction,Public Sector,Project Finance,2938328.72,2806150.01,0.0667,36,657.0,198.25,4368390.38,0.642,1.72,Current,0,37.4,Moderate,0
L101356,C1354,2024-12-09,2030-12-09,Europe,France,Retail,Mid-Market,Working Capital,475656.62,423754.8,0.0587,72,718.0,72.31,432229.9,0.98,1.81,Current,0,50.4,Moderate,0
L101357,C1113,2023-02-17,2030-02-17,Europe,Germany,Healthcare,Mid-Market,Leasing,3318673.71,2676470.27,0.032,84,682.0,51.44,5345756.08,0.501,2.14,Current,0,23.0,Low,0
L101358,C1310,2023-04-28,2026-04-28,Asia-Pacific,India,Technology,Enterprise,Leasing,2891465.26,1164600.02,0.0351,36,778.0,212.14,3713832.68,0.314,1.55,Current,0,17.1,Low,0
L101359,C1031,2024-05-27,2027-05-27,North America,Mexico,Construction,Mid-Market,Equipment Finance,1258409.74,744397.33,0.0624,36,735.0,119.22,2022715.9,0.368,1.56,Late 30,30,42.3,Moderate,0
L101360,C1121,2024-10-27,2027-10-27,Asia-Pacific,Singapore,Energy,Mid-Market,Working Capital,354052.85,292996.77,0.0812,36,637.0,45.14,460426.74,0.636,1.39,Current,0,42.0,Moderate,0
L101361,C1143,2024-12-24,2028-12-24,Europe,Netherlands,Technology,Mid-Market,Equipment Finance,1751284.09,1528936.72,0.032,48,734.0,202.92,2415215.74,0.633,1.51,Current,0,19.2,Low,0
L101362,C1173,2023-06-17,2029-06-17,Europe,France,Transportation,SME,Working Capital,279064.24,213713.65,0.0875,72,707.0,6.64,344931.36,0.62,1.22,Current,0,33.4,Low,0
L101363,C1034,2025-08-19,2030-08-19,North America,Mexico,Retail,SME,Working Capital,280212.57,268363.42,0.0793,60,699.0,12.07,273730.69,0.98,0.99,Current,0,68.4,Elevated,0
L101364,C1093,2024-06-21,2026-06-21,Europe,Netherlands,Construction,Mid-Market,Working Capital,603811.41,335666.44,0.0999,24,602.0,85.76,777827.45,0.432,1.7,Default,203,90.5,High,1
L101365,C1333,2024-10-21,2028-10-21,Europe,France,Manufacturing,SME,Equipment Finance,594756.01,446107.03,0.064,48,640.0,12.43,974167.08,0.458,1.92,Current,0,34.2,Low,0
L101366,C1351,2023-02-18,2026-02-18,North America,United States,Technology,Mid-Market,Project Finance,3748927.35,2136083.6,0.0427,36,664.0,82.6,4966032.98,0.43,1.64,Current,0,27.2,Low,0
L101367,C1167,2025-06-04,2029-06-04,North America,Mexico,Transportation,Mid-Market,Working Capital,628177.24,575247.43,0.0701,48,710.0,67.1,586752.38,0.98,1.26,Grace Period,25,60.6,Elevated,0
L101368,C1045,2024-08-25,2028-08-25,North America,Canada,Manufacturing,Public Sector,Equipment Finance,2100094.18,1659790.52,0.032,48,764.0,453.0,3670266.1,0.452,2.3,Current,0,19.8,Low,0
L101369,C1104,2023-09-01,2028-09-01,Europe,France,Technology,SME,Equipment Finance,548491.71,415968.59,0.0571,60,578.0,25.69,949019.5,0.438,1.95,Late 60,110,70.7,Elevated,0
L101370,C1361,2023-12-12,2027-12-12,North America,Mexico,Energy,Mid-Market,Working Capital,315523.23,230566.5,0.0758,48,685.0,49.07,361231.63,0.638,1.17,Current,0,39.2,Moderate,0
L101371,C1349,2024-01-13,2030-01-13,Latin America,Brazil,Manufacturing,Mid-Market,Equipment Finance,639089.83,489927.14,0.0728,72,734.0,94.94,1123462.88,0.436,1.37,Current,0,24.5,Low,0
L101372,C1309,2023-01-28,2025-01-28,Europe,Netherlands,Technology,SME,Equipment Finance,316526.45,25322.12,0.0562,24,687.0,5.48,442218.22,0.057,1.61,Current,0,23.0,Low,0
L101373,C1327,2025-10-03,2030-10-03,Asia-Pacific,India,Manufacturing,SME,Equipment Finance,118906.08,114498.29,0.0767,60,678.0,7.53,154769.73,0.74,1.18,Current,0,46.6,Moderate,0
L101374,C1270,2025-05-14,2027-05-14,Latin America,Brazil,Transportation,SME,Equipment Finance,527593.58,427327.8,0.1299,24,644.0,5.65,720364.28,0.593,1.23,Late 30,56,62.5,Elevated,0
L101375,C1236,2025-08-11,2029-08-11,North America,Canada,Manufacturing,SME,Leasing,140070.92,130516.64,0.064,48,632.0,1.44,133126.97,0.98,1.28,Current,0,71.5,Elevated,0
L101376,C1294,2024-01-03,2030-01-03,Asia-Pacific,China,Construction,SME,Working Capital,136594.84,101293.86,0.111,72,649.0,4.86,149139.9,0.679,0.97,Default,146,100.0,High,1
L101377,C1245,2024-09-07,2029-09-07,Middle East & Africa,United Arab Emirates,Manufacturing,Mid-Market,Equipment Finance,856419.07,683409.18,0.0797,60,706.0,107.79,1301478.08,0.525,1.43,Late 30,51,43.4,Moderate,0
L101378,C1128,2024-05-12,2027-05-12,Asia-Pacific,Australia,Retail,Mid-Market,Working Capital,545341.03,307084.62,0.0791,36,715.0,36.09,415626.2,0.739,1.01,Late 30,55,63.7,Elevated,0
L101379,C1243,2024-06-26,2028-06-26,Europe,United Kingdom,Manufacturing,SME,Equipment Finance,267468.58,213158.97,0.0662,48,698.0,9.74,324091.19,0.658,0.95,Current,0,42.4,Moderate,0
L101380,C1112,2024-10-11,2029-10-11,Europe,United Kingdom,Technology,SME,Equipment Finance,313953.78,250073.85,0.0533,60,684.0,6.16,490046.71,0.51,1.87,Current,0,23.6,Low,0
L101381,C1237,2024-05-25,2030-05-25,North America,Mexico,Healthcare,SME,Equipment Finance,315366.98,250288.92,0.0485,72,725.0,4.88,509378.42,0.491,1.43,Late 30,32,37.3,Moderate,0
L101382,C1144,2025-04-21,2030-04-21,Europe,United Kingdom,Energy,Mid-Market,Project Finance,1383497.05,1231211.53,0.0647,60,682.0,101.7,2268105.46,0.543,2.16,Current,0,28.4,Low,0
L101383,C1185,2023-03-23,2025-03-23,Latin America,Chile,Technology,SME,Trade Finance,135515.4,10841.23,0.0833,24,626.0,8.39,147700.64,0.073,1.9,Current,0,34.0,Low,0
L101384,C1069,2023-07-24,2027-07-24,Latin America,Chile,Public Sector,Mid-Market,Leasing,1361081.37,669505.25,0.0369,48,740.0,75.28,2083923.92,0.321,1.59,Grace Period,10,12.6,Low,0
L101385,C1363,2025-09-20,2028-09-20,North America,Mexico,,SME,Equipment Finance,96328.64,90062.39,0.0837,36,665.0,10.33,110689.05,0.814,2.04,Late 30,31,64.7,Elevated,0
L101386,C1283,2025-08-21,2027-08-21,Asia-Pacific,Australia,Healthcare,SME,Equipment Finance,289746.44,246800.8,0.0662,24,702.0,6.24,323982.53,0.762,1.81,Current,0,30.8,Low,0
L101387,C1040,2025-06-05,2030-06-05,Europe,Germany,Manufacturing,Public Sector,Equipment Finance,1710003.93,1571650.21,0.0345,60,700.0,82.96,2679409.75,0.587,1.87,Current,0,23.4,Low,0
L101388,C1180,2024-02-21,2029-02-21,Middle East & Africa,Saudi Arabia,Construction,SME,Project Finance,770011.69,561184.79,0.1219,60,718.0,4.35,950505.72,0.59,0.65,Current,0,48.1,Moderate,0
L101389,C1172,2024-05-02,2026-05-02,North America,United States,Transportation,SME,Equipment Finance,140447.14,56692.05,0.0772,24,685.0,1.8,,0.25,1.54,Current,0,29.1,Low,0
L101390,C1336,2023-01-21,2028-01-21,Latin America,Brazil,Energy,SME,Trade Finance,158802.7,113056.33,0.1217,60,653.0,8.27,176576.47,0.64,1.18,Grace Period,2,44.9,Moderate,0
L101391,C1286,2023-11-19,2028-11-19,Middle East & Africa,South Africa,Construction,Public Sector,Working Capital,1163289.44,887751.89,0.0819,60,690.0,400.9,977041.46,0.909,1.67,Current,0,52.8,Moderate,0
L101392,C1333,2025-03-22,2030-03-22,North America,Canada,Technology,Mid-Market,Leasing,1352111.34,1224844.61,0.032,60,754.0,103.99,1773427.96,0.691,1.69,Current,0,22.8,Low,0
L101393,C1177,2024-01-18,2027-01-18,North America,Mexico,Transportation,Mid-Market,Project Finance,2173980.08,1138933.78,0.0741,36,648.0,78.55,2144594.08,0.531,1.2,Current,0,44.6,Moderate,0
L101394,C1059,2024-06-11,2028-06-11,Middle East & Africa,South Africa,Healthcare,Public Sector,Equipment Finance,1129792.74,816377.43,0.032,48,820.0,419.13,1388585.22,0.588,1.88,Current,0,16.2,Low,0
L101395,C1274,2023-05-11,2026-05-11,North America,United States,Technology,SME,Project Finance,455215.14,151732.79,0.0691,36,658.0,2.07,466448.83,0.325,1.78,Current,0,28.3,Low,0
L101396,C1083,2024-06-17,2027-06-17,Europe,France,Manufacturing,Public Sector,Equipment Finance,3752293.09,2304284.97,0.032,36,813.0,215.16,4728022.39,0.487,1.95,Current,0,19.8,Low,0
L101397,C1241,2025-02-14,2029-02-14,Middle East & Africa,United Arab Emirates,Construction,SME,Project Finance,300984.03,256126.9,0.1313,48,643.0,2.29,,0.577,1.0,Late 30,40,70.5,Elevated,0
L101398,C1156,2024-09-10,2028-09-10,Europe,France,Manufacturing,Mid-Market,Leasing,694481.99,588277.55,0.0351,48,764.0,46.45,687923.82,0.855,1.25,Current,0,46.4,Moderate,0
L101399,C1132,2024-09-14,2027-09-14,Europe,Germany,Construction,Mid-Market,Equipment Finance,964077.92,678328.99,0.073,36,654.0,157.99,1425776.46,0.476,1.49,Current,0,37.7,Moderate,0
L101400,C1045,2025-09-16,2028-09-16,Europe,United Kingdom,Public Sector,Mid-Market,Project Finance,1433527.47,1310472.69,0.032,36,723.0,114.23,1918883.39,0.683,1.68,Current,0,17.6,Low,0
L101401,C1304,2023-09-07,2029-09-07,North America,United States,Construction,Public Sector,Equipment Finance,10718737.67,7925355.65,0.0478,72,757.0,346.78,15259173.21,0.519,2.06,Current,0,24.3,Low,0
L101402,C1261,2023-11-18,2028-11-18,Latin America,Chile,Manufacturing,SME,Equipment Finance,256964.19,170537.54,0.0955,60,697.0,4.91,355429.19,0.48,1.05,Current,0,36.9,Moderate,0
L101403,C1129,2024-11-09,2028-11-09,Europe,France,Energy,Public Sector,Project Finance,5389791.99,4101358.65,0.0481,48,782.0,124.22,7534365.72,0.544,1.88,Current,0,21.6,Low,0
L101404,C1280,2024-06-08,2031-06-08,North America,Mexico,Technology,Mid-Market,Leasing,466065.07,407993.17,0.032,84,694.0,65.13,717207.96,0.569,2.34,Current,0,21.8,Low,0
L101405,C1374,2025-12-12,2028-12-12,North America,Mexico,Transportation,Mid-Market,Project Finance,2435096.0,2386394.08,0.0579,36,693.0,115.48,2487517.48,0.959,1.43,Late 60,69,85.6,High,0
L101406,C1274,2023-03-03,2027-03-03,Latin America,Chile,Retail,Public Sector,Working Capital,2045571.4,1137396.97,0.0804,48,783.0,296.55,2640011.36,0.431,1.53,Current,0,21.8,Low,0
L101407,C1360,2023-05-17,2029-05-17,North America,United States,Healthcare,SME,Working Capital,127672.05,94131.86,0.0675,72,656.0,2.06,96014.5,0.98,1.71,Current,0,56.5,Elevated,0
L101408,C1178,2024-01-21,2028-01-21,Middle East & Africa,South Africa,Retail,Public Sector,Equipment Finance,2174351.17,1629954.33,0.0532,48,758.0,245.41,3004069.09,0.543,1.29,Current,0,28.0,Low,0
L101409,C1143,2024-05-27,2027-05-27,Asia-Pacific,Singapore,Manufacturing,Mid-Market,Equipment Finance,576629.37,415402.48,0.0557,36,696.0,17.71,809356.49,0.513,1.89,Current,0,24.1,Low,0
L101410,C1320,2025-09-08,2029-09-08,Middle East & Africa,Saudi Arabia,Healthcare,Enterprise,Trade Finance,1160949.62,1114735.28,0.032,48,755.0,790.27,1216895.06,0.916,1.96,Late 30,55,57.9,Elevated,0
L101411,C1251,2024-06-16,2028-06-16,Latin America,Brazil,Manufacturing,SME,Equipment Finance,595655.42,438808.94,0.1103,48,675.0,3.58,647629.23,0.678,1.39,Grace Period,10,36.7,Moderate,0
L101412,C1230,2024-04-15,2029-04-15,Middle East & Africa,United Arab Emirates,Construction,Mid-Market,Leasing,527136.41,442329.75,0.1005,60,652.0,27.17,504039.0,0.878,0.65,Late 60,84,100.0,High,0
L101413,C1243,2023-07-21,2027-07-21,Latin America,Chile,Manufacturing,Mid-Market,Equipment Finance,239024.69,152201.61,0.0661,48,694.0,96.31,250480.07,0.608,1.34,Late 30,44,47.9,Moderate,0
L101414,C1377,2024-04-18,2028-04-18,North America,Canada,Energy,Mid-Market,Equipment Finance,2698276.61,1966605.23,0.0596,48,702.0,82.04,3913026.62,0.503,1.21,Current,0,33.7,Low,0
L101415,C1261,2024-08-23,2027-08-23,Asia-Pacific,Australia,Construction,SME,Working Capital,112760.79,81660.76,0.1281,36,646.0,6.35,89825.92,0.909,1.42,Default,145,100.0,High,1
L101416,C1309,2024-10-24,2028-10-24,Europe,Germany,Technology,SME,Project Finance,523538.34,399350.07,0.0529,48,741.0,21.4,788725.46,0.506,1.91,Current,0,17.1,Low,0
L101417,C1013,2024-10-04,2027-10-04,Europe,Germany,Manufacturing,Enterprise,Project Finance,12500000.0,9447233.69,0.032,36,774.0,711.58,19677681.76,0.48,1.85,Current,0,19.8,Low,0
L101418,C1274,2024-04-10,2030-04-10,Middle East & Africa,South Africa,Manufacturing,SME,Project Finance,556293.6,485748.01,0.0928,72,683.0,3.69,622662.83,0.78,0.97,Current,0,54.3,Moderate,0
L101419,C1120,2023-06-19,2028-06-19,Latin America,Colombia,Technology,Enterprise,Equipment Finance,3155163.14,1823766.43,0.0436,60,716.0,662.28,3607455.22,0.506,2.01,Current,0,17.8,Low,0
L101420,C1046,2023-06-16,2027-06-16,Asia-Pacific,Singapore,Healthcare,Public Sector,Leasing,825665.89,423124.76,0.032,48,728.0,192.62,996751.22,0.425,2.02,Current,0,16.2,Low,0
L101421,C1105,2023-06-14,2028-06-14,Europe,Germany,Manufacturing,SME,Equipment Finance,126484.21,82227.88,0.0596,60,,12.06,212642.43,0.387,1.99,Current,0,19.8,Low,0
L101422,C1316,2024-11-05,2026-11-05,Europe,Germany,Transportation,SME,Working Capital,163037.46,94784.66,0.0897,24,620.0,6.55,159754.6,0.593,1.38,Grace Period,9,44.9,Moderate,0
L101423,C1310,2025-07-17,2029-07-17,Europe,Netherlands,Energy,Mid-Market,Equipment Finance,1196183.86,1128324.34,0.0562,48,700.0,73.41,1317300.13,0.857,1.72,Current,0,44.2,Moderate,0
L101424,C1116,2025-08-21,2029-08-21,Europe,France,Transportation,SME,Leasing,292318.41,270343.25,0.0828,48,672.0,2.25,478964.03,0.564,1.26,Current,0,38.7,Moderate,0
L101425,C1072,2023-12-02,2027-12-02,Europe,France,Healthcare,Mid-Market,Equipment Finance,733135.51,547081.54,0.032,48,703.0,60.25,1022545.59,0.535,2.2,Current,0,19.3,Low,0
L101426,C1159,2023-03-17,2028-03-17,North America,Mexico,Manufacturing,Enterprise,Project Finance,6492908.58,4265561.84,0.039,60,698.0,463.54,7510857.72,0.568,1.88,Current,0,23.8,Low,0
L101427,C1126,2024-11-26,2031-11-26,North America,United States,Manufacturing,Mid-Market,Project Finance,617738.87,568860.0,0.0514,84,674.0,30.74,969983.21,0.586,2.02,Current,0,28.1,Low,0
L101428,C1175,2023-02-17,2027-02-17,Asia-Pacific,China,Energy,Mid-Market,Project Finance,2341494.07,1118032.25,0.0842,48,675.0,50.56,3735977.0,0.299,1.52,Grace Period,13,30.5,Low,0
L101429,C1297,2024-11-27,2028-11-27,Europe,United Kingdom,Manufacturing,Enterprise,Equipment Finance,3809091.93,3249941.74,0.0344,48,709.0,628.89,5304554.18,0.613,1.73,Current,0,21.8,Low,0
L101430,C1125,2024-02-10,2029-02-10,Latin America,Colombia,Healthcare,Mid-Market,Trade Finance,1979109.72,1594964.74,0.0549,60,765.0,57.84,2236467.8,0.713,1.73,Default,235,68.6,Elevated,1
L101431,C1065,2025-07-01,2029-07-01,Europe,France,Retail,SME,Equipment Finance,327883.77,309609.44,0.0778,48,,2.29,453127.29,0.683,1.83,Grace Period,17,37.1,Moderate,0
L101432,C1041,2024-11-20,2027-11-20,North America,United States,Public Sector,Mid-Market,Equipment Finance,560995.99,407701.25,0.032,36,702.0,48.96,664478.13,0.614,2.23,Current,0,15.8,Low,0
L101433,C1260,2025-03-06,2032-03-06,North America,United States,Healthcare,Enterprise,Equipment Finance,3368124.34,3157915.39,0.032,84,751.0,359.1,4643560.86,0.68,1.91,Current,0,21.0,Low,0
L101434,C1075,2024-03-01,2030-03-01,North America,United States,Transportation,Mid-Market,Equipment Finance,801382.29,650133.54,0.06,72,715.0,65.39,955306.45,0.681,1.01,Current,0,42.3,Moderate,0
L101435,C1083,2025-07-06,2032-07-06,Latin America,Chile,Transportation,Mid-Market,Leasing,935340.35,899293.52,0.1004,84,677.0,61.16,1278284.83,0.704,1.51,Current,0,38.0,Moderate,0
L101436,C1305,2024-07-27,2027-07-27,North America,Canada,Public Sector,SME,Equipment Finance,331596.34,211330.57,0.0337,36,724.0,4.26,527210.62,0.401,1.4,Current,0,16.5,Low,0
L101437,C1035,2024-11-22,2026-11-22,Europe,France,Energy,SME,Leasing,117903.89,83850.67,0.0759,24,616.0,4.16,191837.98,0.437,1.43,Current,0,43.4,Moderate,0
L101438,C1247,2024-01-08,2028-01-08,Latin America,Brazil,Energy,SME,Working Capital,69529.62,41886.36,0.1156,48,709.0,5.73,91217.85,0.459,1.06,Grace Period,29,36.3,Moderate,0
L101439,C1004,2024-05-17,2030-05-17,Latin America,Colombia,Healthcare,SME,Project Finance,703447.6,598914.74,0.0898,72,683.0,9.99,678546.35,0.883,1.03,Default,150,100.0,High,1
L101440,C1358,2025-07-10,2028-07-10,North America,Mexico,Manufacturing,Public Sector,Working Capital,2753373.24,2549799.06,0.0473,36,746.0,273.37,2600795.04,0.98,2.03,Current,0,48.6,Moderate,0
L101441,C1271,2024-03-05,2027-03-05,North America,United States,Healthcare,SME,Working Capital,188012.0,130457.24,0.0754,36,,13.29,202821.5,0.643,2.13,Current,0,29.4,Low,0
L101442,C1312,2023-01-28,2025-01-28,North America,Mexico,Retail,Enterprise,Equipment Finance,5559387.26,1964783.16,0.0437,24,677.0,969.1,6744611.07,0.291,1.56,Current,0,29.0,Low,0
L101443,C1253,2024-02-23,2029-02-23,North America,Canada,Retail,SME,Project Finance,1086738.13,838092.15,0.102,60,597.0,13.91,989772.73,0.847,1.61,Current,0,61.5,Elevated,0
L101444,C1152,2024-03-11,2029-03-11,North America,Mexico,Manufacturing,SME,Equipment Finance,381099.41,310517.76,0.0746,60,643.0,12.85,604459.19,0.514,2.11,Current,0,33.7,Low,0
L101445,C1378,2024-04-10,2029-04-10,Europe,Germany,Technology,Mid-Market,Equipment Finance,604291.64,440982.57,0.032,60,735.0,152.85,778526.45,0.566,2.02,Current,0,17.1,Low,0
L101446,C1298,2023-03-23,2025-03-23,Middle East & Africa,South Africa,Healthcare,SME,Equipment Finance,365621.88,45937.39,0.0806,24,646.0,2.69,391060.03,0.117,1.28,Late 30,51,54.5,Moderate,0
L101447,C1033,2023-05-13,2028-05-13,Europe,United Kingdom,Technology,Enterprise,Working Capital,3842183.04,2821669.0,0.032,60,686.0,717.08,4078966.45,0.692,1.85,Current,0,29.0,Low,0
L101448,C1219,2023-12-11,2027-12-11,Asia-Pacific,Singapore,Technology,Public Sector,Leasing,2288992.6,1586160.36,0.032,48,722.0,489.53,3737710.97,0.424,2.18,Current,0,17.1,Low,0
L101449,C1206,2024-04-11,2027-04-11,North America,Mexico,Manufacturing,Enterprise,Working Capital,2944446.13,2116020.53,0.0536,36,721.0,1142.74,3500663.69,0.604,2.02,Current,0,19.8,Low,0
L101450,C1108,2023-02-13,2027-02-13,Asia-Pacific,Singapore,Public Sector,SME,Leasing,187234.55,122376.03,0.0403,48,677.0,3.41,190805.97,0.641,2.04,Current,0,22.0,Low,0
L101451,C1173,2024-03-15,2028-03-15,Europe,Netherlands,Retail,Enterprise,Leasing,2313422.84,1755402.8,0.0383,48,719.0,721.52,2974417.92,0.59,0.93,Current,0,37.5,Moderate,0
L101452,C1370,2023-12-02,2027-12-02,Middle East & Africa,South Africa,Transportation,SME,Leasing,228555.05,175524.73,0.0958,48,697.0,5.76,360269.46,0.487,0.94,Current,0,42.5,Moderate,0
L101453,C1032,2023-02-14,2030-02-14,Latin America,Chile,Transportation,Public Sector,Equipment Finance,2178597.5,1743575.18,0.0711,84,781.0,722.89,2310800.79,0.755,1.65,Current,0,33.3,Low,0
L101454,C1352,2023-10-13,2027-10-13,Europe,Netherlands,Technology,Mid-Market,Leasing,1431095.82,791949.0,0.032,48,789.0,24.54,1972650.96,0.401,1.51,Current,0,18.1,Low,0
L101455,C1266,2023-10-08,2027-10-08,North America,Mexico,Healthcare,SME,Working Capital,55000.0,33960.73,0.0631,48,621.0,3.41,67152.51,0.506,0.65,Late 60,77,85.4,High,0
L101456,C1042,2023-06-10,2028-06-10,North America,Canada,Manufacturing,SME,Leasing,249223.76,147902.85,0.0727,60,639.0,1.79,355893.72,0.416,1.28,Late 60,93,69.4,Elevated,0
L101457,C1115,2025-04-12,2030-04-12,Europe,United Kingdom,Transportation,SME,Equipment Finance,311753.59,288003.78,0.0815,60,685.0,6.02,353100.79,0.816,1.38,Current,0,48.9,Moderate,0
L101458,C1318,2023-03-11,2025-03-11,Latin America,Chile,Manufacturing,SME,Working Capital,81045.71,6483.66,0.1095,24,655.0,22.38,110259.36,0.059,1.03,Current,0,45.0,Moderate,0
L101459,C1267,2024-09-26,2029-09-26,Europe,United Kingdom,Public Sector,Public Sector,Equipment Finance,3313756.19,2825834.68,0.032,60,799.0,223.76,4180977.78,0.676,2.09,Late 60,69,45.1,Moderate,0
L101460,C1029,2024-12-15,2027-12-15,Asia-Pacific,China,Technology,Enterprise,Equipment Finance,2278609.34,1899644.67,0.032,36,753.0,511.03,2412606.42,0.787,1.76,Current,0,30.5,Low,0
L101461,C1056,2025-06-15,2029-06-15,Europe,Germany,Healthcare,Public Sector,Equipment Finance,1824632.18,1628262.27,0.032,48,819.0,323.51,1975010.52,0.824,2.3,Current,0,32.5,Low,0
L101462,C1352,2024-08-08,2029-08-08,North America,Canada,Healthcare,SME,Leasing,715464.82,629300.18,0.0454,60,723.0,5.12,889453.73,0.708,1.51,Current,0,24.3,Low,0
L101463,C1059,2024-08-26,2029-08-26,Europe,Netherlands,Retail,Mid-Market,Equipment Finance,1741055.3,1459856.03,0.0417,60,732.0,72.78,1828084.56,0.799,1.97,Current,0,35.6,Moderate,0
L101464,C1237,2025-04-01,2029-04-01,Asia-Pacific,China,Manufacturing,SME,Working Capital,250557.0,215599.03,0.08,48,656.0,7.01,316870.52,0.68,1.33,Current,0,41.8,Moderate,0
L101465,C1378,2025-07-16,2028-07-16,Asia-Pacific,Singapore,Manufacturing,Mid-Market,Equipment Finance,1208714.41,1075913.43,0.0641,36,700.0,34.34,2017788.71,0.533,1.32,Grace Period,2,29.4,Low,0
L101466,C1063,2023-08-05,2027-08-05,Europe,France,Manufacturing,SME,Project Finance,548941.69,344117.36,0.0787,48,660.0,5.19,499553.34,0.689,1.2,Grace Period,17,45.2,Moderate,0
L101467,C1016,2025-05-22,2029-05-22,North America,United States,Transportation,SME,Equipment Finance,1041023.67,945852.2,0.0952,48,601.0,8.71,1694276.57,0.558,1.29,Current,0,50.7,Moderate,0
L101468,C1310,2024-05-11,2030-05-11,Asia-Pacific,China,Retail,Mid-Market,Working Capital,848849.76,747100.16,0.0792,72,748.0,103.15,1201890.49,0.622,1.71,Current,0,21.4,Low,0
L101469,C1360,2023-04-09,2027-04-09,North America,Mexico,Energy,SME,Project Finance,391023.51,171603.34,0.0909,48,692.0,12.3,360827.16,0.476,1.17,Grace Period,5,36.5,Moderate,0
L101470,C1195,2024-11-02,2030-11-02,Latin America,Brazil,Retail,Mid-Market,Leasing,322699.19,292994.42,0.0874,72,679.0,71.41,465889.03,0.629,1.5,Late 30,37,48.6,Moderate,0
L101471,C1088,2025-12-23,2029-12-23,North America,Mexico,Energy,Mid-Market,Equipment Finance,1346451.68,1319522.65,0.0525,48,746.0,72.31,2382304.64,0.554,1.58,Current,0,21.6,Low,0
L101472,C1022,2023-06-12,2029-06-12,North America,Mexico,Transportation,SME,Leasing,237041.4,186105.08,0.0877,72,634.0,8.76,355049.84,0.524,1.89,Current,0,38.0,Moderate,0
L101473,C1346,2023-01-08,2025-01-08,Europe,Germany,Manufacturing,Public Sector,Trade Finance,636920.97,50953.68,0.032,24,678.0,159.07,814633.23,0.063,2.15,Current,0,27.4,Low,0
L101474,C1303,2025-09-24,2029-09-24,Europe,Netherlands,Technology,Mid-Market,Trade Finance,807755.2,759239.46,0.0334,48,751.0,39.11,1263019.95,0.601,1.6,Current,0,17.1,Low,0
L101475,C1340,2024-10-01,2026-10-01,Europe,United Kingdom,Transportation,Enterprise,Equipment Finance,2967558.85,1869416.45,0.0513,24,673.0,444.26,4602533.38,0.406,1.82,Current,0,31.0,Low,0
L101476,C1299,2023-08-14,2025-08-14,Europe,France,Technology,Mid-Market,Working Capital,725173.29,58013.86,0.0491,24,706.0,26.31,652176.43,0.089,1.91,Current,0,19.6,Low,0
L101477,C1164,2025-05-05,2031-05-05,Latin America,Brazil,Energy,Enterprise,Leasing,3361215.56,3203548.77,0.0742,72,,617.74,3590584.36,0.892,1.3,Current,0,49.9,Moderate,0
L101478,C1183,2024-03-04,2029-03-04,Europe,Netherlands,Public Sector,Enterprise,Equipment Finance,2437522.85,1744554.83,0.032,60,769.0,919.86,3423277.31,0.51,1.75,Current,0,12.6,Low,0
L101479,C1145,2023-12-01,2028-12-01,Europe,Germany,Retail,Enterprise,Working Capital,2753818.23,2265727.49,0.0644,60,756.0,309.07,2642957.47,0.857,1.74,Current,0,40.2,Moderate,0
L101480,C1277,2023-11-06,2027-11-06,Europe,Netherlands,Technology,Mid-Market,Leasing,544569.17,378122.2,0.0349,48,735.0,75.96,624675.84,0.605,1.8,Current,0,17.1,Low,0
L101481,C1038,2024-10-27,2029-10-27,North America,Canada,Transportation,SME,Leasing,190483.85,170355.32,0.0953,60,679.0,3.72,196854.32,0.865,0.94,Current,0,65.3,Elevated,0
L101482,C1015,2023-05-13,2028-05-13,Europe,Netherlands,Public Sector,SME,Project Finance,443540.55,249667.92,0.032,60,660.0,2.93,680375.46,0.367,1.89,Current,0,23.4,Low,0
L101483,C1365,2024-02-28,2030-02-28,North America,United States,Energy,Mid-Market,Equipment Finance,1867633.04,1399868.71,0.0703,72,707.0,207.45,2892516.98,0.484,1.38,Current,0,28.4,Low,0
L101484,C1120,2023-11-08,2028-11-08,Asia-Pacific,India,Public Sector,SME,Working Capital,152589.61,109900.11,0.0568,60,633.0,2.95,141678.1,0.776,1.22,Late 60,67,77.3,High,0
L101485,C1013,2023-03-22,2028-03-22,North America,Canada,Energy,SME,Leasing,542753.89,391589.51,0.074,60,723.0,2.49,585224.55,0.669,1.3,Current,0,32.0,Low,0
L101486,C1255,2025-04-03,2029-04-03,Latin America,Chile,Construction,SME,Equipment Finance,918500.29,829592.91,0.1194,48,597.0,6.28,1025141.33,0.809,1.39,Late 60,101,93.7,High,0
L101487,C1151,2023-01-04,2030-01-04,Europe,United Kingdom,Manufacturing,Mid-Market,Leasing,473580.93,354074.5,0.0468,84,691.0,68.51,466185.83,0.76,1.99,Current,0,36.2,Moderate,0
L101488,C1087,2025-11-01,2027-11-01,Middle East & Africa,Saudi Arabia,Energy,SME,Trade Finance,55000.0,52545.31,0.1029,24,614.0,8.32,75300.98,0.698,1.47,Default,123,94.0,High,1
L101489,C1165,2023-04-26,2027-04-26,Europe,France,Technology,Mid-Market,Leasing,1332211.27,957654.22,0.033,48,685.0,200.58,1307715.75,0.732,1.86,Current,0,32.4,Low,0
L101490,C1171,2024-01-19,2030-01-19,North America,Mexico,Technology,Enterprise,Equipment Finance,2844626.37,2203990.41,0.032,72,746.0,296.48,4950103.51,0.445,1.99,Current,0,17.1,Low,0
L101491,C1232,2023-04-21,2026-04-21,Middle East & Africa,Saudi Arabia,Public Sector,Enterprise,Working Capital,1154364.89,458471.7,0.0389,36,734.0,335.34,1026635.95,0.447,1.8,Late 30,40,30.6,Low,0
L101492,C1354,2024-02-26,2027-02-26,Asia-Pacific,Singapore,Retail,SME,Trade Finance,150819.17,75679.21,0.0889,36,703.0,14.91,138656.15,0.546,1.03,Current,0,37.8,Moderate,0
L101493,C1334,2024-10-10,2028-10-10,Asia-Pacific,Singapore,Manufacturing,Mid-Market,Trade Finance,495262.07,402357.3,0.0701,48,713.0,103.82,763445.14,0.527,1.31,Late 30,56,45.3,Moderate,0
L101494,C1314,2023-04-21,2027-04-21,Europe,United Kingdom,Energy,Mid-Market,Working Capital,1131157.79,707499.93,0.0622,48,678.0,95.25,1081036.81,0.654,1.34,Current,0,37.3,Moderate,0
L101495,C1187,2024-07-15,2030-07-15,Asia-Pacific,China,Healthcare,Mid-Market,Leasing,797537.16,674948.28,0.0461,72,710.0,40.23,922929.47,0.731,2.09,Current,0,26.9,Low,0
L101496,C1212,2025-04-16,2031-04-16,Middle East & Africa,South Africa,Technology,Mid-Market,Working Capital,1122273.92,1054688.92,0.0522,72,759.0,116.57,1075782.7,0.98,1.79,Current,0,45.9,Moderate,0
L101497,C1050,2024-05-19,2028-05-19,Asia-Pacific,India,Technology,SME,Project Finance,804446.37,582309.58,0.0694,48,716.0,9.05,1122457.33,0.519,1.22,Current,0,26.4,Low,0
L101498,C1219,2023-05-14,2030-05-14,Europe,Netherlands,Public Sector,Public Sector,Project Finance,3470467.04,2514054.17,0.032,84,723.0,258.68,4057305.76,0.62,2.38,Current,0,12.6,Low,0
L101499,C1255,2025-01-01,2030-01-01,Asia-Pacific,Australia,Construction,SME,Project Finance,481593.05,436857.49,0.1156,60,624.0,3.83,730695.08,0.598,1.08,Current,0,53.8,Moderate,0
L100547,C1199,2023-01-14,2030-01-14,North America,Mexico,Retail,Mid-Market,Project Finance,1076823.99,759168.43,0.05,84,697.0,21.25,1487546.24,0.51,1.81,Current,0,25.4,Low,0
L100984,C1079,2023-12-13,2028-12-13,North America,Mexico,Healthcare,Enterprise,Project Finance,5657849.15,4487013.2,0.032,60,719.0,332.28,8037058.39,0.558,1.98,Current,0,16.4,Low,0
L100712,C1362,2024-01-27,2029-01-27,Asia-Pacific,China,Retail,Enterprise,Trade Finance,1110335.84,888499.45,0.0518,60,720.0,333.28,1597645.5,0.556,1.65,Late 60,106,49.2,Moderate,0
L100638,C1056,2024-12-01,2029-12-01,Asia-Pacific,India,Public Sector,Enterprise,Equipment Finance,1770003.56,1487007.76,0.032,60,781.0,423.39,2427946.81,0.612,2.25,Current,0,12.6,Low,0
L100471,C1252,2023-03-18,2026-03-18,Europe,Netherlands,Technology,Public Sector,Equipment Finance,2299420.32,1321376.88,0.032,36,752.0,263.14,2840039.27,0.465,1.46,Grace Period,26,19.4,Low,0
L101149,C1272,2024-04-21,2029-04-21,Middle East & Africa,South Africa,Healthcare,Enterprise,Equipment Finance,1491468.09,1071674.45,0.032,60,776.0,280.45,1833904.13,0.584,1.46,Current,0,18.5,Low,0
L100392,C1260,2024-06-24,2027-06-24,Europe,United Kingdom,Retail,Mid-Market,Leasing,1335740.04,888587.4,0.0436,36,732.0,49.44,1311689.66,0.677,2.05,Current,0,25.8,Low,0
L101158,C1073,2023-01-18,2028-01-18,Europe,France,Technology,SME,Equipment Finance,643212.47,456429.48,0.0592,60,672.0,9.31,787796.75,0.579,1.75,Grace Period,5,25.7,Low,0
L101021,C1003,2025-05-25,2029-05-25,Asia-Pacific,China,Manufacturing,Mid-Market,Equipment Finance,405719.66,366427.92,0.0768,48,685.0,112.95,479370.9,0.764,1.54,Current,0,37.9,Moderate,0
L100426,C1032,2024-11-13,2027-11-13,North America,Canada,Manufacturing,SME,Equipment Finance,142998.03,115658.02,0.0661,36,707.0,8.39,170263.5,0.679,1.23,Current,0,35.2,Moderate,0
L101132,C1057,2025-02-24,2027-02-24,North America,Mexico,Technology,Enterprise,Leasing,1508067.51,1027768.91,0.032,24,712.0,367.78,1797202.02,0.572,2.06,Current,0,18.5,Low,0
L100416,C1032,2025-10-04,2031-10-04,North America,Canada,Transportation,Mid-Market,Working Capital,308572.87,301359.4,0.07,72,687.0,56.14,307386.59,0.98,1.45,Current,0,59.8,Elevated,0
L100717,C1363,2024-07-10,2029-07-10,North America,Mexico,Public Sector,Public Sector,Equipment Finance,2022329.81,1580767.11,0.032,60,748.0,295.1,2977938.2,0.531,2.44,Current,0,12.6,Low,0
L100978,C1249,2023-10-11,2027-10-11,Europe,United Kingdom,Technology,Mid-Market,Working Capital,677331.51,431417.61,0.0406,48,657.0,166.86,942874.45,0.458,1.2,Current,0,37.5,Moderate,0
L100835,C1061,2023-08-06,2028-08-06,Europe,France,Technology,Enterprise,Project Finance,11037215.41,7081902.09,0.032,60,774.0,2267.02,11405509.22,0.621,1.81,Current,0,17.2,Low,0
L100828,C1318,2024-07-01,2030-07-01,Middle East & Africa,Saudi Arabia,Retail,Mid-Market,Leasing,325541.42,262818.0,0.0681,72,736.0,,350025.78,0.751,1.29,Current,0,38.5,Moderate,0
L100804,C1080,2023-04-01,2028-04-01,North America,United States,Manufacturing,Mid-Market,Equipment Finance,765263.27,507159.38,0.0512,60,708.0,139.33,781630.03,0.649,1.47,Current,0,26.4,Low,0
L100747,C1049,2025-02-25,2027-02-25,Europe,Netherlands,Retail,Mid-Market,Equipment Finance,1407740.91,985894.81,0.0479,24,726.0,48.54,2461425.13,0.401,1.91,Current,0,21.2,Low,0
